o geometry_0
v -1.4927256628487666 0.00887634402279347 1.2762178684279437
v -1.4480878713044887 0.00887634402279347 1.2762178684279437
v -1.4034500797602107 0.00887634402279347 1.2762178684279437
v -1.3588122882159324 0.00887634402279347 1.2762178684279437
v -1.3141744966716544 0.00887634402279347 1.2762178684279437
v -1.2695367051273765 0.00887634402279347 1.2762178684279437
v -1.2248989135830985 0.00887634402279347 1.2762178684279437
v -1.1802611220388206 0.00887634402279347 1.2762178684279437
v -1.135623432928365 0.00887634402279347 1.2762178684279437
v -1.090985641384087 0.00887634402279347 1.2762178684279437
v -1.046347849839809 0.00887634402279347 1.2762178684279437
v -1.0017100582955312 0.00887634402279347 1.2762178684279437
v -0.9570722667512531 0.00887634402279347 1.2762178684279437
v -0.9124344752069752 0.00887634402279347 1.2762178684279437
v -0.8677967860965193 0.00887634402279347 1.2762178684279437
v -0.8231589945522414 0.00887634402279347 1.2762178684279437
v -0.7785212030079635 0.00887634402279347 1.2762178684279437
v -0.7338834114636855 0.00887634402279347 1.2762178684279437
v -0.6892456199194076 0.00887634402279347 1.2762178684279437
v -0.6446078283751294 0.00887634402279347 1.2762178684279437
v -0.5999700368308516 0.00887634402279347 1.2762178684279437
v -0.5553322452865737 0.00887634402279347 1.2762178684279437
v -0.5106945561761178 0.00887634402279347 1.2762178684279437
v -0.4660567134149288 0.00887634402279347 1.2762178684279437
v -0.42141897308756193 0.00887634402279347 1.2762178684279437
v -0.3767811815432839 0.00887634402279347 1.2762178684279437
v -0.332143441215917 0.00887634402279347 1.2762178684279437
v -0.2875057008885502 0.00887634402279347 1.2762178684279437
v -0.24286790934427216 0.00887634402279347 1.2762178684279437
v -0.19823011779999422 0.00887634402279347 1.2762178684279437
v -0.15359232625571628 0.00887634402279347 1.2762178684279437
v -0.10895458592834939 0.00887634402279347 1.2762178684279437
v -0.06431679438407145 0.00887634402279347 1.2762178684279437
v -0.019679002839793458 0.00887634402279347 1.2762178684279437
v 0.024958763096028957 0.00887634402279347 1.2762178684279437
v 0.0695965546403069 0.00887634402279347 1.2762178684279437
v 0.11423432057612931 0.00887634402279347 1.2762178684279437
v 0.15887211212040728 0.00887634402279347 1.2762178684279437
v 0.20350989086045748 0.00887634402279347 1.2762178684279437
v 0.24814766960050766 0.00887634402279347 1.2762178684279437
v 0.29278544193844397 0.00887634402279347 1.2762178684279437
v 0.3374232238795511 0.00887634402279347 1.2762178684279437
v 0.3820610026196013 0.00887634402279347 1.2762178684279437
v 0.4266987845607084 0.00887634402279347 1.2762178684279437
v 0.4713365633007586 0.00887634402279347 1.2762178684279437
v 0.5159743420408088 0.00887634402279347 1.2762178684279437
v 0.560612120780859 0.00887634402279347 1.2762178684279437
v 0.6052498995209092 0.00887634402279347 1.2762178684279437
v 0.6498876654567316 0.00887634402279347 1.2762178684279437
v 0.6945254570010095 0.00887634402279347 1.2762178684279437
v 0.739163222936832 0.00887634402279347 1.2762178684279437
v 0.78380101448111 0.08598115009923091 1.2762178684279437
v 0.8284386779831102 0.08914102864479578 1.2762178684279437
v 0.8730764183104771 0.00887634402279347 1.2762178684279437
v 0.917714209854755 0.00887634402279347 1.2762178684279437
v 0.962352001399033 0.00887634402279347 1.2762178684279437
v 1.006989792943311 0.00887634402279347 1.2762178684279437
v 1.0516275332706777 0.00887634402279347 1.2762178684279437
v 1.0962653248149559 0.00887634402279347 1.2762178684279437
v 1.1409031163592338 0.00887634402279347 1.2762178684279437
v 1.1855409079035117 0.00887634402279347 1.2762178684279437
v 1.2301786994477897 0.00887634402279347 1.2762178684279437
v 1.2748164909920676 0.00887634402279347 1.2762178684279437
v 1.3194541801025235 0.00887634402279347 1.2762178684279437
v 1.3640919716468014 0.00887634402279347 1.2762178684279437
v 1.4087297631910793 0.00887634402279347 1.2762178684279437
v 1.4533675547353573 0.00887634402279347 1.2762178684279437
v 1.4980053462796352 0.00887634402279347 1.2762178684279437
v 1.5426431378239132 0.00887634402279347 1.2762178684279437
v 1.587280929368191 0.00887634402279347 1.2762178684279437
v 1.631918720912469 0.00887634402279347 1.2762178684279437
v 1.676556410022925 0.00887634402279347 1.2762178684279437
v 1.721194201567203 0.00887634402279347 1.2762178684279437
v 1.765831993111481 0.00887634402279347 1.2762178684279437
v 1.810469784655759 0.00887634402279347 1.2762178684279437
v 1.8551075762000369 0.00887634402279347 1.2762178684279437
v 1.8997453677443148 0.00887634402279347 1.2762178684279437
v 1.9443831592885927 0.00887634402279347 1.2762178684279437
v 1.9890209508328707 0.00887634402279347 1.2762178684279437
v 2.0336587423771486 0.00887634402279347 1.2762178684279437
v -1.4927256628487666 0.00887634402279347 1.2435924912067462
v -1.4480878713044887 0.00887634402279347 1.2435924912067462
v -1.4034500797602107 0.00887634402279347 1.2435924912067462
v -1.3588122882159324 0.00887634402279347 1.2435924912067462
v -1.3141744966716544 0.00887634402279347 1.2435924912067462
v -1.2695367051273765 0.00887634402279347 1.2435924912067462
v -1.2248989135830985 0.00887634402279347 1.2435924912067462
v -1.1802611220388206 0.00887634402279347 1.2435924912067462
v -1.135623432928365 0.00887634402279347 1.2435924912067462
v -1.090985641384087 0.00887634402279347 1.2435924912067462
v -1.046347849839809 0.00887634402279347 1.2435924912067462
v -1.0017100582955312 0.00887634402279347 1.2435924912067462
v -0.9570722667512531 0.00887634402279347 1.2435924912067462
v -0.9124344752069752 0.00887634402279347 1.2435924912067462
v -0.8677967860965193 0.00887634402279347 1.2435924912067462
v -0.8231589945522414 0.00887634402279347 1.2435924912067462
v -0.7785212030079635 0.00887634402279347 1.2435924912067462
v -0.7338834114636855 0.00887634402279347 1.2435924912067462
v -0.6892456199194076 0.00887634402279347 1.2435924912067462
v -0.6446078283751294 0.00887634402279347 1.2435924912067462
v -0.5999700368308516 0.00887634402279347 1.2435924912067462
v -0.5553322452865737 0.00887634402279347 1.2435924912067462
v -0.5106945561761178 0.00887634402279347 1.2435924912067462
v -0.4660567134149288 0.00887634402279347 1.2435924912067462
v -0.42141897308756193 0.00887634402279347 1.2435924912067462
v -0.3767811815432839 0.00887634402279347 1.2435924912067462
v -0.332143441215917 0.00887634402279347 1.2435924912067462
v -0.2875057008885502 0.00887634402279347 1.2435924912067462
v -0.24286790934427216 0.00887634402279347 1.2435924912067462
v -0.19823011779999422 0.00887634402279347 1.2435924912067462
v -0.15359232625571628 0.00887634402279347 1.2435924912067462
v -0.10895458592834939 0.00887634402279347 1.2435924912067462
v -0.06431679438407145 0.00887634402279347 1.2435924912067462
v -0.019679002839793458 0.00887634402279347 1.2435924912067462
v 0.024958763096028957 0.00887634402279347 1.2435924912067462
v 0.0695965546403069 0.00887634402279347 1.2435924912067462
v 0.11423432057612931 0.00887634402279347 1.2435924912067462
v 0.15887211212040728 0.00887634402279347 1.2435924912067462
v 0.20350989086045748 0.00887634402279347 1.2435924912067462
v 0.24814766960050766 0.029188049049978515 1.2435924912067462
v 0.29278544193844397 0.5462238931047824 1.2435924912067462
v 0.3374232238795511 0.5646452843780819 1.2435924912067462
v 0.3820610026196013 0.5681972283779112 1.2435924912067462
v 0.4266987845607084 0.5653321031555719 1.2435924912067462
v 0.4713365633007586 0.5615502976588467 1.2435924912067462
v 0.5159743420408088 0.5588055833944402 1.2435924912067462
v 0.560612120780859 0.5581464729658407 1.2435924912067462
v 0.6052498995209092 0.5579290059614245 1.2435924912067462
v 0.6498876654567316 0.559021974843724 1.2435924912067462
v 0.6945254570010095 0.5606408389689219 1.2435924912067462
v 0.739163222936832 0.5634486012508594 1.2435924912067462
v 0.78380101448111 0.5696009302596912 1.2435924912067462
v 0.8284386779831102 0.5700958392713904 1.2435924912067462
v 0.8730764183104771 0.5657367679699604 1.2435924912067462
v 0.917714209854755 0.560059936763531 1.2435924912067462
v 0.962352001399033 0.5554615288366566 1.2435924912067462
v 1.006989792943311 0.5515020518754188 1.2435924912067462
v 1.0516275332706777 0.5459039410613088 1.2435924912067462
v 1.0962653248149559 0.5373378102505137 1.2435924912067462
v 1.1409031163592338 0.5383185628806522 1.2435924912067462
v 1.1855409079035117 0.01727130791678233 1.2435924912067462
v 1.2301786994477897 0.00887634402279347 1.2435924912067462
v 1.2748164909920676 0.00887634402279347 1.2435924912067462
v 1.3194541801025235 0.00887634402279347 1.2435924912067462
v 1.3640919716468014 0.00887634402279347 1.2435924912067462
v 1.4087297631910793 0.00887634402279347 1.2435924912067462
v 1.4533675547353573 0.00887634402279347 1.2435924912067462
v 1.4980053462796352 0.00887634402279347 1.2435924912067462
v 1.5426431378239132 0.00887634402279347 1.2435924912067462
v 1.587280929368191 0.00887634402279347 1.2435924912067462
v 1.631918720912469 0.00887634402279347 1.2435924912067462
v 1.676556410022925 0.00887634402279347 1.2435924912067462
v 1.721194201567203 0.00887634402279347 1.2435924912067462
v 1.765831993111481 0.00887634402279347 1.2435924912067462
v 1.810469784655759 0.00887634402279347 1.2435924912067462
v 1.8551075762000369 0.00887634402279347 1.2435924912067462
v 1.8997453677443148 0.00887634402279347 1.2435924912067462
v 1.9443831592885927 0.00887634402279347 1.2435924912067462
v 1.9890209508328707 0.00887634402279347 1.2435924912067462
v 2.0336587423771486 0.00887634402279347 1.2435924912067462
v -1.4927256628487666 0.00887634402279347 1.2109670115517268
v -1.4480878713044887 0.00887634402279347 1.2109670115517268
v -1.4034500797602107 0.00887634402279347 1.2109670115517268
v -1.3588122882159324 0.00887634402279347 1.2109670115517268
v -1.3141744966716544 0.00887634402279347 1.2109670115517268
v -1.2695367051273765 0.00887634402279347 1.2109670115517268
v -1.2248989135830985 0.00887634402279347 1.2109670115517268
v -1.1802611220388206 0.00887634402279347 1.2109670115517268
v -1.135623432928365 0.00887634402279347 1.2109670115517268
v -1.090985641384087 0.00887634402279347 1.2109670115517268
v -1.046347849839809 0.00887634402279347 1.2109670115517268
v -1.0017100582955312 0.00887634402279347 1.2109670115517268
v -0.9570722667512531 0.00887634402279347 1.2109670115517268
v -0.9124344752069752 0.00887634402279347 1.2109670115517268
v -0.8677967860965193 0.00887634402279347 1.2109670115517268
v -0.8231589945522414 0.00887634402279347 1.2109670115517268
v -0.7785212030079635 0.00887634402279347 1.2109670115517268
v -0.7338834114636855 0.00887634402279347 1.2109670115517268
v -0.6892456199194076 0.00887634402279347 1.2109670115517268
v -0.6446078283751294 0.00887634402279347 1.2109670115517268
v -0.5999700368308516 0.00887634402279347 1.2109670115517268
v -0.5553322452865737 0.00887634402279347 1.2109670115517268
v -0.5106945561761178 0.00887634402279347 1.2109670115517268
v -0.4660567134149288 0.00887634402279347 1.2109670115517268
v -0.42141897308756193 0.00887634402279347 1.2109670115517268
v -0.3767811815432839 0.00887634402279347 1.2109670115517268
v -0.332143441215917 0.00887634402279347 1.2109670115517268
v -0.2875057008885502 0.00887634402279347 1.2109670115517268
v -0.24286790934427216 0.00887634402279347 1.2109670115517268
v -0.19823011779999422 0.00887634402279347 1.2109670115517268
v -0.15359232625571628 0.00887634402279347 1.2109670115517268
v -0.10895458592834939 0.00887634402279347 1.2109670115517268
v -0.06431679438407145 0.00887634402279347 1.2109670115517268
v -0.019679002839793458 0.00887634402279347 1.2109670115517268
v 0.024958763096028957 0.00887634402279347 1.2109670115517268
v 0.0695965546403069 0.00887634402279347 1.2109670115517268
v 0.11423432057612931 0.00887634402279347 1.2109670115517268
v 0.15887211212040728 0.5169586013345345 1.2109670115517268
v 0.20350989086045748 0.5922884853577342 1.2109670115517268
v 0.24814766960050766 0.6153031116498899 1.2109670115517268
v 0.29278544193844397 0.6280025496181049 1.2109670115517268
v 0.3374232238795511 0.6311057822600229 1.2109670115517268
v 0.3820610026196013 0.628500941379757 1.2109670115517268
v 0.4266987845607084 0.6251340440796348 1.2109670115517268
v 0.4713365633007586 0.6213484485314901 1.2109670115517268
v 0.5159743420408088 0.6186189456896724 1.2109670115517268
v 0.560612120780859 0.6166247128232197 1.2109670115517268
v 0.6052498995209092 0.6142486066678062 1.2109670115517268
v 0.6498876654567316 0.6136121853308121 1.2109670115517268
v 0.6945254570010095 0.6149867960071026 1.2109670115517268
v 0.739163222936832 0.6180645738442173 1.2109670115517268
v 0.78380101448111 0.6190517285882399 1.2109670115517268
v 0.8284386779831102 0.6183211193517824 1.2109670115517268
v 0.8730764183104771 0.6169871236859729 1.2109670115517268
v 0.917714209854755 0.615261830819565 1.2109670115517268
v 0.962352001399033 0.6147423376905508 1.2109670115517268
v 1.006989792943311 0.6122821845840664 1.2109670115517268
v 1.0516275332706777 0.6096001086019023 1.2109670115517268
v 1.0962653248149559 0.6069004652192401 1.2109670115517268
v 1.1409031163592338 0.6026104855308477 1.2109670115517268
v 1.1855409079035117 0.5909597138168542 1.2109670115517268
v 1.2301786994477897 0.5733392013820043 1.2109670115517268
v 1.2748164909920676 0.5492587511704178 1.2109670115517268
v 1.3194541801025235 0.52136709695515 1.2109670115517268
v 1.3640919716468014 0.48439970366390994 1.2109670115517268
v 1.4087297631910793 0.00887634402279347 1.2109670115517268
v 1.4533675547353573 0.00887634402279347 1.2109670115517268
v 1.4980053462796352 0.00887634402279347 1.2109670115517268
v 1.5426431378239132 0.00887634402279347 1.2109670115517268
v 1.587280929368191 0.00887634402279347 1.2109670115517268
v 1.631918720912469 0.00887634402279347 1.2109670115517268
v 1.676556410022925 0.00887634402279347 1.2109670115517268
v 1.721194201567203 0.00887634402279347 1.2109670115517268
v 1.765831993111481 0.00887634402279347 1.2109670115517268
v 1.810469784655759 0.00887634402279347 1.2109670115517268
v 1.8551075762000369 0.00887634402279347 1.2109670115517268
v 1.8997453677443148 0.00887634402279347 1.2109670115517268
v 1.9443831592885927 0.00887634402279347 1.2109670115517268
v 1.9890209508328707 0.00887634402279347 1.2109670115517268
v 2.0336587423771486 0.00887634402279347 1.2109670115517268
v -1.4927256628487666 0.00887634402279347 1.1783416343305295
v -1.4480878713044887 0.00887634402279347 1.1783416343305295
v -1.4034500797602107 0.00887634402279347 1.1783416343305295
v -1.3588122882159324 0.00887634402279347 1.1783416343305295
v -1.3141744966716544 0.00887634402279347 1.1783416343305295
v -1.2695367051273765 0.00887634402279347 1.1783416343305295
v -1.2248989135830985 0.00887634402279347 1.1783416343305295
v -1.1802611220388206 0.00887634402279347 1.1783416343305295
v -1.135623432928365 0.00887634402279347 1.1783416343305295
v -1.090985641384087 0.00887634402279347 1.1783416343305295
v -1.046347849839809 0.00887634402279347 1.1783416343305295
v -1.0017100582955312 0.00887634402279347 1.1783416343305295
v -0.9570722667512531 0.00887634402279347 1.1783416343305295
v -0.9124344752069752 0.00887634402279347 1.1783416343305295
v -0.8677967860965193 0.00887634402279347 1.1783416343305295
v -0.8231589945522414 0.00887634402279347 1.1783416343305295
v -0.7785212030079635 0.00887634402279347 1.1783416343305295
v -0.7338834114636855 0.00887634402279347 1.1783416343305295
v -0.6892456199194076 0.00887634402279347 1.1783416343305295
v -0.6446078283751294 0.00887634402279347 1.1783416343305295
v -0.5999700368308516 0.00887634402279347 1.1783416343305295
v -0.5553322452865737 0.00887634402279347 1.1783416343305295
v -0.5106945561761178 0.00887634402279347 1.1783416343305295
v -0.4660567134149288 0.00887634402279347 1.1783416343305295
v -0.42141897308756193 0.00887634402279347 1.1783416343305295
v -0.3767811815432839 0.00887634402279347 1.1783416343305295
v -0.332143441215917 0.00887634402279347 1.1783416343305295
v -0.2875057008885502 0.00887634402279347 1.1783416343305295
v -0.24286790934427216 0.00887634402279347 1.1783416343305295
v -0.19823011779999422 0.00887634402279347 1.1783416343305295
v -0.15359232625571628 0.00887634402279347 1.1783416343305295
v -0.10895458592834939 0.00887634402279347 1.1783416343305295
v -0.06431679438407145 0.00887634402279347 1.1783416343305295
v -0.019679002839793458 0.00887634402279347 1.1783416343305295
v 0.024958763096028957 0.04995701865922397 1.1783416343305295
v 0.0695965546403069 0.5491858695059608 1.1783416343305295
v 0.11423432057612931 0.6113023026414162 1.1783416343305295
v 0.15887211212040728 0.653628777422788 1.1783416343305295
v 0.20350989086045748 0.6787465237343377 1.1783416343305295
v 0.24814766960050766 0.6892024049129963 1.1783416343305295
v 0.29278544193844397 0.69189544131413 1.1783416343305295
v 0.3374232238795511 0.6881697695519409 1.1783416343305295
v 0.3820610026196013 0.6830107413164603 1.1783416343305295
v 0.4266987845607084 0.6778331213422604 1.1783416343305295
v 0.4713365633007586 0.6729985010215169 1.1783416343305295
v 0.5159743420408088 0.6671888643646751 1.1783416343305295
v 0.560612120780859 0.6610059076430216 1.1783416343305295
v 0.6052498995209092 0.6560804797389455 1.1783416343305295
v 0.6498876654567316 0.6535360235968347 1.1783416343305295
v 0.6945254570010095 0.6546044083618192 1.1783416343305295
v 0.739163222936832 0.6570337801047487 1.1783416343305295
v 0.78380101448111 0.6585120025921399 1.1783416343305295
v 0.8284386779831102 0.6595194392329475 1.1783416343305295
v 0.8730764183104771 0.6582321533900366 1.1783416343305295
v 0.917714209854755 0.6579796540184464 1.1783416343305295
v 0.962352001399033 0.657185330944614 1.1783416343305295
v 1.006989792943311 0.6563972563339324 1.1783416343305295
v 1.0516275332706777 0.6561746676384088 1.1783416343305295
v 1.0962653248149559 0.6541643526618793 1.1783416343305295
v 1.1409031163592338 0.6509366629260537 1.1783416343305295
v 1.1855409079035117 0.6451978080403149 1.1783416343305295
v 1.2301786994477897 0.6340523935878793 1.1783416343305295
v 1.2748164909920676 0.6199031073010077 1.1783416343305295
v 1.3194541801025235 0.6030396320287291 1.1783416343305295
v 1.3640919716468014 0.5839753148707291 1.1783416343305295
v 1.4087297631910793 0.550787371098305 1.1783416343305295
v 1.4533675547353573 0.04911829052349104 1.1783416343305295
v 1.4980053462796352 0.00887634402279347 1.1783416343305295
v 1.5426431378239132 0.00887634402279347 1.1783416343305295
v 1.587280929368191 0.00887634402279347 1.1783416343305295
v 1.631918720912469 0.00887634402279347 1.1783416343305295
v 1.676556410022925 0.00887634402279347 1.1783416343305295
v 1.721194201567203 0.00887634402279347 1.1783416343305295
v 1.765831993111481 0.00887634402279347 1.1783416343305295
v 1.810469784655759 0.00887634402279347 1.1783416343305295
v 1.8551075762000369 0.00887634402279347 1.1783416343305295
v 1.8997453677443148 0.00887634402279347 1.1783416343305295
v 1.9443831592885927 0.00887634402279347 1.1783416343305295
v 1.9890209508328707 0.00887634402279347 1.1783416343305295
v 2.0336587423771486 0.00887634402279347 1.1783416343305295
v -1.4927256628487666 0.00887634402279347 1.14571615467551
v -1.4480878713044887 0.00887634402279347 1.14571615467551
v -1.4034500797602107 0.00887634402279347 1.14571615467551
v -1.3588122882159324 0.00887634402279347 1.14571615467551
v -1.3141744966716544 0.00887634402279347 1.14571615467551
v -1.2695367051273765 0.00887634402279347 1.14571615467551
v -1.2248989135830985 0.00887634402279347 1.14571615467551
v -1.1802611220388206 0.00887634402279347 1.14571615467551
v -1.135623432928365 0.00887634402279347 1.14571615467551
v -1.090985641384087 0.00887634402279347 1.14571615467551
v -1.046347849839809 0.00887634402279347 1.14571615467551
v -1.0017100582955312 0.00887634402279347 1.14571615467551
v -0.9570722667512531 0.00887634402279347 1.14571615467551
v -0.9124344752069752 0.00887634402279347 1.14571615467551
v -0.8677967860965193 0.00887634402279347 1.14571615467551
v -0.8231589945522414 0.00887634402279347 1.14571615467551
v -0.7785212030079635 0.00887634402279347 1.14571615467551
v -0.7338834114636855 0.00887634402279347 1.14571615467551
v -0.6892456199194076 0.00887634402279347 1.14571615467551
v -0.6446078283751294 0.00887634402279347 1.14571615467551
v -0.5999700368308516 0.00887634402279347 1.14571615467551
v -0.5553322452865737 0.00887634402279347 1.14571615467551
v -0.5106945561761178 0.00887634402279347 1.14571615467551
v -0.4660567134149288 0.00887634402279347 1.14571615467551
v -0.42141897308756193 0.00887634402279347 1.14571615467551
v -0.3767811815432839 0.00887634402279347 1.14571615467551
v -0.332143441215917 0.00887634402279347 1.14571615467551
v -0.2875057008885502 0.00887634402279347 1.14571615467551
v -0.24286790934427216 0.00887634402279347 1.14571615467551
v -0.19823011779999422 0.00887634402279347 1.14571615467551
v -0.15359232625571628 0.00887634402279347 1.14571615467551
v -0.10895458592834939 0.00887634402279347 1.14571615467551
v -0.06431679438407145 0.00887634402279347 1.14571615467551
v -0.019679002839793458 0.5584676029982689 1.14571615467551
v 0.024958763096028957 0.629231909134592 1.14571615467551
v 0.0695965546403069 0.6853471543657923 1.14571615467551
v 0.11423432057612931 0.722378210277496 1.14571615467551
v 0.15887211212040728 0.7353527854919957 1.14571615467551
v 0.20350989086045748 0.7420578986220392 1.14571615467551
v 0.24814766960050766 0.7434832908656586 1.14571615467551
v 0.29278544193844397 0.7403378810974719 1.14571615467551
v 0.3374232238795511 0.7346362096891721 1.14571615467551
v 0.3820610026196013 0.7287134348757698 1.14571615467551
v 0.4266987845607084 0.7239966646674054 1.14571615467551
v 0.4713365633007586 0.7196304742153363 1.14571615467551
v 0.5159743420408088 0.7114649108660438 1.14571615467551
v 0.560612120780859 0.7033399625272323 1.14571615467551
v 0.6052498995209092 0.694817827043049 1.14571615467551
v 0.6498876654567316 0.6902838499903045 1.14571615467551
v 0.6945254570010095 0.6904914833477946 1.14571615467551
v 0.739163222936832 0.6915198164883201 1.14571615467551
v 0.78380101448111 0.6929716622665087 1.14571615467551
v 0.8284386779831102 0.6938453203355933 1.14571615467551
v 0.8730764183104771 0.6943652744168072 1.14571615467551
v 0.917714209854755 0.693379041577184 1.14571615467551
v 0.962352001399033 0.6926393669474665 1.14571615467551
v 1.006989792943311 0.6917435831727983 1.14571615467551
v 1.0516275332706777 0.692081205050592 1.14571615467551
v 1.0962653248149559 0.6924061251344398 1.14571615467551
v 1.1409031163592338 0.6912880087488033 1.14571615467551
v 1.1855409079035117 0.6872460213438267 1.14571615467551
v 1.2301786994477897 0.6810885706438876 1.14571615467551
v 1.2748164909920676 0.6718886817754742 1.14571615467551
v 1.3194541801025235 0.660261982009685 1.14571615467551
v 1.3640919716468014 0.6462716730147842 1.14571615467551
v 1.4087297631910793 0.6278799363329959 1.14571615467551
v 1.4533675547353573 0.6010115960009683 1.14571615467551
v 1.4980053462796352 0.5501967376798103 1.14571615467551
v 1.5426431378239132 0.03666735700780266 1.14571615467551
v 1.587280929368191 0.00887634402279347 1.14571615467551
v 1.631918720912469 0.00887634402279347 1.14571615467551
v 1.676556410022925 0.00887634402279347 1.14571615467551
v 1.721194201567203 0.00887634402279347 1.14571615467551
v 1.765831993111481 0.00887634402279347 1.14571615467551
v 1.810469784655759 0.00887634402279347 1.14571615467551
v 1.8551075762000369 0.00887634402279347 1.14571615467551
v 1.8997453677443148 0.00887634402279347 1.14571615467551
v 1.9443831592885927 0.00887634402279347 1.14571615467551
v 1.9890209508328707 0.00887634402279347 1.14571615467551
v 2.0336587423771486 0.00887634402279347 1.14571615467551
v -1.4927256628487666 0.00887634402279347 1.1130907774543126
v -1.4480878713044887 0.00887634402279347 1.1130907774543126
v -1.4034500797602107 0.00887634402279347 1.1130907774543126
v -1.3588122882159324 0.00887634402279347 1.1130907774543126
v -1.3141744966716544 0.00887634402279347 1.1130907774543126
v -1.2695367051273765 0.00887634402279347 1.1130907774543126
v -1.2248989135830985 0.00887634402279347 1.1130907774543126
v -1.1802611220388206 0.00887634402279347 1.1130907774543126
v -1.135623432928365 0.00887634402279347 1.1130907774543126
v -1.090985641384087 0.00887634402279347 1.1130907774543126
v -1.046347849839809 0.00887634402279347 1.1130907774543126
v -1.0017100582955312 0.00887634402279347 1.1130907774543126
v -0.9570722667512531 0.00887634402279347 1.1130907774543126
v -0.9124344752069752 0.00887634402279347 1.1130907774543126
v -0.8677967860965193 0.00887634402279347 1.1130907774543126
v -0.8231589945522414 0.00887634402279347 1.1130907774543126
v -0.7785212030079635 0.00887634402279347 1.1130907774543126
v -0.7338834114636855 0.00887634402279347 1.1130907774543126
v -0.6892456199194076 0.00887634402279347 1.1130907774543126
v -0.6446078283751294 0.00887634402279347 1.1130907774543126
v -0.5999700368308516 0.00887634402279347 1.1130907774543126
v -0.5553322452865737 0.00887634402279347 1.1130907774543126
v -0.5106945561761178 0.00887634402279347 1.1130907774543126
v -0.4660567134149288 0.00887634402279347 1.1130907774543126
v -0.42141897308756193 0.00887634402279347 1.1130907774543126
v -0.3767811815432839 0.00887634402279347 1.1130907774543126
v -0.332143441215917 0.00887634402279347 1.1130907774543126
v -0.2875057008885502 0.00887634402279347 1.1130907774543126
v -0.24286790934427216 0.00887634402279347 1.1130907774543126
v -0.19823011779999422 0.00887634402279347 1.1130907774543126
v -0.15359232625571628 0.00887634402279347 1.1130907774543126
v -0.10895458592834939 0.579576908981595 1.1130907774543126
v -0.06431679438407145 0.6416326500774288 1.1130907774543126
v -0.019679002839793458 0.6906977850655971 1.1130907774543126
v 0.024958763096028957 0.7269164383338598 1.1130907774543126
v 0.0695965546403069 0.7571301904718144 1.1130907774543126
v 0.11423432057612931 0.7767748464491835 1.1130907774543126
v 0.15887211212040728 0.7826365707045866 1.1130907774543126
v 0.20350989086045748 0.7827607717139389 1.1130907774543126
v 0.24814766960050766 0.7815670591675585 1.1130907774543126
v 0.29278544193844397 0.777323225916043 1.1130907774543126
v 0.3374232238795511 0.7719699831537734 1.1130907774543126
v 0.3820610026196013 0.7631446179475819 1.1130907774543126
v 0.4266987845607084 0.7536166079383788 1.1130907774543126
v 0.4713365633007586 0.7431687678147587 1.1130907774543126
v 0.5159743420408088 0.7355117115670553 1.1130907774543126
v 0.560612120780859 0.7307331737639369 1.1130907774543126
v 0.6052498995209092 0.7269312400211598 1.1130907774543126
v 0.6498876654567316 0.7221095775789177 1.1130907774543126
v 0.6945254570010095 0.7208959416541301 1.1130907774543126
v 0.739163222936832 0.7217764627892984 1.1130907774543126
v 0.78380101448111 0.7219494735149032 1.1130907774543126
v 0.8284386779831102 0.7213427579863316 1.1130907774543126
v 0.8730764183104771 0.7214636811133751 1.1130907774543126
v 0.917714209854755 0.7204067177195599 1.1130907774543126
v 0.962352001399033 0.7195243527755929 1.1130907774543126
v 1.006989792943311 0.7198734984583781 1.1130907774543126
v 1.0516275332706777 0.7208270036918256 1.1130907774543126
v 1.0962653248149559 0.7222633819628702 1.1130907774543126
v 1.1409031163592338 0.7223661230864828 1.1130907774543126
v 1.1855409079035117 0.7208575289708252 1.1130907774543126
v 1.2301786994477897 0.7177193663955553 1.1130907774543126
v 1.2748164909920676 0.71260878935795 1.1130907774543126
v 1.3194541801025235 0.7048702213962739 1.1130907774543126
v 1.3640919716468014 0.6949144733542438 1.1130907774543126
v 1.4087297631910793 0.6816221996403581 1.1130907774543126
v 1.4533675547353573 0.6650776008564204 1.1130907774543126
v 1.4980053462796352 0.6409834757295774 1.1130907774543126
v 1.5426431378239132 0.5877514865072363 1.1130907774543126
v 1.587280929368191 0.5176310281600129 1.1130907774543126
v 1.631918720912469 0.00887634402279347 1.1130907774543126
v 1.676556410022925 0.00887634402279347 1.1130907774543126
v 1.721194201567203 0.00887634402279347 1.1130907774543126
v 1.765831993111481 0.00887634402279347 1.1130907774543126
v 1.810469784655759 0.00887634402279347 1.1130907774543126
v 1.8551075762000369 0.00887634402279347 1.1130907774543126
v 1.8997453677443148 0.00887634402279347 1.1130907774543126
v 1.9443831592885927 0.00887634402279347 1.1130907774543126
v 1.9890209508328707 0.00887634402279347 1.1130907774543126
v 2.0336587423771486 0.00887634402279347 1.1130907774543126
v -1.4927256628487666 0.00887634402279347 1.080465297799293
v -1.4480878713044887 0.00887634402279347 1.080465297799293
v -1.4034500797602107 0.00887634402279347 1.080465297799293
v -1.3588122882159324 0.00887634402279347 1.080465297799293
v -1.3141744966716544 0.00887634402279347 1.080465297799293
v -1.2695367051273765 0.00887634402279347 1.080465297799293
v -1.2248989135830985 0.00887634402279347 1.080465297799293
v -1.1802611220388206 0.00887634402279347 1.080465297799293
v -1.135623432928365 0.00887634402279347 1.080465297799293
v -1.090985641384087 0.00887634402279347 1.080465297799293
v -1.046347849839809 0.00887634402279347 1.080465297799293
v -1.0017100582955312 0.00887634402279347 1.080465297799293
v -0.9570722667512531 0.00887634402279347 1.080465297799293
v -0.9124344752069752 0.00887634402279347 1.080465297799293
v -0.8677967860965193 0.00887634402279347 1.080465297799293
v -0.8231589945522414 0.00887634402279347 1.080465297799293
v -0.7785212030079635 0.00887634402279347 1.080465297799293
v -0.7338834114636855 0.00887634402279347 1.080465297799293
v -0.6892456199194076 0.00887634402279347 1.080465297799293
v -0.6446078283751294 0.00887634402279347 1.080465297799293
v -0.5999700368308516 0.00887634402279347 1.080465297799293
v -0.5553322452865737 0.00887634402279347 1.080465297799293
v -0.5106945561761178 0.00887634402279347 1.080465297799293
v -0.4660567134149288 0.00887634402279347 1.080465297799293
v -0.42141897308756193 0.00887634402279347 1.080465297799293
v -0.3767811815432839 0.00887634402279347 1.080465297799293
v -0.332143441215917 0.00887634402279347 1.080465297799293
v -0.2875057008885502 0.00887634402279347 1.080465297799293
v -0.24286790934427216 0.00887634402279347 1.080465297799293
v -0.19823011779999422 0.5845366522160901 1.080465297799293
v -0.15359232625571628 0.638357943217238 1.080465297799293
v -0.10895458592834939 0.6864689071521148 1.080465297799293
v -0.06431679438407145 0.7262487234641999 1.080465297799293
v -0.019679002839793458 0.7561691563524391 1.080465297799293
v 0.024958763096028957 0.7837735093050424 1.080465297799293
v 0.0695965546403069 0.8061572456866 1.080465297799293
v 0.11423432057612931 0.8170116968672292 1.080465297799293
v 0.15887211212040728 0.8205420017221301 1.080465297799293
v 0.20350989086045748 0.8186291269189172 1.080465297799293
v 0.24814766960050766 0.817083042024354 1.080465297799293
v 0.29278544193844397 0.8140990423514142 1.080465297799293
v 0.3374232238795511 0.8067653952886817 1.080465297799293
v 0.3820610026196013 0.7967146910935223 1.080465297799293
v 0.4266987845607084 0.7866028339065416 1.080465297799293
v 0.4713365633007586 0.7747436861898472 1.080465297799293
v 0.5159743420408088 0.7659531997000966 1.080465297799293
v 0.560612120780859 0.7599141624985584 1.080465297799293
v 0.6052498995209092 0.7546126744249282 1.080465297799293
v 0.6498876654567316 0.7516535917792253 1.080465297799293
v 0.6945254570010095 0.7487340485888709 1.080465297799293
v 0.739163222936832 0.7483545568862748 1.080465297799293
v 0.78380101448111 0.7487568401142984 1.080465297799293
v 0.8284386779831102 0.7488726927671457 1.080465297799293
v 0.8730764183104771 0.7476480708149329 1.080465297799293
v 0.917714209854755 0.7469715978534796 1.080465297799293
v 0.962352001399033 0.7455794709936021 1.080465297799293
v 1.006989792943311 0.7456004443186866 1.080465297799293
v 1.0516275332706777 0.7476685319709064 1.080465297799293
v 1.0962653248149559 0.7498871973416814 1.080465297799293
v 1.1409031163592338 0.7513650100937841 1.080465297799293
v 1.1855409079035117 0.7512325887702046 1.080465297799293
v 1.2301786994477897 0.7501376992537399 1.080465297799293
v 1.2748164909920676 0.7486752003580479 1.080465297799293
v 1.3194541801025235 0.7452770095252601 1.080465297799293
v 1.3640919716468014 0.7376759845782705 1.080465297799293
v 1.4087297631910793 0.7256387300533196 1.080465297799293
v 1.4533675547353573 0.711938820944203 1.080465297799293
v 1.4980053462796352 0.6927948614894844 1.080465297799293
v 1.5426431378239132 0.6610353573668886 1.080465297799293
v 1.587280929368191 0.602951897460061 1.080465297799293
v 1.631918720912469 0.5082544409483974 1.080465297799293
v 1.676556410022925 0.00887634402279347 1.080465297799293
v 1.721194201567203 0.00887634402279347 1.080465297799293
v 1.765831993111481 0.00887634402279347 1.080465297799293
v 1.810469784655759 0.00887634402279347 1.080465297799293
v 1.8551075762000369 0.00887634402279347 1.080465297799293
v 1.8997453677443148 0.00887634402279347 1.080465297799293
v 1.9443831592885927 0.00887634402279347 1.080465297799293
v 1.9890209508328707 0.00887634402279347 1.080465297799293
v 2.0336587423771486 0.00887634402279347 1.080465297799293
v -1.4927256628487666 0.00887634402279347 1.0478399205780957
v -1.4480878713044887 0.00887634402279347 1.0478399205780957
v -1.4034500797602107 0.00887634402279347 1.0478399205780957
v -1.3588122882159324 0.00887634402279347 1.0478399205780957
v -1.3141744966716544 0.00887634402279347 1.0478399205780957
v -1.2695367051273765 0.00887634402279347 1.0478399205780957
v -1.2248989135830985 0.00887634402279347 1.0478399205780957
v -1.1802611220388206 0.00887634402279347 1.0478399205780957
v -1.135623432928365 0.00887634402279347 1.0478399205780957
v -1.090985641384087 0.00887634402279347 1.0478399205780957
v -1.046347849839809 0.00887634402279347 1.0478399205780957
v -1.0017100582955312 0.00887634402279347 1.0478399205780957
v -0.9570722667512531 0.00887634402279347 1.0478399205780957
v -0.9124344752069752 0.00887634402279347 1.0478399205780957
v -0.8677967860965193 0.00887634402279347 1.0478399205780957
v -0.8231589945522414 0.00887634402279347 1.0478399205780957
v -0.7785212030079635 0.00887634402279347 1.0478399205780957
v -0.7338834114636855 0.00887634402279347 1.0478399205780957
v -0.6892456199194076 0.00887634402279347 1.0478399205780957
v -0.6446078283751294 0.00887634402279347 1.0478399205780957
v -0.5999700368308516 0.00887634402279347 1.0478399205780957
v -0.5553322452865737 0.00887634402279347 1.0478399205780957
v -0.5106945561761178 0.00887634402279347 1.0478399205780957
v -0.4660567134149288 0.00887634402279347 1.0478399205780957
v -0.42141897308756193 0.00887634402279347 1.0478399205780957
v -0.3767811815432839 0.398603643862926 1.0478399205780957
v -0.332143441215917 0.5294933257167384 1.0478399205780957
v -0.2875057008885502 0.6004100533804149 1.0478399205780957
v -0.24286790934427216 0.6547090445111415 1.0478399205780957
v -0.19823011779999422 0.6946007697739213 1.0478399205780957
v -0.15359232625571628 0.7267365133252599 1.0478399205780957
v -0.10895458592834939 0.7584818559719442 1.0478399205780957
v -0.06431679438407145 0.7855161390958485 1.0478399205780957
v -0.019679002839793458 0.8090627298348648 1.0478399205780957
v 0.024958763096028957 0.8351872981842892 1.0478399205780957
v 0.0695965546403069 0.8529402063342628 1.0478399205780957
v 0.11423432057612931 0.8601624566154114 1.0478399205780957
v 0.15887211212040728 0.8592120243966281 1.0478399205780957
v 0.20350989086045748 0.8549692923087007 1.0478399205780957
v 0.24814766960050766 0.848324026139246 1.0478399205780957
v 0.29278544193844397 0.842635799170103 1.0478399205780957
v 0.3374232238795511 0.8355728334823918 1.0478399205780957
v 0.3820610026196013 0.8266016537303752 1.0478399205780957
v 0.4266987845607084 0.8160888193466034 1.0478399205780957
v 0.4713365633007586 0.8066269047611401 1.0478399205780957
v 0.5159743420408088 0.797702998218044 1.0478399205780957
v 0.560612120780859 0.7916247544710795 1.0478399205780957
v 0.6052498995209092 0.7875024333410847 1.0478399205780957
v 0.6498876654567316 0.7827075829517894 1.0478399205780957
v 0.6945254570010095 0.7803627447205861 1.0478399205780957
v 0.739163222936832 0.7788193487138544 1.0478399205780957
v 0.78380101448111 0.7782508410009431 1.0478399205780957
v 0.8284386779831102 0.7773557998714855 1.0478399205780957
v 0.8730764183104771 0.7756665893189286 1.0478399205780957
v 0.917714209854755 0.774208059733845 1.0478399205780957
v 0.962352001399033 0.7736632142338495 1.0478399205780957
v 1.006989792943311 0.773580140404089 1.0478399205780957
v 1.0516275332706777 0.7743852958546134 1.0478399205780957
v 1.0962653248149559 0.7763195025012883 1.0478399205780957
v 1.1409031163592338 0.7783926862361601 1.0478399205780957
v 1.1855409079035117 0.7802989796663001 1.0478399205780957
v 1.2301786994477897 0.7804687637265073 1.0478399205780957
v 1.2748164909920676 0.7810979122621291 1.0478399205780957
v 1.3194541801025235 0.7803845631247033 1.0478399205780957
v 1.3640919716468014 0.7772046843753644 1.0478399205780957
v 1.4087297631910793 0.7679740909687627 1.0478399205780957
v 1.4533675547353573 0.7543407382355856 1.0478399205780957
v 1.4980053462796352 0.7381273592155577 1.0478399205780957
v 1.5426431378239132 0.7133073880249869 1.0478399205780957
v 1.587280929368191 0.6686296472900719 1.0478399205780957
v 1.631918720912469 0.6013839941613807 1.0478399205780957
v 1.676556410022925 0.4956160535381817 1.0478399205780957
v 1.721194201567203 0.00887634402279347 1.0478399205780957
v 1.765831993111481 0.00887634402279347 1.0478399205780957
v 1.810469784655759 0.00887634402279347 1.0478399205780957
v 1.8551075762000369 0.00887634402279347 1.0478399205780957
v 1.8997453677443148 0.00887634402279347 1.0478399205780957
v 1.9443831592885927 0.00887634402279347 1.0478399205780957
v 1.9890209508328707 0.00887634402279347 1.0478399205780957
v 2.0336587423771486 0.00887634402279347 1.0478399205780957
v -1.4927256628487666 0.00887634402279347 1.0152145433568982
v -1.4480878713044887 0.00887634402279347 1.0152145433568982
v -1.4034500797602107 0.00887634402279347 1.0152145433568982
v -1.3588122882159324 0.00887634402279347 1.0152145433568982
v -1.3141744966716544 0.00887634402279347 1.0152145433568982
v -1.2695367051273765 0.00887634402279347 1.0152145433568982
v -1.2248989135830985 0.00887634402279347 1.0152145433568982
v -1.1802611220388206 0.00887634402279347 1.0152145433568982
v -1.135623432928365 0.00887634402279347 1.0152145433568982
v -1.090985641384087 0.00887634402279347 1.0152145433568982
v -1.046347849839809 0.00887634402279347 1.0152145433568982
v -1.0017100582955312 0.00887634402279347 1.0152145433568982
v -0.9570722667512531 0.00887634402279347 1.0152145433568982
v -0.9124344752069752 0.00887634402279347 1.0152145433568982
v -0.8677967860965193 0.00887634402279347 1.0152145433568982
v -0.8231589945522414 0.00887634402279347 1.0152145433568982
v -0.7785212030079635 0.00887634402279347 1.0152145433568982
v -0.7338834114636855 0.00887634402279347 1.0152145433568982
v -0.6892456199194076 0.00887634402279347 1.0152145433568982
v -0.6446078283751294 0.00887634402279347 1.0152145433568982
v -0.5999700368308516 0.00887634402279347 1.0152145433568982
v -0.5553322452865737 0.00887634402279347 1.0152145433568982
v -0.5106945561761178 0.00887634402279347 1.0152145433568982
v -0.4660567134149288 0.00887634402279347 1.0152145433568982
v -0.42141897308756193 0.5365696078013286 1.0152145433568982
v -0.3767811815432839 0.5964448401251369 1.0152145433568982
v -0.332143441215917 0.6430597580875691 1.0152145433568982
v -0.2875057008885502 0.6856930733831799 1.0152145433568982
v -0.24286790934427216 0.7227998278894496 1.0152145433568982
v -0.19823011779999422 0.7560912554306969 1.0152145433568982
v -0.15359232625571628 0.7841566374083246 1.0152145433568982
v -0.10895458592834939 0.8113177592125015 1.0152145433568982
v -0.06431679438407145 0.8373520577561595 1.0152145433568982
v -0.019679002839793458 0.8634177266578498 1.0152145433568982
v 0.024958763096028957 0.8822823490795759 1.0152145433568982
v 0.0695965546403069 0.8929272462685496 1.0152145433568982
v 0.11423432057612931 0.897313539358215 1.0152145433568982
v 0.15887211212040728 0.8960897624850348 1.0152145433568982
v 0.20350989086045748 0.8903744161614785 1.0152145433568982
v 0.24814766960050766 0.8806978002847968 1.0152145433568982
v 0.29278544193844397 0.871213708776839 1.0152145433568982
v 0.3374232238795511 0.8610516334085512 1.0152145433568982
v 0.3820610026196013 0.8518452399924314 1.0152145433568982
v 0.4266987845607084 0.8419767399584145 1.0152145433568982
v 0.4713365633007586 0.8323035043978637 1.0152145433568982
v 0.5159743420408088 0.8261237999500634 1.0152145433568982
v 0.560612120780859 0.822401559720916 1.0152145433568982
v 0.6052498995209092 0.8166132292990806 1.0152145433568982
v 0.6498876654567316 0.8126353654667676 1.0152145433568982
v 0.6945254570010095 0.8118753321148986 1.0152145433568982
v 0.739163222936832 0.8109563982964254 1.0152145433568982
v 0.78380101448111 0.8096987670450259 1.0152145433568982
v 0.8284386779831102 0.8078348043918877 1.0152145433568982
v 0.8730764183104771 0.804787859135239 1.0152145433568982
v 0.917714209854755 0.802370728234056 1.0152145433568982
v 0.962352001399033 0.8014577355772672 1.0152145433568982
v 1.006989792943311 0.8002552905475488 1.0152145433568982
v 1.0516275332706777 0.8002207703494857 1.0152145433568982
v 1.0962653248149559 0.8014585550478444 1.0152145433568982
v 1.1409031163592338 0.8027868656365247 1.0152145433568982
v 1.1855409079035117 0.8037783226010775 1.0152145433568982
v 1.2301786994477897 0.8044079320888988 1.0152145433568982
v 1.2748164909920676 0.8055368040258606 1.0152145433568982
v 1.3194541801025235 0.8070143863018635 1.0152145433568982
v 1.3640919716468014 0.8045551294913229 1.0152145433568982
v 1.4087297631910793 0.8019440657563617 1.0152145433568982
v 1.4533675547353573 0.7954566501068342 1.0152145433568982
v 1.4980053462796352 0.7816684686514832 1.0152145433568982
v 1.5426431378239132 0.7571897557393924 1.0152145433568982
v 1.587280929368191 0.7168254264296858 1.0152145433568982
v 1.631918720912469 0.6609547419488595 1.0152145433568982
v 1.676556410022925 0.5856234750690609 1.0152145433568982
v 1.721194201567203 0.4945115096339796 1.0152145433568982
v 1.765831993111481 0.00887634402279347 1.0152145433568982
v 1.810469784655759 0.00887634402279347 1.0152145433568982
v 1.8551075762000369 0.00887634402279347 1.0152145433568982
v 1.8997453677443148 0.00887634402279347 1.0152145433568982
v 1.9443831592885927 0.00887634402279347 1.0152145433568982
v 1.9890209508328707 0.00887634402279347 1.0152145433568982
v 2.0336587423771486 0.00887634402279347 1.0152145433568982
v -1.4927256628487666 0.00887634402279347 0.9825890637018788
v -1.4480878713044887 0.00887634402279347 0.9825890637018788
v -1.4034500797602107 0.00887634402279347 0.9825890637018788
v -1.3588122882159324 0.00887634402279347 0.9825890637018788
v -1.3141744966716544 0.00887634402279347 0.9825890637018788
v -1.2695367051273765 0.00887634402279347 0.9825890637018788
v -1.2248989135830985 0.00887634402279347 0.9825890637018788
v -1.1802611220388206 0.00887634402279347 0.9825890637018788
v -1.135623432928365 0.00887634402279347 0.9825890637018788
v -1.090985641384087 0.00887634402279347 0.9825890637018788
v -1.046347849839809 0.00887634402279347 0.9825890637018788
v -1.0017100582955312 0.00887634402279347 0.9825890637018788
v -0.9570722667512531 0.00887634402279347 0.9825890637018788
v -0.9124344752069752 0.00887634402279347 0.9825890637018788
v -0.8677967860965193 0.00887634402279347 0.9825890637018788
v -0.8231589945522414 0.00887634402279347 0.9825890637018788
v -0.7785212030079635 0.00887634402279347 0.9825890637018788
v -0.7338834114636855 0.00887634402279347 0.9825890637018788
v -0.6892456199194076 0.00887634402279347 0.9825890637018788
v -0.6446078283751294 0.00887634402279347 0.9825890637018788
v -0.5999700368308516 0.00887634402279347 0.9825890637018788
v -0.5553322452865737 0.4486775471315898 0.9825890637018788
v -0.5106945561761178 0.5292184957719203 0.9825890637018788
v -0.4660567134149288 0.5874656449265374 0.9825890637018788
v -0.42141897308756193 0.6355422935309953 0.9825890637018788
v -0.3767811815432839 0.6785199401197504 0.9825890637018788
v -0.332143441215917 0.7127999820869859 0.9825890637018788
v -0.2875057008885502 0.7453732717096219 0.9825890637018788
v -0.24286790934427216 0.7771100355237013 0.9825890637018788
v -0.19823011779999422 0.803445489504469 0.9825890637018788
v -0.15359232625571628 0.8297128249935095 0.9825890637018788
v -0.10895458592834939 0.8566100772718379 0.9825890637018788
v -0.06431679438407145 0.8875519546260631 0.9825890637018788
v -0.019679002839793458 0.9068030854672022 0.9825890637018788
v 0.024958763096028957 0.9205084491773479 0.9825890637018788
v 0.0695965546403069 0.9276126956953841 0.9825890637018788
v 0.11423432057612931 0.9292824182132775 0.9825890637018788
v 0.15887211212040728 0.927752159344236 0.9825890637018788
v 0.20350989086045748 0.9211615672273519 0.9825890637018788
v 0.24814766960050766 0.9127885753882135 0.9825890637018788
v 0.29278544193844397 0.9032405907836918 0.9825890637018788
v 0.3374232238795511 0.8923780217226575 0.9825890637018788
v 0.3820610026196013 0.8791144806958836 0.9825890637018788
v 0.4266987845607084 0.8700555151582878 0.9825890637018788
v 0.4713365633007586 0.8616096672631479 0.9825890637018788
v 0.5159743420408088 0.8556992613337697 0.9825890637018788
v 0.560612120780859 0.8517159941173384 0.9825890637018788
v 0.6052498995209092 0.8486478194510501 0.9825890637018788
v 0.6498876654567316 0.8455814117681936 0.9825890637018788
v 0.6945254570010095 0.8444817334705434 0.9825890637018788
v 0.739163222936832 0.8429132411773859 0.9825890637018788
v 0.78380101448111 0.8422078818780874 0.9825890637018788
v 0.8284386779831102 0.8409716336870608 0.9825890637018788
v 0.8730764183104771 0.8382596214203746 0.9825890637018788
v 0.917714209854755 0.8357164713094962 0.9825890637018788
v 0.962352001399033 0.833127507671663 0.9825890637018788
v 1.006989792943311 0.8316831395624911 0.9825890637018788
v 1.0516275332706777 0.8305360600136427 0.9825890637018788
v 1.0962653248149559 0.8296891115636826 0.9825890637018788
v 1.1409031163592338 0.8293853952810193 0.9825890637018788
v 1.1855409079035117 0.829545268868934 0.9825890637018788
v 1.2301786994477897 0.8292716681299815 0.9825890637018788
v 1.2748164909920676 0.8277581059739498 0.9825890637018788
v 1.3194541801025235 0.8279458159530326 0.9825890637018788
v 1.3640919716468014 0.8271603790132714 0.9825890637018788
v 1.4087297631910793 0.8283971393734086 0.9825890637018788
v 1.4533675547353573 0.827747043121158 0.9825890637018788
v 1.4980053462796352 0.8200093202385146 0.9825890637018788
v 1.5426431378239132 0.7982788555576943 0.9825890637018788
v 1.587280929368191 0.7633431346949012 0.9825890637018788
v 1.631918720912469 0.7104883580226133 0.9825890637018788
v 1.676556410022925 0.6487654756318436 0.9825890637018788
v 1.721194201567203 0.5765866608455041 0.9825890637018788
v 1.765831993111481 0.4688073296906431 0.9825890637018788
v 1.810469784655759 0.00887634402279347 0.9825890637018788
v 1.8551075762000369 0.00887634402279347 0.9825890637018788
v 1.8997453677443148 0.00887634402279347 0.9825890637018788
v 1.9443831592885927 0.00887634402279347 0.9825890637018788
v 1.9890209508328707 0.00887634402279347 0.9825890637018788
v 2.0336587423771486 0.00887634402279347 0.9825890637018788
v -1.4927256628487666 0.00887634402279347 0.9499636864806814
v -1.4480878713044887 0.00887634402279347 0.9499636864806814
v -1.4034500797602107 0.00887634402279347 0.9499636864806814
v -1.3588122882159324 0.00887634402279347 0.9499636864806814
v -1.3141744966716544 0.00887634402279347 0.9499636864806814
v -1.2695367051273765 0.00887634402279347 0.9499636864806814
v -1.2248989135830985 0.00887634402279347 0.9499636864806814
v -1.1802611220388206 0.00887634402279347 0.9499636864806814
v -1.135623432928365 0.00887634402279347 0.9499636864806814
v -1.090985641384087 0.00887634402279347 0.9499636864806814
v -1.046347849839809 0.00887634402279347 0.9499636864806814
v -1.0017100582955312 0.00887634402279347 0.9499636864806814
v -0.9570722667512531 0.00887634402279347 0.9499636864806814
v -0.9124344752069752 0.00887634402279347 0.9499636864806814
v -0.8677967860965193 0.00887634402279347 0.9499636864806814
v -0.8231589945522414 0.00887634402279347 0.9499636864806814
v -0.7785212030079635 0.00887634402279347 0.9499636864806814
v -0.7338834114636855 0.00887634402279347 0.9499636864806814
v -0.6892456199194076 0.00887634402279347 0.9499636864806814
v -0.6446078283751294 0.00887634402279347 0.9499636864806814
v -0.5999700368308516 0.5109794367020408 0.9499636864806814
v -0.5553322452865737 0.5892610537442043 0.9499636864806814
v -0.5106945561761178 0.6326416749892825 0.9499636864806814
v -0.4660567134149288 0.6695434082005267 0.9499636864806814
v -0.42141897308756193 0.7046432280463979 0.9499636864806814
v -0.3767811815432839 0.7380429537461093 0.9499636864806814
v -0.332143441215917 0.768633764783384 0.9499636864806814
v -0.2875057008885502 0.7980814399739631 0.9499636864806814
v -0.24286790934427216 0.8215398095836559 0.9499636864806814
v -0.19823011779999422 0.8461201880642268 0.9499636864806814
v -0.15359232625571628 0.8731402072783974 0.9499636864806814
v -0.10895458592834939 0.8982027161513547 0.9499636864806814
v -0.06431679438407145 0.9213909677720482 0.9499636864806814
v -0.019679002839793458 0.9388566770931797 0.9499636864806814
v 0.024958763096028957 0.953296286440469 0.9499636864806814
v 0.0695965546403069 0.9595273230373924 0.9499636864806814
v 0.11423432057612931 0.9622497451412544 0.9499636864806814
v 0.15887211212040728 0.9593390624765156 0.9499636864806814
v 0.20350989086045748 0.9523137412184431 0.9499636864806814
v 0.24814766960050766 0.942230975236952 0.9499636864806814
v 0.29278544193844397 0.9312099410530574 0.9499636864806814
v 0.3374232238795511 0.9204607406246834 0.9499636864806814
v 0.3820610026196013 0.9101081895641148 0.9499636864806814
v 0.4266987845607084 0.8998545639672837 0.9499636864806814
v 0.4713365633007586 0.8909996209949476 0.9499636864806814
v 0.5159743420408088 0.884974642835499 0.9499636864806814
v 0.560612120780859 0.8820960987824586 0.9499636864806814
v 0.6052498995209092 0.8790238267632842 0.9499636864806814
v 0.6498876654567316 0.8751762587527412 0.9499636864806814
v 0.6945254570010095 0.8722875225343971 0.9499636864806814
v 0.739163222936832 0.8707248945775574 0.9499636864806814
v 0.78380101448111 0.8703292695479734 0.9499636864806814
v 0.8284386779831102 0.8693517691916881 0.9499636864806814
v 0.8730764183104771 0.8680130871785154 0.9499636864806814
v 0.917714209854755 0.8664108685494163 0.9499636864806814
v 0.962352001399033 0.8651582053383908 0.9499636864806814
v 1.006989792943311 0.8632398759341485 0.9499636864806814
v 1.0516275332706777 0.8610659741436515 0.9499636864806814
v 1.0962653248149559 0.857502992899486 0.9499636864806814
v 1.1409031163592338 0.8547418636150806 0.9499636864806814
v 1.1855409079035117 0.8548389452700197 0.9499636864806814
v 1.2301786994477897 0.85364431081924 0.9499636864806814
v 1.2748164909920676 0.85261193154274 0.9499636864806814
v 1.3194541801025235 0.8531363158867618 0.9499636864806814
v 1.3640919716468014 0.8515723306817785 0.9499636864806814
v 1.4087297631910793 0.850354315711094 0.9499636864806814
v 1.4533675547353573 0.8549588952757529 0.9499636864806814
v 1.4980053462796352 0.8499178708033848 0.9499636864806814
v 1.5426431378239132 0.834381246437821 0.9499636864806814
v 1.587280929368191 0.8034822632466194 0.9499636864806814
v 1.631918720912469 0.7582530700301806 0.9499636864806814
v 1.676556410022925 0.6992811247585127 0.9499636864806814
v 1.721194201567203 0.6313540306279941 0.9499636864806814
v 1.765831993111481 0.5518034633970839 0.9499636864806814
v 1.810469784655759 0.00887634402279347 0.9499636864806814
v 1.8551075762000369 0.00887634402279347 0.9499636864806814
v 1.8997453677443148 0.00887634402279347 0.9499636864806814
v 1.9443831592885927 0.00887634402279347 0.9499636864806814
v 1.9890209508328707 0.00887634402279347 0.9499636864806814
v 2.0336587423771486 0.00887634402279347 0.9499636864806814
v -1.4927256628487666 0.00887634402279347 0.9173382068256619
v -1.4480878713044887 0.00887634402279347 0.9173382068256619
v -1.4034500797602107 0.00887634402279347 0.9173382068256619
v -1.3588122882159324 0.00887634402279347 0.9173382068256619
v -1.3141744966716544 0.00887634402279347 0.9173382068256619
v -1.2695367051273765 0.00887634402279347 0.9173382068256619
v -1.2248989135830985 0.00887634402279347 0.9173382068256619
v -1.1802611220388206 0.00887634402279347 0.9173382068256619
v -1.135623432928365 0.00887634402279347 0.9173382068256619
v -1.090985641384087 0.00887634402279347 0.9173382068256619
v -1.046347849839809 0.00887634402279347 0.9173382068256619
v -1.0017100582955312 0.00887634402279347 0.9173382068256619
v -0.9570722667512531 0.00887634402279347 0.9173382068256619
v -0.9124344752069752 0.00887634402279347 0.9173382068256619
v -0.8677967860965193 0.00887634402279347 0.9173382068256619
v -0.8231589945522414 0.00887634402279347 0.9173382068256619
v -0.7785212030079635 0.00887634402279347 0.9173382068256619
v -0.7338834114636855 0.00887634402279347 0.9173382068256619
v -0.6892456199194076 0.00887634402279347 0.9173382068256619
v -0.6446078283751294 0.5443014151307431 0.9173382068256619
v -0.5999700368308516 0.6248821080940663 0.9173382068256619
v -0.5553322452865737 0.6664205082647566 0.9173382068256619
v -0.5106945561761178 0.7039678818569883 0.9173382068256619
v -0.4660567134149288 0.7355021852215957 0.9173382068256619
v -0.42141897308756193 0.7622407931178753 0.9173382068256619
v -0.3767811815432839 0.7881027979726835 0.9173382068256619
v -0.332143441215917 0.8143679567430033 0.9173382068256619
v -0.2875057008885502 0.8404062245972695 0.9173382068256619
v -0.24286790934427216 0.8629654045077079 0.9173382068256619
v -0.19823011779999422 0.8865694862294037 0.9173382068256619
v -0.15359232625571628 0.9077689595846739 0.9173382068256619
v -0.10895458592834939 0.9283914232197947 0.9173382068256619
v -0.06431679438407145 0.9517753234407873 0.9173382068256619
v -0.019679002839793458 0.9708654795304237 0.9173382068256619
v 0.024958763096028957 0.983014886286397 0.9173382068256619
v 0.0695965546403069 0.9891900452333396 0.9173382068256619
v 0.11423432057612931 0.9910259154107542 0.9173382068256619
v 0.15887211212040728 0.9896210483442474 0.9173382068256619
v 0.20350989086045748 0.9805301618668253 0.9173382068256619
v 0.24814766960050766 0.9693737101700536 0.9173382068256619
v 0.29278544193844397 0.9580385882790035 0.9173382068256619
v 0.3374232238795511 0.9474287490656592 0.9173382068256619
v 0.3820610026196013 0.9359539586581127 0.9173382068256619
v 0.4266987845607084 0.9272814503230189 0.9173382068256619
v 0.4713365633007586 0.9199485971224081 0.9173382068256619
v 0.5159743420408088 0.9138014410215947 0.9173382068256619
v 0.560612120780859 0.9099645773454659 0.9173382068256619
v 0.6052498995209092 0.9080331364119888 0.9173382068256619
v 0.6498876654567316 0.9049823754954651 0.9173382068256619
v 0.6945254570010095 0.9028975143048688 0.9173382068256619
v 0.739163222936832 0.9011468434590242 0.9173382068256619
v 0.78380101448111 0.8984848701144563 0.9173382068256619
v 0.8284386779831102 0.8965635957378273 0.9173382068256619
v 0.8730764183104771 0.8945970712202653 0.9173382068256619
v 0.917714209854755 0.8936933488243808 0.9173382068256619
v 0.962352001399033 0.8914551954189427 0.9173382068256619
v 1.006989792943311 0.8898992512689979 0.9173382068256619
v 1.0516275332706777 0.8872349475549762 0.9173382068256619
v 1.0962653248149559 0.883091883575997 0.9173382068256619
v 1.1409031163592338 0.8823323623932386 0.9173382068256619
v 1.1855409079035117 0.8811669984071373 0.9173382068256619
v 1.2301786994477897 0.8829642510336029 0.9173382068256619
v 1.2748164909920676 0.8828157988168575 0.9173382068256619
v 1.3194541801025235 0.8817791941451939 0.9173382068256619
v 1.3640919716468014 0.8828421755260601 0.9173382068256619
v 1.4087297631910793 0.8849321071908528 0.9173382068256619
v 1.4533675547353573 0.8853909851056121 0.9173382068256619
v 1.4980053462796352 0.8785542189056552 0.9173382068256619
v 1.5426431378239132 0.8631460977699736 0.9173382068256619
v 1.587280929368191 0.8381661505576661 0.9173382068256619
v 1.631918720912469 0.7999233793553397 0.9173382068256619
v 1.676556410022925 0.750419597132286 0.9173382068256619
v 1.721194201567203 0.6845366979649719 0.9173382068256619
v 1.765831993111481 0.6114534437459928 0.9173382068256619
v 1.810469784655759 0.5220129422037816 0.9173382068256619
v 1.8551075762000369 0.00887634402279347 0.9173382068256619
v 1.8997453677443148 0.00887634402279347 0.9173382068256619
v 1.9443831592885927 0.00887634402279347 0.9173382068256619
v 1.9890209508328707 0.00887634402279347 0.9173382068256619
v 2.0336587423771486 0.00887634402279347 0.9173382068256619
v -1.4927256628487666 0.00887634402279347 0.8847128296044645
v -1.4480878713044887 0.00887634402279347 0.8847128296044645
v -1.4034500797602107 0.00887634402279347 0.8847128296044645
v -1.3588122882159324 0.00887634402279347 0.8847128296044645
v -1.3141744966716544 0.00887634402279347 0.8847128296044645
v -1.2695367051273765 0.00887634402279347 0.8847128296044645
v -1.2248989135830985 0.00887634402279347 0.8847128296044645
v -1.1802611220388206 0.00887634402279347 0.8847128296044645
v -1.135623432928365 0.00887634402279347 0.8847128296044645
v -1.090985641384087 0.00887634402279347 0.8847128296044645
v -1.046347849839809 0.00887634402279347 0.8847128296044645
v -1.0017100582955312 0.00887634402279347 0.8847128296044645
v -0.9570722667512531 0.00887634402279347 0.8847128296044645
v -0.9124344752069752 0.00887634402279347 0.8847128296044645
v -0.8677967860965193 0.00887634402279347 0.8847128296044645
v -0.8231589945522414 0.00887634402279347 0.8847128296044645
v -0.7785212030079635 0.00887634402279347 0.8847128296044645
v -0.7338834114636855 0.00887634402279347 0.8847128296044645
v -0.6892456199194076 0.5765113207693157 0.8847128296044645
v -0.6446078283751294 0.6517336492792619 0.8847128296044645
v -0.5999700368308516 0.7011317454063164 0.8847128296044645
v -0.5553322452865737 0.7405608795282841 0.8847128296044645
v -0.5106945561761178 0.7732262571570294 0.8847128296044645
v -0.4660567134149288 0.7949265038603167 0.8847128296044645
v -0.42141897308756193 0.8146095725209906 0.8847128296044645
v -0.3767811815432839 0.8391619865681157 0.8847128296044645
v -0.332143441215917 0.8642336376596995 0.8847128296044645
v -0.2875057008885502 0.8853073222813742 0.8847128296044645
v -0.24286790934427216 0.9050928247641943 0.8847128296044645
v -0.19823011779999422 0.9233253536779119 0.8847128296044645
v -0.15359232625571628 0.9389931957696449 0.8847128296044645
v -0.10895458592834939 0.9629272168324735 0.8847128296044645
v -0.06431679438407145 0.986556458861734 0.8847128296044645
v -0.019679002839793458 1.0038083375791353 0.8847128296044645
v 0.024958763096028957 1.0142246664982177 0.8847128296044645
v 0.0695965546403069 1.0180078548515419 0.8847128296044645
v 0.11423432057612931 1.0193096350802864 0.8847128296044645
v 0.15887211212040728 1.0163729854416337 0.8847128296044645
v 0.20350989086045748 1.0094165765374101 0.8847128296044645
v 0.24814766960050766 0.9952994160580089 0.8847128296044645
v 0.29278544193844397 0.9837647146687347 0.8847128296044645
v 0.3374232238795511 0.9740953843976532 0.8847128296044645
v 0.3820610026196013 0.9636039842911654 0.8847128296044645
v 0.4266987845607084 0.9540158072156792 0.8847128296044645
v 0.4713365633007586 0.9468693067460079 0.8847128296044645
v 0.5159743420408088 0.9419146852026201 0.8847128296044645
v 0.560612120780859 0.9382879389041686 0.8847128296044645
v 0.6052498995209092 0.9362905818061406 0.8847128296044645
v 0.6498876654567316 0.9330031731520038 0.8847128296044645
v 0.6945254570010095 0.9306555692076024 0.8847128296044645
v 0.739163222936832 0.9291840049186506 0.8847128296044645
v 0.78380101448111 0.9277048605268601 0.8847128296044645
v 0.8284386779831102 0.9253518019814294 0.8847128296044645
v 0.8730764183104771 0.9236633852909942 0.8847128296044645
v 0.917714209854755 0.9220407311143768 0.8847128296044645
v 0.962352001399033 0.9195738942009974 0.8847128296044645
v 1.006989792943311 0.9168627014048882 0.8847128296044645
v 1.0516275332706777 0.9146433189973584 0.8847128296044645
v 1.0962653248149559 0.9083132416986475 0.8847128296044645
v 1.1409031163592338 0.9018134059481848 0.8847128296044645
v 1.1855409079035117 0.901501648610483 0.8847128296044645
v 1.2301786994477897 0.8967565298418396 0.8847128296044645
v 1.2748164909920676 0.9016909207053536 0.8847128296044645
v 1.3194541801025235 0.9004995897453382 0.8847128296044645
v 1.3640919716468014 0.9022166110806077 0.8847128296044645
v 1.4087297631910793 0.906104281932521 0.8847128296044645
v 1.4533675547353573 0.9058279154803707 0.8847128296044645
v 1.4980053462796352 0.9030255565825515 0.8847128296044645
v 1.5426431378239132 0.8928189225016301 0.8847128296044645
v 1.587280929368191 0.8674330300521573 0.8847128296044645
v 1.631918720912469 0.8336888706254795 0.8847128296044645
v 1.676556410022925 0.7907345021228072 0.8847128296044645
v 1.721194201567203 0.7358356585295927 0.8847128296044645
v 1.765831993111481 0.6645874550174511 0.8847128296044645
v 1.810469784655759 0.5880427570805089 0.8847128296044645
v 1.8551075762000369 0.4506196923994811 0.8847128296044645
v 1.8997453677443148 0.00887634402279347 0.8847128296044645
v 1.9443831592885927 0.00887634402279347 0.8847128296044645
v 1.9890209508328707 0.00887634402279347 0.8847128296044645
v 2.0336587423771486 0.00887634402279347 0.8847128296044645
v -1.4927256628487666 0.00887634402279347 0.852087349949445
v -1.4480878713044887 0.00887634402279347 0.852087349949445
v -1.4034500797602107 0.00887634402279347 0.852087349949445
v -1.3588122882159324 0.00887634402279347 0.852087349949445
v -1.3141744966716544 0.00887634402279347 0.852087349949445
v -1.2695367051273765 0.00887634402279347 0.852087349949445
v -1.2248989135830985 0.00887634402279347 0.852087349949445
v -1.1802611220388206 0.00887634402279347 0.852087349949445
v -1.135623432928365 0.00887634402279347 0.852087349949445
v -1.090985641384087 0.00887634402279347 0.852087349949445
v -1.046347849839809 0.00887634402279347 0.852087349949445
v -1.0017100582955312 0.00887634402279347 0.852087349949445
v -0.9570722667512531 0.00887634402279347 0.852087349949445
v -0.9124344752069752 0.00887634402279347 0.852087349949445
v -0.8677967860965193 0.00887634402279347 0.852087349949445
v -0.8231589945522414 0.00887634402279347 0.852087349949445
v -0.7785212030079635 0.00887634402279347 0.852087349949445
v -0.7338834114636855 0.5712969782698762 0.852087349949445
v -0.6892456199194076 0.6571408746658025 0.852087349949445
v -0.6446078283751294 0.7166745414096645 0.852087349949445
v -0.5999700368308516 0.7626818475475812 0.852087349949445
v -0.5553322452865737 0.7985731223202646 0.852087349949445
v -0.5106945561761178 0.8238797822083073 0.852087349949445
v -0.4660567134149288 0.8420543847956012 0.852087349949445
v -0.42141897308756193 0.8597798662896954 0.852087349949445
v -0.3767811815432839 0.8826443245985849 0.852087349949445
v -0.332143441215917 0.9034578785289193 0.852087349949445
v -0.2875057008885502 0.9216344017503786 0.852087349949445
v -0.24286790934427216 0.9399598893576938 0.852087349949445
v -0.19823011779999422 0.9565295332111461 0.852087349949445
v -0.15359232625571628 0.9778969724262805 0.852087349949445
v -0.10895458592834939 0.9969354890653275 0.852087349949445
v -0.06431679438407145 1.015647305832867 0.852087349949445
v -0.019679002839793458 1.0296867574539423 0.852087349949445
v 0.024958763096028957 1.0390191700797575 0.852087349949445
v 0.0695965546403069 1.0440183503357787 0.852087349949445
v 0.11423432057612931 1.0437890522249047 0.852087349949445
v 0.15887211212040728 1.0406159341078274 0.852087349949445
v 0.20350989086045748 1.03376482717277 0.852087349949445
v 0.24814766960050766 1.02167977446556 0.852087349949445
v 0.29278544193844397 1.0095312768097582 0.852087349949445
v 0.3374232238795511 0.9989401189647278 0.852087349949445
v 0.3820610026196013 0.9878925032039865 0.852087349949445
v 0.4266987845607084 0.9777098130289916 0.852087349949445
v 0.4713365633007586 0.9700581473611787 0.852087349949445
v 0.5159743420408088 0.9653089824565606 0.852087349949445
v 0.560612120780859 0.9613483403105959 0.852087349949445
v 0.6052498995209092 0.9587181854720321 0.852087349949445
v 0.6498876654567316 0.956001025905783 0.852087349949445
v 0.6945254570010095 0.9535219481506572 0.852087349949445
v 0.739163222936832 0.9519713561679195 0.852087349949445
v 0.78380101448111 0.9503122355506182 0.852087349949445
v 0.8284386779831102 0.9488415931660656 0.852087349949445
v 0.8730764183104771 0.94803518290122 0.852087349949445
v 0.917714209854755 0.9466382928686128 0.852087349949445
v 0.962352001399033 0.9446855969170405 0.852087349949445
v 1.006989792943311 0.9421770182211364 0.852087349949445
v 1.0516275332706777 0.9399305676761045 0.852087349949445
v 1.0962653248149559 0.9348288255556593 0.852087349949445
v 1.1409031163592338 0.9260789028594785 0.852087349949445
v 1.1855409079035117 0.9196504890915072 0.852087349949445
v 1.2301786994477897 0.9164693811363025 0.852087349949445
v 1.2748164909920676 0.915906917018898 0.852087349949445
v 1.3194541801025235 0.9150680608408874 0.852087349949445
v 1.3640919716468014 0.914265286976728 0.852087349949445
v 1.4087297631910793 0.9149197110579643 0.852087349949445
v 1.4533675547353573 0.9175263189216623 0.852087349949445
v 1.4980053462796352 0.9188411338542748 0.852087349949445
v 1.5426431378239132 0.9121780954166778 0.852087349949445
v 1.587280929368191 0.8969269028965243 0.852087349949445
v 1.631918720912469 0.868612965249459 0.852087349949445
v 1.676556410022925 0.827852089005769 0.852087349949445
v 1.721194201567203 0.7761329961196157 0.852087349949445
v 1.765831993111481 0.7090438874796192 0.852087349949445
v 1.810469784655759 0.6335402244771485 0.852087349949445
v 1.8551075762000369 0.5192286884840267 0.852087349949445
v 1.8997453677443148 0.00887634402279347 0.852087349949445
v 1.9443831592885927 0.00887634402279347 0.852087349949445
v 1.9890209508328707 0.00887634402279347 0.852087349949445
v 2.0336587423771486 0.00887634402279347 0.852087349949445
v -1.4927256628487666 0.00887634402279347 0.8194619727282477
v -1.4480878713044887 0.00887634402279347 0.8194619727282477
v -1.4034500797602107 0.00887634402279347 0.8194619727282477
v -1.3588122882159324 0.00887634402279347 0.8194619727282477
v -1.3141744966716544 0.00887634402279347 0.8194619727282477
v -1.2695367051273765 0.00887634402279347 0.8194619727282477
v -1.2248989135830985 0.00887634402279347 0.8194619727282477
v -1.1802611220388206 0.00887634402279347 0.8194619727282477
v -1.135623432928365 0.00887634402279347 0.8194619727282477
v -1.090985641384087 0.00887634402279347 0.8194619727282477
v -1.046347849839809 0.00887634402279347 0.8194619727282477
v -1.0017100582955312 0.00887634402279347 0.8194619727282477
v -0.9570722667512531 0.00887634402279347 0.8194619727282477
v -0.9124344752069752 0.00887634402279347 0.8194619727282477
v -0.8677967860965193 0.00887634402279347 0.8194619727282477
v -0.8231589945522414 0.00887634402279347 0.8194619727282477
v -0.7785212030079635 0.5731037572418014 0.8194619727282477
v -0.7338834114636855 0.656325450224608 0.8194619727282477
v -0.6892456199194076 0.7208633164817765 0.8194619727282477
v -0.6446078283751294 0.7756010572812106 0.8194619727282477
v -0.5999700368308516 0.8185287161647583 0.8194619727282477
v -0.5553322452865737 0.8465617802714989 0.8194619727282477
v -0.5106945561761178 0.8663229547215593 0.8194619727282477
v -0.4660567134149288 0.8828671437702083 0.8194619727282477
v -0.42141897308756193 0.9003311373248188 0.8194619727282477
v -0.3767811815432839 0.917109157180972 0.8194619727282477
v -0.332143441215917 0.9377638618616133 0.8194619727282477
v -0.2875057008885502 0.9542031586763846 0.8194619727282477
v -0.24286790934427216 0.9701919387371294 0.8194619727282477
v -0.19823011779999422 0.9900764050963704 0.8194619727282477
v -0.15359232625571628 1.00434968752495 0.8194619727282477
v -0.10895458592834939 1.0157942471507355 0.8194619727282477
v -0.06431679438407145 1.0414254814084762 0.8194619727282477
v -0.019679002839793458 1.052928044186052 0.8194619727282477
v 0.024958763096028957 1.0570905961996946 0.8194619727282477
v 0.0695965546403069 1.0584759624273103 0.8194619727282477
v 0.11423432057612931 1.0608297252052683 0.8194619727282477
v 0.15887211212040728 1.0598015969323873 0.8194619727282477
v 0.20350989086045748 1.0547758350995189 0.8194619727282477
v 0.24814766960050766 1.0451989769613799 0.8194619727282477
v 0.29278544193844397 1.0334459890971122 0.8194619727282477
v 0.3374232238795511 1.0239305656438054 0.8194619727282477
v 0.3820610026196013 1.01340157232459 0.8194619727282477
v 0.4266987845607084 1.0028976240748892 0.8194619727282477
v 0.4713365633007586 0.9941196985325793 0.8194619727282477
v 0.5159743420408088 0.9888002845400735 0.8194619727282477
v 0.560612120780859 0.9846887573740875 0.8194619727282477
v 0.6052498995209092 0.9818090993532312 0.8194619727282477
v 0.6498876654567316 0.9788032300592632 0.8194619727282477
v 0.6945254570010095 0.9772042380955616 0.8194619727282477
v 0.739163222936832 0.9769377565072483 0.8194619727282477
v 0.78380101448111 0.9772848791220461 0.8194619727282477
v 0.8284386779831102 0.9768514560120901 0.8194619727282477
v 0.8730764183104771 0.9762113726659543 0.8194619727282477
v 0.917714209854755 0.9746265293739367 0.8194619727282477
v 0.962352001399033 0.9725826032995154 0.8194619727282477
v 1.006989792943311 0.9696076434113798 0.8194619727282477
v 1.0516275332706777 0.96732704399089 0.8194619727282477
v 1.0962653248149559 0.963076270847924 0.8194619727282477
v 1.1409031163592338 0.9566179592081139 0.8194619727282477
v 1.1855409079035117 0.9477675745408631 0.8194619727282477
v 1.2301786994477897 0.9438829254867032 0.8194619727282477
v 1.2748164909920676 0.9369105625146802 0.8194619727282477
v 1.3194541801025235 0.9334111158487008 0.8194619727282477
v 1.3640919716468014 0.9319575543039913 0.8194619727282477
v 1.4087297631910793 0.9319947377814303 0.8194619727282477
v 1.4533675547353573 0.9347055464507064 0.8194619727282477
v 1.4980053462796352 0.9361099909776969 0.8194619727282477
v 1.5426431378239132 0.9324177638584384 0.8194619727282477
v 1.587280929368191 0.920405067842347 0.8194619727282477
v 1.631918720912469 0.8979765678805116 0.8194619727282477
v 1.676556410022925 0.8663589346015881 0.8194619727282477
v 1.721194201567203 0.8136148376741292 0.8194619727282477
v 1.765831993111481 0.7513295423828659 0.8194619727282477
v 1.810469784655759 0.6767539298090395 0.8194619727282477
v 1.8551075762000369 0.5780232952011041 0.8194619727282477
v 1.8997453677443148 0.00887634402279347 0.8194619727282477
v 1.9443831592885927 0.00887634402279347 0.8194619727282477
v 1.9890209508328707 0.00887634402279347 0.8194619727282477
v 2.0336587423771486 0.00887634402279347 0.8194619727282477
v -1.4927256628487666 0.00887634402279347 0.7868365442901393
v -1.4480878713044887 0.00887634402279347 0.7868365442901393
v -1.4034500797602107 0.00887634402279347 0.7868365442901393
v -1.3588122882159324 0.00887634402279347 0.7868365442901393
v -1.3141744966716544 0.00887634402279347 0.7868365442901393
v -1.2695367051273765 0.00887634402279347 0.7868365442901393
v -1.2248989135830985 0.00887634402279347 0.7868365442901393
v -1.1802611220388206 0.00887634402279347 0.7868365442901393
v -1.135623432928365 0.00887634402279347 0.7868365442901393
v -1.090985641384087 0.00887634402279347 0.7868365442901393
v -1.046347849839809 0.00887634402279347 0.7868365442901393
v -1.0017100582955312 0.00887634402279347 0.7868365442901393
v -0.9570722667512531 0.00887634402279347 0.7868365442901393
v -0.9124344752069752 0.00887634402279347 0.7868365442901393
v -0.8677967860965193 0.00887634402279347 0.7868365442901393
v -0.8231589945522414 0.5808585097473767 0.7868365442901393
v -0.7785212030079635 0.6526049513704372 0.7868365442901393
v -0.7338834114636855 0.7168202535216674 0.7868365442901393
v -0.6892456199194076 0.7771884742230097 0.7868365442901393
v -0.6446078283751294 0.8214630098255018 0.7868365442901393
v -0.5999700368308516 0.858362156582737 0.7868365442901393
v -0.5553322452865737 0.8839974497806802 0.7868365442901393
v -0.5106945561761178 0.9036393656533068 0.7868365442901393
v -0.4660567134149288 0.9171656494338856 0.7868365442901393
v -0.42141897308756193 0.9311609264691605 0.7868365442901393
v -0.3767811815432839 0.9478155903949942 0.7868365442901393
v -0.332143441215917 0.9643537102396811 0.7868365442901393
v -0.2875057008885502 0.9811721530428986 0.7868365442901393
v -0.24286790934427216 0.9990193515261578 0.7868365442901393
v -0.19823011779999422 1.0111186425346461 0.7868365442901393
v -0.15359232625571628 1.0247469888147658 0.7868365442901393
v -0.10895458592834939 1.0413514089508369 0.7868365442901393
v -0.06431679438407145 1.0560517507881715 0.7868365442901393
v -0.019679002839793458 1.0651334502321699 0.7868365442901393
v 0.024958763096028957 1.0722055709427354 0.7868365442901393
v 0.0695965546403069 1.0751046273686606 0.7868365442901393
v 0.11423432057612931 1.0776094736321702 0.7868365442901393
v 0.15887211212040728 1.0774273719048497 0.7868365442901393
v 0.20350989086045748 1.0740311209125688 0.7868365442901393
v 0.24814766960050766 1.0678849699436352 0.7868365442901393
v 0.29278544193844397 1.0580114122396498 0.7868365442901393
v 0.3374232238795511 1.0462210360302988 0.7868365442901393
v 0.3820610026196013 1.0369788676017946 0.7868365442901393
v 0.4266987845607084 1.0266874439245917 0.7868365442901393
v 0.4713365633007586 1.0158725578077663 0.7868365442901393
v 0.5159743420408088 1.0102695813871043 0.7868365442901393
v 0.560612120780859 1.006027297447149 0.7868365442901393
v 0.6052498995209092 1.0023749683016163 0.7868365442901393
v 0.6498876654567316 0.9989299139951966 0.7868365442901393
v 0.6945254570010095 0.9976615784093827 0.7868365442901393
v 0.739163222936832 0.9976373272019896 0.7868365442901393
v 0.78380101448111 0.9989329485971776 0.7868365442901393
v 0.8284386779831102 1.0008713806390162 0.7868365442901393
v 0.8730764183104771 1.0024176191843124 0.7868365442901393
v 0.917714209854755 1.001243970862845 0.7868365442901393
v 0.962352001399033 0.9980560894711509 0.7868365442901393
v 1.006989792943311 0.994913291765429 0.7868365442901393
v 1.0516275332706777 0.9936352505749668 0.7868365442901393
v 1.0962653248149559 0.9910997830007494 0.7868365442901393
v 1.1409031163592338 0.9851605931673483 0.7868365442901393
v 1.1855409079035117 0.9790846669856097 0.7868365442901393
v 1.2301786994477897 0.9735552508534765 0.7868365442901393
v 1.2748164909920676 0.9683443654955346 0.7868365442901393
v 1.3194541801025235 0.9676368806944265 0.7868365442901393
v 1.3640919716468014 0.9681765020694926 0.7868365442901393
v 1.4087297631910793 0.9686983511764162 0.7868365442901393
v 1.4533675547353573 0.9647031504197049 0.7868365442901393
v 1.4980053462796352 0.9586357262452045 0.7868365442901393
v 1.5426431378239132 0.9510007188777181 0.7868365442901393
v 1.587280929368191 0.935844815420616 0.7868365442901393
v 1.631918720912469 0.9190016220451223 0.7868365442901393
v 1.676556410022925 0.894120292995086 0.7868365442901393
v 1.721194201567203 0.8475680389233518 0.7868365442901393
v 1.765831993111481 0.7847406894537465 0.7868365442901393
v 1.810469784655759 0.7150031287337055 0.7868365442901393
v 1.8551075762000369 0.6267772874545035 0.7868365442901393
v 1.8997453677443148 0.021753402238609887 0.7868365442901393
v 1.9443831592885927 0.00887634402279347 0.7868365442901393
v 1.9890209508328707 0.00887634402279347 0.7868365442901393
v 2.0336587423771486 0.00887634402279347 0.7868365442901393
v -1.4927256628487666 0.00887634402279347 0.7542110646351198
v -1.4480878713044887 0.00887634402279347 0.7542110646351198
v -1.4034500797602107 0.00887634402279347 0.7542110646351198
v -1.3588122882159324 0.00887634402279347 0.7542110646351198
v -1.3141744966716544 0.00887634402279347 0.7542110646351198
v -1.2695367051273765 0.00887634402279347 0.7542110646351198
v -1.2248989135830985 0.00887634402279347 0.7542110646351198
v -1.1802611220388206 0.00887634402279347 0.7542110646351198
v -1.135623432928365 0.00887634402279347 0.7542110646351198
v -1.090985641384087 0.00887634402279347 0.7542110646351198
v -1.046347849839809 0.00887634402279347 0.7542110646351198
v -1.0017100582955312 0.00887634402279347 0.7542110646351198
v -0.9570722667512531 0.00887634402279347 0.7542110646351198
v -0.9124344752069752 0.00887634402279347 0.7542110646351198
v -0.8677967860965193 0.5715723716007163 0.7542110646351198
v -0.8231589945522414 0.6563265769966515 0.7542110646351198
v -0.7785212030079635 0.713372638369694 0.7542110646351198
v -0.7338834114636855 0.7699404618355914 0.7542110646351198
v -0.6892456199194076 0.8213420354815473 0.7542110646351198
v -0.6446078283751294 0.861141980039684 0.7542110646351198
v -0.5999700368308516 0.8978794350086614 0.7542110646351198
v -0.5553322452865737 0.921287484003225 0.7542110646351198
v -0.5106945561761178 0.9373973280375187 0.7542110646351198
v -0.4660567134149288 0.9532707292018436 0.7542110646351198
v -0.42141897308756193 0.9641535161385241 0.7542110646351198
v -0.3767811815432839 0.9863938579733047 0.7542110646351198
v -0.332143441215917 0.9984810233780965 0.7542110646351198
v -0.2875057008885502 1.0107421086086648 0.7542110646351198
v -0.24286790934427216 1.0247070780368122 0.7542110646351198
v -0.19823011779999422 1.0397107904426606 0.7542110646351198
v -0.15359232625571628 1.051778851939622 0.7542110646351198
v -0.10895458592834939 1.064535806498972 0.7542110646351198
v -0.06431679438407145 1.077722150836531 0.7542110646351198
v -0.019679002839793458 1.0881062387100928 0.7542110646351198
v 0.024958763096028957 1.0926641148539669 0.7542110646351198
v 0.0695965546403069 1.0935759359239148 0.7542110646351198
v 0.11423432057612931 1.0962986525250153 0.7542110646351198
v 0.15887211212040728 1.0969198368309652 0.7542110646351198
v 0.20350989086045748 1.0940971768300194 0.7542110646351198
v 0.24814766960050766 1.0861483058293633 0.7542110646351198
v 0.29278544193844397 1.0821081302226159 0.7542110646351198
v 0.3374232238795511 1.070829807885946 0.7542110646351198
v 0.3820610026196013 1.0617162771317155 0.7542110646351198
v 0.4266987845607084 1.0517269051875662 0.7542110646351198
v 0.4713365633007586 1.0408635166559546 0.7542110646351198
v 0.5159743420408088 1.032627952593453 0.7542110646351198
v 0.560612120780859 1.027508515030232 0.7542110646351198
v 0.6052498995209092 1.0251731391233494 0.7542110646351198
v 0.6498876654567316 1.0226609240267592 0.7542110646351198
v 0.6945254570010095 1.0203683910659893 0.7542110646351198
v 0.739163222936832 1.0212396803529367 0.7542110646351198
v 0.78380101448111 1.02145068122233 0.7542110646351198
v 0.8284386779831102 1.02154638002067 0.7542110646351198
v 0.8730764183104771 1.0200757376361176 0.7542110646351198
v 0.917714209854755 1.0184433010294853 0.7542110646351198
v 0.962352001399033 1.016353074867454 0.7542110646351198
v 1.006989792943311 1.0135942759525025 0.7542110646351198
v 1.0516275332706777 1.0110941864596088 0.7542110646351198
v 1.0962653248149559 1.0089899140597156 0.7542110646351198
v 1.1409031163592338 1.006962966391315 0.7542110646351198
v 1.1855409079035117 1.0034753636360214 0.7542110646351198
v 1.2301786994477897 1.0005203143220656 0.7542110646351198
v 1.2748164909920676 0.9975085806917796 0.7542110646351198
v 1.3194541801025235 0.995803172791096 0.7542110646351198
v 1.3640919716468014 0.9934687059843849 0.7542110646351198
v 1.4087297631910793 0.9892059096715445 0.7542110646351198
v 1.4533675547353573 0.9827852936782842 0.7542110646351198
v 1.4980053462796352 0.976267365553985 0.7542110646351198
v 1.5426431378239132 0.9657920219491186 0.7542110646351198
v 1.587280929368191 0.950188751578021 0.7542110646351198
v 1.631918720912469 0.9364904558016033 0.7542110646351198
v 1.676556410022925 0.917713260647079 0.7542110646351198
v 1.721194201567203 0.8744176594743822 0.7542110646351198
v 1.765831993111481 0.8171010191601407 0.7542110646351198
v 1.810469784655759 0.7465795067907596 0.7542110646351198
v 1.8551075762000369 0.6644686830006726 0.7542110646351198
v 1.8997453677443148 0.5618572406069077 0.7542110646351198
v 1.9443831592885927 0.00887634402279347 0.7542110646351198
v 1.9890209508328707 0.00887634402279347 0.7542110646351198
v 2.0336587423771486 0.00887634402279347 0.7542110646351198
v -1.4927256628487666 0.00887634402279347 0.7215856361970113
v -1.4480878713044887 0.00887634402279347 0.7215856361970113
v -1.4034500797602107 0.00887634402279347 0.7215856361970113
v -1.3588122882159324 0.00887634402279347 0.7215856361970113
v -1.3141744966716544 0.00887634402279347 0.7215856361970113
v -1.2695367051273765 0.00887634402279347 0.7215856361970113
v -1.2248989135830985 0.00887634402279347 0.7215856361970113
v -1.1802611220388206 0.00887634402279347 0.7215856361970113
v -1.135623432928365 0.00887634402279347 0.7215856361970113
v -1.090985641384087 0.00887634402279347 0.7215856361970113
v -1.046347849839809 0.00887634402279347 0.7215856361970113
v -1.0017100582955312 0.00887634402279347 0.7215856361970113
v -0.9570722667512531 0.00887634402279347 0.7215856361970113
v -0.9124344752069752 0.5609923406296166 0.7215856361970113
v -0.8677967860965193 0.6516733669749288 0.7215856361970113
v -0.8231589945522414 0.7098056878149203 0.7215856361970113
v -0.7785212030079635 0.7637237275610853 0.7215856361970113
v -0.7338834114636855 0.8174423798724428 0.7215856361970113
v -0.6892456199194076 0.8604878376514586 0.7215856361970113
v -0.6446078283751294 0.9017376049197967 0.7215856361970113
v -0.5999700368308516 0.9331948780501502 0.7215856361970113
v -0.5553322452865737 0.9551546920587559 0.7215856361970113
v -0.5106945561761178 0.9773215632346022 0.7215856361970113
v -0.4660567134149288 0.9935072082972841 0.7215856361970113
v -0.42141897308756193 1.0090611695872462 0.7215856361970113
v -0.3767811815432839 1.0192436548945967 0.7215856361970113
v -0.332143441215917 1.0280333987391368 0.7215856361970113
v -0.2875057008885502 1.0403375317834618 0.7215856361970113
v -0.24286790934427216 1.0507108000845595 0.7215856361970113
v -0.19823011779999422 1.0614961852606069 0.7215856361970113
v -0.15359232625571628 1.0705301825540545 0.7215856361970113
v -0.10895458592834939 1.0810471591055093 0.7215856361970113
v -0.06431679438407145 1.091488545898334 0.7215856361970113
v -0.019679002839793458 1.10415091562716 0.7215856361970113
v 0.024958763096028957 1.1123771838203018 0.7215856361970113
v 0.0695965546403069 1.1165785326440822 0.7215856361970113
v 0.11423432057612931 1.117768352705221 0.7215856361970113
v 0.15887211212040728 1.1185605246687884 0.7215856361970113
v 0.20350989086045748 1.1161568318046482 0.7215856361970113
v 0.24814766960050766 1.1112197008363918 0.7215856361970113
v 0.29278544193844397 1.1068630239255546 0.7215856361970113
v 0.3374232238795511 1.1003556016701392 0.7215856361970113
v 0.3820610026196013 1.089233811017936 0.7215856361970113
v 0.4266987845607084 1.0776598006494134 0.7215856361970113
v 0.4713365633007586 1.0691530046300965 0.7215856361970113
v 0.5159743420408088 1.062619615400767 0.7215856361970113
v 0.560612120780859 1.0569934889363002 0.7215856361970113
v 0.6052498995209092 1.0502905141122938 0.7215856361970113
v 0.6498876654567316 1.0481734246804046 0.7215856361970113
v 0.6945254570010095 1.04174663704936 0.7215856361970113
v 0.739163222936832 1.041466211657007 0.7215856361970113
v 0.78380101448111 1.0411551585518326 0.7215856361970113
v 0.8284386779831102 1.0399072329050814 0.7215856361970113
v 0.8730764183104771 1.0382155767450207 0.7215856361970113
v 0.917714209854755 1.036619414515656 0.7215856361970113
v 0.962352001399033 1.0348289353256799 0.7215856361970113
v 1.006989792943311 1.0322888198167826 0.7215856361970113
v 1.0516275332706777 1.0301333177015886 0.7215856361970113
v 1.0962653248149559 1.0283456554417216 0.7215856361970113
v 1.1409031163592338 1.025562105954494 0.7215856361970113
v 1.1855409079035117 1.0228966754684286 0.7215856361970113
v 1.2301786994477897 1.0194638491995276 0.7215856361970113
v 1.2748164909920676 1.0148030974876494 0.7215856361970113
v 1.3194541801025235 1.0093792906261487 0.7215856361970113
v 1.3640919716468014 1.0041356520535756 0.7215856361970113
v 1.4087297631910793 1.0006765387050662 0.7215856361970113
v 1.4533675547353573 0.9959464777082785 0.7215856361970113
v 1.4980053462796352 0.9899901942308067 0.7215856361970113
v 1.5426431378239132 0.9829432466320336 0.7215856361970113
v 1.587280929368191 0.9721738283280134 0.7215856361970113
v 1.631918720912469 0.9573972885312296 0.7215856361970113
v 1.676556410022925 0.9394105367695239 0.7215856361970113
v 1.721194201567203 0.9018327147236593 0.7215856361970113
v 1.765831993111481 0.845632833546911 0.7215856361970113
v 1.810469784655759 0.7791316950460335 0.7215856361970113
v 1.8551075762000369 0.6977812887346486 0.7215856361970113
v 1.8997453677443148 0.6104690034982571 0.7215856361970113
v 1.9443831592885927 0.00887634402279347 0.7215856361970113
v 1.9890209508328707 0.00887634402279347 0.7215856361970113
v 2.0336587423771486 0.00887634402279347 0.7215856361970113
v -1.4927256628487666 0.00887634402279347 0.6889602589758139
v -1.4480878713044887 0.00887634402279347 0.6889602589758139
v -1.4034500797602107 0.00887634402279347 0.6889602589758139
v -1.3588122882159324 0.00887634402279347 0.6889602589758139
v -1.3141744966716544 0.00887634402279347 0.6889602589758139
v -1.2695367051273765 0.00887634402279347 0.6889602589758139
v -1.2248989135830985 0.00887634402279347 0.6889602589758139
v -1.1802611220388206 0.00887634402279347 0.6889602589758139
v -1.135623432928365 0.00887634402279347 0.6889602589758139
v -1.090985641384087 0.00887634402279347 0.6889602589758139
v -1.046347849839809 0.00887634402279347 0.6889602589758139
v -1.0017100582955312 0.00887634402279347 0.6889602589758139
v -0.9570722667512531 0.5486751344687401 0.6889602589758139
v -0.9124344752069752 0.6356900543194411 0.6889602589758139
v -0.8677967860965193 0.7008789899501707 0.6889602589758139
v -0.8231589945522414 0.749775160348709 0.6889602589758139
v -0.7785212030079635 0.8000293215358945 0.6889602589758139
v -0.7338834114636855 0.8500976421612513 0.6889602589758139
v -0.6892456199194076 0.8931090406944036 0.6889602589758139
v -0.6446078283751294 0.9296810906490705 0.6889602589758139
v -0.5999700368308516 0.9595829061901345 0.6889602589758139
v -0.5553322452865737 0.9865200820506443 0.6889602589758139
v -0.5106945561761178 1.0081554113191464 0.6889602589758139
v -0.4660567134149288 1.0242626432909754 0.6889602589758139
v -0.42141897308756193 1.035637368658513 0.6889602589758139
v -0.3767811815432839 1.0439389257109322 0.6889602589758139
v -0.332143441215917 1.050696958714342 0.6889602589758139
v -0.2875057008885502 1.060401961563986 0.6889602589758139
v -0.24286790934427216 1.068954231798222 0.6889602589758139
v -0.19823011779999422 1.0778072413321649 0.6889602589758139
v -0.15359232625571628 1.0849293817585073 0.6889602589758139
v -0.10895458592834939 1.093445473647184 0.6889602589758139
v -0.06431679438407145 1.1043299827524993 0.6889602589758139
v -0.019679002839793458 1.1126608422801663 0.6889602589758139
v 0.024958763096028957 1.1225003471404018 0.6889602589758139
v 0.0695965546403069 1.1263002097993373 0.6889602589758139
v 0.11423432057612931 1.1264001531991825 0.6889602589758139
v 0.15887211212040728 1.1291716827175928 0.6889602589758139
v 0.20350989086045748 1.1321272345974884 0.6889602589758139
v 0.24814766960050766 1.1301081583281085 0.6889602589758139
v 0.29278544193844397 1.124660698856863 0.6889602589758139
v 0.3374232238795511 1.1175790806103505 0.6889602589758139
v 0.3820610026196013 1.1096339484442026 0.6889602589758139
v 0.4266987845607084 1.0999863469476439 0.6889602589758139
v 0.4713365633007586 1.0924319934108697 0.6889602589758139
v 0.5159743420408088 1.0861402199595276 0.6889602589758139
v 0.560612120780859 1.078823647334524 0.6889602589758139
v 0.6052498995209092 1.070562314763639 0.6889602589758139
v 0.6498876654567316 1.0656352863310918 0.6889602589758139
v 0.6945254570010095 1.057923997776676 0.6889602589758139
v 0.739163222936832 1.0581781488936481 0.6889602589758139
v 0.78380101448111 1.0574322642134633 0.6889602589758139
v 0.8284386779831102 1.055968792196461 0.6889602589758139
v 0.8730764183104771 1.0544486230589007 0.6889602589758139
v 0.917714209854755 1.0529559445983592 0.6889602589758139
v 0.962352001399033 1.0514826645428863 0.6889602589758139
v 1.006989792943311 1.0494947057480402 0.6889602589758139
v 1.0516275332706777 1.0476409608686612 0.6889602589758139
v 1.0962653248149559 1.0458554241106035 0.6889602589758139
v 1.1409031163592338 1.0436314065726215 0.6889602589758139
v 1.1855409079035117 1.0402019094029402 0.6889602589758139
v 1.2301786994477897 1.0358022871121682 0.6889602589758139
v 1.2748164909920676 1.0292773806837352 0.6889602589758139
v 1.3194541801025235 1.0215253682829024 0.6889602589758139
v 1.3640919716468014 1.0154214520592624 0.6889602589758139
v 1.4087297631910793 1.0096017000624837 0.6889602589758139
v 1.4533675547353573 1.0070131845726222 0.6889602589758139
v 1.4980053462796352 1.0036629199643712 0.6889602589758139
v 1.5426431378239132 0.9991659727383324 0.6889602589758139
v 1.587280929368191 0.990494872868293 0.6889602589758139
v 1.631918720912469 0.9789617848117176 0.6889602589758139
v 1.676556410022925 0.9605861814569173 0.6889602589758139
v 1.721194201567203 0.9261189032670265 0.6889602589758139
v 1.765831993111481 0.8705562372893938 0.6889602589758139
v 1.810469784655759 0.8071642982005744 0.6889602589758139
v 1.8551075762000369 0.72792162143058 0.6889602589758139
v 1.8997453677443148 0.6452638266386881 0.6889602589758139
v 1.9443831592885927 0.537765522674885 0.6889602589758139
v 1.9890209508328707 0.00887634402279347 0.6889602589758139
v 2.0336587423771486 0.00887634402279347 0.6889602589758139
v -1.4927256628487666 0.00887634402279347 0.6563348305377055
v -1.4480878713044887 0.00887634402279347 0.6563348305377055
v -1.4034500797602107 0.00887634402279347 0.6563348305377055
v -1.3588122882159324 0.00887634402279347 0.6563348305377055
v -1.3141744966716544 0.00887634402279347 0.6563348305377055
v -1.2695367051273765 0.00887634402279347 0.6563348305377055
v -1.2248989135830985 0.00887634402279347 0.6563348305377055
v -1.1802611220388206 0.00887634402279347 0.6563348305377055
v -1.135623432928365 0.00887634402279347 0.6563348305377055
v -1.090985641384087 0.00887634402279347 0.6563348305377055
v -1.046347849839809 0.00887634402279347 0.6563348305377055
v -1.0017100582955312 0.5581196353044384 0.6563348305377055
v -0.9570722667512531 0.635443291241891 0.6563348305377055
v -0.9124344752069752 0.6880388591272381 0.6563348305377055
v -0.8677967860965193 0.7403734256337566 0.6563348305377055
v -0.8231589945522414 0.7854217975456519 0.6563348305377055
v -0.7785212030079635 0.8345341033089186 0.6563348305377055
v -0.7338834114636855 0.8809023350191671 0.6563348305377055
v -0.6892456199194076 0.9268000113589319 0.6563348305377055
v -0.6446078283751294 0.9574830896615047 0.6563348305377055
v -0.5999700368308516 0.9883856580364814 0.6563348305377055
v -0.5553322452865737 1.0157564490703637 0.6563348305377055
v -0.5106945561761178 1.036278758035881 0.6563348305377055
v -0.4660567134149288 1.0497723142102842 0.6563348305377055
v -0.42141897308756193 1.0585401244126573 0.6563348305377055
v -0.3767811815432839 1.0643642170426495 0.6563348305377055
v -0.332143441215917 1.070602033478176 0.6563348305377055
v -0.2875057008885502 1.0779037467968544 0.6563348305377055
v -0.24286790934427216 1.0858722210702239 0.6563348305377055
v -0.19823011779999422 1.0936081705673215 0.6563348305377055
v -0.15359232625571628 1.0993339331301673 0.6563348305377055
v -0.10895458592834939 1.104968247898292 0.6563348305377055
v -0.06431679438407145 1.1105753728887509 0.6563348305377055
v -0.019679002839793458 1.1156521659713896 0.6563348305377055
v 0.024958763096028957 1.1214416967895782 0.6563348305377055
v 0.0695965546403069 1.1267106973363035 0.6563348305377055
v 0.11423432057612931 1.1321726063785853 0.6563348305377055
v 0.15887211212040728 1.135299344381629 0.6563348305377055
v 0.20350989086045748 1.1394652286955482 0.6563348305377055
v 0.24814766960050766 1.141901761202857 0.6563348305377055
v 0.29278544193844397 1.1383642347634948 0.6563348305377055
v 0.3374232238795511 1.1329025273878004 0.6563348305377055
v 0.3820610026196013 1.1282130782004365 0.6563348305377055
v 0.4266987845607084 1.1206184041504201 0.6563348305377055
v 0.4713365633007586 1.1135335528363959 0.6563348305377055
v 0.5159743420408088 1.1076649975254784 0.6563348305377055
v 0.560612120780859 1.1015492565974945 0.6563348305377055
v 0.6052498995209092 1.092312241870667 0.6563348305377055
v 0.6498876654567316 1.084185616178018 0.6563348305377055
v 0.6945254570010095 1.075457409452132 0.6563348305377055
v 0.739163222936832 1.075429624277875 0.6563348305377055
v 0.78380101448111 1.074672010925054 0.6563348305377055
v 0.8284386779831102 1.0733932655020646 0.6563348305377055
v 0.8730764183104771 1.0714006651746526 0.6563348305377055
v 0.917714209854755 1.0699180892498201 0.6563348305377055
v 0.962352001399033 1.0694962859765638 0.6563348305377055
v 1.006989792943311 1.0682562477341178 0.6563348305377055
v 1.0516275332706777 1.0671221068574295 0.6563348305377055
v 1.0962653248149559 1.066465249972917 0.6563348305377055
v 1.1409031163592338 1.0639693986794148 0.6563348305377055
v 1.1855409079035117 1.0617595298131168 0.6563348305377055
v 1.2301786994477897 1.0575471693534557 0.6563348305377055
v 1.2748164909920676 1.0521061664140623 0.6563348305377055
v 1.3194541801025235 1.0464776199505472 0.6563348305377055
v 1.3640919716468014 1.039484219632301 0.6563348305377055
v 1.4087297631910793 1.0323721881437817 0.6563348305377055
v 1.4533675547353573 1.028347076711004 0.6563348305377055
v 1.4980053462796352 1.0248622012562247 0.6563348305377055
v 1.5426431378239132 1.0208683065307458 0.6563348305377055
v 1.587280929368191 1.0135713435805696 0.6563348305377055
v 1.631918720912469 1.0005216331575257 0.6563348305377055
v 1.676556410022925 0.9831129154541909 0.6563348305377055
v 1.721194201567203 0.9512277890529606 0.6563348305377055
v 1.765831993111481 0.8961880989542951 0.6563348305377055
v 1.810469784655759 0.8345931051904747 0.6563348305377055
v 1.8551075762000369 0.7599324981527226 0.6563348305377055
v 1.8997453677443148 0.6795672747342838 0.6563348305377055
v 1.9443831592885927 0.5846254111229797 0.6563348305377055
v 1.9890209508328707 0.00887634402279347 0.6563348305377055
v 2.0336587423771486 0.00887634402279347 0.6563348305377055
v -1.4927256628487666 0.00887634402279347 0.623709402099597
v -1.4480878713044887 0.00887634402279347 0.623709402099597
v -1.4034500797602107 0.00887634402279347 0.623709402099597
v -1.3588122882159324 0.00887634402279347 0.623709402099597
v -1.3141744966716544 0.00887634402279347 0.623709402099597
v -1.2695367051273765 0.00887634402279347 0.623709402099597
v -1.2248989135830985 0.00887634402279347 0.623709402099597
v -1.1802611220388206 0.00887634402279347 0.623709402099597
v -1.135623432928365 0.00887634402279347 0.623709402099597
v -1.090985641384087 0.00887634402279347 0.623709402099597
v -1.046347849839809 0.52310585986917 0.623709402099597
v -1.0017100582955312 0.636814060649851 0.623709402099597
v -0.9570722667512531 0.6835955360070929 0.623709402099597
v -0.9124344752069752 0.7224399266553392 0.623709402099597
v -0.8677967860965193 0.7688195541283016 0.623709402099597
v -0.8231589945522414 0.8136579879217083 0.623709402099597
v -0.7785212030079635 0.8598461409726239 0.623709402099597
v -0.7338834114636855 0.9143192439925435 0.623709402099597
v -0.6892456199194076 0.9528940800378122 0.623709402099597
v -0.6446078283751294 0.9804391110031652 0.623709402099597
v -0.5999700368308516 1.0125305775348812 0.623709402099597
v -0.5553322452865737 1.0385984743722032 0.623709402099597
v -0.5106945561761178 1.0594231423722404 0.623709402099597
v -0.4660567134149288 1.0704927878068573 0.623709402099597
v -0.42141897308756193 1.076466645086941 0.623709402099597
v -0.3767811815432839 1.082056292306496 0.623709402099597
v -0.332143441215917 1.0879387914214533 0.623709402099597
v -0.2875057008885502 1.0945856709236068 0.623709402099597
v -0.24286790934427216 1.1006980763502572 0.623709402099597
v -0.19823011779999422 1.1069781275310773 0.623709402099597
v -0.15359232625571628 1.1108723733539496 0.623709402099597
v -0.10895458592834939 1.1137388942371158 0.623709402099597
v -0.06431679438407145 1.1169396054650336 0.623709402099597
v -0.019679002839793458 1.1203866860404976 0.623709402099597
v 0.024958763096028957 1.1240673029262274 0.623709402099597
v 0.0695965546403069 1.129658464245716 0.623709402099597
v 0.11423432057612931 1.135446884297146 0.623709402099597
v 0.15887211212040728 1.1402463826211209 0.623709402099597
v 0.20350989086045748 1.1446025505639046 0.623709402099597
v 0.24814766960050766 1.1461478816095578 0.623709402099597
v 0.29278544193844397 1.1469132719302193 0.623709402099597
v 0.3374232238795511 1.1463342279383832 0.623709402099597
v 0.3820610026196013 1.1426691697899207 0.623709402099597
v 0.4266987845607084 1.1358660595026526 0.623709402099597
v 0.4713365633007586 1.1283012993297599 0.623709402099597
v 0.5159743420408088 1.1230733299309181 0.623709402099597
v 0.560612120780859 1.1182280564926714 0.623709402099597
v 0.6052498995209092 1.1109172457701637 0.623709402099597
v 0.6498876654567316 1.1027663624680075 0.623709402099597
v 0.6945254570010095 1.0915302812787449 0.623709402099597
v 0.739163222936832 1.088848691857236 0.623709402099597
v 0.78380101448111 1.0883654474970337 0.623709402099597
v 0.8284386779831102 1.0875789350021399 0.623709402099597
v 0.8730764183104771 1.0862635054665943 0.623709402099597
v 0.917714209854755 1.0854059551160422 0.623709402099597
v 0.962352001399033 1.0847559676997276 0.623709402099597
v 1.006989792943311 1.0854745729726525 0.623709402099597
v 1.0516275332706777 1.0839885591126641 0.623709402099597
v 1.0962653248149559 1.082893631183516 0.623709402099597
v 1.1409031163592338 1.0822295975293397 0.623709402099597
v 1.1855409079035117 1.0804634655784648 0.623709402099597
v 1.2301786994477897 1.0777821770563085 0.623709402099597
v 1.2748164909920676 1.0745181041072795 0.623709402099597
v 1.3194541801025235 1.0696201796844496 0.623709402099597
v 1.3640919716468014 1.0630046257255312 0.623709402099597
v 1.4087297631910793 1.0537130457820691 0.623709402099597
v 1.4533675547353573 1.0456786745504905 0.623709402099597
v 1.4980053462796352 1.0397382683154512 0.623709402099597
v 1.5426431378239132 1.0342040121852216 0.623709402099597
v 1.587280929368191 1.02715068808102 0.623709402099597
v 1.631918720912469 1.016921710622643 0.623709402099597
v 1.676556410022925 1.0002438326318654 0.623709402099597
v 1.721194201567203 0.9702163948121667 0.623709402099597
v 1.765831993111481 0.9182092452139107 0.623709402099597
v 1.810469784655759 0.8559815689476046 0.623709402099597
v 1.8551075762000369 0.7859946843044598 0.623709402099597
v 1.8997453677443148 0.706594387490638 0.623709402099597
v 1.9443831592885927 0.6173819036365241 0.623709402099597
v 1.9890209508328707 0.00887634402279347 0.623709402099597
v 2.0336587423771486 0.00887634402279347 0.623709402099597
v -1.4927256628487666 0.00887634402279347 0.5910839736614886
v -1.4480878713044887 0.00887634402279347 0.5910839736614886
v -1.4034500797602107 0.00887634402279347 0.5910839736614886
v -1.3588122882159324 0.00887634402279347 0.5910839736614886
v -1.3141744966716544 0.00887634402279347 0.5910839736614886
v -1.2695367051273765 0.00887634402279347 0.5910839736614886
v -1.2248989135830985 0.00887634402279347 0.5910839736614886
v -1.1802611220388206 0.00887634402279347 0.5910839736614886
v -1.135623432928365 0.00887634402279347 0.5910839736614886
v -1.090985641384087 0.00887634402279347 0.5910839736614886
v -1.046347849839809 0.6214805881620586 0.5910839736614886
v -1.0017100582955312 0.6842100365061476 0.5910839736614886
v -0.9570722667512531 0.7142251438545054 0.5910839736614886
v -0.9124344752069752 0.748813281150301 0.5910839736614886
v -0.8677967860965193 0.7937144556597722 0.5910839736614886
v -0.8231589945522414 0.8428441751728037 0.5910839736614886
v -0.7785212030079635 0.8874681637595475 0.5910839736614886
v -0.7338834114636855 0.9407844816259704 0.5910839736614886
v -0.6892456199194076 0.9761874287600276 0.5910839736614886
v -0.6446078283751294 1.0059840447657475 0.5910839736614886
v -0.5999700368308516 1.0361255682548616 0.5910839736614886
v -0.5553322452865737 1.0616607067832013 0.5910839736614886
v -0.5106945561761178 1.0810498864060238 0.5910839736614886
v -0.4660567134149288 1.08956446099371 0.5910839736614886
v -0.42141897308756193 1.0943411229774604 0.5910839736614886
v -0.3767811815432839 1.09981637082402 0.5910839736614886
v -0.332143441215917 1.1054575550603425 0.5910839736614886
v -0.2875057008885502 1.1111552251474648 0.5910839736614886
v -0.24286790934427216 1.1153763885137165 0.5910839736614886
v -0.19823011779999422 1.1185700222047354 0.5910839736614886
v -0.15359232625571628 1.122159085660865 0.5910839736614886
v -0.10895458592834939 1.1239459380533257 0.5910839736614886
v -0.06431679438407145 1.1257606780538658 0.5910839736614886
v -0.019679002839793458 1.1282886679590665 0.5910839736614886
v 0.024958763096028957 1.1319385643013231 0.5910839736614886
v 0.0695965546403069 1.1371989732112158 0.5910839736614886
v 0.11423432057612931 1.141433977947685 0.5910839736614886
v 0.15887211212040728 1.1462865289888895 0.5910839736614886
v 0.20350989086045748 1.1499643177408108 0.5910839736614886
v 0.24814766960050766 1.1524274286239098 0.5910839736614886
v 0.29278544193844397 1.1547042940114767 0.5910839736614886
v 0.3374232238795511 1.1542593502975862 0.5910839736614886
v 0.3820610026196013 1.1534257486545463 0.5910839736614886
v 0.4266987845607084 1.1486366601677467 0.5910839736614886
v 0.4713365633007586 1.1455257882034364 0.5910839736614886
v 0.5159743420408088 1.139007954510317 0.5910839736614886
v 0.560612120780859 1.1341910776482034 0.5910839736614886
v 0.6052498995209092 1.1286661077841627 0.5910839736614886
v 0.6498876654567316 1.1210426306237815 0.5910839736614886
v 0.6945254570010095 1.1127479494416737 0.5910839736614886
v 0.739163222936832 1.1083335766805127 0.5910839736614886
v 0.78380101448111 1.1055035350422584 0.5910839736614886
v 0.8284386779831102 1.1033080197152887 0.5910839736614886
v 0.8730764183104771 1.1016230281557813 0.5910839736614886
v 0.917714209854755 1.1008963434151349 0.5910839736614886
v 0.962352001399033 1.1005732735421998 0.5910839736614886
v 1.006989792943311 1.100544976198832 0.5910839736614886
v 1.0516275332706777 1.0991239437947675 0.5910839736614886
v 1.0962653248149559 1.0984584952734227 0.5910839736614886
v 1.1409031163592338 1.097143571504874 0.5910839736614886
v 1.1855409079035117 1.0954930425244052 0.5910839736614886
v 1.2301786994477897 1.0923634779880818 0.5910839736614886
v 1.2748164909920676 1.089098495938881 0.5910839736614886
v 1.3194541801025235 1.084650569698853 0.5910839736614886
v 1.3640919716468014 1.0793831856858838 0.5910839736614886
v 1.4087297631910793 1.0729161863775327 0.5910839736614886
v 1.4533675547353573 1.0650136986919672 0.5910839736614886
v 1.4980053462796352 1.0584465511161267 0.5910839736614886
v 1.5426431378239132 1.0510185112862866 0.5910839736614886
v 1.587280929368191 1.0427013970971288 0.5910839736614886
v 1.631918720912469 1.0333056291523164 0.5910839736614886
v 1.676556410022925 1.0182331068264414 0.5910839736614886
v 1.721194201567203 0.9881163467138313 0.5910839736614886
v 1.765831993111481 0.9381398964227119 0.5910839736614886
v 1.810469784655759 0.8775348743330231 0.5910839736614886
v 1.8551075762000369 0.810518519315206 0.5910839736614886
v 1.8997453677443148 0.7355504827687377 0.5910839736614886
v 1.9443831592885927 0.6421480970704682 0.5910839736614886
v 1.9890209508328707 0.00887634402279347 0.5910839736614886
v 2.0336587423771486 0.00887634402279347 0.5910839736614886
v -1.4927256628487666 0.00887634402279347 0.5584584940064691
v -1.4480878713044887 0.00887634402279347 0.5584584940064691
v -1.4034500797602107 0.00887634402279347 0.5584584940064691
v -1.3588122882159324 0.00887634402279347 0.5584584940064691
v -1.3141744966716544 0.00887634402279347 0.5584584940064691
v -1.2695367051273765 0.00887634402279347 0.5584584940064691
v -1.2248989135830985 0.00887634402279347 0.5584584940064691
v -1.1802611220388206 0.00887634402279347 0.5584584940064691
v -1.135623432928365 0.00887634402279347 0.5584584940064691
v -1.090985641384087 0.5833299817912082 0.5584584940064691
v -1.046347849839809 0.6659875204985448 0.5584584940064691
v -1.0017100582955312 0.7028324541554092 0.5584584940064691
v -0.9570722667512531 0.7336084911515797 0.5584584940064691
v -0.9124344752069752 0.7781727864284678 0.5584584940064691
v -0.8677967860965193 0.8235369105971286 0.5584584940064691
v -0.8231589945522414 0.8729719597255223 0.5584584940064691
v -0.7785212030079635 0.9190209308205969 0.5584584940064691
v -0.7338834114636855 0.9610864042231404 0.5584584940064691
v -0.6892456199194076 0.9971506385045177 0.5584584940064691
v -0.6446078283751294 1.025918114703363 0.5584584940064691
v -0.5999700368308516 1.0567550998237105 0.5584584940064691
v -0.5553322452865737 1.0817884982848367 0.5584584940064691
v -0.5106945561761178 1.0994961306854218 0.5584584940064691
v -0.4660567134149288 1.1052539294261436 0.5584584940064691
v -0.42141897308756193 1.1101035498997178 0.5584584940064691
v -0.3767811815432839 1.1149393226009605 0.5584584940064691
v -0.332143441215917 1.1196488840290915 0.5584584940064691
v -0.2875057008885502 1.1238607483249266 0.5584584940064691
v -0.24286790934427216 1.1269003759654057 0.5584584940064691
v -0.19823011779999422 1.128229851738813 0.5584584940064691
v -0.15359232625571628 1.1293207399341 0.5584584940064691
v -0.10895458592834939 1.1312586662089417 0.5584584940064691
v -0.06431679438407145 1.1336459856668233 0.5584584940064691
v -0.019679002839793458 1.1359280063565955 0.5584584940064691
v 0.024958763096028957 1.1390727310985966 0.5584584940064691
v 0.0695965546403069 1.144017544603514 0.5584584940064691
v 0.11423432057612931 1.1482162717616589 0.5584584940064691
v 0.15887211212040728 1.15292461838868 0.5584584940064691
v 0.20350989086045748 1.1567122530100968 0.5584584940064691
v 0.24814766960050766 1.1596516347508499 0.5584584940064691
v 0.29278544193844397 1.1614854770586915 0.5584584940064691
v 0.3374232238795511 1.1621232340366947 0.5584584940064691
v 0.3820610026196013 1.1632287734696058 0.5584584940064691
v 0.4266987845607084 1.1616449409113176 0.5584584940064691
v 0.4713365633007586 1.1576360972499193 0.5584584940064691
v 0.5159743420408088 1.153898685611395 0.5584584940064691
v 0.560612120780859 1.1485405564357034 0.5584584940064691
v 0.6052498995209092 1.1431084572361945 0.5584584940064691
v 0.6498876654567316 1.1367487733618264 0.5584584940064691
v 0.6945254570010095 1.130681947784974 0.5584584940064691
v 0.739163222936832 1.1239164275093767 0.5584584940064691
v 0.78380101448111 1.1188299352242037 0.5584584940064691
v 0.8284386779831102 1.114189097287562 0.5584584940064691
v 0.8730764183104771 1.1124887470568467 0.5584584940064691
v 0.917714209854755 1.1110228422365684 0.5584584940064691
v 0.962352001399033 1.1096231352738524 0.5584584940064691
v 1.006989792943311 1.1092519599171917 0.5584584940064691
v 1.0516275332706777 1.1103342564756464 0.5584584940064691
v 1.0962653248149559 1.111057407249429 0.5584584940064691
v 1.1409031163592338 1.11051352846863 0.5584584940064691
v 1.1855409079035117 1.1091248331417944 0.5584584940064691
v 1.2301786994477897 1.1074667240584868 0.5584584940064691
v 1.2748164909920676 1.1047466323240787 0.5584584940064691
v 1.3194541801025235 1.10058641067989 0.5584584940064691
v 1.3640919716468014 1.0957974182247987 0.5584584940064691
v 1.4087297631910793 1.088783204634315 0.5584584940064691
v 1.4533675547353573 1.0817825315146965 0.5584584940064691
v 1.4980053462796352 1.0750987694344567 0.5584584940064691
v 1.5426431378239132 1.065533326265373 0.5584584940064691
v 1.587280929368191 1.0543851525018535 0.5584584940064691
v 1.631918720912469 1.0437528802814593 0.5584584940064691
v 1.676556410022925 1.031849634804331 0.5584584940064691
v 1.721194201567203 1.0039059570116406 0.5584584940064691
v 1.765831993111481 0.9594724569214055 0.5584584940064691
v 1.810469784655759 0.897385089382984 0.5584584940064691
v 1.8551075762000369 0.831471127159104 0.5584584940064691
v 1.8997453677443148 0.7573723184189124 0.5584584940064691
v 1.9443831592885927 0.6599304037273979 0.5584584940064691
v 1.9890209508328707 0.5845074073598673 0.5584584940064691
v 2.0336587423771486 0.00887634402279347 0.5584584940064691
v -1.4927256628487666 0.00887634402279347 0.5258330655683606
v -1.4480878713044887 0.00887634402279347 0.5258330655683606
v -1.4034500797602107 0.00887634402279347 0.5258330655683606
v -1.3588122882159324 0.00887634402279347 0.5258330655683606
v -1.3141744966716544 0.00887634402279347 0.5258330655683606
v -1.2695367051273765 0.00887634402279347 0.5258330655683606
v -1.2248989135830985 0.00887634402279347 0.5258330655683606
v -1.1802611220388206 0.00887634402279347 0.5258330655683606
v -1.135623432928365 0.00887634402279347 0.5258330655683606
v -1.090985641384087 0.6451973470881152 0.5258330655683606
v -1.046347849839809 0.6946317560051205 0.5258330655683606
v -1.0017100582955312 0.7235000654976409 0.5258330655683606
v -0.9570722667512531 0.7619228641423892 0.5258330655683606
v -0.9124344752069752 0.806064082125358 0.5258330655683606
v -0.8677967860965193 0.8588264122731589 0.5258330655683606
v -0.8231589945522414 0.8991639551383743 0.5258330655683606
v -0.7785212030079635 0.9416747851911538 0.5258330655683606
v -0.7338834114636855 0.981835578496256 0.5258330655683606
v -0.6892456199194076 1.0182531070302154 0.5258330655683606
v -0.6446078283751294 1.0446955147255315 0.5258330655683606
v -0.5999700368308516 1.0741555203874515 0.5258330655683606
v -0.5553322452865737 1.1000684028412968 0.5258330655683606
v -0.5106945561761178 1.1144590104089172 0.5258330655683606
v -0.4660567134149288 1.1210426306237815 0.5258330655683606
v -0.42141897308756193 1.125060469255187 0.5258330655683606
v -0.3767811815432839 1.1288994424278407 0.5258330655683606
v -0.332143441215917 1.132941836367049 0.5258330655683606
v -0.2875057008885502 1.136336874158749 0.5258330655683606
v -0.24286790934427216 1.1387243952832178 0.5258330655683606
v -0.19823011779999422 1.139605089275461 0.5258330655683606
v -0.15359232625571628 1.1393268854166259 0.5258330655683606
v -0.10895458592834939 1.139655108991238 0.5258330655683606
v -0.06431679438407145 1.1409182940764317 0.5258330655683606
v -0.019679002839793458 1.143473768256537 0.5258330655683606
v 0.024958763096028957 1.1469960352574564 0.5258330655683606
v 0.0695965546403069 1.1510124590216937 0.5258330655683606
v 0.11423432057612931 1.1550442430576673 0.5258330655683606
v 0.15887211212040728 1.1595323905781723 0.5258330655683606
v 0.20350989086045748 1.1639025055260526 0.5258330655683606
v 0.24814766960050766 1.1671979032180524 0.5258330655683606
v 0.29278544193844397 1.1696259473226152 0.5258330655683606
v 0.3374232238795511 1.1721540356978293 0.5258330655683606
v 0.3820610026196013 1.1740179917112752 0.5258330655683606
v 0.4266987845607084 1.172691445205069 0.5258330655683606
v 0.4713365633007586 1.170715722550417 0.5258330655683606
v 0.5159743420408088 1.1686381363619196 0.5258330655683606
v 0.560612120780859 1.1638553131438198 0.5258330655683606
v 0.6052498995209092 1.158914540973292 0.5258330655683606
v 0.6498876654567316 1.1540677494337903 0.5258330655683606
v 0.6945254570010095 1.1497244145282877 0.5258330655683606
v 0.739163222936832 1.144976757321489 0.5258330655683606
v 0.78380101448111 1.1379655751319298 0.5258330655683606
v 0.8284386779831102 1.1319091561911963 0.5258330655683606
v 0.8730764183104771 1.1302575164439683 0.5258330655683606
v 0.917714209854755 1.1291806776875999 0.5258330655683606
v 0.962352001399033 1.1285691957852415 0.5258330655683606
v 1.006989792943311 1.1284434838770125 0.5258330655683606
v 1.0516275332706777 1.1277957211952727 0.5258330655683606
v 1.0962653248149559 1.1279881303259465 0.5258330655683606
v 1.1409031163592338 1.1271059222337696 0.5258330655683606
v 1.1855409079035117 1.1260772849928349 0.5258330655683606
v 1.2301786994477897 1.1243810801308596 0.5258330655683606
v 1.2748164909920676 1.1214739346340419 0.5258330655683606
v 1.3194541801025235 1.1175834276456778 0.5258330655683606
v 1.3640919716468014 1.112641239007453 0.5258330655683606
v 1.4087297631910793 1.1061912117030088 0.5258330655683606
v 1.4533675547353573 1.0990855439156906 0.5258330655683606
v 1.4980053462796352 1.091128286145846 0.5258330655683606
v 1.5426431378239132 1.0822998351207624 0.5258330655683606
v 1.587280929368191 1.0699622510313929 0.5258330655683606
v 1.631918720912469 1.0558171005100903 0.5258330655683606
v 1.676556410022925 1.040959522755761 0.5258330655683606
v 1.721194201567203 1.0170313532250226 0.5258330655683606
v 1.765831993111481 0.9744975908003102 0.5258330655683606
v 1.810469784655759 0.9152353096639967 0.5258330655683606
v 1.8551075762000369 0.8529135991489604 0.5258330655683606
v 1.8997453677443148 0.7758772700826277 0.5258330655683606
v 1.9443831592885927 0.6774129378038168 0.5258330655683606
v 1.9890209508328707 0.5799102798557697 0.5258330655683606
v 2.0336587423771486 0.00887634402279347 0.5258330655683606
v -1.4927256628487666 0.00887634402279347 0.49320763713025223
v -1.4480878713044887 0.00887634402279347 0.49320763713025223
v -1.4034500797602107 0.00887634402279347 0.49320763713025223
v -1.3588122882159324 0.00887634402279347 0.49320763713025223
v -1.3141744966716544 0.00887634402279347 0.49320763713025223
v -1.2695367051273765 0.00887634402279347 0.49320763713025223
v -1.2248989135830985 0.00887634402279347 0.49320763713025223
v -1.1802611220388206 0.00887634402279347 0.49320763713025223
v -1.135623432928365 0.6148262822077996 0.49320763713025223
v -1.090985641384087 0.6844538802197666 0.49320763713025223
v -1.046347849839809 0.7225998258517092 0.49320763713025223
v -1.0017100582955312 0.7498055319769753 0.49320763713025223
v -0.9570722667512531 0.7936414459530375 0.49320763713025223
v -0.9124344752069752 0.8430315778504202 0.49320763713025223
v -0.8677967860965193 0.8909440506464332 0.49320763713025223
v -0.8231589945522414 0.929783165952839 0.49320763713025223
v -0.7785212030079635 0.9636760336808176 0.49320763713025223
v -0.7338834114636855 1.0061209731775014 0.49320763713025223
v -0.6892456199194076 1.0368987387444206 0.49320763713025223
v -0.6446078283751294 1.0613240836351734 0.49320763713025223
v -0.5999700368308516 1.0920831486274372 0.49320763713025223
v -0.5553322452865737 1.115599316521276 0.49320763713025223
v -0.5106945561761178 1.1295352779714145 0.49320763713025223
v -0.4660567134149288 1.136158613699759 0.49320763713025223
v -0.42141897308756193 1.1397751646318501 0.49320763713025223
v -0.3767811815432839 1.1430357964446665 0.49320763713025223
v -0.332143441215917 1.1460607728475218 0.49320763713025223
v -0.2875057008885502 1.1486739492800648 0.49320763713025223
v -0.24286790934427216 1.1501157997579519 0.49320763713025223
v -0.19823011779999422 1.1504291704283525 0.49320763713025223
v -0.15359232625571628 1.150782357445527 0.49320763713025223
v -0.10895458592834939 1.1499412781334704 0.49320763713025223
v -0.06431679438407145 1.1498768040450715 0.49320763713025223
v -0.019679002839793458 1.1519366057613971 0.49320763713025223
v 0.024958763096028957 1.1544186124836249 0.49320763713025223
v 0.0695965546403069 1.1581196441100026 0.49320763713025223
v 0.11423432057612931 1.1621939717932648 0.49320763713025223
v 0.15887211212040728 1.1658606448749547 0.49320763713025223
v 0.20350989086045748 1.1707450284267875 0.49320763713025223
v 0.24814766960050766 1.175057138422283 0.49320763713025223
v 0.29278544193844397 1.178590620926397 0.49320763713025223
v 0.3374232238795511 1.181511206060786 0.49320763713025223
v 0.3820610026196013 1.1839362187644247 0.49320763713025223
v 0.4266987845607084 1.1849481816997482 0.49320763713025223
v 0.4713365633007586 1.1819913173865064 0.49320763713025223
v 0.5159743420408088 1.1811783321507017 0.49320763713025223
v 0.560612120780859 1.180353118077114 0.49320763713025223
v 0.6052498995209092 1.1772009152659642 0.49320763713025223
v 0.6498876654567316 1.172351597867461 0.49320763713025223
v 0.6945254570010095 1.1686774469416965 0.49320763713025223
v 0.739163222936832 1.1653937715202185 0.49320763713025223
v 0.78380101448111 1.162553524912433 0.49320763713025223
v 0.8284386779831102 1.1605110049022735 0.49320763713025223
v 0.8730764183104771 1.1588575461544384 0.49320763713025223
v 0.917714209854755 1.1570057163073748 0.49320763713025223
v 0.962352001399033 1.1536205825858536 0.49320763713025223
v 1.006989792943311 1.1510191284238325 0.49320763713025223
v 1.0516275332706777 1.1486881987850424 0.49320763713025223
v 1.0962653248149559 1.1467263206016318 0.49320763713025223
v 1.1409031163592338 1.145201100196217 0.49320763713025223
v 1.1855409079035117 1.1439954156968735 0.49320763713025223
v 1.2301786994477897 1.141931774312746 0.49320763713025223
v 1.2748164909920676 1.1392125916785094 0.49320763713025223
v 1.3194541801025235 1.135801990347957 0.49320763713025223
v 1.3640919716468014 1.130717924463946 0.49320763713025223
v 1.4087297631910793 1.1238795449312904 0.49320763713025223
v 1.4533675547353573 1.1165469062014945 0.49320763713025223
v 1.4980053462796352 1.1072145960095017 0.49320763713025223
v 1.5426431378239132 1.0980380108356267 0.49320763713025223
v 1.587280929368191 1.0883175468809525 0.49320763713025223
v 1.631918720912469 1.0725809844987872 0.49320763713025223
v 1.676556410022925 1.0556822976001459 0.49320763713025223
v 1.721194201567203 1.028320700001801 0.49320763713025223
v 1.765831993111481 0.987155811959339 0.49320763713025223
v 1.810469784655759 0.9340940421409493 0.49320763713025223
v 1.8551075762000369 0.871893894964345 0.49320763713025223
v 1.8997453677443148 0.7991597608196956 0.49320763713025223
v 1.9443831592885927 0.6991584602564926 0.49320763713025223
v 1.9890209508328707 0.5998162445134336 0.49320763713025223
v 2.0336587423771486 0.00887634402279347 0.49320763713025223
v -1.4927256628487666 0.00887634402279347 0.4605822599090549
v -1.4480878713044887 0.00887634402279347 0.4605822599090549
v -1.4034500797602107 0.00887634402279347 0.4605822599090549
v -1.3588122882159324 0.00887634402279347 0.4605822599090549
v -1.3141744966716544 0.00887634402279347 0.4605822599090549
v -1.2695367051273765 0.00887634402279347 0.4605822599090549
v -1.2248989135830985 0.00887634402279347 0.4605822599090549
v -1.1802611220388206 0.553672675783607 0.4605822599090549
v -1.135623432928365 0.658748880805853 0.4605822599090549
v -1.090985641384087 0.709680769768813 0.4605822599090549
v -1.046347849839809 0.7490196853019255 0.4605822599090549
v -1.0017100582955312 0.7741897240796808 0.4605822599090549
v -0.9570722667512531 0.8264734065850482 0.4605822599090549
v -0.9124344752069752 0.8767406024761017 0.4605822599090549
v -0.8677967860965193 0.9175449106603817 0.4605822599090549
v -0.8231589945522414 0.9532203061528922 0.4605822599090549
v -0.7785212030079635 0.9852210163181867 0.4605822599090549
v -0.7338834114636855 1.026310308199905 0.4605822599090549
v -0.6892456199194076 1.053815005847788 0.4605822599090549
v -0.6446078283751294 1.0788380969055607 0.4605822599090549
v -0.5999700368308516 1.1040601656628524 0.4605822599090549
v -0.5553322452865737 1.1281119216000102 0.4605822599090549
v -0.5106945561761178 1.145687476790637 0.4605822599090549
v -0.4660567134149288 1.1513116826209389 0.4605822599090549
v -0.42141897308756193 1.1541184797842083 0.4605822599090549
v -0.3767811815432839 1.1564061583421257 0.4605822599090549
v -0.332143441215917 1.1597831069610458 0.4605822599090549
v -0.2875057008885502 1.1620085361651393 0.4605822599090549
v -0.24286790934427216 1.16317885218633 0.4605822599090549
v -0.19823011779999422 1.1633047665614105 0.4605822599090549
v -0.15359232625571628 1.1627709951179062 0.4605822599090549
v -0.10895458592834939 1.1604216730061911 0.4605822599090549
v -0.06431679438407145 1.1585962182678018 0.4605822599090549
v -0.019679002839793458 1.1595903961307554 0.4605822599090549
v 0.024958763096028957 1.1626390171407133 0.4605822599090549
v 0.0695965546403069 1.1659810014149197 0.4605822599090549
v 0.11423432057612931 1.1694507182645495 0.4605822599090549
v 0.15887211212040728 1.1734646155945951 0.4605822599090549
v 0.20350989086045748 1.1773748306902874 0.4605822599090549
v 0.24814766960050766 1.1820631675103637 0.4605822599090549
v 0.29278544193844397 1.1859096167515055 0.4605822599090549
v 0.3374232238795511 1.1895701261980536 0.4605822599090549
v 0.3820610026196013 1.1922327173466112 0.4605822599090549
v 0.4266987845607084 1.1946267062066316 0.4605822599090549
v 0.4713365633007586 1.1938687951555151 0.4605822599090549
v 0.5159743420408088 1.194278775324956 0.4605822599090549
v 0.560612120780859 1.1962584385807367 0.4605822599090549
v 0.6052498995209092 1.1982023284246615 0.4605822599090549
v 0.6498876654567316 1.1968412214070812 0.4605822599090549
v 0.6945254570010095 1.1941316387426137 0.4605822599090549
v 0.739163222936832 1.1912444022194473 0.4605822599090549
v 0.78380101448111 1.1870757890044847 0.4605822599090549
v 0.8284386779831102 1.18282501986284 0.4605822599090549
v 0.8730764183104771 1.1782285417731695 0.4605822599090549
v 0.917714209854755 1.1738822750996398 0.4605822599090549
v 0.962352001399033 1.170244402927588 0.4605822599090549
v 1.006989792943311 1.1681505469670506 0.4605822599090549
v 1.0516275332706777 1.16671940882622 0.4605822599090549
v 1.0962653248149559 1.1641221988655719 0.4605822599090549
v 1.1409031163592338 1.1627800901209429 0.4605822599090549
v 1.1855409079035117 1.161338542943201 0.4605822599090549
v 1.2301786994477897 1.1595929217646825 0.4605822599090549
v 1.2748164909920676 1.1567991601055456 0.4605822599090549
v 1.3194541801025235 1.1529448282616839 0.4605822599090549
v 1.3640919716468014 1.1474844333193355 0.4605822599090549
v 1.4087297631910793 1.1401272392817372 0.4605822599090549
v 1.4533675547353573 1.131821037495695 0.4605822599090549
v 1.4980053462796352 1.121552050026599 0.4605822599090549
v 1.5426431378239132 1.1120573406127643 0.4605822599090549
v 1.587280929368191 1.1021775152392863 0.4605822599090549
v 1.631918720912469 1.088005994410895 0.4605822599090549
v 1.676556410022925 1.0690858016406546 0.4605822599090549
v 1.721194201567203 1.0422620200212607 0.4605822599090549
v 1.765831993111481 0.9990239994608378 0.4605822599090549
v 1.810469784655759 0.9503999445108308 0.4605822599090549
v 1.8551075762000369 0.88658625976778 0.4605822599090549
v 1.8997453677443148 0.8122692925948727 0.4605822599090549
v 1.9443831592885927 0.723788211839338 0.4605822599090549
v 1.9890209508328707 0.6216984136848525 0.4605822599090549
v 2.0336587423771486 0.00887634402279347 0.4605822599090549
v -1.4927256628487666 0.00887634402279347 0.42795683147094643
v -1.4480878713044887 0.00887634402279347 0.42795683147094643
v -1.4034500797602107 0.00887634402279347 0.42795683147094643
v -1.3588122882159324 0.00887634402279347 0.42795683147094643
v -1.3141744966716544 0.00887634402279347 0.42795683147094643
v -1.2695367051273765 0.00887634402279347 0.42795683147094643
v -1.2248989135830985 0.00887634402279347 0.42795683147094643
v -1.1802611220388206 0.6200576799386263 0.42795683147094643
v -1.135623432928365 0.6928654896098542 0.42795683147094643
v -1.090985641384087 0.7333709983349337 0.42795683147094643
v -1.046347849839809 0.760962649493591 0.42795683147094643
v -1.0017100582955312 0.8007541944783119 0.42795683147094643
v -0.9570722667512531 0.8677433789248046 0.42795683147094643
v -0.9124344752069752 0.9168628038387104 0.42795683147094643
v -0.8677967860965193 0.9503035542841912 0.42795683147094643
v -0.8231589945522414 0.9777378030708931 0.42795683147094643
v -0.7785212030079635 1.0110264777031701 0.42795683147094643
v -0.7338834114636855 1.045005248995246 0.42795683147094643
v -0.6892456199194076 1.0716030808093273 0.42795683147094643
v -0.6446078283751294 1.0959998338594734 0.42795683147094643
v -0.5999700368308516 1.1196101800496048 0.42795683147094643
v -0.5553322452865737 1.143701648299186 0.42795683147094643
v -0.5106945561761178 1.16643069509718 0.42795683147094643
v -0.4660567134149288 1.171432706437984 0.42795683147094643
v -0.42141897308756193 1.1726125213955843 0.42795683147094643
v -0.3767811815432839 1.1737656577943156 0.42795683147094643
v -0.332143441215917 1.1770276064419316 0.42795683147094643
v -0.2875057008885502 1.1789919094259758 0.42795683147094643
v -0.24286790934427216 1.1793661153832962 0.42795683147094643
v -0.19823011779999422 1.1786934948938728 0.42795683147094643
v -0.15359232625571628 1.1772225412065327 0.42795683147094643
v -0.10895458592834939 1.1742122190422921 0.42795683147094643
v -0.06431679438407145 1.1703565736647208 0.42795683147094643
v -0.019679002839793458 1.1690750976401267 0.42795683147094643
v 0.024958763096028957 1.1705659593007878 0.42795683147094643
v 0.0695965546403069 1.1738089092753203 0.42795683147094643
v 0.11423432057612931 1.1769987044989336 0.42795683147094643
v 0.15887211212040728 1.1805585627119202 0.42795683147094643
v 0.20350989086045748 1.1839962449842023 0.42795683147094643
v 0.24814766960050766 1.1883828333713706 0.42795683147094643
v 0.29278544193844397 1.192993256465477 0.42795683147094643
v 0.3374232238795511 1.196817877699331 0.42795683147094643
v 0.3820610026196013 1.1998639746758901 0.42795683147094643
v 0.4266987845607084 1.202637120728056 0.42795683147094643
v 0.4713365633007586 1.2056483517924022 0.42795683147094643
v 0.5159743420408088 1.2069910671373216 0.42795683147094643
v 0.560612120780859 1.2073660805612558 0.42795683147094643
v 0.6052498995209092 1.2102030941015298 0.42795683147094643
v 0.6498876654567316 1.2125027974298501 0.42795683147094643
v 0.6945254570010095 1.2124558091149975 0.42795683147094643
v 0.739163222936832 1.211279225424314 0.42795683147094643
v 0.78380101448111 1.208873211793891 0.42795683147094643
v 0.8284386779831102 1.2058786550351561 0.42795683147094643
v 0.8730764183104771 1.2017015542177119 0.42795683147094643
v 0.917714209854755 1.197160049879568 0.42795683147094643
v 0.962352001399033 1.1914644988921415 0.42795683147094643
v 1.006989792943311 1.1868603402664706 0.42795683147094643
v 1.0516275332706777 1.1844548324030442 0.42795683147094643
v 1.0962653248149559 1.1823692629785993 0.42795683147094643
v 1.1409031163592338 1.1806533516098243 0.42795683147094643
v 1.1855409079035117 1.1791364179405686 0.42795683147094643
v 1.2301786994477897 1.1769844557942204 0.42795683147094643
v 1.2748164909920676 1.174407962273837 0.42795683147094643
v 1.3194541801025235 1.170680656472112 0.42795683147094643
v 1.3640919716468014 1.1651240560641294 0.42795683147094643
v 1.4087297631910793 1.1576345815494573 0.42795683147094643
v 1.4533675547353573 1.1482343609344383 0.42795683147094643
v 1.4980053462796352 1.1383946544076153 0.42795683147094643
v 1.5426431378239132 1.1265446617137753 0.42795683147094643
v 1.587280929368191 1.1146637500109318 0.42795683147094643
v 1.631918720912469 1.1015735142070016 0.42795683147094643
v 1.676556410022925 1.0831625391729913 0.42795683147094643
v 1.721194201567203 1.0554093498768096 0.42795683147094643
v 1.765831993111481 1.0165429615652575 0.42795683147094643
v 1.810469784655759 0.9666817109113691 0.42795683147094643
v 1.8551075762000369 0.9033752144344473 0.42795683147094643
v 1.8997453677443148 0.8256537567486901 0.42795683147094643
v 1.9443831592885927 0.7443644009953043 0.42795683147094643
v 1.9890209508328707 0.6413008669274973 0.42795683147094643
v 2.0336587423771486 0.00887634402279347 0.42795683147094643
v -1.4927256628487666 0.00887634402279347 0.395331403032838
v -1.4480878713044887 0.00887634402279347 0.395331403032838
v -1.4034500797602107 0.00887634402279347 0.395331403032838
v -1.3588122882159324 0.00887634402279347 0.395331403032838
v -1.3141744966716544 0.00887634402279347 0.395331403032838
v -1.2695367051273765 0.00887634402279347 0.395331403032838
v -1.2248989135830985 0.5443504809315511 0.395331403032838
v -1.1802611220388206 0.6657897207879806 0.395331403032838
v -1.135623432928365 0.7188400948436565 0.395331403032838
v -1.090985641384087 0.750710739663281 0.395331403032838
v -1.046347849839809 0.7855753970619601 0.395331403032838
v -1.0017100582955312 0.8413686415732438 0.395331403032838
v -0.9570722667512531 0.9065452851453157 0.395331403032838
v -0.9124344752069752 0.9447483632415605 0.395331403032838
v -0.8677967860965193 0.9727369070483508 0.395331403032838
v -0.8231589945522414 1.0004593790021163 0.395331403032838
v -0.7785212030079635 1.0320383051004964 0.395331403032838
v -0.7338834114636855 1.0604789661897842 0.395331403032838
v -0.6892456199194076 1.0868333512213073 0.395331403032838
v -0.6446078283751294 1.1106762253887676 0.395331403032838
v -0.5999700368308516 1.134221090758092 0.395331403032838
v -0.5553322452865737 1.158437865982199 0.395331403032838
v -0.5106945561761178 1.1828859559830536 0.395331403032838
v -0.4660567134149288 1.192688171730971 0.395331403032838
v -0.42141897308756193 1.193914775137431 0.395331403032838
v -0.3767811815432839 1.193293794098597 0.395331403032838
v -0.332143441215917 1.1949096604339688 0.395331403032838
v -0.2875057008885502 1.1973582177116806 0.395331403032838
v -0.24286790934427216 1.196630724704156 0.395331403032838
v -0.19823011779999422 1.194060293585489 0.395331403032838
v -0.15359232625571628 1.1908871738678832 0.395331403032838
v -0.10895458592834939 1.1847603204707249 0.395331403032838
v -0.06431679438407145 1.1801170537321286 0.395331403032838
v -0.019679002839793458 1.1778841468590184 0.395331403032838
v 0.024958763096028957 1.177883944792299 0.395331403032838
v 0.0695965546403069 1.179710611530873 0.395331403032838
v 0.11423432057612931 1.1824749658801474 0.395331403032838
v 0.15887211212040728 1.1852813597102423 0.395331403032838
v 0.20350989086045748 1.1887333923207957 0.395331403032838
v 0.24814766960050766 1.1922562643214771 0.395331403032838
v 0.29278544193844397 1.1965755480856457 0.395331403032838
v 0.3374232238795511 1.200432610431079 0.395331403032838
v 0.3820610026196013 1.205043031924657 0.395331403032838
v 0.4266987845607084 1.2079583625240757 0.395331403032838
v 0.4713365633007586 1.2108122520365483 0.395331403032838
v 0.5159743420408088 1.2136696787169419 0.395331403032838
v 0.560612120780859 1.2167568004392706 0.395331403032838
v 0.6052498995209092 1.2200406783276003 0.395331403032838
v 0.6498876654567316 1.222529051952086 0.395331403032838
v 0.6945254570010095 1.2241461330885672 0.395331403032838
v 0.739163222936832 1.224958007557613 0.395331403032838
v 0.78380101448111 1.2235934642054054 0.395331403032838
v 0.8284386779831102 1.222246200158571 0.395331403032838
v 0.8730764183104771 1.2200760468057532 0.395331403032838
v 0.917714209854755 1.2173790987130362 0.395331403032838
v 0.962352001399033 1.2121333410407673 0.395331403032838
v 1.006989792943311 1.2078241614128364 0.395331403032838
v 1.0516275332706777 1.2037034504144837 0.395331403032838
v 1.0962653248149559 1.199282806782773 0.395331403032838
v 1.1409031163592338 1.1973288112020821 0.395331403032838
v 1.1855409079035117 1.1954649557843515 0.395331403032838
v 1.2301786994477897 1.1929441442493434 0.395331403032838
v 1.2748164909920676 1.1903826056668614 0.395331403032838
v 1.3194541801025235 1.1862965557130773 0.395331403032838
v 1.3640919716468014 1.18054148427287 0.395331403032838
v 1.4087297631910793 1.1735903278029232 0.395331403032838
v 1.4533675547353573 1.163786393587593 0.395331403032838
v 1.4980053462796352 1.1526128642520352 0.395331403032838
v 1.5426431378239132 1.1402592156584017 0.395331403032838
v 1.587280929368191 1.1266275274748345 0.395331403032838
v 1.631918720912469 1.1112725502865053 0.395331403032838
v 1.676556410022925 1.093868384486142 0.395331403032838
v 1.721194201567203 1.063947669904892 0.395331403032838
v 1.765831993111481 1.0302194133291025 0.395331403032838
v 1.810469784655759 0.9797815370818979 0.395331403032838
v 1.8551075762000369 0.9179454012965177 0.395331403032838
v 1.8997453677443148 0.8394031157854477 0.395331403032838
v 1.9443831592885927 0.755829127279825 0.395331403032838
v 1.9890209508328707 0.6580829585280807 0.395331403032838
v 2.0336587423771486 0.00887634402279347 0.395331403032838
v -1.4927256628487666 0.00887634402279347 0.36270600020318505
v -1.4480878713044887 0.00887634402279347 0.36270600020318505
v -1.4034500797602107 0.00887634402279347 0.36270600020318505
v -1.3588122882159324 0.00887634402279347 0.36270600020318505
v -1.3141744966716544 0.00887634402279347 0.36270600020318505
v -1.2695367051273765 0.00887634402279347 0.36270600020318505
v -1.2248989135830985 0.6245130902497847 0.36270600020318505
v -1.1802611220388206 0.6969278101285268 0.36270600020318505
v -1.135623432928365 0.7407712273820612 0.36270600020318505
v -1.090985641384087 0.7771567453466 0.36270600020318505
v -1.046347849839809 0.8283366522014314 0.36270600020318505
v -1.0017100582955312 0.8882844844966858 0.36270600020318505
v -0.9570722667512531 0.938602205870513 0.36270600020318505
v -0.9124344752069752 0.9701052413109104 0.36270600020318505
v -0.8677967860965193 0.9969745035473374 0.36270600020318505
v -0.8231589945522414 1.02185470582533 0.36270600020318505
v -0.7785212030079635 1.051712052283355 0.36270600020318505
v -0.7338834114636855 1.0759111464694424 0.36270600020318505
v -0.6892456199194076 1.1012516543335904 0.36270600020318505
v -0.6446078283751294 1.1249221259762647 0.36270600020318505
v -0.5999700368308516 1.1471864229206714 0.36270600020318505
v -0.5553322452865737 1.1715148639651949 0.36270600020318505
v -0.5106945561761178 1.1941129445700722 0.36270600020318505
v -0.4660567134149288 1.2075224137801925 0.36270600020318505
v -0.42141897308756193 1.2122820941568653 0.36270600020318505
v -0.3767811815432839 1.2131971450932677 0.36270600020318505
v -0.332143441215917 1.214226592201609 0.36270600020318505
v -0.2875057008885502 1.2156736972144664 0.36270600020318505
v -0.24286790934427216 1.213814993897884 0.36270600020318505
v -0.19823011779999422 1.2099586421870918 0.36270600020318505
v -0.15359232625571628 1.204650838428115 0.36270600020318505
v -0.10895458592834939 1.1977215104656211 0.36270600020318505
v -0.06431679438407145 1.1889599567290414 0.36270600020318505
v -0.019679002839793458 1.184708580987106 0.36270600020318505
v 0.024958763096028957 1.1830121736582793 0.36270600020318505
v 0.0695965546403069 1.183228228996584 0.36270600020318505
v 0.11423432057612931 1.185646470664526 0.36270600020318505
v 0.15887211212040728 1.1879654763662069 0.36270600020318505
v 0.20350989086045748 1.1910701830948467 0.36270600020318505
v 0.24814766960050766 1.1942835240929295 0.36270600020318505
v 0.29278544193844397 1.198551978273915 0.36270600020318505
v 0.3374232238795511 1.2028038605831113 0.36270600020318505
v 0.3820610026196013 1.2083481328205128 0.36270600020318505
v 0.4266987845607084 1.2126034482632795 0.36270600020318505
v 0.4713365633007586 1.2163214566951492 0.36270600020318505
v 0.5159743420408088 1.220565456401626 0.36270600020318505
v 0.560612120780859 1.224842196518506 0.36270600020318505
v 0.6052498995209092 1.2297283986708138 0.36270600020318505
v 0.6498876654567316 1.2337364356658629 0.36270600020318505
v 0.6945254570010095 1.2364173208548446 0.36270600020318505
v 0.739163222936832 1.2372923553784143 0.36270600020318505
v 0.78380101448111 1.237065483668702 0.36270600020318505
v 0.8284386779831102 1.2362377479625084 0.36270600020318505
v 0.8730764183104771 1.2342295840962438 0.36270600020318505
v 0.917714209854755 1.2331623453096447 0.36270600020318505
v 0.962352001399033 1.2311556987443708 0.36270600020318505
v 1.006989792943311 1.2285805188577301 0.36270600020318505
v 1.0516275332706777 1.2259849226299129 0.36270600020318505
v 1.0962653248149559 1.2201832662080276 0.36270600020318505
v 1.1409031163592338 1.2144236492669627 0.36270600020318505
v 1.1855409079035117 1.2122622892175647 0.36270600020318505
v 1.2301786994477897 1.209341097482885 0.36270600020318505
v 1.2748164909920676 1.206062879063229 0.36270600020318505
v 1.3194541801025235 1.201630209060587 0.36270600020318505
v 1.3640919716468014 1.1959171771011998 0.36270600020318505
v 1.4087297631910793 1.1880406611911336 0.36270600020318505
v 1.4533675547353573 1.1781317310076742 0.36270600020318505
v 1.4980053462796352 1.1668841280140807 0.36270600020318505
v 1.5426431378239132 1.1535226606534672 0.36270600020318505
v 1.587280929368191 1.139226535482549 0.36270600020318505
v 1.631918720912469 1.1224311242840297 0.36270600020318505
v 1.676556410022925 1.1017125617184511 0.36270600020318505
v 1.721194201567203 1.0750178211065056 0.36270600020318505
v 1.765831993111481 1.0439001160965666 0.36270600020318505
v 1.810469784655759 0.9952625270778085 0.36270600020318505
v 1.8551075762000369 0.9355464256967042 0.36270600020318505
v 1.8997453677443148 0.8539658761954123 0.36270600020318505
v 1.9443831592885927 0.766684525973309 0.36270600020318505
v 1.9890209508328707 0.6747712719644894 0.36270600020318505
v 2.0336587423771486 0.00887634402279347 0.36270600020318505
v -1.4927256628487666 0.00887634402279347 0.33008057176507666
v -1.4480878713044887 0.00887634402279347 0.33008057176507666
v -1.4034500797602107 0.00887634402279347 0.33008057176507666
v -1.3588122882159324 0.00887634402279347 0.33008057176507666
v -1.3141744966716544 0.00887634402279347 0.33008057176507666
v -1.2695367051273765 0.5920980096654535 0.33008057176507666
v -1.2248989135830985 0.6759388126693113 0.33008057176507666
v -1.1802611220388206 0.7261773270901641 0.33008057176507666
v -1.135623432928365 0.7706183432620992 0.33008057176507666
v -1.090985641384087 0.819064265795394 0.33008057176507666
v -1.046347849839809 0.8736486119461644 0.33008057176507666
v -1.0017100582955312 0.928132316866676 0.33008057176507666
v -0.9570722667512531 0.9632693842111251 0.33008057176507666
v -0.9124344752069752 0.9926955354948257 0.33008057176507666
v -0.8677967860965193 1.0164968791495195 0.33008057176507666
v -0.8231589945522414 1.0405751142297022 0.33008057176507666
v -0.7785212030079635 1.065937843831142 0.33008057176507666
v -0.7338834114636855 1.090562377691172 0.33008057176507666
v -0.6892456199194076 1.1153615356095052 0.33008057176507666
v -0.6446078283751294 1.1393190012133776 0.33008057176507666
v -0.5999700368308516 1.1606523811826484 0.33008057176507666
v -0.5553322452865737 1.1841767293775027 0.33008057176507666
v -0.5106945561761178 1.2056249072513583 0.33008057176507666
v -0.4660567134149288 1.2194630508034612 0.33008057176507666
v -0.42141897308756193 1.2266433992492378 0.33008057176507666
v -0.3767811815432839 1.2290260675713827 0.33008057176507666
v -0.332143441215917 1.2306140414970896 0.33008057176507666
v -0.2875057008885502 1.2307206558996022 0.33008057176507666
v -0.24286790934427216 1.2296968682599345 0.33008057176507666
v -0.19823011779999422 1.2257922125998866 0.33008057176507666
v -0.15359232625571628 1.219047207898231 0.33008057176507666
v -0.10895458592834939 1.2094882308641703 0.33008057176507666
v -0.06431679438407145 1.1987097247594916 0.33008057176507666
v -0.019679002839793458 1.1920267677450727 0.33008057176507666
v 0.024958763096028957 1.1873798638055257 0.33008057176507666
v 0.0695965546403069 1.183853151336778 0.33008057176507666
v 0.11423432057612931 1.1848680448397322 0.33008057176507666
v 0.15887211212040728 1.186702190447719 0.33008057176507666
v 0.20350989086045748 1.1882963296090967 0.33008057176507666
v 0.24814766960050766 1.1916271974128074 0.33008057176507666
v 0.29278544193844397 1.1969812836535811 0.33008057176507666
v 0.3374232238795511 1.2048066658800547 0.33008057176507666
v 0.3820610026196013 1.2112758931240375 0.33008057176507666
v 0.4266987845607084 1.2159956563206427 0.33008057176507666
v 0.4713365633007586 1.2215644838658466 0.33008057176507666
v 0.5159743420408088 1.2274782092912735 0.33008057176507666
v 0.560612120780859 1.2335477653696973 0.33008057176507666
v 0.6052498995209092 1.238773209134612 0.33008057176507666
v 0.6498876654567316 1.2432535748856908 0.33008057176507666
v 0.6945254570010095 1.2472351391398289 0.33008057176507666
v 0.739163222936832 1.2495292854332976 0.33008057176507666
v 0.78380101448111 1.2505678235433542 0.33008057176507666
v 0.8284386779831102 1.250704751955108 0.33008057176507666
v 0.8730764183104771 1.2489352845028998 0.33008057176507666
v 0.917714209854755 1.2472132054976617 0.33008057176507666
v 0.962352001399033 1.245170079687476 0.33008057176507666
v 1.006989792943311 1.242812571672896 0.33008057176507666
v 1.0516275332706777 1.2412561281580683 0.33008057176507666
v 1.0962653248149559 1.2407625763945125 0.33008057176507666
v 1.1409031163592338 1.2370681149375085 0.33008057176507666
v 1.1855409079035117 1.2322260681646593 0.33008057176507666
v 1.2301786994477897 1.2281129404702023 0.33008057176507666
v 1.2748164909920676 1.2227081222784821 0.33008057176507666
v 1.3194541801025235 1.2177564361043103 0.33008057176507666
v 1.3640919716468014 1.2112533576831652 0.33008057176507666
v 1.4087297631910793 1.2033987706136808 0.33008057176507666
v 1.4533675547353573 1.1927859928300637 0.33008057176507666
v 1.4980053462796352 1.180938831471089 0.33008057176507666
v 1.5426431378239132 1.167160310805589 0.33008057176507666
v 1.587280929368191 1.152182168442594 0.33008057176507666
v 1.631918720912469 1.134076883142852 0.33008057176507666
v 1.676556410022925 1.111878171053603 0.33008057176507666
v 1.721194201567203 1.084354075000651 0.33008057176507666
v 1.765831993111481 1.0537983347432336 0.33008057176507666
v 1.810469784655759 1.0107984984277563 0.33008057176507666
v 1.8551075762000369 0.9511545232616705 0.33008057176507666
v 1.8997453677443148 0.8723896746635325 0.33008057176507666
v 1.9443831592885927 0.7764606050912946 0.33008057176507666
v 1.9890209508328707 0.6838744633047968 0.33008057176507666
v 2.0336587423771486 0.00887634402279347 0.33008057176507666
v -1.4927256628487666 0.00887634402279347 0.2974551433269682
v -1.4480878713044887 0.00887634402279347 0.2974551433269682
v -1.4034500797602107 0.00887634402279347 0.2974551433269682
v -1.3588122882159324 0.00887634402279347 0.2974551433269682
v -1.3141744966716544 0.00887634402279347 0.2974551433269682
v -1.2695367051273765 0.651930629519249 0.2974551433269682
v -1.2248989135830985 0.7095988227110961 0.2974551433269682
v -1.1802611220388206 0.7560479003154736 0.2974551433269682
v -1.135623432928365 0.8122962326900972 0.2974551433269682
v -1.090985641384087 0.8675941328459376 0.2974551433269682
v -1.046347849839809 0.9134580572413051 0.2974551433269682
v -1.0017100582955312 0.9553803281604883 0.2974551433269682
v -0.9570722667512531 0.9844039913485212 0.2974551433269682
v -0.9124344752069752 1.0106450909748645 0.2974551433269682
v -0.8677967860965193 1.031035836500063 0.2974551433269682
v -0.8231589945522414 1.0554377496539997 0.2974551433269682
v -0.7785212030079635 1.079538104037652 0.2974551433269682
v -0.7338834114636855 1.103483751339294 0.2974551433269682
v -0.6892456199194076 1.1273852368593635 0.2974551433269682
v -0.6446078283751294 1.1514270871258143 0.2974551433269682
v -0.5999700368308516 1.1719389910432374 0.2974551433269682
v -0.5553322452865737 1.1945504106149458 0.2974551433269682
v -0.5106945561761178 1.2152580591768807 0.2974551433269682
v -0.4660567134149288 1.2288029410982928 0.2974551433269682
v -0.42141897308756193 1.235468009005991 0.2974551433269682
v -0.3767811815432839 1.2401741324989661 0.2974551433269682
v -0.332143441215917 1.243439716346872 0.2974551433269682
v -0.2875057008885502 1.2453654209863088 0.2974551433269682
v -0.24286790934427216 1.2445756754239035 0.2974551433269682
v -0.19823011779999422 1.2415268543478868 0.2974551433269682
v -0.15359232625571628 1.234535477097628 0.2974551433269682
v -0.10895458592834939 1.2212811263053347 0.2974551433269682
v -0.06431679438407145 1.2083976499703495 0.2974551433269682
v -0.019679002839793458 1.2003143761918669 0.2974551433269682
v 0.024958763096028957 1.193209614303663 0.2974551433269682
v 0.0695965546403069 1.1859756065403664 0.2974551433269682
v 0.11423432057612931 1.1829068740899056 0.2974551433269682
v 0.15887211212040728 1.182206261157788 0.2974551433269682
v 0.20350989086045748 1.1819641340109543 0.2974551433269682
v 0.24814766960050766 1.1875290202547983 0.2974551433269682
v 0.29278544193844397 1.195392499860468 0.2974551433269682
v 0.3374232238795511 1.2056562327945934 0.2974551433269682
v 0.3820610026196013 1.2130758794531316 0.2974551433269682
v 0.4266987845607084 1.2184038946856406 0.2974551433269682
v 0.4713365633007586 1.2256538693209642 0.2974551433269682
v 0.5159743420408088 1.2336212360286318 0.2974551433269682
v 0.560612120780859 1.2409066815759304 0.2974551433269682
v 0.6052498995209092 1.2471342802376981 0.2974551433269682
v 0.6498876654567316 1.2520852589782858 0.2974551433269682
v 0.6945254570010095 1.2566016046093935 0.2974551433269682
v 0.739163222936832 1.2601118452393816 0.2974551433269682
v 0.78380101448111 1.2625094688995595 0.2974551433269682
v 0.8284386779831102 1.2636514907784393 0.2974551433269682
v 0.8730764183104771 1.2626498352464692 0.2974551433269682
v 0.917714209854755 1.260385497195245 0.2974551433269682
v 0.962352001399033 1.2586154215422176 0.2974551433269682
v 1.006989792943311 1.2559799145364468 0.2974551433269682
v 1.0516275332706777 1.2543352498922957 0.2974551433269682
v 1.0962653248149559 1.2524213699572029 0.2974551433269682
v 1.1409031163592338 1.2506873702159127 0.2974551433269682
v 1.1855409079035117 1.2475096041641556 0.2974551433269682
v 1.2301786994477897 1.243637080713692 0.2974551433269682
v 1.2748164909920676 1.2391298324864137 0.2974551433269682
v 1.3194541801025235 1.2332482424716282 0.2974551433269682
v 1.3640919716468014 1.2259994746347715 0.2974551433269682
v 1.4087297631910793 1.2173894061163897 0.2974551433269682
v 1.4533675547353573 1.2066554619254015 0.2974551433269682
v 1.4980053462796352 1.1943072727343826 0.2974551433269682
v 1.5426431378239132 1.1796793860206674 0.2974551433269682
v 1.587280929368191 1.1642354810696949 0.2974551433269682
v 1.631918720912469 1.1455077006311851 0.2974551433269682
v 1.676556410022925 1.122676891832871 0.2974551433269682
v 1.721194201567203 1.0924492727162431 0.2974551433269682
v 1.765831993111481 1.0610162699996242 0.2974551433269682
v 1.810469784655759 1.0227291321480807 0.2974551433269682
v 1.8551075762000369 0.9656105220205033 0.2974551433269682
v 1.8997453677443148 0.8881114737710809 0.2974551433269682
v 1.9443831592885927 0.793344592736458 0.2974551433269682
v 1.9890209508328707 0.6926191362675926 0.2974551433269682
v 2.0336587423771486 0.00887634402279347 0.2974551433269682
v -1.4927256628487666 0.00887634402279347 0.2648296636719487
v -1.4480878713044887 0.00887634402279347 0.2648296636719487
v -1.4034500797602107 0.00887634402279347 0.2648296636719487
v -1.3588122882159324 0.00887634402279347 0.2648296636719487
v -1.3141744966716544 0.6277702297094774 0.2648296636719487
v -1.2695367051273765 0.6961821943371248 0.2648296636719487
v -1.2248989135830985 0.7452649991596134 0.2648296636719487
v -1.1802611220388206 0.8069338989261121 0.2648296636719487
v -1.135623432928365 0.8684931176775479 0.2648296636719487
v -1.090985641384087 0.9083728837915921 0.2648296636719487
v -1.046347849839809 0.9474615791056571 0.2648296636719487
v -1.0017100582955312 0.9789771498850396 0.2648296636719487
v -0.9570722667512531 1.004429918816146 0.2648296636719487
v -0.9124344752069752 1.0266869445597087 0.2648296636719487
v -0.8677967860965193 1.0473274877644383 0.2648296636719487
v -0.8231589945522414 1.0704649001987778 0.2648296636719487
v -0.7785212030079635 1.093449615814867 0.2648296636719487
v -0.7338834114636855 1.1165553954045049 0.2648296636719487
v -0.6892456199194076 1.1399703010630384 0.2648296636719487
v -0.6446078283751294 1.1622177196344539 0.2648296636719487
v -0.5999700368308516 1.183829909262586 0.2648296636719487
v -0.5553322452865737 1.2051361026552476 0.2648296636719487
v -0.5106945561761178 1.2247775223640482 0.2648296636719487
v -0.4660567134149288 1.236839828360628 0.2648296636719487
v -0.42141897308756193 1.2457579153822034 0.2648296636719487
v -0.3767811815432839 1.2522629176385704 0.2648296636719487
v -0.332143441215917 1.2565963484738947 0.2648296636719487
v -0.2875057008885502 1.2598963949008386 0.2648296636719487
v -0.24286790934427216 1.2606628943877307 0.2648296636719487
v -0.19823011779999422 1.258259508825057 0.2648296636719487
v -0.15359232625571628 1.2532055584847568 0.2648296636719487
v -0.10895458592834939 1.2419009554705922 0.2648296636719487
v -0.06431679438407145 1.2259810877636963 0.2648296636719487
v -0.019679002839793458 1.2138865407215962 0.2648296636719487
v 0.024958763096028957 1.2026809784092192 0.2648296636719487
v 0.0695965546403069 1.1891214420491263 0.2648296636719487
v 0.11423432057612931 1.1780240066386671 0.2648296636719487
v 0.15887211212040728 1.1751556669549597 0.2648296636719487
v 0.20350989086045748 1.1776254466399994 0.2648296636719487
v 0.24814766960050766 1.1825442895698135 0.2648296636719487
v 0.29278544193844397 1.1912335890490968 0.2648296636719487
v 0.3374232238795511 1.20463497398991 0.2648296636719487
v 0.3820610026196013 1.2129106568990666 0.2648296636719487
v 0.4266987845607084 1.2209327904899558 0.2648296636719487
v 0.4713365633007586 1.2288481144138592 0.2648296636719487
v 0.5159743420408088 1.2390942623416734 0.2648296636719487
v 0.560612120780859 1.2481143158310815 0.2648296636719487
v 0.6052498995209092 1.255467566166527 0.2648296636719487
v 0.6498876654567316 1.2612174839050578 0.2648296636719487
v 0.6945254570010095 1.2664230170957926 0.2648296636719487
v 0.739163222936832 1.2708198160543418 0.2648296636719487
v 0.78380101448111 1.2738908716718782 0.2648296636719487
v 0.8284386779831102 1.2747030502413335 0.2648296636719487
v 0.8730764183104771 1.2741640242628587 0.2648296636719487
v 0.917714209854755 1.27333456638803 0.2648296636719487
v 0.962352001399033 1.27166089376587 0.2648296636719487
v 1.006989792943311 1.2692027381189175 0.2648296636719487
v 1.0516275332706777 1.267638106300432 0.2648296636719487
v 1.0962653248149559 1.2663987658883995 0.2648296636719487
v 1.1409031163592338 1.264565533381905 0.2648296636719487
v 1.1855409079035117 1.2624555054816302 0.2648296636719487
v 1.2301786994477897 1.2590619881919778 0.2648296636719487
v 1.2748164909920676 1.2545417052608312 0.2648296636719487
v 1.3194541801025235 1.2486595006431127 0.2648296636719487
v 1.3640919716468014 1.241228234147875 0.2648296636719487
v 1.4087297631910793 1.2320575133103178 0.2648296636719487
v 1.4533675547353573 1.2213200319514086 0.2648296636719487
v 1.4980053462796352 1.2088075261054396 0.2648296636719487
v 1.5426431378239132 1.1933004635007358 0.2648296636719487
v 1.587280929368191 1.1756348689804423 0.2648296636719487
v 1.631918720912469 1.1556370307874841 0.2648296636719487
v 1.676556410022925 1.1338079783544335 0.2648296636719487
v 1.721194201567203 1.1020506957653555 0.2648296636719487
v 1.765831993111481 1.067473877406907 0.2648296636719487
v 1.810469784655759 1.0294793929852353 0.2648296636719487
v 1.8551075762000369 0.9766267162063015 0.2648296636719487
v 1.8997453677443148 0.9012840791722445 0.2648296636719487
v 1.9443831592885927 0.8080291213524989 0.2648296636719487
v 1.9890209508328707 0.699973116444021 0.2648296636719487
v 2.0336587423771486 0.00887634402279347 0.2648296636719487
v -1.4927256628487666 0.00887634402279347 0.23220423523384026
v -1.4480878713044887 0.00887634402279347 0.23220423523384026
v -1.4034500797602107 0.00887634402279347 0.23220423523384026
v -1.3588122882159324 0.535385575251141 0.23220423523384026
v -1.3141744966716544 0.6765661686130455 0.23220423523384026
v -1.2695367051273765 0.7351517591160337 0.23220423523384026
v -1.2248989135830985 0.7873834820651175 0.23220423523384026
v -1.1802611220388206 0.8550678336456052 0.23220423523384026
v -1.135623432928365 0.9016850563690357 0.23220423523384026
v -1.090985641384087 0.9371359937487684 0.23220423523384026
v -1.046347849839809 0.9697886311708844 0.23220423523384026
v -1.0017100582955312 0.9974131763906783 0.23220423523384026
v -0.9570722667512531 1.0209223659803834 0.23220423523384026
v -0.9124344752069752 1.037877954867227 0.23220423523384026
v -0.8677967860965193 1.0616399895426722 0.23220423523384026
v -0.8231589945522414 1.0849266544579925 0.23220423523384026
v -0.7785212030079635 1.1058330710502164 0.23220423523384026
v -0.7338834114636855 1.1283529387803493 0.23220423523384026
v -0.6892456199194076 1.152310911751747 0.23220423523384026
v -0.6446078283751294 1.173206622609094 0.23220423523384026
v -0.5999700368308516 1.1939072974684144 0.23220423523384026
v -0.5553322452865737 1.2144015171592653 0.23220423523384026
v -0.5106945561761178 1.232453240773724 0.23220423523384026
v -0.4660567134149288 1.245208582000375 0.23220423523384026
v -0.42141897308756193 1.2555168816497766 0.23220423523384026
v -0.3767811815432839 1.2636998971615174 0.23220423523384026
v -0.332143441215917 1.2698285703595473 0.23220423523384026
v -0.2875057008885502 1.2734559312609317 0.23220423523384026
v -0.24286790934427216 1.27409399153908 0.23220423523384026
v -0.19823011779999422 1.2729018475106013 0.23220423523384026
v -0.15359232625571628 1.2685099013543764 0.23220423523384026
v -0.10895458592834939 1.2599336872142137 0.23220423523384026
v -0.06431679438407145 1.2453187303697517 0.23220423523384026
v -0.019679002839793458 1.2326472696392106 0.23220423523384026
v 0.024958763096028957 1.2190244707907714 0.23220423523384026
v 0.0695965546403069 1.2041610254990676 0.23220423523384026
v 0.11423432057612931 1.1867937454778477 0.23220423523384026
v 0.15887211212040728 1.1808612218455283 0.23220423523384026
v 0.20350989086045748 1.1806190946986947 0.23220423523384026
v 0.24814766960050766 1.1827281086641832 0.23220423523384026
v 0.29278544193844397 1.1896900778043151 0.23220423523384026
v 0.3374232238795511 1.2008906912826598 0.23220423523384026
v 0.3820610026196013 1.211245473479917 0.23220423523384026
v 0.4266987845607084 1.2214936444757187 0.23220423523384026
v 0.4713365633007586 1.2316332836358994 0.23220423523384026
v 0.5159743420408088 1.2436556724524115 0.23220423523384026
v 0.560612120780859 1.2543801159063956 0.23220423523384026
v 0.6052498995209092 1.2624874392256842 0.23220423523384026
v 0.6498876654567316 1.269419699356337 0.23220423523384026
v 0.6945254570010095 1.2755663560922674 0.23220423523384026
v 0.739163222936832 1.2807663322481508 0.23220423523384026
v 0.78380101448111 1.284164510276711 0.23220423523384026
v 0.8284386779831102 1.2859464106340823 0.23220423523384026
v 0.8730764183104771 1.2861491271681096 0.23220423523384026
v 0.917714209854755 1.2853676595389565 0.23220423523384026
v 0.962352001399033 1.2837674639778447 0.23220423523384026
v 1.006989792943311 1.2819673688128146 0.23220423523384026
v 1.0516275332706777 1.2807693668501319 0.23220423523384026
v 1.0962653248149559 1.2795038609986549 0.23220423523384026
v 1.1409031163592338 1.2785464632799657 0.23220423523384026
v 1.1855409079035117 1.2769601090890714 0.23220423523384026
v 1.2301786994477897 1.273296064075131 0.23220423523384026
v 1.2748164909920676 1.269087333614042 0.23220423523384026
v 1.3194541801025235 1.262842244377143 0.23220423523384026
v 1.3640919716468014 1.2559016999111243 0.23220423523384026
v 1.4087297631910793 1.2469810840545645 0.23220423523384026
v 1.4533675547353573 1.2348689568077387 0.23220423523384026
v 1.4980053462796352 1.2215131485156667 0.23220423523384026
v 1.5426431378239132 1.205013524581765 0.23220423523384026
v 1.587280929368191 1.1859022399157826 0.23220423523384026
v 1.631918720912469 1.1642964171899082 0.23220423523384026
v 1.676556410022925 1.1412378299825028 0.23220423523384026
v 1.721194201567203 1.1110737774546307 0.23220423523384026
v 1.765831993111481 1.0726809278986325 0.23220423523384026
v 1.810469784655759 1.0335030959529588 0.23220423523384026
v 1.8551075762000369 0.9836913464436225 0.23220423523384026
v 1.8997453677443148 0.9121206044339982 0.23220423523384026
v 1.9443831592885927 0.8205664577971675 0.23220423523384026
v 1.9890209508328707 0.7059800406423165 0.23220423523384026
v 2.0336587423771486 0.00887634402279347 0.23220423523384026
v -1.4927256628487666 0.00887634402279347 0.19957883240418736
v -1.4480878713044887 0.00887634402279347 0.19957883240418736
v -1.4034500797602107 0.00887634402279347 0.19957883240418736
v -1.3588122882159324 0.6357136653154459 0.19957883240418736
v -1.3141744966716544 0.717691811697398 0.19957883240418736
v -1.2695367051273765 0.7742763062678498 0.19957883240418736
v -1.2248989135830985 0.8417450602611753 0.19957883240418736
v -1.1802611220388206 0.8906823066223943 0.19957883240418736
v -1.135623432928365 0.9307158002950244 0.19957883240418736
v -1.090985641384087 0.96201327666283 0.19957883240418736
v -1.046347849839809 0.9905742974931396 0.19957883240418736
v -1.0017100582955312 1.0138440864362614 0.19957883240418736
v -0.9570722667512531 1.0340136133183075 0.19957883240418736
v -0.9124344752069752 1.053474246934191 0.19957883240418736
v -0.8677967860965193 1.0770539750146715 0.19957883240418736
v -0.8231589945522414 1.0968261611006125 0.19957883240418736
v -0.7785212030079635 1.1157790942812564 0.19957883240418736
v -0.7338834114636855 1.1386343559535512 0.19957883240418736
v -0.6892456199194076 1.1626121370653064 0.19957883240418736
v -0.6446078283751294 1.1817120019606482 0.19957883240418736
v -0.5999700368308516 1.2027716227386478 0.19957883240418736
v -0.5553322452865737 1.2232305763851679 0.19957883240418736
v -0.5106945561761178 1.2407359948176655 0.19957883240418736
v -0.4660567134149288 1.2531585669688472 0.19957883240418736
v -0.42141897308756193 1.2656418695723337 0.19957883240418736
v -0.3767811815432839 1.2752515705546983 0.19957883240418736
v -0.332143441215917 1.2819796992841554 0.19957883240418736
v -0.2875057008885502 1.2865581966368502 0.19957883240418736
v -0.24286790934427216 1.2884304308211267 0.19957883240418736
v -0.19823011779999422 1.2875734950735074 0.19957883240418736
v -0.15359232625571628 1.2840144447272668 0.19957883240418736
v -0.10895458592834939 1.2757773633637746 0.19957883240418736
v -0.06431679438407145 1.2635370978075577 0.19957883240418736
v -0.019679002839793458 1.2509098948902975 0.19957883240418736
v 0.024958763096028957 1.2369558410663224 0.19957883240418736
v 0.0695965546403069 1.2232332012518603 0.19957883240418736
v 0.11423432057612931 1.2044118443157632 0.19957883240418736
v 0.15887211212040728 1.1933190568399838 0.19957883240418736
v 0.20350989086045748 1.1906727350633342 0.19957883240418736
v 0.24814766960050766 1.1895227313489694 0.19957883240418736
v 0.29278544193844397 1.1922684907584673 0.19957883240418736
v 0.3374232238795511 1.2002221121276255 0.19957883240418736
v 0.3820610026196013 1.2115303483414193 0.19957883240418736
v 0.4266987845607084 1.2240381038188863 0.19957883240418736
v 0.4713365633007586 1.2356679982395036 0.19957883240418736
v 0.5159743420408088 1.2491171813625757 0.19957883240418736
v 0.560612120780859 1.2603765086273517 0.19957883240418736
v 0.6052498995209092 1.269558650836078 0.19957883240418736
v 0.6498876654567316 1.2774537568843354 0.19957883240418736
v 0.6945254570010095 1.2843935010861187 0.19957883240418736
v 0.739163222936832 1.2904322309861904 0.19957883240418736
v 0.78380101448111 1.2945984194005191 0.19957883240418736
v 0.8284386779831102 1.2963473744798426 0.19957883240418736
v 0.8730764183104771 1.2971625812491652 0.19957883240418736
v 0.917714209854755 1.2966289138400113 0.19957883240418736
v 0.962352001399033 1.2954914374619895 0.19957883240418736
v 1.006989792943311 1.2937261057753502 0.19957883240418736
v 1.0516275332706777 1.293202848203372 0.19957883240418736
v 1.0962653248149559 1.2922247460483816 0.19957883240418736
v 1.1409031163592338 1.2905324752853882 0.19957883240418736
v 1.1855409079035117 1.2886808431035908 0.19957883240418736
v 1.2301786994477897 1.2857353073308668 0.19957883240418736
v 1.2748164909920676 1.2813158768997372 0.19957883240418736
v 1.3194541801025235 1.275463486926377 0.19957883240418736
v 1.3640919716468014 1.2685594217052703 0.19957883240418736
v 1.4087297631910793 1.2592406519841424 0.19957883240418736
v 1.4533675547353573 1.2467812996886962 0.19957883240418736
v 1.4980053462796352 1.2336784325140726 0.19957883240418736
v 1.5426431378239132 1.2160876162844743 0.19957883240418736
v 1.587280929368191 1.1955641917506126 0.19957883240418736
v 1.631918720912469 1.173121029247421 0.19957883240418736
v 1.676556410022925 1.1493845663153905 0.19957883240418736
v 1.721194201567203 1.118353563533256 0.19957883240418736
v 1.765831993111481 1.0777551985484009 0.19957883240418736
v 1.810469784655759 1.0370373829226955 0.19957883240418736
v 1.8551075762000369 0.9894960406685458 0.19957883240418736
v 1.8997453677443148 0.9215222367151286 0.19957883240418736
v 1.9443831592885927 0.8298334664275422 0.19957883240418736
v 1.9890209508328707 0.7152915311599581 0.19957883240418736
v 2.0336587423771486 0.00887634402279347 0.19957883240418736
v -1.4927256628487666 0.00887634402279347 0.1669534039660789
v -1.4480878713044887 0.00887634402279347 0.1669534039660789
v -1.4034500797602107 0.00887634402279347 0.1669534039660789
v -1.3588122882159324 0.6993672203860266 0.1669534039660789
v -1.3141744966716544 0.7710633413939577 0.1669534039660789
v -1.2695367051273765 0.8375805363964566 0.1669534039660789
v -1.2248989135830985 0.8863839529690414 0.1669534039660789
v -1.1802611220388206 0.9249449604483204 0.1669534039660789
v -1.135623432928365 0.9585673004520109 0.1669534039660789
v -1.090985641384087 0.9869335945864206 0.1669534039660789
v -1.046347849839809 1.0110678097504062 0.1669534039660789
v -1.0017100582955312 1.0272536596807325 0.1669534039660789
v -0.9570722667512531 1.047975253647235 0.1669534039660789
v -0.9124344752069752 1.0714249227841595 0.1669534039660789
v -0.8677967860965193 1.0925766043592846 0.1669534039660789
v -0.8231589945522414 1.1092734838240703 0.1669534039660789
v -0.7785212030079635 1.1266424828128678 0.1669534039660789
v -0.7338834114636855 1.152446729396742 0.1669534039660789
v -0.6892456199194076 1.1746304849475613 0.1669534039660789
v -0.6446078283751294 1.1922919369000395 0.1669534039660789
v -0.5999700368308516 1.2120874634926737 0.1669534039660789
v -0.5553322452865737 1.2325375246030086 0.1669534039660789
v -0.5106945561761178 1.2491225399318968 0.1669534039660789
v -0.4660567134149288 1.2624360046427392 0.1669534039660789
v -0.42141897308756193 1.2759963476691814 0.1669534039660789
v -0.3767811815432839 1.286902387083489 0.1669534039660789
v -0.332143441215917 1.2949676677209006 0.1669534039660789
v -0.2875057008885502 1.301204773521786 0.1669534039660789
v -0.24286790934427216 1.3029849581126365 0.1669534039660789
v -0.19823011779999422 1.3031778666081932 0.1669534039660789
v -0.15359232625571628 1.299441362469312 0.1669534039660789
v -0.10895458592834939 1.292353082823303 0.1669534039660789
v -0.06431679438407145 1.281571436481764 0.1669534039660789
v -0.019679002839793458 1.269908097418216 0.1669534039660789
v 0.024958763096028957 1.2553490310279625 0.1669534039660789
v 0.0695965546403069 1.23750365714716 0.1669534039660789
v 0.11423432057612931 1.2215360872897134 0.1669534039660789
v 0.15887211212040728 1.2103432555807951 0.1669534039660789
v 0.20350989086045748 1.2041289925222483 0.1669534039660789
v 0.24814766960050766 1.2027228130223953 0.1669534039660789
v 0.29278544193844397 1.2063064186764385 0.1669534039660789
v 0.3374232238795511 1.2102519038177824 0.1669534039660789
v 0.3820610026196013 1.215242293971441 0.1669534039660789
v 0.4266987845607084 1.2276787042917832 0.1669534039660789
v 0.4713365633007586 1.2389378266889146 0.1669534039660789
v 0.5159743420408088 1.2541936671437481 0.1669534039660789
v 0.560612120780859 1.2669504232375677 0.1669534039660789
v 0.6052498995209092 1.2772125444395228 0.1669534039660789
v 0.6498876654567316 1.2861272959597647 0.1669534039660789
v 0.6945254570010095 1.2943056635368253 0.1669534039660789
v 0.739163222936832 1.3008800839140382 0.1669534039660789
v 0.78380101448111 1.3056578534634906 0.1669534039660789
v 0.8284386779831102 1.308095906472847 0.1669534039660789
v 0.8730764183104771 1.3088252224822998 0.1669534039660789
v 0.917714209854755 1.3083460114538445 0.1669534039660789
v 0.962352001399033 1.3074644147635437 0.1669534039660789
v 1.006989792943311 1.3063663497985925 0.1669534039660789
v 1.0516275332706777 1.3051949294127565 0.1669534039660789
v 1.0962653248149559 1.3043394917597861 0.1669534039660789
v 1.1409031163592338 1.302875417944079 0.1669534039660789
v 1.1855409079035117 1.3015187459908917 0.1669534039660789
v 1.2301786994477897 1.2988423166731735 0.1669534039660789
v 1.2748164909920676 1.2944197492062406 0.1669534039660789
v 1.3194541801025235 1.2890137274171103 0.1669534039660789
v 1.3640919716468014 1.2822350668027658 0.1669534039660789
v 1.4087297631910793 1.2729833976372575 0.1669534039660789
v 1.4533675547353573 1.2590615784566892 0.1669534039660789
v 1.4980053462796352 1.2449538226825838 0.1669534039660789
v 1.5426431378239132 1.2273305701429915 0.1669534039660789
v 1.587280929368191 1.2066169628135592 0.1669534039660789
v 1.631918720912469 1.1830728064783473 0.1669534039660789
v 1.676556410022925 1.1591261500435042 0.1669534039660789
v 1.721194201567203 1.1255608936879975 0.1669534039660789
v 1.765831993111481 1.0843876284795178 0.1669534039660789
v 1.810469784655759 1.0410389473806076 0.1669534039660789
v 1.8551075762000369 0.9945921361245451 0.1669534039660789
v 1.8997453677443148 0.9311869190515301 0.1669534039660789
v 1.9443831592885927 0.8388343263795256 0.1669534039660789
v 1.9890209508328707 0.7331277692242477 0.1669534039660789
v 2.0336587423771486 0.08090944669713007 0.1669534039660789
v -1.4927256628487666 0.00887634402279347 0.13432798833219825
v -1.4480878713044887 0.00887634402279347 0.13432798833219825
v -1.4034500797602107 0.6351140177206023 0.13432798833219825
v -1.3588122882159324 0.7498215116532301 0.13432798833219825
v -1.3141744966716544 0.818172451331334 0.13432798833219825
v -1.2695367051273765 0.8692372737869842 0.13432798833219825
v -1.2248989135830985 0.912788268086747 0.13432798833219825
v -1.1802611220388206 0.9472085419565005 0.13432798833219825
v -1.135623432928365 0.9802477134064851 0.13432798833219825
v -1.090985641384087 1.007572217156985 0.13432798833219825
v -1.046347849839809 1.0249472853497448 0.13432798833219825
v -1.0017100582955312 1.0416860090308773 0.13432798833219825
v -0.9570722667512531 1.0649308361319647 0.13432798833219825
v -0.9124344752069752 1.085725183720647 0.13432798833219825
v -0.8677967860965193 1.1062370892511026 0.13432798833219825
v -0.8231589945522414 1.1215179939817923 0.13432798833219825
v -0.7785212030079635 1.139565476195803 0.13432798833219825
v -0.7338834114636855 1.1640892551880526 0.13432798833219825
v -0.6892456199194076 1.1844988917507948 0.13432798833219825
v -0.6446078283751294 1.2014824674784828 0.13432798833219825
v -0.5999700368308516 1.2210212132858667 0.13432798833219825
v -0.5553322452865737 1.2407070956755926 0.13432798833219825
v -0.5106945561761178 1.2547566434302633 0.13432798833219825
v -0.4660567134149288 1.2698412017302407 0.13432798833219825
v -0.42141897308756193 1.284936259496988 0.13432798833219825
v -0.3767811815432839 1.296953897944998 0.13432798833219825
v -0.332143441215917 1.306045002094292 0.13432798833219825
v -0.2875057008885502 1.313108531168025 0.13432798833219825
v -0.24286790934427216 1.3165702565789992 0.13432798833219825
v -0.19823011779999422 1.3172981513191697 0.13432798833219825
v -0.15359232625571628 1.314254688812474 0.13432798833219825
v -0.10895458592834939 1.3081293511157777 0.13432798833219825
v -0.06431679438407145 1.2981241147334235 0.13432798833219825
v -0.019679002839793458 1.2874577832671656 0.13432798833219825
v 0.024958763096028957 1.2732295653182164 0.13432798833219825
v 0.0695965546403069 1.2543395905255093 0.13432798833219825
v 0.11423432057612931 1.2366734950398044 0.13432798833219825
v 0.15887211212040728 1.2220585413963991 0.13432798833219825
v 0.20350989086045748 1.2143840361873046 0.13432798833219825
v 0.24814766960050766 1.2093152265406792 0.13432798833219825
v 0.29278544193844397 1.2115743052553478 0.13432798833219825
v 0.3374232238795511 1.2172919883504718 0.13432798833219825
v 0.3820610026196013 1.2202897781767181 0.13432798833219825
v 0.4266987845607084 1.2280766596908208 0.13432798833219825
v 0.4713365633007586 1.2415912276029917 0.13432798833219825
v 0.5159743420408088 1.258430189181208 0.13432798833219825
v 0.560612120780859 1.272352917461948 0.13432798833219825
v 0.6052498995209092 1.2835462581389199 0.13432798833219825
v 0.6498876654567316 1.2935988829682445 0.13432798833219825
v 0.6945254570010095 1.30288562291361 0.13432798833219825
v 0.739163222936832 1.3099617769559226 0.13432798833219825
v 0.78380101448111 1.3153090913607355 0.13432798833219825
v 0.8284386779831102 1.3182148315935558 0.13432798833219825
v 0.8730764183104771 1.319573705873919 0.13432798833219825
v 0.917714209854755 1.3193229990942164 0.13432798833219825
v 0.962352001399033 1.3179836128485163 0.13432798833219825
v 1.006989792943311 1.317184475385043 0.13432798833219825
v 1.0516275332706777 1.3160028372254482 0.13432798833219825
v 1.0962653248149559 1.3151795381841762 0.13432798833219825
v 1.1409031163592338 1.3137476029801671 0.13432798833219825
v 1.1855409079035117 1.3120316828084857 0.13432798833219825
v 1.2301786994477897 1.3098707260922624 0.13432798833219825
v 1.2748164909920676 1.3060493427275055 0.13432798833219825
v 1.3194541801025235 1.300626035230888 0.13432798833219825
v 1.3640919716468014 1.2936610346898318 0.13432798833219825
v 1.4087297631910793 1.2833252443634118 0.13432798833219825
v 1.4533675547353573 1.2697299393930483 0.13432798833219825
v 1.4980053462796352 1.2551980563783467 0.13432798833219825
v 1.5426431378239132 1.2374590920324127 0.13432798833219825
v 1.587280929368191 1.2171517244373842 0.13432798833219825
v 1.631918720912469 1.192230494212565 0.13432798833219825
v 1.676556410022925 1.1667534640707624 0.13432798833219825
v 1.721194201567203 1.1308416133041874 0.13432798833219825
v 1.765831993111481 1.0905507578544722 0.13432798833219825
v 1.810469784655759 1.046034094304882 0.13432798833219825
v 1.8551075762000369 1.000039797262378 0.13432798833219825
v 1.8997453677443148 0.9382074771368728 0.13432798833219825
v 1.9443831592885927 0.8463671560094213 0.13432798833219825
v 1.9890209508328707 0.7396250953460678 0.13432798833219825
v 2.0336587423771486 0.00887634402279347 0.13432798833219825
v -1.4927256628487666 0.00887634402279347 0.10170257269831758
v -1.4480878713044887 0.00887634402279347 0.10170257269831758
v -1.4034500797602107 0.7048425130473832 0.10170257269831758
v -1.3588122882159324 0.7897532117151025 0.10170257269831758
v -1.3141744966716544 0.8454617946723824 0.10170257269831758
v -1.2695367051273765 0.8902524430877579 0.10170257269831758
v -1.2248989135830985 0.9296881585827985 0.10170257269831758
v -1.1802611220388206 0.9646217027268709 0.10170257269831758
v -1.135623432928365 1.0007586010008331 0.10170257269831758
v -1.090985641384087 1.0257885615268036 0.10170257269831758
v -1.046347849839809 1.0418132318379827 0.10170257269831758
v -1.0017100582955312 1.0615076066317761 0.10170257269831758
v -0.9570722667512531 1.08325268093648 0.10170257269831758
v -0.9124344752069752 1.1022326950588537 0.10170257269831758
v -0.8677967860965193 1.1216666446640682 0.10170257269831758
v -0.8231589945522414 1.1382747012008252 0.10170257269831758
v -0.7785212030079635 1.155174602900576 0.10170257269831758
v -0.7338834114636855 1.175638911115096 0.10170257269831758
v -0.6892456199194076 1.194035536611099 0.10170257269831758
v -0.6446078283751294 1.2113584547846872 0.10170257269831758
v -0.5999700368308516 1.2304500321436058 0.10170257269831758
v -0.5553322452865737 1.2479596983786658 0.10170257269831758
v -0.5106945561761178 1.2615734990560405 0.10170257269831758
v -0.4660567134149288 1.2794845522231804 0.10170257269831758
v -0.42141897308756193 1.294976861156438 0.10170257269831758
v -0.3767811815432839 1.3079523070584258 0.10170257269831758
v -0.332143441215917 1.317633250764093 0.10170257269831758
v -0.2875057008885502 1.3257826167652589 0.10170257269831758
v -0.24286790934427216 1.3313018279278608 0.10170257269831758
v -0.19823011779999422 1.3325124676633506 0.10170257269831758
v -0.15359232625571628 1.329281243960661 0.10170257269831758
v -0.10895458592834939 1.324024058515109 0.10170257269831758
v -0.06431679438407145 1.3151175913302333 0.10170257269831758
v -0.019679002839793458 1.3041619355333236 0.10170257269831758
v 0.024958763096028957 1.2908580739933075 0.10170257269831758
v 0.0695965546403069 1.271990436175942 0.10170257269831758
v 0.11423432057612931 1.2515407783987818 0.10170257269831758
v 0.15887211212040728 1.236297268415289 0.10170257269831758
v 0.20350989086045748 1.2254911724008268 0.10170257269831758
v 0.24814766960050766 1.2170896751496192 0.10170257269831758
v 0.29278544193844397 1.2155971983556648 0.10170257269831758
v 0.3374232238795511 1.2196246369568398 0.10170257269831758
v 0.3820610026196013 1.226991834297382 0.10170257269831758
v 0.4266987845607084 1.2332614756410267 0.10170257269831758
v 0.4713365633007586 1.2457498295123677 0.10170257269831758
v 0.5159743420408088 1.263260308815891 0.10170257269831758
v 0.560612120780859 1.2784115579361992 0.10170257269831758
v 0.6052498995209092 1.2906366632867385 0.10170257269831758
v 0.6498876654567316 1.3017045865527204 0.10170257269831758
v 0.6945254570010095 1.3122541050490484 0.10170257269831758
v 0.739163222936832 1.3201037368823867 0.10170257269831758
v 0.78380101448111 1.325854871022555 0.10170257269831758
v 0.8284386779831102 1.32902203517372 0.10170257269831758
v 0.8730764183104771 1.3307836152216233 0.10170257269831758
v 0.917714209854755 1.3309085204635027 0.10170257269831758
v 0.962352001399033 1.3301482822439894 0.10170257269831758
v 1.006989792943311 1.329157644750014 0.10170257269831758
v 1.0516275332706777 1.3279939965304335 0.10170257269831758
v 1.0962653248149559 1.3266020745382003 0.10170257269831758
v 1.1409031163592338 1.3252896796046358 0.10170257269831758
v 1.1855409079035117 1.3235104041139572 0.10170257269831758
v 1.2301786994477897 1.3206164949875947 0.10170257269831758
v 1.2748164909920676 1.3170712860115716 0.10170257269831758
v 1.3194541801025235 1.3106917971979029 0.10170257269831758
v 1.3640919716468014 1.3031907092486448 0.10170257269831758
v 1.4087297631910793 1.293493888300545 0.10170257269831758
v 1.4533675547353573 1.2799784112882024 0.10170257269831758
v 1.4980053462796352 1.2651450783391525 0.10170257269831758
v 1.5426431378239132 1.2470594011137093 0.10170257269831758
v 1.587280929368191 1.2273456279148471 0.10170257269831758
v 1.631918720912469 1.201688112979612 0.10170257269831758
v 1.676556410022925 1.1740669022608214 0.10170257269831758
v 1.721194201567203 1.1372129170152554 0.10170257269831758
v 1.765831993111481 1.0960730996507635 0.10170257269831758
v 1.810469784655759 1.0510051820851798 0.10170257269831758
v 1.8551075762000369 1.004956121360511 0.10170257269831758
v 1.8997453677443148 0.9440415954772076 0.10170257269831758
v 1.9443831592885927 0.8521576887584328 0.10170257269831758
v 1.9890209508328707 0.7448205131968657 0.10170257269831758
v 2.0336587423771486 0.00887634402279347 0.10170257269831758
v -1.4927256628487666 0.00887634402279347 0.06907708664118417
v -1.4480878713044887 0.5843958569275501 0.06907708664118417
v -1.4034500797602107 0.7406774492178864 0.06907708664118417
v -1.3588122882159324 0.812208498121429 0.06907708664118417
v -1.3141744966716544 0.8650552337386783 0.06907708664118417
v -1.2695367051273765 0.9071417316832173 0.06907708664118417
v -1.2248989135830985 0.9448825515485719 0.06907708664118417
v -1.1802611220388206 0.980953981805955 0.06907708664118417
v -1.135623432928365 1.0197019310106508 0.06907708664118417
v -1.090985641384087 1.0410733139279378 0.06907708664118417
v -1.046347849839809 1.0581091341059772 0.06907708664118417
v -1.0017100582955312 1.0789574451125887 0.06907708664118417
v -0.9570722667512531 1.100113268855397 0.06907708664118417
v -0.9124344752069752 1.118848427730158 0.06907708664118417
v -0.8677967860965193 1.1393961082729982 0.06907708664118417
v -0.8231589945522414 1.155129936952535 0.06907708664118417
v -0.7785212030079635 1.1699169852190614 0.06907708664118417
v -0.7338834114636855 1.1869239036541692 0.06907708664118417
v -0.6892456199194076 1.2043396924922891 0.06907708664118417
v -0.6446078283751294 1.221602480411749 0.06907708664118417
v -0.5999700368308516 1.2392319974197767 0.06907708664118417
v -0.5553322452865737 1.2552615141311663 0.06907708664118417
v -0.5106945561761178 1.2706004220136464 0.06907708664118417
v -0.4660567134149288 1.2889965441434452 0.06907708664118417
v -0.42141897308756193 1.305024441120022 0.06907708664118417
v -0.3767811815432839 1.3181433840026089 0.06907708664118417
v -0.332143441215917 1.3287758610906475 0.06907708664118417
v -0.2875057008885502 1.3381431396286754 0.06907708664118417
v -0.24286790934427216 1.345147244281336 0.06907708664118417
v -0.19823011779999422 1.3461298023075896 0.06907708664118417
v -0.15359232625571628 1.3423339889856858 0.06907708664118417
v -0.10895458592834939 1.336861564471349 0.06907708664118417
v -0.06431679438407145 1.3303272597397344 0.06907708664118417
v -0.019679002839793458 1.320202175785469 0.06907708664118417
v 0.024958763096028957 1.3069911705052284 0.06907708664118417
v 0.0695965546403069 1.2887105617162409 0.06907708664118417
v 0.11423432057612931 1.2719356596895492 0.06907708664118417
v 0.15887211212040728 1.2557622426643862 0.06907708664118417
v 0.20350989086045748 1.2419572428558616 0.06907708664118417
v 0.24814766960050766 1.2310164463652769 0.06907708664118417
v 0.29278544193844397 1.2226258647182418 0.06907708664118417
v 0.3374232238795511 1.2289545239487274 0.06907708664118417
v 0.3820610026196013 1.2310601984115612 0.06907708664118417
v 0.4266987845607084 1.2377847931741541 0.06907708664118417
v 0.4713365633007586 1.2486279766343473 0.06907708664118417
v 0.5159743420408088 1.266404425357073 0.06907708664118417
v 0.560612120780859 1.2840803224791346 0.06907708664118417
v 0.6052498995209092 1.2974054134287905 0.06907708664118417
v 0.6498876654567316 1.3092661232612726 0.06907708664118417
v 0.6945254570010095 1.3203517291658025 0.06907708664118417
v 0.739163222936832 1.3291078234997675 0.06907708664118417
v 0.78380101448111 1.3351602027066403 0.06907708664118417
v 0.8284386779831102 1.3390608186328272 0.06907708664118417
v 0.8730764183104771 1.3412648231628075 0.06907708664118417
v 0.917714209854755 1.3422831562014457 0.06907708664118417
v 0.962352001399033 1.3416458001558245 0.06907708664118417
v 1.006989792943311 1.340023056349613 0.06907708664118417
v 1.0516275332706777 1.3385259348220355 0.06907708664118417
v 1.0962653248149559 1.3374073574841994 0.06907708664118417
v 1.1409031163592338 1.3363007008824157 0.06907708664118417
v 1.1855409079035117 1.3343400407011714 0.06907708664118417
v 1.2301786994477897 1.3307331921726717 0.06907708664118417
v 1.2748164909920676 1.325853052822212 0.06907708664118417
v 1.3194541801025235 1.319461540838669 0.06907708664118417
v 1.3640919716468014 1.3116433305802742 0.06907708664118417
v 1.4087297631910793 1.3021546935714585 0.06907708664118417
v 1.4533675547353573 1.2883377666247677 0.06907708664118417
v 1.4980053462796352 1.2732591750949305 0.06907708664118417
v 1.5426431378239132 1.2547555358645615 0.06907708664118417
v 1.587280929368191 1.234469388076002 0.06907708664118417
v 1.631918720912469 1.2101992528331993 0.06907708664118417
v 1.676556410022925 1.1816623839775175 0.06907708664118417
v 1.721194201567203 1.1430082097359398 0.06907708664118417
v 1.765831993111481 1.1004900012469088 0.06907708664118417
v 1.810469784655759 1.054905183408434 0.06907708664118417
v 1.8551075762000369 1.0090315534084182 0.06907708664118417
v 1.8997453677443148 0.9486481725013982 0.06907708664118417
v 1.9443831592885927 0.8542251361992643 0.06907708664118417
v 1.9890209508328707 0.7449461738881835 0.06907708664118417
v 2.0336587423771486 0.00887634402279347 0.06907708664118417
v -1.4927256628487666 0.00887634402279347 0.036451735028442345
v -1.4480878713044887 0.6488834281780449 0.036451735028442345
v -1.4034500797602107 0.7608923542831432 0.036451735028442345
v -1.3588122882159324 0.8273047338771309 0.036451735028442345
v -1.3141744966716544 0.8792388609644246 0.036451735028442345
v -1.2695367051273765 0.9209096312417834 0.036451735028442345
v -1.2248989135830985 0.9599035496619075 0.036451735028442345
v -1.1802611220388206 1.0005522480661198 0.036451735028442345
v -1.135623432928365 1.0341560091353184 0.036451735028442345
v -1.090985641384087 1.054312398879674 0.036451735028442345
v -1.046347849839809 1.0738158754416702 0.036451735028442345
v -1.0017100582955312 1.0936561736172248 0.036451735028442345
v -0.9570722667512531 1.114339162837006 0.036451735028442345
v -0.9124344752069752 1.133215289857382 0.036451735028442345
v -0.8677967860965193 1.1514729662744365 0.036451735028442345
v -0.8231589945522414 1.1668293563292735 0.036451735028442345
v -0.7785212030079635 1.1817859743852581 0.036451735028442345
v -0.7338834114636855 1.196589090157039 0.036451735028442345
v -0.6892456199194076 1.214038831005615 0.036451735028442345
v -0.6446078283751294 1.2318446878384675 0.036451735028442345
v -0.5999700368308516 1.2482909565552587 0.036451735028442345
v -0.5553322452865737 1.2624810755244835 0.036451735028442345
v -0.5106945561761178 1.2800562225803502 0.036451735028442345
v -0.4660567134149288 1.2985547081090427 0.036451735028442345
v -0.42141897308756193 1.314896590358953 0.036451735028442345
v -0.3767811815432839 1.3284993794004472 0.036451735028442345
v -0.332143441215917 1.3394739342375428 0.036451735028442345
v -0.2875057008885502 1.349184891053099 0.036451735028442345
v -0.24286790934427216 1.3563172428510863 0.036451735028442345
v -0.19823011779999422 1.3580805514697383 0.036451735028442345
v -0.15359232625571628 1.3552499976623733 0.036451735028442345
v -0.10895458592834939 1.3497108887298195 0.036451735028442345
v -0.06431679438407145 1.3435141034421763 0.036451735028442345
v -0.019679002839793458 1.3349340416315694 0.036451735028442345
v 0.024958763096028957 1.3215823819092942 0.036451735028442345
v 0.0695965546403069 1.3047749379377296 0.036451735028442345
v 0.11423432057612931 1.288411736648585 0.036451735028442345
v 0.15887211212040728 1.274215561279626 0.036451735028442345
v 0.20350989086045748 1.2598656711563088 0.036451735028442345
v 0.24814766960050766 1.2473479123758977 0.036451735028442345
v 0.29278544193844397 1.2359448896649925 0.036451735028442345
v 0.3374232238795511 1.2316714850494461 0.036451735028442345
v 0.3820610026196013 1.2365469700631122 0.036451735028442345
v 0.4266987845607084 1.2412821975658044 0.036451735028442345
v 0.4713365633007586 1.2519940096490951 0.036451735028442345
v 0.5159743420408088 1.2691188576228076 0.036451735028442345
v 0.560612120780859 1.2895377916554378 0.036451735028442345
v 0.6052498995209092 1.3039483097972377 0.036451735028442345
v 0.6498876654567316 1.3174079987891938 0.036451735028442345
v 0.6945254570010095 1.3292449567791658 0.036451735028442345
v 0.739163222936832 1.3375999714825175 0.036451735028442345
v 0.78380101448111 1.3430826009663854 0.036451735028442345
v 0.8284386779831102 1.347878757386913 0.036451735028442345
v 0.8730764183104771 1.3507312320322173 0.036451735028442345
v 0.917714209854755 1.3523918635483954 0.036451735028442345
v 0.962352001399033 1.3523929775162113 0.036451735028442345
v 1.006989792943311 1.3509667914104702 0.036451735028442345
v 1.0516275332706777 1.3496621686431611 0.036451735028442345
v 1.0962653248149559 1.3484907482573254 0.036451735028442345
v 1.1409031163592338 1.346672163787398 0.036451735028442345
v 1.1855409079035117 1.3442442261179786 0.036451735028442345
v 1.2301786994477897 1.340701142643765 0.036451735028442345
v 1.2748164909920676 1.3355410772658352 0.036451735028442345
v 1.3194541801025235 1.3284443980464102 0.036451735028442345
v 1.3640919716468014 1.3202907938458532 0.036451735028442345
v 1.4087297631910793 1.3096338606827773 0.036451735028442345
v 1.4533675547353573 1.2936745687585829 0.036451735028442345
v 1.4980053462796352 1.2776962881646081 0.036451735028442345
v 1.5426431378239132 1.2596090936381743 0.036451735028442345
v 1.587280929368191 1.240024169383344 0.036451735028442345
v 1.631918720912469 1.2168584628066936 0.036451735028442345
v 1.676556410022925 1.1872918443427898 0.036451735028442345
v 1.721194201567203 1.147930892733688 0.036451735028442345
v 1.765831993111481 1.1039137429162083 0.036451735028442345
v 1.810469784655759 1.0575468620519892 0.036451735028442345
v 1.8551075762000369 1.0119532477090376 0.036451735028442345
v 1.8997453677443148 0.9528956165451444 0.036451735028442345
v 1.9443831592885927 0.8545429883493838 0.036451735028442345
v 1.9890209508328707 0.738672102281731 0.036451735028442345
v 2.0336587423771486 0.00887634402279347 0.036451735028442345
v -1.4927256628487666 0.00887634402279347 0.003826247370780479
v -1.4480878713044887 0.6831547632703978 0.003826247370780479
v -1.4034500797602107 0.7799977986207349 0.003826247370780479
v -1.3588122882159324 0.8408323236889421 0.003826247370780479
v -1.3141744966716544 0.8936127077978961 0.003826247370780479
v -1.2695367051273765 0.9390474600869269 0.003826247370780479
v -1.2248989135830985 0.9766322732411529 0.003826247370780479
v -1.1802611220388206 1.0161291417280147 0.003826247370780479
v -1.135623432928365 1.0463395775709774 0.003826247370780479
v -1.090985641384087 1.0690959105784776 0.003826247370780479
v -1.046347849839809 1.0896626886270344 0.003826247370780479
v -1.0017100582955312 1.1082713225251033 0.003826247370780479
v -0.9570722667512531 1.1290198982005708 0.003826247370780479
v -0.9124344752069752 1.147576899050164 0.003826247370780479
v -0.8677967860965193 1.161936281907843 0.003826247370780479
v -0.8231589945522414 1.1752380265488902 0.003826247370780479
v -0.7785212030079635 1.1882105348809353 0.003826247370780479
v -0.7338834114636855 1.2048266756869996 0.003826247370780479
v -0.6892456199194076 1.2240548805583196 0.003826247370780479
v -0.6446078283751294 1.242255863055873 0.003826247370780479
v -0.5999700368308516 1.2595957580349535 0.003826247370780479
v -0.5553322452865737 1.2739157310800902 0.003826247370780479
v -0.5106945561761178 1.2908019914756825 0.003826247370780479
v -0.4660567134149288 1.3087134543781107 0.003826247370780479
v -0.42141897308756193 1.3249211227125541 0.003826247370780479
v -0.3767811815432839 1.3387451175929728 0.003826247370780479
v -0.332143441215917 1.3498525675100754 0.003826247370780479
v -0.2875057008885502 1.3599605706244977 0.003826247370780479
v -0.24286790934427216 1.3677631085081043 0.003826247370780479
v -0.19823011779999422 1.3695206552242605 0.003826247370780479
v -0.15359232625571628 1.3674014402905617 0.003826247370780479
v -0.10895458592834939 1.364014184268288 0.003826247370780479
v -0.06431679438407145 1.3584021040416827 0.003826247370780479
v -0.019679002839793458 1.3495976993563479 0.003826247370780479
v 0.024958763096028957 1.3370090051541008 0.003826247370780479
v 0.0695965546403069 1.321217269354482 0.003826247370780479
v 0.11423432057612931 1.3052451475940638 0.003826247370780479
v 0.15887211212040728 1.2899511121277976 0.003826247370780479
v 0.20350989086045748 1.2761374182486183 0.003826247370780479
v 0.24814766960050766 1.2640951188579266 0.003826247370780479
v 0.29278544193844397 1.253448390664382 0.003826247370780479
v 0.3374232238795511 1.2404128225109083 0.003826247370780479
v 0.3820610026196013 1.2405466202889728 0.003826247370780479
v 0.4266987845607084 1.2467706913859904 0.003826247370780479
v 0.4713365633007586 1.255295669408738 0.003826247370780479
v 0.5159743420408088 1.2711374313262476 0.003826247370780479
v 0.560612120780859 1.2957253835075435 0.003826247370780479
v 0.6052498995209092 1.3144366881059721 0.003826247370780479
v 0.6498876654567316 1.3276900241632148 0.003826247370780479
v 0.6945254570010095 1.3378031873814278 0.003826247370780479
v 0.739163222936832 1.3443504243830886 0.003826247370780479
v 0.78380101448111 1.3515743392138468 0.003826247370780479
v 0.8284386779831102 1.357327483617775 0.003826247370780479
v 0.8730764183104771 1.3613556296525342 0.003826247370780479
v 0.917714209854755 1.3631130739348682 0.003826247370780479
v 0.962352001399033 1.3637969093272881 0.003826247370780479
v 1.006989792943311 1.3631783626922584 0.003826247370780479
v 1.0516275332706777 1.3624607625512135 0.003826247370780479
v 1.0962653248149559 1.3611025925033777 0.003826247370780479
v 1.1409031163592338 1.359380820799606 0.003826247370780479
v 1.1855409079035117 1.356404951811299 0.003826247370780479
v 1.2301786994477897 1.3521706577094708 0.003826247370780479
v 1.2748164909920676 1.34640760283325 0.003826247370780479
v 1.3194541801025235 1.338357277533872 0.003826247370780479
v 1.3640919716468014 1.3296163306013566 0.003826247370780479
v 1.4087297631910793 1.3170421820018543 0.003826247370780479
v 1.4533675547353573 1.2991277997354949 0.003826247370780479
v 1.4980053462796352 1.2831620416762775 0.003826247370780479
v 1.5426431378239132 1.2648556579767924 0.003826247370780479
v 1.587280929368191 1.2436432459493625 0.003826247370780479
v 1.631918720912469 1.2193287472583998 0.003826247370780479
v 1.676556410022925 1.1912821970987622 0.003826247370780479
v 1.721194201567203 1.153897978177811 0.003826247370780479
v 1.765831993111481 1.107948150218346 0.003826247370780479
v 1.810469784655759 1.0599124559364048 0.003826247370780479
v 1.8551075762000369 1.0146384863354605 0.003826247370780479
v 1.8997453677443148 0.9535682226298117 0.003826247370780479
v 1.9443831592885927 0.8546028097015173 0.003826247370780479
v 1.9890209508328707 0.7263867530395419 0.003826247370780479
v 2.0336587423771486 0.00887634402279347 0.003826247370780479
v -1.4927256628487666 0.00887634402279347 -0.02879910264143288
v -1.4480878713044887 0.7031525086327048 -0.02879910264143288
v -1.4034500797602107 0.7873898585705461 -0.02879910264143288
v -1.3588122882159324 0.8516698988973728 -0.02879910264143288
v -1.3141744966716544 0.9043155313132936 -0.02879910264143288
v -1.2695367051273765 0.952160525828968 -0.02879910264143288
v -1.2248989135830985 0.9909572975541441 -0.02879910264143288
v -1.1802611220388206 1.0290820393849025 -0.02879910264143288
v -1.135623432928365 1.0580420271482438 -0.02879910264143288
v -1.090985641384087 1.0798218649313385 -0.02879910264143288
v -1.046347849839809 1.1018226140561194 -0.02879910264143288
v -1.0017100582955312 1.1206999542770761 -0.02879910264143288
v -0.9570722667512531 1.1415085561723213 -0.02879910264143288
v -0.9124344752069752 1.1588496643519828 -0.02879910264143288
v -0.8677967860965193 1.1717193989246395 -0.02879910264143288
v -0.8231589945522414 1.1826463552704112 -0.02879910264143288
v -0.7785212030079635 1.1955798561227586 -0.02879910264143288
v -0.7338834114636855 1.2121870003582873 -0.02879910264143288
v -0.6892456199194076 1.2339215655930504 -0.02879910264143288
v -0.6446078283751294 1.253601388381985 -0.02879910264143288
v -0.5999700368308516 1.2703976094479108 -0.02879910264143288
v -0.5553322452865737 1.2838720489102557 -0.02879910264143288
v -0.5106945561761178 1.3004623203746428 -0.02879910264143288
v -0.4660567134149288 1.317866991942003 -0.02879910264143288
v -0.42141897308756193 1.3338744789795172 -0.02879910264143288
v -0.3767811815432839 1.3474528119459739 -0.02879910264143288
v -0.332143441215917 1.3587853985999259 -0.02879910264143288
v -0.2875057008885502 1.3690849145490784 -0.02879910264143288
v -0.24286790934427216 1.3768472343532647 -0.02879910264143288
v -0.19823011779999422 1.3799432454107214 -0.02879910264143288
v -0.15359232625571628 1.3793841103925366 -0.02879910264143288
v -0.10895458592834939 1.3754237755480383 -0.02879910264143288
v -0.06431679438407145 1.3704598581352907 -0.02879910264143288
v -0.019679002839793458 1.3641312021058623 -0.02879910264143288
v 0.024958763096028957 1.3516979256202664 -0.02879910264143288
v 0.0695965546403069 1.3345476100375229 -0.02879910264143288
v 0.11423432057612931 1.3179775436445542 -0.02879910264143288
v 0.15887211212040728 1.3044682382699961 -0.02879910264143288
v 0.20350989086045748 1.2903416794874132 -0.02879910264143288
v 0.24814766960050766 1.2742842751679444 -0.02879910264143288
v 0.29278544193844397 1.2638778567211546 -0.02879910264143288
v 0.3374232238795511 1.253942646660465 -0.02879910264143288
v 0.3820610026196013 1.2476760399188014 -0.02879910264143288
v 0.4266987845607084 1.2537314473255412 -0.02879910264143288
v 0.4713365633007586 1.2635250682355694 -0.02879910264143288
v 0.5159743420408088 1.2771668653569594 -0.02879910264143288
v 0.560612120780859 1.2989038537918278 -0.02879910264143288
v 0.6052498995209092 1.3177310750642428 -0.02879910264143288
v 0.6498876654567316 1.3306623591846578 -0.02879910264143288
v 0.6945254570010095 1.3406848684702715 -0.02879910264143288
v 0.739163222936832 1.3519065064906113 -0.02879910264143288
v 0.78380101448111 1.360332046880511 -0.02879910264143288
v 0.8284386779831102 1.3661467412073212 -0.02879910264143288
v 0.8730764183104771 1.370594776283285 -0.02879910264143288
v 0.917714209854755 1.3729080136803564 -0.02879910264143288
v 0.962352001399033 1.374207578777697 -0.02879910264143288
v 1.006989792943311 1.3744233300155924 -0.02879910264143288
v 1.0516275332706777 1.374220114116682 -0.02879910264143288
v 1.0962653248149559 1.3731133550810761 -0.02879910264143288
v 1.1409031163592338 1.3711607743675538 -0.02879910264143288
v 1.1855409079035117 1.3684215915295432 -0.02879910264143288
v 1.2301786994477897 1.3638681520505909 -0.02879910264143288
v 1.2748164909920676 1.3571564959601576 -0.02879910264143288
v 1.3194541801025235 1.3480964292589737 -0.02879910264143288
v 1.3640919716468014 1.3377593329013215 -0.02879910264143288
v 1.4087297631910793 1.3243773527676912 -0.02879910264143288
v 1.4533675547353573 1.3056983788443772 -0.02879910264143288
v 1.4980053462796352 1.2878861487071531 -0.02879910264143288
v 1.5426431378239132 1.2686961452493797 -0.02879910264143288
v 1.587280929368191 1.2449702953216077 -0.02879910264143288
v 1.631918720912469 1.2187772915758188 -0.02879910264143288
v 1.676556410022925 1.1940159317378574 -0.02879910264143288
v 1.721194201567203 1.1600856652613605 -0.02879910264143288
v 1.765831993111481 1.1131583377458745 -0.02879910264143288
v 1.810469784655759 1.062612432228989 -0.02879910264143288
v 1.8551075762000369 1.0159955424154805 -0.02879910264143288
v 1.8997453677443148 0.9524890567050462 -0.02879910264143288
v 1.9443831592885927 0.8486077934350464 -0.02879910264143288
v 1.9890209508328707 0.7102026700926477 -0.02879910264143288
v 2.0336587423771486 0.00887634402279347 -0.02879910264143288
v -1.4927256628487666 0.00887634402279347 -0.061424588698566276
v -1.4480878713044887 0.7124807982971784 -0.061424588698566276
v -1.4034500797602107 0.7941058552941928 -0.061424588698566276
v -1.3588122882159324 0.8613560155110584 -0.061424588698566276
v -1.3141744966716544 0.9150874720501843 -0.061424588698566276
v -1.2695367051273765 0.9637224105937943 -0.061424588698566276
v -1.2248989135830985 1.0034312018544487 -0.061424588698566276
v -1.1802611220388206 1.0406681753571219 -0.061424588698566276
v -1.135623432928365 1.0700110607476454 -0.061424588698566276
v -1.090985641384087 1.0916068825713685 -0.061424588698566276
v -1.046347849839809 1.1141675669785696 -0.061424588698566276
v -1.0017100582955312 1.1345196053232245 -0.061424588698566276
v -0.9570722667512531 1.1548520371941093 -0.061424588698566276
v -0.9124344752069752 1.1708505296617484 -0.061424588698566276
v -0.8677967860965193 1.1819296746329728 -0.061424588698566276
v -0.8231589945522414 1.1915263449127906 -0.061424588698566276
v -0.7785212030079635 1.2035301419905833 -0.061424588698566276
v -0.7338834114636855 1.222377875635883 -0.061424588698566276
v -0.6892456199194076 1.2473866195564414 -0.061424588698566276
v -0.6446078283751294 1.2665043687569182 -0.061424588698566276
v -0.5999700368308516 1.2813871196230397 -0.061424588698566276
v -0.5553322452865737 1.2946711730226985 -0.061424588698566276
v -0.5106945561761178 1.3106909905315534 -0.061424588698566276
v -0.4660567134149288 1.327436884580236 -0.061424588698566276
v -0.42141897308756193 1.343050462354687 -0.061424588698566276
v -0.3767811815432839 1.3566345572236396 -0.061424588698566276
v -0.332143441215917 1.368432603165424 -0.061424588698566276
v -0.2875057008885502 1.379238487910128 -0.061424588698566276
v -0.24286790934427216 1.3865162573228798 -0.061424588698566276
v -0.19823011779999422 1.389453816061704 -0.061424588698566276
v -0.15359232625571628 1.3898545115654843 -0.061424588698566276
v -0.10895458592834939 1.3865862964487723 -0.061424588698566276
v -0.06431679438407145 1.382125021801296 -0.061424588698566276
v -0.019679002839793458 1.3770248930135496 -0.061424588698566276
v 0.024958763096028957 1.3669307312693446 -0.061424588698566276
v 0.0695965546403069 1.3499971656542624 -0.061424588698566276
v 0.11423432057612931 1.3333917467884255 -0.061424588698566276
v 0.15887211212040728 1.3187612264051112 -0.061424588698566276
v 0.20350989086045748 1.3057518364953098 -0.061424588698566276
v 0.24814766960050766 1.289354281463063 -0.061424588698566276
v 0.29278544193844397 1.2762491863528076 -0.061424588698566276
v 0.3374232238795511 1.2660184995300234 -0.061424588698566276
v 0.3820610026196013 1.2640216546011063 -0.061424588698566276
v 0.4266987845607084 1.2658152772289994 -0.061424588698566276
v 0.4713365633007586 1.274107429576123 -0.061424588698566276
v 0.5159743420408088 1.2864470303313662 -0.061424588698566276
v 0.560612120780859 1.3081622963938255 -0.061424588698566276
v 0.6052498995209092 1.3250170263785384 -0.061424588698566276
v 0.6498876654567316 1.3386726712722599 -0.061424588698566276
v 0.6945254570010095 1.351023885462089 -0.061424588698566276
v 0.739163222936832 1.3615703693564358 -0.061424588698566276
v 0.78380101448111 1.3709155221888802 -0.061424588698566276
v 0.8284386779831102 1.3772565086896498 -0.061424588698566276
v 0.8730764183104771 1.3813606478162135 -0.061424588698566276
v 0.917714209854755 1.3838740793144417 -0.061424588698566276
v 0.962352001399033 1.3852427616332754 -0.061424588698566276
v 1.006989792943311 1.3860425136996815 -0.061424588698566276
v 1.0516275332706777 1.3867180647567354 -0.061424588698566276
v 1.0962653248149559 1.3866838134474553 -0.061424588698566276
v 1.1409031163592338 1.3844550455409714 -0.061424588698566276
v 1.1855409079035117 1.3812510052138338 -0.061424588698566276
v 1.2301786994477897 1.3768625994265866 -0.061424588698566276
v 1.2748164909920676 1.369806740085287 -0.061424588698566276
v 1.3194541801025235 1.3586748468973746 -0.061424588698566276
v 1.3640919716468014 1.3459326428084137 -0.061424588698566276
v 1.4087297631910793 1.3304585286828146 -0.061424588698566276
v 1.4533675547353573 1.312024205139469 -0.061424588698566276
v 1.4980053462796352 1.2934897397307479 -0.061424588698566276
v 1.5426431378239132 1.2729402473896785 -0.061424588698566276
v 1.587280929368191 1.247232309405492 -0.061424588698566276
v 1.631918720912469 1.2189252348245105 -0.061424588698566276
v 1.676556410022925 1.1946057889000437 -0.061424588698566276
v 1.721194201567203 1.1653851818840466 -0.061424588698566276
v 1.765831993111481 1.11922698152307 -0.061424588698566276
v 1.810469784655759 1.066910395353395 -0.061424588698566276
v 1.8551075762000369 1.0191373413914366 -0.061424588698566276
v 1.8997453677443148 0.9514837711745038 -0.061424588698566276
v 1.9443831592885927 0.840812989305012 -0.061424588698566276
v 1.9890209508328707 0.6873465089233521 -0.061424588698566276
v 2.0336587423771486 0.00887634402279347 -0.061424588698566276
v -1.4927256628487666 0.00887634402279347 -0.0940499403113081
v -1.4480878713044887 0.7151097623425597 -0.0940499403113081
v -1.4034500797602107 0.7938070302265368 -0.0940499403113081
v -1.3588122882159324 0.861365823549529 -0.0940499403113081
v -1.3141744966716544 0.9193909730030999 -0.0940499403113081
v -1.2695367051273765 0.9704187144151333 -0.0940499403113081
v -1.2248989135830985 1.013600037854998 -0.0940499403113081
v -1.1802611220388206 1.0524263105209524 -0.0940499403113081
v -1.135623432928365 1.0827282069628639 -0.0940499403113081
v -1.090985641384087 1.1031608799318895 -0.0940499403113081
v -1.046347849839809 1.1254816675286812 -0.0940499403113081
v -1.0017100582955312 1.1473653908132455 -0.0940499403113081
v -0.9570722667512531 1.1672424683328 -0.0940499403113081
v -0.9124344752069752 1.1821569464748027 -0.0940499403113081
v -0.8677967860965193 1.191767158826014 -0.0940499403113081
v -0.8231589945522414 1.2005953073512166 -0.0940499403113081
v -0.7785212030079635 1.2130504150451573 -0.0940499403113081
v -0.7338834114636855 1.2374342326242005 -0.0940499403113081
v -0.6892456199194076 1.26030233373589 -0.0940499403113081
v -0.6446078283751294 1.277424051075913 -0.0940499403113081
v -0.5999700368308516 1.2912781550979289 -0.0940499403113081
v -0.5553322452865737 1.3042089270492332 -0.0940499403113081
v -0.5106945561761178 1.3200978853502965 -0.0940499403113081
v -0.4660567134149288 1.3360421066984076 -0.0940499403113081
v -0.42141897308756193 1.3510600702097622 -0.0940499403113081
v -0.3767811815432839 1.3648125150654118 -0.0940499403113081
v -0.332143441215917 1.3769904240323974 -0.0940499403113081
v -0.2875057008885502 1.3880786676078474 -0.0940499403113081
v -0.24286790934427216 1.394931592743248 -0.0940499403113081
v -0.19823011779999422 1.3971880561943948 -0.0940499403113081
v -0.15359232625571628 1.398019742004855 -0.0940499403113081
v -0.10895458592834939 1.3959824613246454 -0.0940499403113081
v -0.06431679438407145 1.3928074225734028 -0.0940499403113081
v -0.019679002839793458 1.3890996255131782 -0.0940499403113081
v 0.024958763096028957 1.3792618428215775 -0.0940499403113081
v 0.0695965546403069 1.3634562528475134 -0.0940499403113081
v 0.11423432057612931 1.3474453342769572 -0.0940499403113081
v 0.15887211212040728 1.333313320893345 -0.0940499403113081
v 0.20350989086045748 1.318335383397994 -0.0940499403113081
v 0.24814766960050766 1.3038968752142925 -0.0940499403113081
v 0.29278544193844397 1.2900711645673528 -0.0940499403113081
v 0.3374232238795511 1.2812758508837336 -0.0940499403113081
v 0.3820610026196013 1.27831757490438 -0.0940499403113081
v 0.4266987845607084 1.279682326325289 -0.0940499403113081
v 0.4713365633007586 1.286797289981967 -0.0940499403113081
v 0.5159743420408088 1.2982475090764263 -0.0940499403113081
v 0.560612120780859 1.3193224869251057 -0.0940499403113081
v 0.6052498995209092 1.3375407519290894 -0.0940499403113081
v 0.6498876654567316 1.350593496954114 -0.0940499403113081
v 0.6945254570010095 1.362652262581716 -0.0940499403113081
v 0.739163222936832 1.3731166969845237 -0.0940499403113081
v 0.78380101448111 1.3813332595730172 -0.0940499403113081
v 0.8284386779831102 1.3877418652006308 -0.0940499403113081
v 0.8730764183104771 1.39164246832259 -0.0940499403113081
v 0.917714209854755 1.3944476441505185 -0.0940499403113081
v 0.962352001399033 1.3965002642955944 -0.0940499403113081
v 1.006989792943311 1.3974642433873563 -0.0940499403113081
v 1.0516275332706777 1.3979249395024587 -0.0940499403113081
v 1.0962653248149559 1.398196389131146 -0.0940499403113081
v 1.1409031163592338 1.3959847916940993 -0.0940499403113081
v 1.1855409079035117 1.391860345062295 -0.0940499403113081
v 1.2301786994477897 1.3872551765031589 -0.0940499403113081
v 1.2748164909920676 1.3787589951886619 -0.0940499403113081
v 1.3194541801025235 1.365733228671545 -0.0940499403113081
v 1.3640919716468014 1.3515741343462027 -0.0940499403113081
v 1.4087297631910793 1.3349027096862203 -0.0940499403113081
v 1.4533675547353573 1.3165392319351166 -0.0940499403113081
v 1.4980053462796352 1.2973641838153767 -0.0940499403113081
v 1.5426431378239132 1.2759129793421822 -0.0940499403113081
v 1.587280929368191 1.2489707522138178 -0.0940499403113081
v 1.631918720912469 1.220625786721813 -0.0940499403113081
v 1.676556410022925 1.1947543387490258 -0.0940499403113081
v 1.721194201567203 1.170433577490255 -0.0940499403113081
v 1.765831993111481 1.1269876879945575 -0.0940499403113081
v 1.810469784655759 1.0768698566214776 -0.0940499403113081
v 1.8551075762000369 1.0221878846360881 -0.0940499403113081
v 1.8997453677443148 0.9519404467620869 -0.0940499403113081
v 1.9443831592885927 0.8323420707319018 -0.0940499403113081
v 1.9890209508328707 0.664613268340632 -0.0940499403113081
v 2.0336587423771486 0.00887634402279347 -0.0940499403113081
v -1.4927256628487666 0.00887634402279347 -0.1266754263684415
v -1.4480878713044887 0.7105380896432654 -0.1266754263684415
v -1.4034500797602107 0.7867542567041292 -0.1266754263684415
v -1.3588122882159324 0.8571089812026008 -0.1266754263684415
v -1.3141744966716544 0.9176022992092392 -0.1266754263684415
v -1.2695367051273765 0.9722208198439228 -0.1266754263684415
v -1.2248989135830985 1.0199892322733153 -0.1266754263684415
v -1.1802611220388206 1.064951047605497 -0.1266754263684415
v -1.135623432928365 1.0949207703685302 -0.1266754263684415
v -1.090985641384087 1.114750658706909 -0.1266754263684415
v -1.046347849839809 1.1367132032170861 -0.1266754263684415
v -1.0017100582955312 1.1599623781537651 -0.1266754263684415
v -0.9570722667512531 1.1802201301664559 -0.1266754263684415
v -0.9124344752069752 1.1931048213025506 -0.1266754263684415
v -0.8677967860965193 1.2018722345738628 -0.1266754263684415
v -0.8231589945522414 1.2110078942347335 -0.1266754263684415
v -0.7785212030079635 1.2299356607056988 -0.1266754263684415
v -0.7338834114636855 1.253760647366967 -0.1266754263684415
v -0.6892456199194076 1.272947622624873 -0.1266754263684415
v -0.6446078283751294 1.2885117888843662 -0.1266754263684415
v -0.5999700368308516 1.301837379198905 -0.1266754263684415
v -0.5553322452865737 1.3146997381612435 -0.1266754263684415
v -0.5106945561761178 1.3295459969782255 -0.1266754263684415
v -0.4660567134149288 1.3447099799030493 -0.1266754263684415
v -0.42141897308756193 1.3590391527858374 -0.1266754263684415
v -0.3767811815432839 1.372477317870915 -0.1266754263684415
v -0.332143441215917 1.3853063346241448 -0.1266754263684415
v -0.2875057008885502 1.397097094960329 -0.1266754263684415
v -0.24286790934427216 1.4033189509259425 -0.1266754263684415
v -0.19823011779999422 1.40543513125766 -0.1266754263684415
v -0.15359232625571628 1.4060255085915994 -0.1266754263684415
v -0.10895458592834939 1.4045904107433316 -0.1266754263684415
v -0.06431679438407145 1.400868682683295 -0.1266754263684415
v -0.019679002839793458 1.398117259003538 -0.1266754263684415
v 0.024958763096028957 1.3900506467264389 -0.1266754263684415
v 0.0695965546403069 1.3762139244436182 -0.1266754263684415
v 0.11423432057612931 1.3606396556484157 -0.1266754263684415
v 0.15887211212040728 1.347779524621709 -0.1266754263684415
v 0.20350989086045748 1.3332893769874183 -0.1266754263684415
v 0.24814766960050766 1.3179959433198571 -0.1266754263684415
v 0.29278544193844397 1.3062377057222045 -0.1266754263684415
v 0.3374232238795511 1.2960163211708942 -0.1266754263684415
v 0.3820610026196013 1.293503888402432 -0.1266754263684415
v 0.4266987845607084 1.2957068813984183 -0.1266754263684415
v 0.4713365633007586 1.3017572375373037 -0.1266754263684415
v 0.5159743420408088 1.318164101243138 -0.1266754263684415
v 0.560612120780859 1.3409234624505053 -0.1266754263684415
v 0.6052498995209092 1.3536758715089976 -0.1266754263684415
v 0.6498876654567316 1.3643888871896985 -0.1266754263684415
v 0.6945254570010095 1.3755299866173762 -0.1266754263684415
v 0.739163222936832 1.3846273392298212 -0.1266754263684415
v 0.78380101448111 1.3927472939198031 -0.1266754263684415
v 0.8284386779831102 1.3990651559852232 -0.1266754263684415
v 0.8730764183104771 1.403189500183205 -0.1266754263684415
v 0.917714209854755 1.405735774525659 -0.1266754263684415
v 0.962352001399033 1.4070790916692837 -0.1266754263684415
v 1.006989792943311 1.4081480654287457 -0.1266754263684415
v 1.0516275332706777 1.4086167513819754 -0.1266754263684415
v 1.0962653248149559 1.4098647794625487 -0.1266754263684415
v 1.1409031163592338 1.407210975215297 -0.1266754263684415
v 1.1855409079035117 1.4019025728586718 -0.1266754263684415
v 1.2301786994477897 1.3963320167427191 -0.1266754263684415
v 1.2748164909920676 1.3867843522438918 -0.1266754263684415
v 1.3194541801025235 1.3726725567359257 -0.1266754263684415
v 1.3640919716468014 1.3567530859600905 -0.1266754263684415
v 1.4087297631910793 1.339478274870756 -0.1266754263684415
v 1.4533675547353573 1.320725228489803 -0.1266754263684415
v 1.4980053462796352 1.3013028923191743 -0.1266754263684415
v 1.5426431378239132 1.27896948295486 -0.1266754263684415
v 1.587280929368191 1.2516964009830773 -0.1266754263684415
v 1.631918720912469 1.2227277255511952 -0.1266754263684415
v 1.676556410022925 1.1951658346189284 -0.1266754263684415
v 1.721194201567203 1.1719214075061613 -0.1266754263684415
v 1.765831993111481 1.1345276911930602 -0.1266754263684415
v 1.810469784655759 1.084548302331668 -0.1266754263684415
v 1.8551075762000369 1.0248011635024534 -0.1266754263684415
v 1.8997453677443148 0.9497822173463784 -0.1266754263684415
v 1.9443831592885927 0.8206765485475191 -0.1266754263684415
v 1.9890209508328707 0.6497331679496584 -0.1266754263684415
v 2.0336587423771486 0.00887634402279347 -0.1266754263684415
v -1.4927256628487666 0.00887634402279347 -0.1593009188276888
v -1.4480878713044887 0.6968444289972997 -0.1593009188276888
v -1.4034500797602107 0.7726267888213746 -0.1593009188276888
v -1.3588122882159324 0.8457771884107703 -0.1593009188276888
v -1.3141744966716544 0.9092702296820481 -0.1593009188276888
v -1.2695367051273765 0.9701939618051167 -0.1593009188276888
v -1.2248989135830985 1.0243723883271774 -0.1593009188276888
v -1.1802611220388206 1.074592381432563 -0.1593009188276888
v -1.135623432928365 1.1050379733206042 -0.1593009188276888
v -1.090985641384087 1.1256215281085942 -0.1593009188276888
v -1.046347849839809 1.147969092546706 -0.1593009188276888
v -1.0017100582955312 1.1725876618873392 -0.1593009188276888
v -0.9570722667512531 1.1924070373045055 -0.1593009188276888
v -0.9124344752069752 1.2038876744425566 -0.1593009188276888
v -0.8677967860965193 1.2122082233658131 -0.1593009188276888
v -0.8231589945522414 1.2256213305771482 -0.1593009188276888
v -0.7785212030079635 1.2472285705709836 -0.1593009188276888
v -0.7338834114636855 1.2679749215118763 -0.1593009188276888
v -0.6892456199194076 1.2856315162605771 -0.1593009188276888
v -0.6446078283751294 1.300272446481067 -0.1593009188276888
v -0.5999700368308516 1.312884085859475 -0.1593009188276888
v -0.5553322452865737 1.325423061245298 -0.1593009188276888
v -0.5106945561761178 1.339221690950508 -0.1593009188276888
v -0.4660567134149288 1.353365535440578 -0.1593009188276888
v -0.42141897308756193 1.367526243098619 -0.1593009188276888
v -0.3767811815432839 1.3810481862459842 -0.1593009188276888
v -0.332143441215917 1.3939458208558244 -0.1593009188276888
v -0.2875057008885502 1.405363683666713 -0.1593009188276888
v -0.24286790934427216 1.4116046435401568 -0.1593009188276888
v -0.19823011779999422 1.4131721883204595 -0.1593009188276888
v -0.15359232625571628 1.4124957409674619 -0.1593009188276888
v -0.10895458592834939 1.4089713516657898 -0.1593009188276888
v -0.06431679438407145 1.4050904414461383 -0.1593009188276888
v -0.019679002839793458 1.40253082509835 -0.1593009188276888
v 0.024958763096028957 1.3982582335512668 -0.1593009188276888
v 0.0695965546403069 1.3885290691238241 -0.1593009188276888
v 0.11423432057612931 1.3733611424968477 -0.1593009188276888
v 0.15887211212040728 1.3626260907401575 -0.1593009188276888
v 0.20350989086045748 1.34930009069033 -0.1593009188276888
v 0.24814766960050766 1.3326049269920652 -0.1593009188276888
v 0.29278544193844397 1.320210959485718 -0.1593009188276888
v 0.3374232238795511 1.310874308660512 -0.1593009188276888
v 0.3820610026196013 1.3105027299706766 -0.1593009188276888
v 0.4266987845607084 1.3145270347371052 -0.1593009188276888
v 0.4713365633007586 1.3241108711793779 -0.1593009188276888
v 0.5159743420408088 1.345478707325573 -0.1593009188276888
v 0.560612120780859 1.3590982699054437 -0.1593009188276888
v 0.6052498995209092 1.3699661143083186 -0.1593009188276888
v 0.6498876654567316 1.379003440700986 -0.1593009188276888
v 0.6945254570010095 1.3890393944257564 -0.1593009188276888
v 0.739163222936832 1.397696563295984 -0.1593009188276888
v 0.78380101448111 1.4049363297607194 -0.1593009188276888
v 0.8284386779831102 1.4113855375945863 -0.1593009188276888
v 0.8730764183104771 1.4157815362889 -0.1593009188276888
v 0.917714209854755 1.4184545212693485 -0.1593009188276888
v 0.962352001399033 1.4196488996355727 -0.1593009188276888
v 1.006989792943311 1.4203303150289446 -0.1593009188276888
v 1.0516275332706777 1.4196527409039033 -0.1593009188276888
v 1.0962653248149559 1.4184948545868186 -0.1593009188276888
v 1.1409031163592338 1.4174564061063561 -0.1593009188276888
v 1.1855409079035117 1.4122156100723475 -0.1593009188276888
v 1.2301786994477897 1.405610677220363 -0.1593009188276888
v 1.2748164909920676 1.3952438622500605 -0.1593009188276888
v 1.3194541801025235 1.3789152195716625 -0.1593009188276888
v 1.3640919716468014 1.3626164875693312 -0.1593009188276888
v 1.4087297631910793 1.3437873584669788 -0.1593009188276888
v 1.4533675547353573 1.3243487481228569 -0.1593009188276888
v 1.4980053462796352 1.3046501351296722 -0.1593009188276888
v 1.5426431378239132 1.2813562998468015 -0.1593009188276888
v 1.587280929368191 1.255618745683787 -0.1593009188276888
v 1.631918720912469 1.224608356107831 -0.1593009188276888
v 1.676556410022925 1.1969571316789533 -0.1593009188276888
v 1.721194201567203 1.1697263958892592 -0.1593009188276888
v 1.765831993111481 1.1378965539421448 -0.1593009188276888
v 1.810469784655759 1.087433114054201 -0.1593009188276888
v 1.8551075762000369 1.0250132783396626 -0.1593009188276888
v 1.8997453677443148 0.9422678770213802 -0.1593009188276888
v 1.9443831592885927 0.8023936478017611 -0.1593009188276888
v 1.9890209508328707 0.00887634402279347 -0.1593009188276888
v 2.0336587423771486 0.00887634402279347 -0.1593009188276888
v -1.4927256628487666 0.00887634402279347 -0.19192625763620283
v -1.4480878713044887 0.6798349343115517 -0.19192625763620283
v -1.4034500797602107 0.7559455177102385 -0.19192625763620283
v -1.3588122882159324 0.8307367022627715 -0.19192625763620283
v -1.3141744966716544 0.8963215702245515 -0.19192625763620283
v -1.2695367051273765 0.9629230682626766 -0.19192625763620283
v -1.2248989135830985 1.023220059044944 -0.19192625763620283
v -1.1802611220388206 1.0799778972509226 -0.19192625763620283
v -1.135623432928365 1.1130466720755074 -0.19192625763620283
v -1.090985641384087 1.1349248367246918 -0.19192625763620283
v -1.046347849839809 1.157950681120901 -0.19192625763620283
v -1.0017100582955312 1.183172547411341 -0.19192625763620283
v -0.9570722667512531 1.2022464413314475 -0.19192625763620283
v -0.9124344752069752 1.2134368466392036 -0.19192625763620283
v -0.8677967860965193 1.223871363963831 -0.19192625763620283
v -0.8231589945522414 1.2402667006636168 -0.19192625763620283
v -0.7785212030079635 1.2604941346657448 -0.19192625763620283
v -0.7338834114636855 1.2799974127622107 -0.19192625763620283
v -0.6892456199194076 1.2967512838447928 -0.19192625763620283
v -0.6446078283751294 1.3107036283043607 -0.19192625763620283
v -0.5999700368308516 1.3228668892347792 -0.19192625763620283
v -0.5553322452865737 1.3353967736188868 -0.19192625763620283
v -0.5106945561761178 1.3487147838305868 -0.19192625763620283
v -0.4660567134149288 1.36192709514206 -0.19192625763620283
v -0.42141897308756193 1.375708247076366 -0.19192625763620283
v -0.3767811815432839 1.3897430379585338 -0.19192625763620283
v -0.332143441215917 1.4024917209867456 -0.19192625763620283
v -0.2875057008885502 1.41328962869755 -0.19192625763620283
v -0.24286790934427216 1.419301777020775 -0.19192625763620283
v -0.19823011779999422 1.4204735175123049 -0.19192625763620283
v -0.15359232625571628 1.418838955403863 -0.19192625763620283
v -0.10895458592834939 1.416246380973799 -0.19192625763620283
v -0.06431679438407145 1.4134300910761681 -0.19192625763620283
v -0.019679002839793458 1.4108424846864782 -0.19192625763620283
v 0.024958763096028957 1.4062549859616624 -0.19192625763620283
v 0.0695965546403069 1.3982667099500494 -0.19192625763620283
v 0.11423432057612931 1.3848885710847494 -0.19192625763620283
v 0.15887211212040728 1.3770753160625009 -0.19192625763620283
v 0.20350989086045748 1.366662329046866 -0.19192625763620283
v 0.24814766960050766 1.3540973738829014 -0.19192625763620283
v 0.29278544193844397 1.3376159383545445 -0.19192625763620283
v 0.3374232238795511 1.3285359610791811 -0.19192625763620283
v 0.3820610026196013 1.3278706149916584 -0.19192625763620283
v 0.4266987845607084 1.3347389052003809 -0.19192625763620283
v 0.4713365633007586 1.3514656953412332 -0.19192625763620283
v 0.5159743420408088 1.3649491361756994 -0.19192625763620283
v 0.560612120780859 1.3750099557107955 -0.19192625763620283
v 0.6052498995209092 1.3845136504914668 -0.19192625763620283
v 0.6498876654567316 1.3938927601359525 -0.19192625763620283
v 0.6945254570010095 1.403527122060999 -0.19192625763620283
v 0.739163222936832 1.4115680490571951 -0.19192625763620283
v 0.78380101448111 1.4187255611627472 -0.19192625763620283
v 0.8284386779831102 1.4250156124454545 -0.19192625763620283
v 0.8730764183104771 1.428503228004976 -0.19192625763620283
v 0.917714209854755 1.430458536019013 -0.19192625763620283
v 0.962352001399033 1.4325830134903246 -0.19192625763620283
v 1.006989792943311 1.431564462779814 -0.19192625763620283
v 1.0516275332706777 1.4300237044440025 -0.19192625763620283
v 1.0962653248149559 1.4282464520213112 -0.19192625763620283
v 1.1409031163592338 1.4269577833218012 -0.19192625763620283
v 1.1855409079035117 1.421502644514952 -0.19192625763620283
v 1.2301786994477897 1.4133575423216331 -0.19192625763620283
v 1.2748164909920676 1.400844815602735 -0.19192625763620283
v 1.3194541801025235 1.3843509599734432 -0.19192625763620283
v 1.3640919716468014 1.3670593625415046 -0.19192625763620283
v 1.4087297631910793 1.3472385716069553 -0.19192625763620283
v 1.4533675547353573 1.3273614932871365 -0.19192625763620283
v 1.4980053462796352 1.3075932637075758 -0.19192625763620283
v 1.5426431378239132 1.2836474115382892 -0.19192625763620283
v 1.587280929368191 1.2578105221762486 -0.19192625763620283
v 1.631918720912469 1.228756961116377 -0.19192625763620283
v 1.676556410022925 1.2010321683963283 -0.19192625763620283
v 1.721194201567203 1.168814679253794 -0.19192625763620283
v 1.765831993111481 1.1376171368827288 -0.19192625763620283
v 1.810469784655759 1.086511901083185 -0.19192625763620283
v 1.8551075762000369 1.0226870958683176 -0.19192625763620283
v 1.8997453677443148 0.9318874127442767 -0.19192625763620283
v 1.9443831592885927 0.7745277813012186 -0.19192625763620283
v 1.9890209508328707 0.00887634402279347 -0.19192625763620283
v 2.0336587423771486 0.00887634402279347 -0.19192625763620283
v -1.4927256628487666 0.00887634402279347 -0.22455176289967788
v -1.4480878713044887 0.6562460640124447 -0.22455176289967788
v -1.4034500797602107 0.7351085832599991 -0.22455176289967788
v -1.3588122882159324 0.8088131754356612 -0.22455176289967788
v -1.3141744966716544 0.8783804143179287 -0.22455176289967788
v -1.2695367051273765 0.950616310351659 -0.22455176289967788
v -1.2248989135830985 1.0167622467700168 -0.22455176289967788
v -1.1802611220388206 1.0804458789716251 -0.22455176289967788
v -1.135623432928365 1.1203149375501982 -0.22455176289967788
v -1.090985641384087 1.143599582598588 -0.22455176289967788
v -1.046347849839809 1.1677482477337422 -0.22455176289967788
v -1.0017100582955312 1.1922840542973197 -0.22455176289967788
v -0.9570722667512531 1.2115286293738414 -0.22455176289967788
v -0.9124344752069752 1.2238157840121457 -0.22455176289967788
v -0.8677967860965193 1.2359108304191289 -0.22455176289967788
v -0.8231589945522414 1.2528084097520682 -0.22455176289967788
v -0.7785212030079635 1.2728647600648706 -0.22455176289967788
v -0.7338834114636855 1.2913984124051285 -0.22455176289967788
v -0.6892456199194076 1.3076128669802891 -0.22455176289967788
v -0.6446078283751294 1.3214660683042472 -0.22455176289967788
v -0.5999700368308516 1.3334587385081091 -0.22455176289967788
v -0.5553322452865737 1.3459448708459325 -0.22455176289967788
v -0.5106945561761178 1.358335611686882 -0.22455176289967788
v -0.4660567134149288 1.371308727219416 -0.22455176289967788
v -0.42141897308756193 1.3856396030644973 -0.22455176289967788
v -0.3767811815432839 1.400108546897604 -0.22455176289967788
v -0.332143441215917 1.411662544258125 -0.22455176289967788
v -0.2875057008885502 1.4213719901748043 -0.22455176289967788
v -0.24286790934427216 1.427569082763914 -0.22455176289967788
v -0.19823011779999422 1.4291744256245886 -0.22455176289967788
v -0.15359232625571628 1.4273610908880463 -0.22455176289967788
v -0.10895458592834939 1.4252751285338618 -0.22455176289967788
v -0.06431679438407145 1.4226722595046724 -0.22455176289967788
v -0.019679002839793458 1.4202124905250209 -0.22455176289967788
v 0.024958763096028957 1.415818207597228 -0.22455176289967788
v 0.0695965546403069 1.4091840554974764 -0.22455176289967788
v 0.11423432057612931 1.3992811889161294 -0.22455176289967788
v 0.15887211212040728 1.391636296684806 -0.22455176289967788
v 0.20350989086045748 1.3835201832631545 -0.22455176289967788
v 0.24814766960050766 1.3738089191461318 -0.22455176289967788
v 0.29278544193844397 1.3632538436149524 -0.22455176289967788
v 0.3374232238795511 1.3536799176449723 -0.22455176289967788
v 0.3820610026196013 1.3512757190138354 -0.22455176289967788
v 0.4266987845607084 1.3641668746844244 -0.22455176289967788
v 0.4713365633007586 1.372071078136511 -0.22455176289967788
v 0.5159743420408088 1.3817981170621443 -0.22455176289967788
v 0.560612120780859 1.3910426158601021 -0.22455176289967788
v 0.6052498995209092 1.4004967966919935 -0.22455176289967788
v 0.6498876654567316 1.4094370158212663 -0.22455176289967788
v 0.6945254570010095 1.4182533412426535 -0.22455176289967788
v 0.739163222936832 1.4261567252241627 -0.22455176289967788
v 0.78380101448111 1.4327910821915588 -0.22455176289967788
v 0.8284386779831102 1.4387370326572217 -0.22455176289967788
v 0.8730764183104771 1.442800249471838 -0.22455176289967788
v 0.917714209854755 1.4439388270134481 -0.22455176289967788
v 0.962352001399033 1.4443881273658368 -0.22455176289967788
v 1.006989792943311 1.442588237068451 -0.22455176289967788
v 1.0516275332706777 1.4397805260034247 -0.22455176289967788
v 1.0962653248149559 1.4368048746869897 -0.22455176289967788
v 1.1409031163592338 1.4337960604206348 -0.22455176289967788
v 1.1855409079035117 1.4298257254742497 -0.22455176289967788
v 1.2301786994477897 1.4202694693385898 -0.22455176289967788
v 1.2748164909920676 1.4070612169673193 -0.22455176289967788
v 1.3194541801025235 1.3897702341383136 -0.22455176289967788
v 1.3640919716468014 1.371082463710523 -0.22455176289967788
v 1.4087297631910793 1.3506610008429085 -0.22455176289967788
v 1.4533675547353573 1.3301246456395293 -0.22455176289967788
v 1.4980053462796352 1.3098501112855556 -0.22455176289967788
v 1.5426431378239132 1.286151752034802 -0.22455176289967788
v 1.587280929368191 1.2602379604807852 -0.22455176289967788
v 1.631918720912469 1.232586737652436 -0.22455176289967788
v 1.676556410022925 1.206510550077634 -0.22455176289967788
v 1.721194201567203 1.165442177103032 -0.22455176289967788
v 1.765831993111481 1.1343140590548606 -0.22455176289967788
v 1.810469784655759 1.0780706883184972 -0.22455176289967788
v 1.8551075762000369 1.0166250110567965 -0.22455176289967788
v 1.8997453677443148 0.9166553241319534 -0.22455176289967788
v 1.9443831592885927 0.7448173633568347 -0.22455176289967788
v 1.9890209508328707 0.00887634402279347 -0.22455176289967788
v 2.0336587423771486 0.00887634402279347 -0.22455176289967788
v -1.4927256628487666 0.00887634402279347 -0.2571770889039642
v -1.4480878713044887 0.6327880529211293 -0.2571770889039642
v -1.4034500797602107 0.7139238859835735 -0.2571770889039642
v -1.3588122882159324 0.7877475830859361 -0.2571770889039642
v -1.3141744966716544 0.8596382771390338 -0.2571770889039642
v -1.2695367051273765 0.9363590844247008 -0.2571770889039642
v -1.2248989135830985 1.0076872247307995 -0.2571770889039642
v -1.1802611220388206 1.0746696869577141 -0.2571770889039642
v -1.135623432928365 1.121925751017187 -0.2571770889039642
v -1.090985641384087 1.150737185730489 -0.2571770889039642
v -1.046347849839809 1.1754514544196437 -0.2571770889039642
v -1.0017100582955312 1.199708652990947 -0.2571770889039642
v -0.9570722667512531 1.2194819466425901 -0.2571770889039642
v -0.9124344752069752 1.233535639766001 -0.2571770889039642
v -0.8677967860965193 1.2470118077990946 -0.2571770889039642
v -0.8231589945522414 1.2639283822039282 -0.2571770889039642
v -0.7785212030079635 1.2828360460372974 -0.2571770889039642
v -0.7338834114636855 1.3009197001947532 -0.2571770889039642
v -0.6892456199194076 1.3169879176845725 -0.2571770889039642
v -0.6446078283751294 1.3311226583686993 -0.2571770889039642
v -0.5999700368308516 1.3438600096553361 -0.2571770889039642
v -0.5553322452865737 1.3561489824939836 -0.2571770889039642
v -0.5106945561761178 1.3705930477125363 -0.2571770889039642
v -0.4660567134149288 1.3842461701733875 -0.2571770889039642
v -0.42141897308756193 1.3972705154212224 -0.2571770889039642
v -0.3767811815432839 1.4098115138750327 -0.2571770889039642
v -0.332143441215917 1.4201957169866444 -0.2571770889039642
v -0.2875057008885502 1.4291559363196913 -0.2571770889039642
v -0.24286790934427216 1.4352752048124255 -0.2571770889039642
v -0.19823011779999422 1.4370132506896907 -0.2571770889039642
v -0.15359232625571628 1.4354493167016185 -0.2571770889039642
v -0.10895458592834939 1.4331982310261344 -0.2571770889039642
v -0.06431679438407145 1.4315246672399105 -0.2571770889039642
v -0.019679002839793458 1.4295170155427566 -0.2571770889039642
v 0.024958763096028957 1.4262113992767333 -0.2571770889039642
v 0.0695965546403069 1.421165739673913 -0.2571770889039642
v 0.11423432057612931 1.4142137610324972 -0.2571770889039642
v 0.15887211212040728 1.4071776330061885 -0.2571770889039642
v 0.20350989086045748 1.3997118975297984 -0.2571770889039642
v 0.24814766960050766 1.3926029902728547 -0.2571770889039642
v 0.29278544193844397 1.3870156606185255 -0.2571770889039642
v 0.3374232238795511 1.3855437122027408 -0.2571770889039642
v 0.3820610026196013 1.3832061083602265 -0.2571770889039642
v 0.4266987845607084 1.3845763143821648 -0.2571770889039642
v 0.4713365633007586 1.3899755627348056 -0.2571770889039642
v 0.5159743420408088 1.3963857688908905 -0.2571770889039642
v 0.560612120780859 1.4055129553540355 -0.2571770889039642
v 0.6052498995209092 1.4142639023884378 -0.2571770889039642
v 0.6498876654567316 1.4232423037249156 -0.2571770889039642
v 0.6945254570010095 1.4315998536653656 -0.2571770889039642
v 0.739163222936832 1.4392126072849907 -0.2571770889039642
v 0.78380101448111 1.4458088588705484 -0.2571770889039642
v 0.8284386779831102 1.4505387406081476 -0.2571770889039642
v 0.8730764183104771 1.4540215929949394 -0.2571770889039642
v 0.917714209854755 1.4551206566896566 -0.2571770889039642
v 0.962352001399033 1.4539630776740382 -0.2571770889039642
v 1.006989792943311 1.4501094404595332 -0.2571770889039642
v 1.0516275332706777 1.4477894424302002 -0.2571770889039642
v 1.0962653248149559 1.4446463118145563 -0.2571770889039642
v 1.1409031163592338 1.4411629728671094 -0.2571770889039642
v 1.1855409079035117 1.4355103672596177 -0.2571770889039642
v 1.2301786994477897 1.426786513971173 -0.2571770889039642
v 1.2748164909920676 1.4130703434927907 -0.2571770889039642
v 1.3194541801025235 1.3948701580584157 -0.2571770889039642
v 1.3640919716468014 1.3748612089968115 -0.2571770889039642
v 1.4087297631910793 1.3539201249579051 -0.2571770889039642
v 1.4533675547353573 1.3334636937442554 -0.2571770889039642
v 1.4980053462796352 1.3126714588531552 -0.2571770889039642
v 1.5426431378239132 1.288860524831863 -0.2571770889039642
v 1.587280929368191 1.2636012661950182 -0.2571770889039642
v 1.631918720912469 1.2362393612952072 -0.2571770889039642
v 1.676556410022925 1.209498640701346 -0.2571770889039642
v 1.721194201567203 1.1688406504290951 -0.2571770889039642
v 1.765831993111481 1.13185883237501 -0.2571770889039642
v 1.810469784655759 1.0728854626330029 -0.2571770889039642
v 1.8551075762000369 1.0051311423498754 -0.2571770889039642
v 1.8997453677443148 0.8925945668226745 -0.2571770889039642
v 1.9443831592885927 0.7011951007253138 -0.2571770889039642
v 1.9890209508328707 0.00887634402279347 -0.2571770889039642
v 2.0336587423771486 0.00887634402279347 -0.2571770889039642
v -1.4927256628487666 0.00887634402279347 -0.28980259416743925
v -1.4480878713044887 0.606501639132714 -0.28980259416743925
v -1.4034500797602107 0.6878031076855686 -0.28980259416743925
v -1.3588122882159324 0.7630482277209424 -0.28980259416743925
v -1.3141744966716544 0.8393540499846397 -0.28980259416743925
v -1.2695367051273765 0.920270572233869 -0.28980259416743925
v -1.2248989135830985 0.9964032429254559 -0.28980259416743925
v -1.1802611220388206 1.067457308736175 -0.28980259416743925
v -1.135623432928365 1.1192835698076917 -0.28980259416743925
v -1.090985641384087 1.1525691074041655 -0.28980259416743925
v -1.046347849839809 1.1800089252296824 -0.28980259416743925
v -1.0017100582955312 1.205742837390161 -0.28980259416743925
v -0.9570722667512531 1.2264216812412025 -0.28980259416743925
v -0.9124344752069752 1.242124594112793 -0.28980259416743925
v -0.8677967860965193 1.2574000378403396 -0.28980259416743925
v -0.8231589945522414 1.2747852021666946 -0.28980259416743925
v -0.7785212030079635 1.2920256659150406 -0.28980259416743925
v -0.7338834114636855 1.30972753641313 -0.28980259416743925
v -0.6892456199194076 1.3263487300875774 -0.28980259416743925
v -0.6446078283751294 1.3410828238693093 -0.28980259416743925
v -0.5999700368308516 1.3547494803989115 -0.28980259416743925
v -0.5553322452865737 1.3677987810866667 -0.28980259416743925
v -0.5106945561761178 1.3827028509920225 -0.28980259416743925
v -0.4660567134149288 1.395539947212974 -0.28980259416743925
v -0.42141897308756193 1.4073759961027745 -0.28980259416743925
v -0.3767811815432839 1.4182578739392833 -0.28980259416743925
v -0.332143441215917 1.4281933913014395 -0.28980259416743925
v -0.2875057008885502 1.4363660994098266 -0.28980259416743925
v -0.24286790934427216 1.4420942755696067 -0.28980259416743925
v -0.19823011779999422 1.4437141896414816 -0.28980259416743925
v -0.15359232625571628 1.4425653943261123 -0.28980259416743925
v -0.10895458592834939 1.4414855369730475 -0.28980259416743925
v -0.06431679438407145 1.441104969715319 -0.28980259416743925
v -0.019679002839793458 1.4397312297265168 -0.28980259416743925
v 0.024958763096028957 1.436424204995439 -0.28980259416743925
v 0.0695965546403069 1.4324360721724558 -0.28980259416743925
v 0.11423432057612931 1.4287301957463963 -0.28980259416743925
v 0.15887211212040728 1.4231907795123762 -0.28980259416743925
v 0.20350989086045748 1.416849280842496 -0.28980259416743925
v 0.24814766960050766 1.4117455156540633 -0.28980259416743925
v 0.29278544193844397 1.408857470864019 -0.28980259416743925
v 0.3374232238795511 1.4066873079080302 -0.28980259416743925
v 0.3820610026196013 1.4038015934874397 -0.28980259416743925
v 0.4266987845607084 1.4046048795207098 -0.28980259416743925
v 0.4713365633007586 1.4090678443262514 -0.28980259416743925
v 0.5159743420408088 1.4148133318019744 -0.28980259416743925
v 0.560612120780859 1.4218957599158932 -0.28980259416743925
v 0.6052498995209092 1.4295103317358615 -0.28980259416743925
v 0.6498876654567316 1.4375888519447853 -0.28980259416743925
v 0.6945254570010095 1.4451744349930862 -0.28980259416743925
v 0.739163222936832 1.4520172703970053 -0.28980259416743925
v 0.78380101448111 1.4576705674327965 -0.28980259416743925
v 0.8284386779831102 1.4612304244453866 -0.28980259416743925
v 0.8730764183104771 1.4630736698579958 -0.28980259416743925
v 0.917714209854755 1.463279203322132 -0.28980259416743925
v 0.962352001399033 1.4618011857023852 -0.28980259416743925
v 1.006989792943311 1.458427988722201 -0.28980259416743925
v 1.0516275332706777 1.4558481416945386 -0.28980259416743925
v 1.0962653248149559 1.4501659327124465 -0.28980259416743925
v 1.1409031163592338 1.445312976737539 -0.28980259416743925
v 1.1855409079035117 1.4399718211662826 -0.28980259416743925
v 1.2301786994477897 1.4315383933720778 -0.28980259416743925
v 1.2748164909920676 1.4178426584412138 -0.28980259416743925
v 1.3194541801025235 1.3985816939531488 -0.28980259416743925
v 1.3640919716468014 1.3781405381832266 -0.28980259416743925
v 1.4087297631910793 1.357228250852571 -0.28980259416743925
v 1.4533675547353573 1.3361739902444207 -0.28980259416743925
v 1.4980053462796352 1.3150828278518425 -0.28980259416743925
v 1.5426431378239132 1.2912826109691922 -0.28980259416743925
v 1.587280929368191 1.2667988403871329 -0.28980259416743925
v 1.631918720912469 1.2396380386886503 -0.28980259416743925
v 1.676556410022925 1.211917589802872 -0.28980259416743925
v 1.721194201567203 1.1708813513386143 -0.28980259416743925
v 1.765831993111481 1.129764774547819 -0.28980259416743925
v 1.810469784655759 1.067105935117758 -0.28980259416743925
v 1.8551075762000369 0.9909586035853765 -0.28980259416743925
v 1.8997453677443148 0.8684767282660045 -0.28980259416743925
v 1.9443831592885927 0.00887634402279347 -0.28980259416743925
v 1.9890209508328707 0.00887634402279347 -0.28980259416743925
v 2.0336587423771486 0.00887634402279347 -0.28980259416743925
v -1.4927256628487666 0.00887634402279347 -0.3224279457801811
v -1.4480878713044887 0.038442125410307115 -0.3224279457801811
v -1.4034500797602107 0.6566250691543855 -0.3224279457801811
v -1.3588122882159324 0.7362882111558344 -0.3224279457801811
v -1.3141744966716544 0.8187489744908282 -0.3224279457801811
v -1.2695367051273765 0.902114151650006 -0.3224279457801811
v -1.2248989135830985 0.9818796378440067 -0.3224279457801811
v -1.1802611220388206 1.0571276900475393 -0.3224279457801811
v -1.135623432928365 1.1128217209999607 -0.3224279457801811
v -1.090985641384087 1.149936731032084 -0.3224279457801811
v -1.046347849839809 1.1827173963271265 -0.3224279457801811
v -1.0017100582955312 1.2105921537633257 -0.3224279457801811
v -0.9570722667512531 1.2330653340779585 -0.3224279457801811
v -0.9124344752069752 1.249847809805375 -0.3224279457801811
v -0.8677967860965193 1.2667355810998437 -0.3224279457801811
v -0.8231589945522414 1.2841559186398783 -0.3224279457801811
v -0.7785212030079635 1.3005934996881288 -0.3224279457801811
v -0.7338834114636855 1.3182948580171074 -0.3224279457801811
v -0.6892456199194076 1.3353291672962704 -0.3224279457801811
v -0.6446078283751294 1.350666762745404 -0.3224279457801811
v -0.5999700368308516 1.3652992933924781 -0.3224279457801811
v -0.5553322452865737 1.3798772652250315 -0.3224279457801811
v -0.5106945561761178 1.3938660761252835 -0.3224279457801811
v -0.4660567134149288 1.4050399159633646 -0.3224279457801811
v -0.42141897308756193 1.41699814279453 -0.3224279457801811
v -0.3767811815432839 1.4274745875629842 -0.3224279457801811
v -0.332143441215917 1.4364878676159027 -0.3224279457801811
v -0.2875057008885502 1.4442201871144282 -0.3224279457801811
v -0.24286790934427216 1.4502049343902288 -0.3224279457801811
v -0.19823011779999422 1.4525091063940403 -0.3224279457801811
v -0.15359232625571628 1.452186030118991 -0.3224279457801811
v -0.10895458592834939 1.451050167073668 -0.3224279457801811
v -0.06431679438407145 1.450925172202194 -0.3224279457801811
v -0.019679002839793458 1.4508663495798266 -0.3224279457801811
v 0.024958763096028957 1.448580590055546 -0.3224279457801811
v 0.0695965546403069 1.4465501980498758 -0.3224279457801811
v 0.11423432057612931 1.4446567344559595 -0.3224279457801811
v 0.15887211212040728 1.4403940277727136 -0.3224279457801811
v 0.20350989086045748 1.4360080675929703 -0.3224279457801811
v 0.24814766960050766 1.4325421680037438 -0.3224279457801811
v 0.29278544193844397 1.429658886386429 -0.3224279457801811
v 0.3374232238795511 1.426400159202493 -0.3224279457801811
v 0.3820610026196013 1.425242682620697 -0.3224279457801811
v 0.4266987845607084 1.426244741485842 -0.3224279457801811
v 0.4713365633007586 1.4286659185229997 -0.3224279457801811
v 0.5159743420408088 1.4336351881029543 -0.3224279457801811
v 0.560612120780859 1.4389707866393593 -0.3224279457801811
v 0.6052498995209092 1.4448752257985973 -0.3224279457801811
v 0.6498876654567316 1.4514053819604151 -0.3224279457801811
v 0.6945254570010095 1.4576658298685223 -0.3224279457801811
v 0.739163222936832 1.4631493684525618 -0.3224279457801811
v 0.78380101448111 1.4673279769678258 -0.3224279457801811
v 0.8284386779831102 1.4701102076195933 -0.3224279457801811
v 0.8730764183104771 1.4715850241823982 -0.3224279457801811
v 0.917714209854755 1.4707002776520663 -0.3224279457801811
v 0.962352001399033 1.4678913629896297 -0.3224279457801811
v 1.006989792943311 1.4634290896123874 -0.3224279457801811
v 1.0516275332706777 1.459010760344846 -0.3224279457801811
v 1.0962653248149559 1.4538158290547032 -0.3224279457801811
v 1.1409031163592338 1.4490993149308942 -0.3224279457801811
v 1.1855409079035117 1.4439309652175984 -0.3224279457801811
v 1.2301786994477897 1.4362750357419387 -0.3224279457801811
v 1.2748164909920676 1.4219968108814405 -0.3224279457801811
v 1.3194541801025235 1.4026586625083883 -0.3224279457801811
v 1.3640919716468014 1.3819914352929896 -0.3224279457801811
v 1.4087297631910793 1.3607470831193915 -0.3224279457801811
v 1.4533675547353573 1.339685332037997 -0.3224279457801811
v 1.4980053462796352 1.318024740028108 -0.3224279457801811
v 1.5426431378239132 1.2933744376596945 -0.3224279457801811
v 1.587280929368191 1.2682943549841252 -0.3224279457801811
v 1.631918720912469 1.243250950018998 -0.3224279457801811
v 1.676556410022925 1.214663046712489 -0.3224279457801811
v 1.721194201567203 1.1726539538759817 -0.3224279457801811
v 1.765831993111481 1.1265012105668437 -0.3224279457801811
v 1.810469784655759 1.0609727228209844 -0.3224279457801811
v 1.8551075762000369 0.977498607291954 -0.3224279457801811
v 1.8997453677443148 0.8361229799326833 -0.3224279457801811
v 1.9443831592885927 0.00887634402279347 -0.3224279457801811
v 1.9890209508328707 0.00887634402279347 -0.3224279457801811
v 2.0336587423771486 0.00887634402279347 -0.3224279457801811
v -1.4927256628487666 0.00887634402279347 -0.3550534254352006
v -1.4480878713044887 0.00887634402279347 -0.3550534254352006
v -1.4034500797602107 0.6234704163741589 -0.3550534254352006
v -1.3588122882159324 0.7092853752153288 -0.3550534254352006
v -1.3141744966716544 0.7987498718803778 -0.3550534254352006
v -1.2695367051273765 0.8840966825458842 -0.3550534254352006
v -1.2248989135830985 0.9653960896180681 -0.3550534254352006
v -1.1802611220388206 1.04665637977442 -0.3550534254352006
v -1.135623432928365 1.1048121195469995 -0.3550534254352006
v -1.090985641384087 1.1458012647617568 -0.3550534254352006
v -1.046347849839809 1.1815764876157984 -0.3550534254352006
v -1.0017100582955312 1.2130696149846958 -0.3550534254352006
v -0.9570722667512531 1.237522556187346 -0.3550534254352006
v -0.9124344752069752 1.2542792634063789 -0.3550534254352006
v -0.8677967860965193 1.273077681568429 -0.3550534254352006
v -0.8231589945522414 1.2918732699961426 -0.3550534254352006
v -0.7785212030079635 1.3081278402169012 -0.3550534254352006
v -0.7338834114636855 1.3254588362576825 -0.3550534254352006
v -0.6892456199194076 1.342603300308336 -0.3550534254352006
v -0.6446078283751294 1.3580180924466845 -0.3550534254352006
v -0.5999700368308516 1.373753540861034 -0.3550534254352006
v -0.5553322452865737 1.3891362968215066 -0.3550534254352006
v -0.5106945561761178 1.400797516785359 -0.3550534254352006
v -0.4660567134149288 1.4126767159227385 -0.3550534254352006
v -0.42141897308756193 1.4244925597411207 -0.3550534254352006
v -0.3767811815432839 1.4345016245875777 -0.3550534254352006
v -0.332143441215917 1.4440968824010196 -0.3550534254352006
v -0.2875057008885502 1.4515529122727613 -0.3550534254352006
v -0.24286790934427216 1.4578413502227698 -0.3550534254352006
v -0.19823011779999422 1.4605290088482408 -0.3550534254352006
v -0.15359232625571628 1.4610341868506103 -0.3550534254352006
v -0.10895458592834939 1.460373078962479 -0.3550534254352006
v -0.06431679438407145 1.460405012706533 -0.3550534254352006
v -0.019679002839793458 1.4611161339083272 -0.3550534254352006
v 0.024958763096028957 1.4604201729122104 -0.3550534254352006
v 0.0695965546403069 1.4595093569741424 -0.3550534254352006
v 0.11423432057612931 1.458066397330025 -0.3550534254352006
v 0.15887211212040728 1.4559786167754973 -0.3550534254352006
v 0.20350989086045748 1.4533070146516476 -0.3550534254352006
v 0.24814766960050766 1.4508496784752722 -0.3550534254352006
v 0.29278544193844397 1.4485945466638135 -0.3550534254352006
v 0.3374232238795511 1.445878897996441 -0.3550534254352006
v 0.3820610026196013 1.4443436710870254 -0.3550534254352006
v 0.4266987845607084 1.4452491092494308 -0.3550534254352006
v 0.4713365633007586 1.4474012694611773 -0.3550534254352006
v 0.5159743420408088 1.451286430684448 -0.3550534254352006
v 0.560612120780859 1.4548607308659607 -0.3550534254352006
v 0.6052498995209092 1.4592696618303203 -0.3550534254352006
v 0.6498876654567316 1.4639872002923509 -0.3550534254352006
v 0.6945254570010095 1.4688133698227674 -0.3550534254352006
v 0.739163222936832 1.4731019410461053 -0.3550534254352006
v 0.78380101448111 1.4764567511552142 -0.3550534254352006
v 0.8284386779831102 1.4780908267030008 -0.3550534254352006
v 0.8730764183104771 1.4784434039188281 -0.3550534254352006
v 0.917714209854755 1.4766114774435661 -0.3550534254352006
v 0.962352001399033 1.4728188907870599 -0.3550534254352006
v 1.006989792943311 1.4673286940045809 -0.3550534254352006
v 1.0516275332706777 1.4621155807110071 -0.3550534254352006
v 1.0962653248149559 1.4571052607768276 -0.3550534254352006
v 1.1409031163592338 1.4535084251544426 -0.3550534254352006
v 1.1855409079035117 1.4496151972676778 -0.3550534254352006
v 1.2301786994477897 1.4417080488432046 -0.3550534254352006
v 1.2748164909920676 1.4256803567342722 -0.3550534254352006
v 1.3194541801025235 1.4058730102388792 -0.3550534254352006
v 1.3640919716468014 1.385824342462738 -0.3550534254352006
v 1.4087297631910793 1.3648224127334767 -0.3550534254352006
v 1.4533675547353573 1.3435389564482745 -0.3550534254352006
v 1.4980053462796352 1.3213659136346438 -0.3550534254352006
v 1.5426431378239132 1.2952453658127387 -0.3550534254352006
v 1.587280929368191 1.2694249554918358 -0.3550534254352006
v 1.631918720912469 1.2439107326695555 -0.3550534254352006
v 1.676556410022925 1.2153844785186936 -0.3550534254352006
v 1.721194201567203 1.1693273303236607 -0.3550534254352006
v 1.765831993111481 1.1216800859021678 -0.3550534254352006
v 1.810469784655759 1.0560283062471278 -0.3550534254352006
v 1.8551075762000369 0.9607303826700436 -0.3550534254352006
v 1.8997453677443148 0.8046792024583974 -0.3550534254352006
v 1.9443831592885927 0.00887634402279347 -0.3550534254352006
v 1.9890209508328707 0.00887634402279347 -0.3550534254352006
v 2.0336587423771486 0.00887634402279347 -0.3550534254352006
v -1.4927256628487666 0.00887634402279347 -0.3876787770479424
v -1.4480878713044887 0.00887634402279347 -0.3876787770479424
v -1.4034500797602107 0.5802480041673855 -0.3876787770479424
v -1.3588122882159324 0.679782488194613 -0.3876787770479424
v -1.3141744966716544 0.7792731305459618 -0.3876787770479424
v -1.2695367051273765 0.8685255379822572 -0.3876787770479424
v -1.2248989135830985 0.9484046360892457 -0.3876787770479424
v -1.1802611220388206 1.0342192620204935 -0.3876787770479424
v -1.135623432928365 1.0950271799033984 -0.3876787770479424
v -1.090985641384087 1.1383132035137244 -0.3876787770479424
v -1.046347849839809 1.1791512732455725 -0.3876787770479424
v -1.0017100582955312 1.2131686492843694 -0.3876787770479424
v -0.9570722667512531 1.2406208976142565 -0.3876787770479424
v -0.9124344752069752 1.2599541995870986 -0.3876787770479424
v -0.8677967860965193 1.2807933235602862 -0.3876787770479424
v -0.8231589945522414 1.2988976949582713 -0.3876787770479424
v -0.7785212030079635 1.3144829753893545 -0.3876787770479424
v -0.7338834114636855 1.3322494176080792 -0.3876787770479424
v -0.6892456199194076 1.3493832669539128 -0.3876787770479424
v -0.6446078283751294 1.3642806658566011 -0.3876787770479424
v -0.5999700368308516 1.3807460320791087 -0.3876787770479424
v -0.5553322452865737 1.3967668483177298 -0.3876787770479424
v -0.5106945561761178 1.4082904484415288 -0.3876787770479424
v -0.4660567134149288 1.4198989149869758 -0.3876787770479424
v -0.42141897308756193 1.4310539582186932 -0.3876787770479424
v -0.3767811815432839 1.4422207045145905 -0.3876787770479424
v -0.332143441215917 1.4519912009892693 -0.3876787770479424
v -0.2875057008885502 1.4589728598306517 -0.3876787770479424
v -0.24286790934427216 1.4644040547315746 -0.3876787770479424
v -0.19823011779999422 1.4681892661528864 -0.3876787770479424
v -0.15359232625571628 1.4700116918911443 -0.3876787770479424
v -0.10895458592834939 1.470990600712484 -0.3876787770479424
v -0.06431679438407145 1.472274506239264 -0.3876787770479424
v -0.019679002839793458 1.4732943629810067 -0.3876787770479424
v 0.024958763096028957 1.473266168071461 -0.3876787770479424
v 0.0695965546403069 1.4730623247653902 -0.3876787770479424
v 0.11423432057612931 1.4723824458793506 -0.3876787770479424
v 0.15887211212040728 1.471809046951432 -0.3876787770479424
v 0.20350989086045748 1.4707541322340596 -0.3876787770479424
v 0.24814766960050766 1.469534299063032 -0.3876787770479424
v 0.29278544193844397 1.4676886464556025 -0.3876787770479424
v 0.3374232238795511 1.465228775042129 -0.3876787770479424
v 0.3820610026196013 1.4636490662454462 -0.3876787770479424
v 0.4266987845607084 1.4637579021814766 -0.3876787770479424
v 0.4713365633007586 1.465421171368575 -0.3876787770479424
v 0.5159743420408088 1.4695183449952327 -0.3876787770479424
v 0.560612120780859 1.472106258686389 -0.3876787770479424
v 0.6052498995209092 1.474157880101699 -0.3876787770479424
v 0.6498876654567316 1.4772765290338499 -0.3876787770479424
v 0.6945254570010095 1.4805716202246477 -0.3876787770479424
v 0.739163222936832 1.4832669357783241 -0.3876787770479424
v 0.78380101448111 1.4849722540494135 -0.3876787770479424
v 0.8284386779831102 1.485859510208388 -0.3876787770479424
v 0.8730764183104771 1.4848552234076116 -0.3876787770479424
v 0.917714209854755 1.4823515871436261 -0.3876787770479424
v 0.962352001399033 1.4774467996547125 -0.3876787770479424
v 1.006989792943311 1.4711780546070115 -0.3876787770479424
v 1.0516275332706777 1.4655379971427327 -0.3876787770479424
v 1.0962653248149559 1.4609809212630942 -0.3876787770479424
v 1.1409031163592338 1.4574413717557446 -0.3876787770479424
v 1.1855409079035117 1.4540762670475098 -0.3876787770479424
v 1.2301786994477897 1.4468267949781262 -0.3876787770479424
v 1.2748164909920676 1.4296042123338586 -0.3876787770479424
v 1.3194541801025235 1.4105798443664956 -0.3876787770479424
v 1.3640919716468014 1.3907094242451163 -0.3876787770479424
v 1.4087297631910793 1.36982049182591 -0.3876787770479424
v 1.4533675547353573 1.3488018909920945 -0.3876787770479424
v 1.4980053462796352 1.3259356144828618 -0.3876787770479424
v 1.5426431378239132 1.2956044219678167 -0.3876787770479424
v 1.587280929368191 1.2716127882821446 -0.3876787770479424
v 1.631918720912469 1.2463107891330096 -0.3876787770479424
v 1.676556410022925 1.2152454246051303 -0.3876787770479424
v 1.721194201567203 1.16468335615148 -0.3876787770479424
v 1.765831993111481 1.1156729856457408 -0.3876787770479424
v 1.810469784655759 1.0483222738282107 -0.3876787770479424
v 1.8551075762000369 0.9430167963035463 -0.3876787770479424
v 1.8997453677443148 0.7722270152219937 -0.3876787770479424
v 1.9443831592885927 0.00887634402279347 -0.3876787770479424
v 1.9890209508328707 0.00887634402279347 -0.3876787770479424
v 2.0336587423771486 0.00887634402279347 -0.3876787770479424
v -1.4927256628487666 0.00887634402279347 -0.4203042567029619
v -1.4480878713044887 0.00887634402279347 -0.4203042567029619
v -1.4034500797602107 0.00887634402279347 -0.4203042567029619
v -1.3588122882159324 0.6522339360666237 -0.4203042567029619
v -1.3141744966716544 0.7614702346907807 -0.4203042567029619
v -1.2695367051273765 0.8517661610817346 -0.4203042567029619
v -1.2248989135830985 0.9313459731688676 -0.4203042567029619
v -1.1802611220388206 1.0212519083904554 -0.4203042567029619
v -1.135623432928365 1.0861898363421296 -0.4203042567029619
v -1.090985641384087 1.1307026650255032 -0.4203042567029619
v -1.046347849839809 1.1740421438859692 -0.4203042567029619
v -1.0017100582955312 1.2113827059920803 -0.4203042567029619
v -0.9570722667512531 1.241559998091465 -0.4203042567029619
v -0.9124344752069752 1.2659040041253196 -0.4203042567029619
v -0.8677967860965193 1.2882838096089522 -0.4203042567029619
v -0.8231589945522414 1.3044766250391844 -0.4203042567029619
v -0.7785212030079635 1.319289144715997 -0.4203042567029619
v -0.7338834114636855 1.3374796117414958 -0.4203042567029619
v -0.6892456199194076 1.3548467925299503 -0.4203042567029619
v -0.6446078283751294 1.369702961819225 -0.4203042567029619
v -0.5999700368308516 1.3861043581198023 -0.4203042567029619
v -0.5553322452865737 1.4027521333710966 -0.4203042567029619
v -0.5106945561761178 1.4158995656604678 -0.4203042567029619
v -0.4660567134149288 1.4270795515278776 -0.4203042567029619
v -0.42141897308756193 1.4378638355403368 -0.4203042567029619
v -0.3767811815432839 1.4488095808649537 -0.4203042567029619
v -0.332143441215917 1.457940198861141 -0.4203042567029619
v -0.2875057008885502 1.4651180184719335 -0.4203042567029619
v -0.24286790934427216 1.4708540820360188 -0.4203042567029619
v -0.19823011779999422 1.4753522328594677 -0.4203042567029619
v -0.15359232625571628 1.4788355974153702 -0.4203042567029619
v -0.10895458592834939 1.481575804591602 -0.4203042567029619
v -0.06431679438407145 1.4831652958182997 -0.4203042567029619
v -0.019679002839793458 1.4846706888770154 -0.4203042567029619
v 0.024958763096028957 1.4848260297682998 -0.4203042567029619
v 0.0695965546403069 1.484742751070895 -0.4203042567029619
v 0.11423432057612931 1.48499356028442 -0.4203042567029619
v 0.15887211212040728 1.485290054982622 -0.4203042567029619
v 0.20350989086045748 1.4853892109224596 -0.4203042567029619
v 0.24814766960050766 1.4846257204290931 -0.4203042567029619
v 0.29278544193844397 1.4837643288102105 -0.4203042567029619
v 0.3374232238795511 1.4822591406191392 -0.4203042567029619
v 0.3820610026196013 1.4804745897866198 -0.4203042567029619
v 0.4266987845607084 1.4797573225554967 -0.4203042567029619
v 0.4713365633007586 1.4799750968613796 -0.4203042567029619
v 0.5159743420408088 1.4815787239555334 -0.4203042567029619
v 0.560612120780859 1.4841838209203546 -0.4203042567029619
v 0.6052498995209092 1.486640158366964 -0.4203042567029619
v 0.6498876654567316 1.488597796750455 -0.4203042567029619
v 0.6945254570010095 1.4910849411690748 -0.4203042567029619
v 0.739163222936832 1.4927245737517127 -0.4203042567029619
v 0.78380101448111 1.4932382281528649 -0.4203042567029619
v 0.8284386779831102 1.4923933027708922 -0.4203042567029619
v 0.8730764183104771 1.4907655269031674 -0.4203042567029619
v 0.917714209854755 1.4868726831432357 -0.4203042567029619
v 0.962352001399033 1.4807451175109079 -0.4203042567029619
v 1.006989792943311 1.4744433375555648 -0.4203042567029619
v 1.0516275332706777 1.4692743988477917 -0.4203042567029619
v 1.0962653248149559 1.4639822578604322 -0.4203042567029619
v 1.1409031163592338 1.4595371677568552 -0.4203042567029619
v 1.1855409079035117 1.4547451342976687 -0.4203042567029619
v 1.2301786994477897 1.4471151974043786 -0.4203042567029619
v 1.2748164909920676 1.4331099074629887 -0.4203042567029619
v 1.3194541801025235 1.414997456597282 -0.4203042567029619
v 1.3640919716468014 1.3950908517282297 -0.4203042567029619
v 1.4087297631910793 1.3736231810181252 -0.4203042567029619
v 1.4533675547353573 1.3535097366537043 -0.4203042567029619
v 1.4980053462796352 1.3305107699321093 -0.4203042567029619
v 1.5426431378239132 1.295629377407737 -0.4203042567029619
v 1.587280929368191 1.272462156731153 -0.4203042567029619
v 1.631918720912469 1.2434779177604185 -0.4203042567029619
v 1.676556410022925 1.2068481751564848 -0.4203042567029619
v 1.721194201567203 1.1598692057896167 -0.4203042567029619
v 1.765831993111481 1.1112042397313617 -0.4203042567029619
v 1.810469784655759 1.0377708346977177 -0.4203042567029619
v 1.8551075762000369 0.9154367969921582 -0.4203042567029619
v 1.8997453677443148 0.00887634402279347 -0.4203042567029619
v 1.9443831592885927 0.00887634402279347 -0.4203042567029619
v 1.9890209508328707 0.00887634402279347 -0.4203042567029619
v 2.0336587423771486 0.00887634402279347 -0.4203042567029619
v -1.4927256628487666 0.00887634402279347 -0.4529297363579814
v -1.4480878713044887 0.00887634402279347 -0.4529297363579814
v -1.4034500797602107 0.00887634402279347 -0.4529297363579814
v -1.3588122882159324 0.6198695090073437 -0.4529297363579814
v -1.3141744966716544 0.7397617932817218 -0.4529297363579814
v -1.2695367051273765 0.8321550009642074 -0.4529297363579814
v -1.2248989135830985 0.9134147021260819 -0.4529297363579814
v -1.1802611220388206 1.004356653024856 -0.4529297363579814
v -1.135623432928365 1.0763618488847715 -0.4529297363579814
v -1.090985641384087 1.1227021545742575 -0.4529297363579814
v -1.046347849839809 1.1682689832729822 -0.4529297363579814
v -1.0017100582955312 1.2090948241670472 -0.4529297363579814
v -0.9570722667512531 1.242529214112384 -0.4529297363579814
v -0.9124344752069752 1.2695409681975303 -0.4529297363579814
v -0.8677967860965193 1.2930219628776896 -0.4529297363579814
v -0.8231589945522414 1.3087901517024427 -0.4529297363579814
v -0.7785212030079635 1.3241837272353794 -0.4529297363579814
v -0.7338834114636855 1.3423641941589912 -0.4529297363579814
v -0.6892456199194076 1.3596172892780305 -0.4529297363579814
v -0.6446078283751294 1.3740308420218115 -0.4529297363579814
v -0.5999700368308516 1.389464930131407 -0.4529297363579814
v -0.5553322452865737 1.4065804950399874 -0.4529297363579814
v -0.5106945561761178 1.4226455754940033 -0.4529297363579814
v -0.4660567134149288 1.4347071836601695 -0.4529297363579814
v -0.42141897308756193 1.4449651626944418 -0.4529297363579814
v -0.3767811815432839 1.4538735505134825 -0.4529297363579814
v -0.332143441215917 1.462428336778475 -0.4529297363579814
v -0.2875057008885502 1.4700134076576652 -0.4529297363579814
v -0.24286790934427216 1.4765376994831652 -0.4529297363579814
v -0.19823011779999422 1.481446456282687 -0.4529297363579814
v -0.15359232625571628 1.4868397506694158 -0.4529297363579814
v -0.10895458592834939 1.4910365411881106 -0.4529297363579814
v -0.06431679438407145 1.4935219954486652 -0.4529297363579814
v -0.019679002839793458 1.4950021385702217 -0.4529297363579814
v 0.024958763096028957 1.4950823698614177 -0.4529297363579814
v 0.0695965546403069 1.495551465549936 -0.4529297363579814
v 0.11423432057612931 1.4970281771384508 -0.4529297363579814
v 0.15887211212040728 1.4975533809530497 -0.4529297363579814
v 0.20350989086045748 1.4976987857635862 -0.4529297363579814
v 0.24814766960050766 1.4972250549446158 -0.4529297363579814
v 0.29278544193844397 1.4964943176658805 -0.4529297363579814
v 0.3374232238795511 1.4954506194520332 -0.4529297363579814
v 0.3820610026196013 1.4937712937633134 -0.4529297363579814
v 0.4266987845607084 1.4932378184175763 -0.4529297363579814
v 0.4713365633007586 1.4928684676633728 -0.4529297363579814
v 0.5159743420408088 1.4937575420226903 -0.4529297363579814
v 0.560612120780859 1.4953385568506052 -0.4529297363579814
v 0.6052498995209092 1.4968681242913473 -0.4529297363579814
v 0.6498876654567316 1.498237203541242 -0.4529297363579814
v 0.6945254570010095 1.4995792146536342 -0.4529297363579814
v 0.739163222936832 1.5004030130597892 -0.4529297363579814
v 0.78380101448111 1.4999909217932954 -0.4529297363579814
v 0.8284386779831102 1.4980524897514569 -0.4529297363579814
v 0.8730764183104771 1.4950599368543678 -0.4529297363579814
v 0.917714209854755 1.4909873217365694 -0.4529297363579814
v 0.962352001399033 1.4846509959747076 -0.4529297363579814
v 1.006989792943311 1.477625853975824 -0.4529297363579814
v 1.0516275332706777 1.4727306696577365 -0.4529297363579814
v 1.0962653248149559 1.467279064817751 -0.4529297363579814
v 1.1409031163592338 1.4623127146017274 -0.4529297363579814
v 1.1855409079035117 1.4577282632831206 -0.4529297363579814
v 1.2301786994477897 1.45001335753436 -0.4529297363579814
v 1.2748164909920676 1.4362904008152606 -0.4529297363579814
v 1.3194541801025235 1.4187785194487967 -0.4529297363579814
v 1.3640919716468014 1.3994602688456965 -0.4529297363579814
v 1.4087297631910793 1.3778381791487067 -0.4529297363579814
v 1.4533675547353573 1.355843896158949 -0.4529297363579814
v 1.4980053462796352 1.331725455803574 -0.4529297363579814
v 1.5426431378239132 1.2954645613879037 -0.4529297363579814
v 1.587280929368191 1.2730832386032807 -0.4529297363579814
v 1.631918720912469 1.2375299314225405 -0.4529297363579814
v 1.676556410022925 1.199362032942089 -0.4529297363579814
v 1.721194201567203 1.1549479376590368 -0.4529297363579814
v 1.765831993111481 1.104947127324588 -0.4529297363579814
v 1.810469784655759 1.0274000888294903 -0.4529297363579814
v 1.8551075762000369 0.8842067220793248 -0.4529297363579814
v 1.8997453677443148 0.00887634402279347 -0.4529297363579814
v 1.9443831592885927 0.00887634402279347 -0.4529297363579814
v 1.9890209508328707 0.00887634402279347 -0.4529297363579814
v 2.0336587423771486 0.00887634402279347 -0.4529297363579814
v -1.4927256628487666 0.00887634402279347 -0.4855551135791788
v -1.4480878713044887 0.00887634402279347 -0.4855551135791788
v -1.4034500797602107 0.00887634402279347 -0.4855551135791788
v -1.3588122882159324 0.00887634402279347 -0.4855551135791788
v -1.3141744966716544 0.7038561777739378 -0.4855551135791788
v -1.2695367051273765 0.8080038201984288 -0.4855551135791788
v -1.2248989135830985 0.8919820893916071 -0.4855551135791788
v -1.1802611220388206 0.9851288514867107 -0.4855551135791788
v -1.135623432928365 1.0627195523984985 -0.4855551135791788
v -1.090985641384087 1.112917016465126 -0.4855551135791788
v -1.046347849839809 1.1596656817889759 -0.4855551135791788
v -1.0017100582955312 1.2034876991765884 -0.4855551135791788
v -0.9570722667512531 1.2408203810807723 -0.4855551135791788
v -0.9124344752069752 1.2710201061872068 -0.4855551135791788
v -0.8677967860965193 1.296604560198796 -0.4855551135791788
v -0.8231589945522414 1.313445039078003 -0.4855551135791788
v -0.7785212030079635 1.3291363257107798 -0.4855551135791788
v -0.7338834114636855 1.3466374003090071 -0.4855551135791788
v -0.6892456199194076 1.3633824876913403 -0.4855551135791788
v -0.6446078283751294 1.3770450980849678 -0.4855551135791788
v -0.5999700368308516 1.391419136981856 -0.4855551135791788
v -0.5553322452865737 1.4073043436441832 -0.4855551135791788
v -0.5106945561761178 1.4236955477794568 -0.4855551135791788
v -0.4660567134149288 1.4373026774541646 -0.4855551135791788
v -0.42141897308756193 1.4471252103104932 -0.4855551135791788
v -0.3767811815432839 1.4562012310794765 -0.4855551135791788
v -0.332143441215917 1.4655125167294738 -0.4855551135791788
v -0.2875057008885502 1.474078749974091 -0.4855551135791788
v -0.24286790934427216 1.4808549777851596 -0.4855551135791788
v -0.19823011779999422 1.4862857629507937 -0.4855551135791788
v -0.15359232625571628 1.4930537960560906 -0.4855551135791788
v -0.10895458592834939 1.4994690726863715 -0.4855551135791788
v -0.06431679438407145 1.5034940816853275 -0.4855551135791788
v -0.019679002839793458 1.5060014567838214 -0.4855551135791788
v 0.024958763096028957 1.5071252838550424 -0.4855551135791788
v 0.0695965546403069 1.5084329284201048 -0.4855551135791788
v 0.11423432057612931 1.5097537101228573 -0.4855551135791788
v 0.15887211212040728 1.5099378349181651 -0.4855551135791788
v 0.20350989086045748 1.5098545818292157 -0.4855551135791788
v 0.24814766960050766 1.5093878933355178 -0.4855551135791788
v 0.29278544193844397 1.5085917008444314 -0.4855551135791788
v 0.3374232238795511 1.5075639566983834 -0.4855551135791788
v 0.3820610026196013 1.5063483745309747 -0.4855551135791788
v 0.4266987845607084 1.5050871068788891 -0.4855551135791788
v 0.4713365633007586 1.5043670995430236 -0.4855551135791788
v 0.5159743420408088 1.5049184495907255 -0.4855551135791788
v 0.560612120780859 1.5056132069894317 -0.4855551135791788
v 0.6052498995209092 1.5060866305069358 -0.4855551135791788
v 0.6498876654567316 1.5064789264373002 -0.4855551135791788
v 0.6945254570010095 1.50709557804662 -0.4855551135791788
v 0.739163222936832 1.5068298903204282 -0.4855551135791788
v 0.78380101448111 1.5054906193127784 -0.4855551135791788
v 0.8284386779831102 1.5026883628487813 -0.4855551135791788
v 0.8730764183104771 1.4989684529890879 -0.4855551135791788
v 0.917714209854755 1.4940780830606413 -0.4855551135791788
v 0.962352001399033 1.4872464897687028 -0.4855551135791788
v 1.006989792943311 1.4806153594667042 -0.4855551135791788
v 1.0516275332706777 1.475575052031091 -0.4855551135791788
v 1.0962653248149559 1.4700446243649643 -0.4855551135791788
v 1.1409031163592338 1.465135278570965 -0.4855551135791788
v 1.1855409079035117 1.4607427370181487 -0.4855551135791788
v 1.2301786994477897 1.453755111406626 -0.4855551135791788
v 1.2748164909920676 1.4411510393268292 -0.4855551135791788
v 1.3194541801025235 1.4243586531271202 -0.4855551135791788
v 1.3640919716468014 1.404294120912774 -0.4855551135791788
v 1.4087297631910793 1.3839960523881623 -0.4855551135791788
v 1.4533675547353573 1.3617487322492479 -0.4855551135791788
v 1.4980053462796352 1.3310980998598398 -0.4855551135791788
v 1.5426431378239132 1.2935030817360824 -0.4855551135791788
v 1.587280929368191 1.2696422240307217 -0.4855551135791788
v 1.631918720912469 1.2347404151651729 -0.4855551135791788
v 1.676556410022925 1.1931962754993855 -0.4855551135791788
v 1.721194201567203 1.1483544133739938 -0.4855551135791788
v 1.765831993111481 1.0971214393971767 -0.4855551135791788
v 1.810469784655759 1.0093736311574752 -0.4855551135791788
v 1.8551075762000369 0.8468379674644606 -0.4855551135791788
v 1.8997453677443148 0.00887634402279347 -0.4855551135791788
v 1.9443831592885927 0.00887634402279347 -0.4855551135791788
v 1.9890209508328707 0.00887634402279347 -0.4855551135791788
v 2.0336587423771486 0.00887634402279347 -0.4855551135791788
v -1.4927256628487666 0.00887634402279347 -0.5181805932341983
v -1.4480878713044887 0.00887634402279347 -0.5181805932341983
v -1.4034500797602107 0.00887634402279347 -0.5181805932341983
v -1.3588122882159324 0.00887634402279347 -0.5181805932341983
v -1.3141744966716544 0.00887634402279347 -0.5181805932341983
v -1.2695367051273765 0.7801322430123017 -0.5181805932341983
v -1.2248989135830985 0.8685551669653129 -0.5181805932341983
v -1.1802611220388206 0.9652799680764377 -0.5181805932341983
v -1.135623432928365 1.047101736424656 -0.5181805932341983
v -1.090985641384087 1.1005894388797572 -0.5181805932341983
v -1.046347849839809 1.1502286770283714 -0.5181805932341983
v -1.0017100582955312 1.1969142839312552 -0.5181805932341983
v -0.9570722667512531 1.2378617977999524 -0.5181805932341983
v -0.9124344752069752 1.270467334870223 -0.5181805932341983
v -0.8677967860965193 1.2992809895165145 -0.5181805932341983
v -0.8231589945522414 1.318064753239884 -0.5181805932341983
v -0.7785212030079635 1.3338607400431217 -0.5181805932341983
v -0.7338834114636855 1.3510939245879814 -0.5181805932341983
v -0.6892456199194076 1.365885509352393 -0.5181805932341983
v -0.6446078283751294 1.379080138025318 -0.5181805932341983
v -0.5999700368308516 1.3921289521524178 -0.5181805932341983
v -0.5553322452865737 1.4069620866359374 -0.5181805932341983
v -0.5106945561761178 1.4234858401370682 -0.5181805932341983
v -0.4660567134149288 1.4371210878959548 -0.5181805932341983
v -0.42141897308756193 1.4467399823138571 -0.5181805932341983
v -0.3767811815432839 1.456951174699864 -0.5181805932341983
v -0.332143441215917 1.4667001344634365 -0.5181805932341983
v -0.2875057008885502 1.4763957262056706 -0.5181805932341983
v -0.24286790934427216 1.4841928094882477 -0.5181805932341983
v -0.19823011779999422 1.489879474341603 -0.5181805932341983
v -0.15359232625571628 1.4966623603511113 -0.5181805932341983
v -0.10895458592834939 1.5061067587529875 -0.5181805932341983
v -0.06431679438407145 1.5117187237415428 -0.5181805932341983
v -0.019679002839793458 1.5158338745039872 -0.5181805932341983
v 0.024958763096028957 1.518458280244283 -0.5181805932341983
v 0.0695965546403069 1.5207241163901561 -0.5181805932341983
v 0.11423432057612931 1.5214537525053031 -0.5181805932341983
v 0.15887211212040728 1.5197901760167385 -0.5181805932341983
v 0.20350989086045748 1.5198831603187917 -0.5181805932341983
v 0.24814766960050766 1.5193731167098703 -0.5181805932341983
v 0.29278544193844397 1.518062757648521 -0.5181805932341983
v 0.3374232238795511 1.5170441045041887 -0.5181805932341983
v 0.3820610026196013 1.5156151014683386 -0.5181805932341983
v 0.4266987845607084 1.5141359570765478 -0.5181805932341983
v 0.4713365633007586 1.5128404253109542 -0.5181805932341983
v 0.5159743420408088 1.5125555568515658 -0.5181805932341983
v 0.560612120780859 1.5131080336713112 -0.5181805932341983
v 0.6052498995209092 1.5128704640292987 -0.5181805932341983
v 0.6498876654567316 1.512528693581708 -0.5181805932341983
v 0.6945254570010095 1.5121864109650067 -0.5181805932341983
v 0.739163222936832 1.5111752610981464 -0.5181805932341983
v 0.78380101448111 1.508637360720653 -0.5181805932341983
v 0.8284386779831102 1.5051742268446244 -0.5181805932341983
v 0.8730764183104771 1.5007102120924056 -0.5181805932341983
v 0.917714209854755 1.4953030891396872 -0.5181805932341983
v 0.962352001399033 1.4885786928426246 -0.5181805932341983
v 1.006989792943311 1.4815037423977224 -0.5181805932341983
v 1.0516275332706777 1.4759490635242023 -0.5181805932341983
v 1.0962653248149559 1.470696743685202 -0.5181805932341983
v 1.1409031163592338 1.4663905794529106 -0.5181805932341983
v 1.1855409079035117 1.4622095381343707 -0.5181805932341983
v 1.2301786994477897 1.4571573227669332 -0.5181805932341983
v 1.2748164909920676 1.4448246747073683 -0.5181805932341983
v 1.3194541801025235 1.425317664178508 -0.5181805932341983
v 1.3640919716468014 1.3997406046084548 -0.5181805932341983
v 1.4087297631910793 1.3814010707632778 -0.5181805932341983
v 1.4533675547353573 1.3580872096681778 -0.5181805932341983
v 1.4980053462796352 1.3263279104132262 -0.5181805932341983
v 1.5426431378239132 1.291833961016894 -0.5181805932341983
v 1.587280929368191 1.2671292918973764 -0.5181805932341983
v 1.631918720912469 1.2330701804781687 -0.5181805932341983
v 1.676556410022925 1.18852461298492 -0.5181805932341983
v 1.721194201567203 1.140690516467605 -0.5181805932341983
v 1.765831993111481 1.0858060296147758 -0.5181805932341983
v 1.810469784655759 0.9880345917195309 -0.5181805932341983
v 1.8551075762000369 0.8126676577291991 -0.5181805932341983
v 1.8997453677443148 0.00887634402279347 -0.5181805932341983
v 1.9443831592885927 0.00887634402279347 -0.5181805932341983
v 1.9890209508328707 0.00887634402279347 -0.5181805932341983
v 2.0336587423771486 0.00887634402279347 -0.5181805932341983
v -1.4927256628487666 0.00887634402279347 -0.5508059192384845
v -1.4480878713044887 0.00887634402279347 -0.5508059192384845
v -1.4034500797602107 0.00887634402279347 -0.5508059192384845
v -1.3588122882159324 0.00887634402279347 -0.5508059192384845
v -1.3141744966716544 0.00887634402279347 -0.5508059192384845
v -1.2695367051273765 0.7328722992718152 -0.5508059192384845
v -1.2248989135830985 0.8368788647147554 -0.5508059192384845
v -1.1802611220388206 0.9395670812582189 -0.5508059192384845
v -1.135623432928365 1.0247188963390423 -0.5508059192384845
v -1.090985641384087 1.0837149007546867 -0.5508059192384845
v -1.046347849839809 1.1378920084412871 -0.5508059192384845
v -1.0017100582955312 1.1889739021336094 -0.5508059192384845
v -0.9570722667512531 1.2327897550858158 -0.5508059192384845
v -0.9124344752069752 1.2681703588424174 -0.5508059192384845
v -0.8677967860965193 1.2993645627111579 -0.5508059192384845
v -0.8231589945522414 1.3182264450281416 -0.5508059192384845
v -0.7785212030079635 1.335639605798512 -0.5508059192384845
v -0.7338834114636855 1.3555518573320102 -0.5508059192384845
v -0.6892456199194076 1.3693389632322286 -0.5508059192384845
v -0.6446078283751294 1.3809384412097825 -0.5508059192384845
v -0.5999700368308516 1.3926795851633644 -0.5508059192384845
v -0.5553322452865737 1.4064650777308842 -0.5508059192384845
v -0.5106945561761178 1.4222689519384273 -0.5508059192384845
v -0.4660567134149288 1.4353106725233435 -0.5508059192384845
v -0.42141897308756193 1.446087376432964 -0.5508059192384845
v -0.3767811815432839 1.456754194459877 -0.5508059192384845
v -0.332143441215917 1.467944116408035 -0.5508059192384845
v -0.2875057008885502 1.478558001757354 -0.5508059192384845
v -0.24286790934427216 1.4870574225414763 -0.5508059192384845
v -0.19823011779999422 1.4929201199181898 -0.5508059192384845
v -0.15359232625571628 1.4991906575577785 -0.5508059192384845
v -0.10895458592834939 1.508815723613465 -0.5508059192384845
v -0.06431679438407145 1.5161138005314572 -0.5508059192384845
v -0.019679002839793458 1.5223048239166046 -0.5508059192384845
v 0.024958763096028957 1.5246723512394134 -0.5508059192384845
v 0.0695965546403069 1.526603203178413 -0.5508059192384845
v 0.11423432057612931 1.528297484205166 -0.5508059192384845
v 0.15887211212040728 1.5280589926587542 -0.5508059192384845
v 0.20350989086045748 1.5281059841746638 -0.5508059192384845
v 0.24814766960050766 1.5271905331061437 -0.5508059192384845
v 0.29278544193844397 1.5258481122584626 -0.5508059192384845
v 0.3374232238795511 1.5247581395654608 -0.5508059192384845
v 0.3820610026196013 1.5229697730730665 -0.5508059192384845
v 0.4266987845607084 1.521061559008761 -0.5508059192384845
v 0.4713365633007586 1.5195202628953832 -0.5508059192384845
v 0.5159743420408088 1.5184802010822223 -0.5508059192384845
v 0.560612120780859 1.5183516722438843 -0.5508059192384845
v 0.6052498995209092 1.5182357427656705 -0.5508059192384845
v 0.6498876654567316 1.5183988686274383 -0.5508059192384845
v 0.6945254570010095 1.5173522254412042 -0.5508059192384845
v 0.739163222936832 1.5149712792876944 -0.5508059192384845
v 0.78380101448111 1.5114131380416251 -0.5508059192384845
v 0.8284386779831102 1.5070333238912106 -0.5508059192384845
v 0.8730764183104771 1.502010404596907 -0.5508059192384845
v 0.917714209854755 1.4962945204957845 -0.5508059192384845
v 0.962352001399033 1.489826720923198 -0.5508059192384845
v 1.006989792943311 1.4832613019181062 -0.5508059192384845
v 1.0516275332706777 1.4780698021610053 -0.5508059192384845
v 1.0962653248149559 1.471996295978315 -0.5508059192384845
v 1.1409031163592338 1.4684047100893152 -0.5508059192384845
v 1.1855409079035117 1.4644236708085157 -0.5508059192384845
v 1.2301786994477897 1.4601279292176275 -0.5508059192384845
v 1.2748164909920676 1.448046218413865 -0.5508059192384845
v 1.3194541801025235 1.4176309277308379 -0.5508059192384845
v 1.3640919716468014 1.3934626661252163 -0.5508059192384845
v 1.4087297631910793 1.3726927746115718 -0.5508059192384845
v 1.4533675547353573 1.3495226153647149 -0.5508059192384845
v 1.4980053462796352 1.3221823368056043 -0.5508059192384845
v 1.5426431378239132 1.2903651240284568 -0.5508059192384845
v 1.587280929368191 1.2664318136002695 -0.5508059192384845
v 1.631918720912469 1.2325256998986647 -0.5508059192384845
v 1.676556410022925 1.1818456981051548 -0.5508059192384845
v 1.721194201567203 1.1302618634792958 -0.5508059192384845
v 1.765831993111481 1.0697834848054062 -0.5508059192384845
v 1.810469784655759 0.9622812691500198 -0.5508059192384845
v 1.8551075762000369 0.00887634402279347 -0.5508059192384845
v 1.8997453677443148 0.00887634402279347 -0.5508059192384845
v 1.9443831592885927 0.00887634402279347 -0.5508059192384845
v 1.9890209508328707 0.00887634402279347 -0.5508059192384845
v 2.0336587423771486 0.00887634402279347 -0.5508059192384845
v -1.4927256628487666 0.00887634402279347 -0.5834313988935041
v -1.4480878713044887 0.00887634402279347 -0.5834313988935041
v -1.4034500797602107 0.00887634402279347 -0.5834313988935041
v -1.3588122882159324 0.00887634402279347 -0.5834313988935041
v -1.3141744966716544 0.00887634402279347 -0.5834313988935041
v -1.2695367051273765 0.00887634402279347 -0.5834313988935041
v -1.2248989135830985 0.7988111529144768 -0.5834313988935041
v -1.1802611220388206 0.9126426328001107 -0.5834313988935041
v -1.135623432928365 1.0025487856935706 -0.5834313988935041
v -1.090985641384087 1.0641281582995137 -0.5834313988935041
v -1.046347849839809 1.1240396137836783 -0.5834313988935041
v -1.0017100582955312 1.1799484948764658 -0.5834313988935041
v -0.9570722667512531 1.227491448862786 -0.5834313988935041
v -0.9124344752069752 1.2633225565691864 -0.5834313988935041
v -0.8677967860965193 1.2931598003896152 -0.5834313988935041
v -0.8231589945522414 1.3151797430518206 -0.5834313988935041
v -0.7785212030079635 1.3352687313412042 -0.5834313988935041
v -0.7338834114636855 1.3583310661860244 -0.5834313988935041
v -0.6892456199194076 1.3735201069845908 -0.5834313988935041
v -0.6446078283751294 1.3835964836564256 -0.5834313988935041
v -0.5999700368308516 1.3933586701872824 -0.5834313988935041
v -0.5553322452865737 1.4056808956054443 -0.5834313988935041
v -0.5106945561761178 1.420221376659092 -0.5834313988935041
v -0.4660567134149288 1.4331458873430176 -0.5834313988935041
v -0.42141897308756193 1.4437760340616024 -0.5834313988935041
v -0.3767811815432839 1.456088656308938 -0.5834313988935041
v -0.332143441215917 1.4687227414986235 -0.5834313988935041
v -0.2875057008885502 1.4804562029155446 -0.5834313988935041
v -0.24286790934427216 1.4888084006887874 -0.5834313988935041
v -0.19823011779999422 1.4946829035635032 -0.5834313988935041
v -0.15359232625571628 1.5003938196242517 -0.5834313988935041
v -0.10895458592834939 1.5092029746780886 -0.5834313988935041
v -0.06431679438407145 1.5168681744146526 -0.5834313988935041
v -0.019679002839793458 1.5219899423473273 -0.5834313988935041
v 0.024958763096028957 1.525441859719831 -0.5834313988935041
v 0.0695965546403069 1.5285880121332283 -0.5834313988935041
v 0.11423432057612931 1.5317147533373288 -0.5834313988935041
v 0.15887211212040728 1.533858027415004 -0.5834313988935041
v 0.20350989086045748 1.5343083264971584 -0.5834313988935041
v 0.24814766960050766 1.5327946106903936 -0.5834313988935041
v 0.29278544193844397 1.5308179964413502 -0.5834313988935041
v 0.3374232238795511 1.5297757066925572 -0.5834313988935041
v 0.3820610026196013 1.5282609921560266 -0.5834313988935041
v 0.4266987845607084 1.5263972343705325 -0.5834313988935041
v 0.4713365633007586 1.5243019761469885 -0.5834313988935041
v 0.5159743420408088 1.5235880124066297 -0.5834313988935041
v 0.560612120780859 1.5226432652649755 -0.5834313988935041
v 0.6052498995209092 1.52138916798044 -0.5834313988935041
v 0.6498876654567316 1.5199443901359795 -0.5834313988935041
v 0.6945254570010095 1.518893521554582 -0.5834313988935041
v 0.739163222936832 1.5160258867036003 -0.5834313988935041
v 0.78380101448111 1.5125370675466685 -0.5834313988935041
v 0.8284386779831102 1.5077968912099435 -0.5834313988935041
v 0.8730764183104771 1.5024499737361916 -0.5834313988935041
v 0.917714209854755 1.4966101191018166 -0.5834313988935041
v 0.962352001399033 1.4926341246867578 -0.5834313988935041
v 1.006989792943311 1.4884906765809456 -0.5834313988935041
v 1.0516275332706777 1.4830522088786502 -0.5834313988935041
v 1.0962653248149559 1.4792476886818642 -0.5834313988935041
v 1.1409031163592338 1.4718457438682158 -0.5834313988935041
v 1.1855409079035117 1.4669546825114697 -0.5834313988935041
v 1.2301786994477897 1.4621852869269776 -0.5834313988935041
v 1.2748164909920676 1.4465215934050415 -0.5834313988935041
v 1.3194541801025235 1.4068740447658028 -0.5834313988935041
v 1.3640919716468014 1.3887855378060225 -0.5834313988935041
v 1.4087297631910793 1.366946185972261 -0.5834313988935041
v 1.4533675547353573 1.3444795806285872 -0.5834313988935041
v 1.4980053462796352 1.3192886325468862 -0.5834313988935041
v 1.5426431378239132 1.2910959637410142 -0.5834313988935041
v 1.587280929368191 1.265311315628268 -0.5834313988935041
v 1.631918720912469 1.2263055725038 -0.5834313988935041
v 1.676556410022925 1.171971126475761 -0.5834313988935041
v 1.721194201567203 1.1181778319092504 -0.5834313988935041
v 1.765831993111481 1.047317282794907 -0.5834313988935041
v 1.810469784655759 0.9179970279428793 -0.5834313988935041
v 1.8551075762000369 0.00887634402279347 -0.5834313988935041
v 1.8997453677443148 0.00887634402279347 -0.5834313988935041
v 1.9443831592885927 0.00887634402279347 -0.5834313988935041
v 1.9890209508328707 0.00887634402279347 -0.5834313988935041
v 2.0336587423771486 0.00887634402279347 -0.5834313988935041
v -1.4927256628487666 0.00887634402279347 -0.6160567761147014
v -1.4480878713044887 0.00887634402279347 -0.6160567761147014
v -1.4034500797602107 0.00887634402279347 -0.6160567761147014
v -1.3588122882159324 0.00887634402279347 -0.6160567761147014
v -1.3141744966716544 0.00887634402279347 -0.6160567761147014
v -1.2695367051273765 0.00887634402279347 -0.6160567761147014
v -1.2248989135830985 0.7470167711690461 -0.6160567761147014
v -1.1802611220388206 0.8805491432004072 -0.6160567761147014
v -1.135623432928365 0.976674309520916 -0.6160567761147014
v -1.090985641384087 1.0408385612160342 -0.6160567761147014
v -1.046347849839809 1.1083684361906117 -0.6160567761147014
v -1.0017100582955312 1.1695624849682764 -0.6160567761147014
v -0.9570722667512531 1.2209663407677658 -0.6160567761147014
v -0.9124344752069752 1.2591133203411007 -0.6160567761147014
v -0.8677967860965193 1.2882082134482085 -0.6160567761147014
v -0.8231589945522414 1.3142463020432857 -0.6160567761147014
v -0.7785212030079635 1.3340329312981494 -0.6160567761147014
v -0.7338834114636855 1.3534369702272973 -0.6160567761147014
v -0.6892456199194076 1.373857421560918 -0.6160567761147014
v -0.6446078283751294 1.3862008635844918 -0.6160567761147014
v -0.5999700368308516 1.394159344158088 -0.6160567761147014
v -0.5553322452865737 1.4057697313377004 -0.6160567761147014
v -0.5106945561761178 1.4197120500869258 -0.6160567761147014
v -0.4660567134149288 1.431879856518202 -0.6160567761147014
v -0.42141897308756193 1.4429546684587233 -0.6160567761147014
v -0.3767811815432839 1.4560142893540597 -0.6160567761147014
v -0.332143441215917 1.4703105169588002 -0.6160567761147014
v -0.2875057008885502 1.481997806330389 -0.6160567761147014
v -0.24286790934427216 1.4902837806376141 -0.6160567761147014
v -0.19823011779999422 1.4960843262927404 -0.6160567761147014
v -0.15359232625571628 1.5012393340007018 -0.6160567761147014
v -0.10895458592834939 1.508346115755836 -0.6160567761147014
v -0.06431679438407145 1.5163514982157473 -0.6160567761147014
v -0.019679002839793458 1.5228030364190681 -0.6160567761147014
v 0.024958763096028957 1.5276869017998083 -0.6160567761147014
v 0.0695965546403069 1.5319987255007734 -0.6160567761147014
v 0.11423432057612931 1.5350836224885274 -0.6160567761147014
v 0.15887211212040728 1.5394394927330153 -0.6160567761147014
v 0.20350989086045748 1.5421672541998563 -0.6160567761147014
v 0.24814766960050766 1.5404404248261163 -0.6160567761147014
v 0.29278544193844397 1.5369214901254737 -0.6160567761147014
v 0.3374232238795511 1.5353842401480708 -0.6160567761147014
v 0.3820610026196013 1.5336033513246932 -0.6160567761147014
v 0.4266987845607084 1.5323668470491112 -0.6160567761147014
v 0.4713365633007586 1.5307483670507462 -0.6160567761147014
v 0.5159743420408088 1.5289105762391664 -0.6160567761147014
v 0.560612120780859 1.5275905883985355 -0.6160567761147014
v 0.6052498995209092 1.5255344342865955 -0.6160567761147014
v 0.6498876654567316 1.523971012467634 -0.6160567761147014
v 0.6945254570010095 1.5236594599975766 -0.6160567761147014
v 0.739163222936832 1.522976431271506 -0.6160567761147014
v 0.78380101448111 1.5197631078792364 -0.6160567761147014
v 0.8284386779831102 1.5136480647816657 -0.6160567761147014
v 0.8730764183104771 1.5055763052050035 -0.6160567761147014
v 0.917714209854755 1.501948841869797 -0.6160567761147014
v 0.962352001399033 1.4994382401059057 -0.6160567761147014
v 1.006989792943311 1.4927116414816668 -0.6160567761147014
v 1.0516275332706777 1.4851200916632261 -0.6160567761147014
v 1.0962653248149559 1.4838174919639042 -0.6160567761147014
v 1.1409031163592338 1.4743266398236847 -0.6160567761147014
v 1.1855409079035117 1.4630918518614267 -0.6160567761147014
v 1.2301786994477897 1.4571144798208207 -0.6160567761147014
v 1.2748164909920676 1.4343304576707714 -0.6160567761147014
v 1.3194541801025235 1.4033206666924634 -0.6160567761147014
v 1.3640919716468014 1.3853539279387594 -0.6160567761147014
v 1.4087297631910793 1.3660759978489014 -0.6160567761147014
v 1.4533675547353573 1.3428606780907058 -0.6160567761147014
v 1.4980053462796352 1.315328797067271 -0.6160567761147014
v 1.5426431378239132 1.2814862499544217 -0.6160567761147014
v 1.587280929368191 1.2516734622090304 -0.6160567761147014
v 1.631918720912469 1.205751729926346 -0.6160567761147014
v 1.676556410022925 1.1574210518450796 -0.6160567761147014
v 1.721194201567203 1.100799031284096 -0.6160567761147014
v 1.765831993111481 1.017587863376515 -0.6160567761147014
v 1.810469784655759 0.8612059499616143 -0.6160567761147014
v 1.8551075762000369 0.00887634402279347 -0.6160567761147014
v 1.8997453677443148 0.00887634402279347 -0.6160567761147014
v 1.9443831592885927 0.00887634402279347 -0.6160567761147014
v 1.9890209508328707 0.00887634402279347 -0.6160567761147014
v 2.0336587423771486 0.00887634402279347 -0.6160567761147014
v -1.4927256628487666 0.00887634402279347 -0.6486822557697209
v -1.4480878713044887 0.00887634402279347 -0.6486822557697209
v -1.4034500797602107 0.00887634402279347 -0.6486822557697209
v -1.3588122882159324 0.00887634402279347 -0.6486822557697209
v -1.3141744966716544 0.00887634402279347 -0.6486822557697209
v -1.2695367051273765 0.00887634402279347 -0.6486822557697209
v -1.2248989135830985 0.00887634402279347 -0.6486822557697209
v -1.1802611220388206 0.8397301869795604 -0.6486822557697209
v -1.135623432928365 0.9458684514782733 -0.6486822557697209
v -1.090985641384087 1.0132817119484512 -0.6486822557697209
v -1.046347849839809 1.0894963489040967 -0.6486822557697209
v -1.0017100582955312 1.155868142297116 -0.6486822557697209
v -0.9570722667512531 1.2101830842945849 -0.6486822557697209
v -0.9124344752069752 1.2518933620167227 -0.6486822557697209
v -0.8677967860965193 1.2842942555166867 -0.6486822557697209
v -0.8231589945522414 1.3103283107800172 -0.6486822557697209
v -0.7785212030079635 1.3314527001436542 -0.6486822557697209
v -0.7338834114636855 1.3497499928414238 -0.6486822557697209
v -0.6892456199194076 1.3662538613768305 -0.6486822557697209
v -0.6446078283751294 1.383522308764964 -0.6486822557697209
v -0.5999700368308516 1.3941143757101657 -0.6486822557697209
v -0.5553322452865737 1.405331749922659 -0.6486822557697209
v -0.5106945561761178 1.4188949354876659 -0.6486822557697209
v -0.4660567134149288 1.4302579449867954 -0.6486822557697209
v -0.42141897308756193 1.4420873100697007 -0.6486822557697209
v -0.3767811815432839 1.457018371287192 -0.6486822557697209
v -0.332143441215917 1.471692733346385 -0.6486822557697209
v -0.2875057008885502 1.4825626008172472 -0.6486822557697209
v -0.24286790934427216 1.4909794599407198 -0.6486822557697209
v -0.19823011779999422 1.4964370059423897 -0.6486822557697209
v -0.15359232625571628 1.5014461991045258 -0.6486822557697209
v -0.10895458592834939 1.5074466443635703 -0.6486822557697209
v -0.06431679438407145 1.5145740409254116 -0.6486822557697209
v -0.019679002839793458 1.5215601556380576 -0.6486822557697209
v 0.024958763096028957 1.5277456219883536 -0.6486822557697209
v 0.0695965546403069 1.5318685577212812 -0.6486822557697209
v 0.11423432057612931 1.5352248787292668 -0.6486822557697209
v 0.15887211212040728 1.5419612085666095 -0.6486822557697209
v 0.20350989086045748 1.5471012609365373 -0.6486822557697209
v 0.24814766960050766 1.5468478140520923 -0.6486822557697209
v 0.29278544193844397 1.546806379571034 -0.6486822557697209
v 0.3374232238795511 1.5444869705361786 -0.6486822557697209
v 0.3820610026196013 1.5417933451405674 -0.6486822557697209
v 0.4266987845607084 1.5378696944086252 -0.6486822557697209
v 0.4713365633007586 1.5331511316083732 -0.6486822557697209
v 0.5159743420408088 1.5293098376694365 -0.6486822557697209
v 0.560612120780859 1.5254092345474772 -0.6486822557697209
v 0.6052498995209092 1.5216790044802027 -0.6486822557697209
v 0.6498876654567316 1.5186416880028357 -0.6486822557697209
v 0.6945254570010095 1.5172824936167784 -0.6486822557697209
v 0.739163222936832 1.517618015601218 -0.6486822557697209
v 0.78380101448111 1.519608586458529 -0.6486822557697209
v 0.8284386779831102 1.5196103022250498 -0.6486822557697209
v 0.8730764183104771 1.5148444662158773 -0.6486822557697209
v 0.917714209854755 1.5098104072434153 -0.6486822557697209
v 0.962352001399033 1.504428636661678 -0.6486822557697209
v 1.006989792943311 1.4955959474372031 -0.6486822557697209
v 1.0516275332706777 1.47456338999512 -0.6486822557697209
v 1.0962653248149559 1.4683257848293516 -0.6486822557697209
v 1.1409031163592338 1.457571027366126 -0.6486822557697209
v 1.1855409079035117 1.4475084920645087 -0.6486822557697209
v 1.2301786994477897 1.4423215506124936 -0.6486822557697209
v 1.2748164909920676 1.422449824459882 -0.6486822557697209
v 1.3194541801025235 1.4003071148618342 -0.6486822557697209
v 1.3640919716468014 1.3822415402739872 -0.6486822557697209
v 1.4087297631910793 1.3611510949181638 -0.6486822557697209
v 1.4533675547353573 1.336926942858334 -0.6486822557697209
v 1.4980053462796352 1.3039892321091853 -0.6486822557697209
v 1.5426431378239132 1.2680204917585036 -0.6486822557697209
v 1.587280929368191 1.2343839966810153 -0.6486822557697209
v 1.631918720912469 1.184866125005831 -0.6486822557697209
v 1.676556410022925 1.134252922068324 -0.6486822557697209
v 1.721194201567203 1.0699732690693873 -0.6486822557697209
v 1.765831993111481 0.9667638628367303 -0.6486822557697209
v 1.810469784655759 0.7513270327542234 -0.6486822557697209
v 1.8551075762000369 0.00887634402279347 -0.6486822557697209
v 1.8997453677443148 0.00887634402279347 -0.6486822557697209
v 1.9443831592885927 0.00887634402279347 -0.6486822557697209
v 1.9890209508328707 0.00887634402279347 -0.6486822557697209
v 2.0336587423771486 0.00887634402279347 -0.6486822557697209
v -1.4927256628487666 0.00887634402279347 -0.6813075817740073
v -1.4480878713044887 0.00887634402279347 -0.6813075817740073
v -1.4034500797602107 0.00887634402279347 -0.6813075817740073
v -1.3588122882159324 0.00887634402279347 -0.6813075817740073
v -1.3141744966716544 0.00887634402279347 -0.6813075817740073
v -1.2695367051273765 0.00887634402279347 -0.6813075817740073
v -1.2248989135830985 0.00887634402279347 -0.6813075817740073
v -1.1802611220388206 0.7869402509166911 -0.6813075817740073
v -1.135623432928365 0.9146811170777304 -0.6813075817740073
v -1.090985641384087 0.9901713868579555 -0.6813075817740073
v -1.046347849839809 1.0728585865589173 -0.6813075817740073
v -1.0017100582955312 1.1420218136424125 -0.6813075817740073
v -0.9570722667512531 1.1994878472841402 -0.6813075817740073
v -0.9124344752069752 1.243168183490704 -0.6813075817740073
v -0.8677967860965193 1.2785617259194655 -0.6813075817740073
v -0.8231589945522414 1.3066214100157363 -0.6813075817740073
v -0.7785212030079635 1.327989156532337 -0.6813075817740073
v -0.7338834114636855 1.3457796450908106 -0.6813075817740073
v -0.6892456199194076 1.3623094934043594 -0.6813075817740073
v -0.6446078283751294 1.3768232776431102 -0.6813075817740073
v -0.5999700368308516 1.3904214315541523 -0.6813075817740073
v -0.5553322452865737 1.4038248203566113 -0.6813075817740073
v -0.5106945561761178 1.4166646438780774 -0.6813075817740073
v -0.4660567134149288 1.4275527957861929 -0.6813075817740073
v -0.42141897308756193 1.438322815888918 -0.6813075817740073
v -0.3767811815432839 1.4578856272423923 -0.6813075817740073
v -0.332143441215917 1.4729460111603432 -0.6813075817740073
v -0.2875057008885502 1.4842806208822825 -0.6813075817740073
v -0.24286790934427216 1.4921122755798342 -0.6813075817740073
v -0.19823011779999422 1.4963503213203984 -0.6813075817740073
v -0.15359232625571628 1.5008445284416947 -0.6813075817740073
v -0.10895458592834939 1.5064749059097808 -0.6813075817740073
v -0.06431679438407145 1.5131258059394534 -0.6813075817740073
v -0.019679002839793458 1.5195410825697344 -0.6813075817740073
v 0.024958763096028957 1.525879636267228 -0.6813075817740073
v 0.0695965546403069 1.5314713193589984 -0.6813075817740073
v 0.11423432057612931 1.535524625701322 -0.6813075817740073
v 0.15887211212040728 1.5394690961076154 -0.6813075817740073
v 0.20350989086045748 1.5469915030961077 -0.6813075817740073
v 0.24814766960050766 1.5485504690438057 -0.6813075817740073
v 0.29278544193844397 1.5522200838968254 -0.6813075817740073
v 0.3374232238795511 1.5506949723273467 -0.6813075817740073
v 0.3820610026196013 1.548424962003221 -0.6813075817740073
v 0.4266987845607084 1.545299962174097 -0.6813075817740073
v 0.4713365633007586 1.539924747356977 -0.6813075817740073
v 0.5159743420408088 1.5361817642788451 -0.6813075817740073
v 0.560612120780859 1.5295389309126666 -0.6813075817740073
v 0.6052498995209092 1.525353561765141 -0.6813075817740073
v 0.6498876654567316 1.5165163142355804 -0.6813075817740073
v 0.6945254570010095 1.513707783699977 -0.6813075817740073
v 0.739163222936832 1.5137106262385416 -0.6813075817740073
v 0.78380101448111 1.5133019665050895 -0.6813075817740073
v 0.8284386779831102 1.5134048356709797 -0.6813075817740073
v 0.8730764183104771 1.5128378132484896 -0.6813075817740073
v 0.917714209854755 1.5102904121339922 -0.6813075817740073
v 0.962352001399033 1.5037886557493643 -0.6813075817740073
v 1.006989792943311 1.4910998196817415 -0.6813075817740073
v 1.0516275332706777 1.4635670167539072 -0.6813075817740073
v 1.0962653248149559 1.458589757335825 -0.6813075817740073
v 1.1409031163592338 1.4502870094902234 -0.6813075817740073
v 1.1855409079035117 1.4385213838531485 -0.6813075817740073
v 1.2301786994477897 1.4274095164774658 -0.6813075817740073
v 1.2748164909920676 1.412374561755863 -0.6813075817740073
v 1.3194541801025235 1.400038917507 -0.6813075817740073
v 1.3640919716468014 1.3812000699957716 -0.6813075817740073
v 1.4087297631910793 1.3561985988765857 -0.6813075817740073
v 1.4533675547353573 1.3274040417360105 -0.6813075817740073
v 1.4980053462796352 1.289483629771978 -0.6813075817740073
v 1.5426431378239132 1.253816332953531 -0.6813075817740073
v 1.587280929368191 1.2136323896046237 -0.6813075817740073
v 1.631918720912469 1.1596026233680097 -0.6813075817740073
v 1.676556410022925 1.105619041980956 -0.6813075817740073
v 1.721194201567203 1.0294487652724136 -0.6813075817740073
v 1.765831993111481 0.9027338250570792 -0.6813075817740073
v 1.810469784655759 0.00887634402279347 -0.6813075817740073
v 1.8551075762000369 0.00887634402279347 -0.6813075817740073
v 1.8997453677443148 0.00887634402279347 -0.6813075817740073
v 1.9443831592885927 0.00887634402279347 -0.6813075817740073
v 1.9890209508328707 0.00887634402279347 -0.6813075817740073
v 2.0336587423771486 0.00887634402279347 -0.6813075817740073
v -1.4927256628487666 0.00887634402279347 -0.7139331126459378
v -1.4480878713044887 0.00887634402279347 -0.7139331126459378
v -1.4034500797602107 0.00887634402279347 -0.7139331126459378
v -1.3588122882159324 0.00887634402279347 -0.7139331126459378
v -1.3141744966716544 0.00887634402279347 -0.7139331126459378
v -1.2695367051273765 0.00887634402279347 -0.7139331126459378
v -1.2248989135830985 0.00887634402279347 -0.7139331126459378
v -1.1802611220388206 0.00887634402279347 -0.7139331126459378
v -1.135623432928365 0.8700408671217209 -0.7139331126459378
v -1.090985641384087 0.9641605840722522 -0.7139331126459378
v -1.046347849839809 1.0494506464002897 -0.7139331126459378
v -1.0017100582955312 1.1243419696171413 -0.7139331126459378
v -0.9570722667512531 1.1848797679105183 -0.7139331126459378
v -0.9124344752069752 1.231630050568388 -0.7139331126459378
v -0.8677967860965193 1.2679360158658024 -0.7139331126459378
v -0.8231589945522414 1.2995852691851997 -0.7139331126459378
v -0.7785212030079635 1.3216321903553128 -0.7139331126459378
v -0.7338834114636855 1.3401004707106998 -0.7139331126459378
v -0.6892456199194076 1.3564202144507989 -0.7139331126459378
v -0.6446078283751294 1.3719755842058154 -0.7139331126459378
v -0.5999700368308516 1.3863102116896329 -0.7139331126459378
v -0.5553322452865737 1.3998854972498807 -0.7139331126459378
v -0.5106945561761178 1.41203745204718 -0.7139331126459378
v -0.4660567134149288 1.4243484609618164 -0.7139331126459378
v -0.42141897308756193 1.4365827469436656 -0.7139331126459378
v -0.3767811815432839 1.454705005847843 -0.7139331126459378
v -0.332143441215917 1.471103482784489 -0.7139331126459378
v -0.2875057008885502 1.4823242117046576 -0.7139331126459378
v -0.24286790934427216 1.4879218359581123 -0.7139331126459378
v -0.19823011779999422 1.4964684531257886 -0.7139331126459378
v -0.15359232625571628 1.4997088702640158 -0.7139331126459378
v -0.10895458592834939 1.5037216640296807 -0.7139331126459378
v -0.06431679438407145 1.5100314082146955 -0.7139331126459378
v -0.019679002839793458 1.5158521845496957 -0.7139331126459378
v 0.024958763096028957 1.522146281968378 -0.7139331126459378
v 0.0695965546403069 1.528365781956082 -0.7139331126459378
v 0.11423432057612931 1.5336161043355503 -0.7139331126459378
v 0.15887211212040728 1.5386647857361238 -0.7139331126459378
v 0.20350989086045748 1.545368976961768 -0.7139331126459378
v 0.24814766960050766 1.5489628932202217 -0.7139331126459378
v 0.29278544193844397 1.553479533348568 -0.7139331126459378
v 0.3374232238795511 1.555575303741223 -0.7139331126459378
v 0.3820610026196013 1.552994662851439 -0.7139331126459378
v 0.4266987845607084 1.550926267897753 -0.7139331126459378
v 0.4713365633007586 1.5455563284224734 -0.7139331126459378
v 0.5159743420408088 1.5433935407016792 -0.7139331126459378
v 0.560612120780859 1.5401941483092214 -0.7139331126459378
v 0.6052498995209092 1.5344034106925657 -0.7139331126459378
v 0.6498876654567316 1.5237774893691445 -0.7139331126459378
v 0.6945254570010095 1.5104186592793192 -0.7139331126459378
v 0.739163222936832 1.510326392014021 -0.7139331126459378
v 0.78380101448111 1.509440544320101 -0.7139331126459378
v 0.8284386779831102 1.507750514296967 -0.7139331126459378
v 0.8730764183104771 1.5056099547155786 -0.7139331126459378
v 0.917714209854755 1.5010870661240814 -0.7139331126459378
v 0.962352001399033 1.4935682699278199 -0.7139331126459378
v 1.006989792943311 1.4834633014153784 -0.7139331126459378
v 1.0516275332706777 1.4533939297497387 -0.7139331126459378
v 1.0962653248149559 1.4477786100535082 -0.7139331126459378
v 1.1409031163592338 1.4405383570281174 -0.7139331126459378
v 1.1855409079035117 1.431063151654231 -0.7139331126459378
v 1.2301786994477897 1.4212500171010838 -0.7139331126459378
v 1.2748164909920676 1.4046602450015797 -0.7139331126459378
v 1.3194541801025235 1.3938431309491228 -0.7139331126459378
v 1.3640919716468014 1.370824970690103 -0.7139331126459378
v 1.4087297631910793 1.3395339604573204 -0.7139331126459378
v 1.4533675547353573 1.314262371349135 -0.7139331126459378
v 1.4980053462796352 1.2782337008103841 -0.7139331126459378
v 1.5426431378239132 1.2362993875149848 -0.7139331126459378
v 1.587280929368191 1.1824758757805833 -0.7139331126459378
v 1.631918720912469 1.1249854876973762 -0.7139331126459378
v 1.676556410022925 1.0624712656178439 -0.7139331126459378
v 1.721194201567203 0.9682802931397821 -0.7139331126459378
v 1.765831993111481 0.8182469975454009 -0.7139331126459378
v 1.810469784655759 0.00887634402279347 -0.7139331126459378
v 1.8551075762000369 0.00887634402279347 -0.7139331126459378
v 1.8997453677443148 0.00887634402279347 -0.7139331126459378
v 1.9443831592885927 0.00887634402279347 -0.7139331126459378
v 1.9890209508328707 0.00887634402279347 -0.7139331126459378
v 2.0336587423771486 0.00887634402279347 -0.7139331126459378
v -1.4927256628487666 0.00887634402279347 -0.7465585923009573
v -1.4480878713044887 0.00887634402279347 -0.7465585923009573
v -1.4034500797602107 0.00887634402279347 -0.7465585923009573
v -1.3588122882159324 0.00887634402279347 -0.7465585923009573
v -1.3141744966716544 0.00887634402279347 -0.7465585923009573
v -1.2695367051273765 0.00887634402279347 -0.7465585923009573
v -1.2248989135830985 0.00887634402279347 -0.7465585923009573
v -1.1802611220388206 0.00887634402279347 -0.7465585923009573
v -1.135623432928365 0.8098234033981222 -0.7465585923009573
v -1.090985641384087 0.9384831777691792 -0.7465585923009573
v -1.046347849839809 1.0255058185692247 -0.7465585923009573
v -1.0017100582955312 1.1054267352841043 -0.7465585923009573
v -0.9570722667512531 1.1690295217916498 -0.7465585923009573
v -0.9124344752069752 1.2178959925838135 -0.7465585923009573
v -0.8677967860965193 1.2569210380816425 -0.7465585923009573
v -0.8231589945522414 1.2870189055561803 -0.7465585923009573
v -0.7785212030079635 1.3109488804830343 -0.7465585923009573
v -0.7338834114636855 1.3328383608685086 -0.7465585923009573
v -0.6892456199194076 1.3501128774606044 -0.7465585923009573
v -0.6446078283751294 1.3668124970301323 -0.7465585923009573
v -0.5999700368308516 1.3813814674905647 -0.7465585923009573
v -0.5553322452865737 1.3946545092543425 -0.7465585923009573
v -0.5106945561761178 1.4064815695762496 -0.7465585923009573
v -0.4660567134149288 1.4198699006068531 -0.7465585923009573
v -0.42141897308756193 1.434938786532042 -0.7465585923009573
v -0.3767811815432839 1.4504042193912141 -0.7465585923009573
v -0.332143441215917 1.4625536389514153 -0.7465585923009573
v -0.2875057008885502 1.4723913320134216 -0.7465585923009573
v -0.24286790934427216 1.4833404064372586 -0.7465585923009573
v -0.19823011779999422 1.493210750280074 -0.7465585923009573
v -0.15359232625571628 1.4981272664416236 -0.7465585923009573
v -0.10895458592834939 1.4986643781880469 -0.7465585923009573
v -0.06431679438407145 1.5035830198514057 -0.7465585923009573
v -0.019679002839793458 1.5109179729453706 -0.7465585923009573
v 0.024958763096028957 1.5170204678997283 -0.7465585923009573
v 0.0695965546403069 1.5231132572494377 -0.7465585923009573
v 0.11423432057612931 1.5289367480807248 -0.7465585923009573
v 0.15887211212040728 1.5350299471657227 -0.7465585923009573
v 0.20350989086045748 1.5427368886848112 -0.7465585923009573
v 0.24814766960050766 1.5481804268613026 -0.7465585923009573
v 0.29278544193844397 1.5505553038108504 -0.7465585923009573
v 0.3374232238795511 1.5505407582081057 -0.7465585923009573
v 0.3820610026196013 1.544709789707802 -0.7465585923009573
v 0.4266987845607084 1.5433239369195308 -0.7465585923009573
v 0.4713365633007586 1.5414917031428026 -0.7465585923009573
v 0.5159743420408088 1.5426454408900903 -0.7465585923009573
v 0.560612120780859 1.5392540362980196 -0.7465585923009573
v 0.6052498995209092 1.534485562617927 -0.7465585923009573
v 0.6498876654567316 1.5278129210095037 -0.7465585923009573
v 0.6945254570010095 1.5079423216289356 -0.7465585923009573
v 0.739163222936832 1.5072656437998382 -0.7465585923009573
v 0.78380101448111 1.5051666467417855 -0.7465585923009573
v 0.8284386779831102 1.5025746869146546 -0.7465585923009573
v 0.8730764183104771 1.498632546877815 -0.7465585923009573
v 0.917714209854755 1.4932068065779216 -0.7465585923009573
v 0.962352001399033 1.485085827549718 -0.7465585923009573
v 1.006989792943311 1.4738527809624367 -0.7465585923009573
v 1.0516275332706777 1.4456622248541464 -0.7465585923009573
v 1.0962653248149559 1.4359957243174017 -0.7465585923009573
v 1.1409031163592338 1.430956825346843 -0.7465585923009573
v 1.1855409079035117 1.4249922831424606 -0.7465585923009573
v 1.2301786994477897 1.4126256014454877 -0.7465585923009573
v 1.2748164909920676 1.3927060643063893 -0.7465585923009573
v 1.3194541801025235 1.3756232526124403 -0.7465585923009573
v 1.3640919716468014 1.3539692291713965 -0.7465585923009573
v 1.4087297631910793 1.3263989482688845 -0.7465585923009573
v 1.4533675547353573 1.2949533269858 -0.7465585923009573
v 1.4980053462796352 1.2535917852111589 -0.7465585923009573
v 1.5426431378239132 1.2045685808678745 -0.7465585923009573
v 1.587280929368191 1.1479744479149703 -0.7465585923009573
v 1.631918720912469 1.0807024564897596 -0.7465585923009573
v 1.676556410022925 1.0067901605333547 -0.7465585923009573
v 1.721194201567203 0.8943597064458971 -0.7465585923009573
v 1.765831993111481 0.00887634402279347 -0.7465585923009573
v 1.810469784655759 0.00887634402279347 -0.7465585923009573
v 1.8551075762000369 0.00887634402279347 -0.7465585923009573
v 1.8997453677443148 0.00887634402279347 -0.7465585923009573
v 1.9443831592885927 0.00887634402279347 -0.7465585923009573
v 1.9890209508328707 0.00887634402279347 -0.7465585923009573
v 2.0336587423771486 0.00887634402279347 -0.7465585923009573
v -1.4927256628487666 0.00887634402279347 -0.7791839183052437
v -1.4480878713044887 0.00887634402279347 -0.7791839183052437
v -1.4034500797602107 0.00887634402279347 -0.7791839183052437
v -1.3588122882159324 0.00887634402279347 -0.7791839183052437
v -1.3141744966716544 0.00887634402279347 -0.7791839183052437
v -1.2695367051273765 0.00887634402279347 -0.7791839183052437
v -1.2248989135830985 0.00887634402279347 -0.7791839183052437
v -1.1802611220388206 0.00887634402279347 -0.7791839183052437
v -1.135623432928365 0.00887634402279347 -0.7791839183052437
v -1.090985641384087 0.9004678608689284 -0.7791839183052437
v -1.046347849839809 0.997769697308658 -0.7791839183052437
v -1.0017100582955312 1.0764776631249355 -0.7791839183052437
v -0.9570722667512531 1.144776467188624 -0.7791839183052437
v -0.9124344752069752 1.1978445943061007 -0.7791839183052437
v -0.8677967860965193 1.2405903787373709 -0.7791839183052437
v -0.8231589945522414 1.2729472192916982 -0.7791839183052437
v -0.7785212030079635 1.297162376381521 -0.7791839183052437
v -0.7338834114636855 1.3202646220042948 -0.7791839183052437
v -0.6892456199194076 1.339844398959562 -0.7791839183052437
v -0.6446078283751294 1.357448445157502 -0.7791839183052437
v -0.5999700368308516 1.3733144582824046 -0.7791839183052437
v -0.5553322452865737 1.386306767352363 -0.7791839183052437
v -0.5106945561761178 1.3986246393330837 -0.7791839183052437
v -0.4660567134149288 1.4114254611767676 -0.7791839183052437
v -0.42141897308756193 1.42598381693238 -0.7791839183052437
v -0.3767811815432839 1.4400448820899283 -0.7791839183052437
v -0.332143441215917 1.450778845487258 -0.7791839183052437
v -0.2875057008885502 1.4650578898183335 -0.7791839183052437
v -0.24286790934427216 1.4708012261837913 -0.7791839183052437
v -0.19823011779999422 1.4777805802641757 -0.7791839183052437
v -0.15359232625571628 1.4866287369957947 -0.7791839183052437
v -0.10895458592834939 1.4865888134136132 -0.7791839183052437
v -0.06431679438407145 1.491297260873928 -0.7791839183052437
v -0.019679002839793458 1.4963910387647017 -0.7791839183052437
v 0.024958763096028957 1.5018465873068396 -0.7791839183052437
v 0.0695965546403069 1.5075846739389123 -0.7791839183052437
v 0.11423432057612931 1.5156060104666231 -0.7791839183052437
v 0.15887211212040728 1.5242142671867758 -0.7791839183052437
v 0.20350989086045748 1.5320679451560886 -0.7791839183052437
v 0.24814766960050766 1.5394803126111405 -0.7791839183052437
v 0.29278544193844397 1.5409505452604044 -0.7791839183052437
v 0.3374232238795511 1.5369496850350195 -0.7791839183052437
v 0.3820610026196013 1.5306965099282848 -0.7791839183052437
v 0.4266987845607084 1.5281125399392812 -0.7791839183052437
v 0.4713365633007586 1.5242831795406246 -0.7791839183052437
v 0.5159743420408088 1.520821044394362 -0.7791839183052437
v 0.560612120780859 1.5173384993090366 -0.7791839183052437
v 0.6052498995209092 1.5121728640920278 -0.7791839183052437
v 0.6498876654567316 1.5072669498310705 -0.7791839183052437
v 0.6945254570010095 1.5020496111423334 -0.7791839183052437
v 0.739163222936832 1.5003404516029135 -0.7791839183052437
v 0.78380101448111 1.4980216571709908 -0.7791839183052437
v 0.8284386779831102 1.4949811140282263 -0.7791839183052437
v 0.8730764183104771 1.4908439399940203 -0.7791839183052437
v 0.917714209854755 1.4855368436686276 -0.7791839183052437
v 0.962352001399033 1.4764565718960254 -0.7791839183052437
v 1.006989792943311 1.4590684561951697 -0.7791839183052437
v 1.0516275332706777 1.4284446102502528 -0.7791839183052437
v 1.0962653248149559 1.4215155767849978 -0.7791839183052437
v 1.1409031163592338 1.4160258921716296 -0.7791839183052437
v 1.1855409079035117 1.4058049941809743 -0.7791839183052437
v 1.2301786994477897 1.3960870718655123 -0.7791839183052437
v 1.2748164909920676 1.3821482614746954 -0.7791839183052437
v 1.3194541801025235 1.3623357676797396 -0.7791839183052437
v 1.3640919716468014 1.334031522833095 -0.7791839183052437
v 1.4087297631910793 1.2914364153531448 -0.7791839183052437
v 1.4533675547353573 1.2578679235293337 -0.7791839183052437
v 1.4980053462796352 1.2188198368236358 -0.7791839183052437
v 1.5426431378239132 1.1619595247822994 -0.7791839183052437
v 1.587280929368191 1.0946695514197167 -0.7791839183052437
v 1.631918720912469 1.007252687653028 -0.7791839183052437
v 1.676556410022925 0.927720225600182 -0.7791839183052437
v 1.721194201567203 0.00887634402279347 -0.7791839183052437
v 1.765831993111481 0.00887634402279347 -0.7791839183052437
v 1.810469784655759 0.00887634402279347 -0.7791839183052437
v 1.8551075762000369 0.00887634402279347 -0.7791839183052437
v 1.8997453677443148 0.00887634402279347 -0.7791839183052437
v 1.9443831592885927 0.00887634402279347 -0.7791839183052437
v 1.9890209508328707 0.00887634402279347 -0.7791839183052437
v 2.0336587423771486 0.00887634402279347 -0.7791839183052437
v -1.4927256628487666 0.00887634402279347 -0.8118093979602632
v -1.4480878713044887 0.00887634402279347 -0.8118093979602632
v -1.4034500797602107 0.00887634402279347 -0.8118093979602632
v -1.3588122882159324 0.00887634402279347 -0.8118093979602632
v -1.3141744966716544 0.00887634402279347 -0.8118093979602632
v -1.2695367051273765 0.00887634402279347 -0.8118093979602632
v -1.2248989135830985 0.00887634402279347 -0.8118093979602632
v -1.1802611220388206 0.00887634402279347 -0.8118093979602632
v -1.135623432928365 0.00887634402279347 -0.8118093979602632
v -1.090985641384087 0.25888616399964626 -0.8118093979602632
v -1.046347849839809 0.96471568575869 -0.8118093979602632
v -1.0017100582955312 1.0435442994111142 -0.8118093979602632
v -0.9570722667512531 1.115092019419211 -0.8118093979602632
v -0.9124344752069752 1.1729287219503712 -0.8118093979602632
v -0.8677967860965193 1.2200111709847083 -0.8118093979602632
v -0.8231589945522414 1.2546150670838296 -0.8118093979602632
v -0.7785212030079635 1.2789494699468582 -0.8118093979602632
v -0.7338834114636855 1.3024328910281797 -0.8118093979602632
v -0.6892456199194076 1.3240693342644976 -0.8118093979602632
v -0.6446078283751294 1.3453171179711374 -0.8118093979602632
v -0.5999700368308516 1.362292707061755 -0.8118093979602632
v -0.5553322452865737 1.3764602905901075 -0.8118093979602632
v -0.5106945561761178 1.3893968372481353 -0.8118093979602632
v -0.4660567134149288 1.4016175763570058 -0.8118093979602632
v -0.42141897308756193 1.4145629067152825 -0.8118093979602632
v -0.3767811815432839 1.4270750188312475 -0.8118093979602632
v -0.332143441215917 1.4392210068584068 -0.8118093979602632
v -0.2875057008885502 1.4517467426727173 -0.8118093979602632
v -0.24286790934427216 1.4600453675569778 -0.8118093979602632
v -0.19823011779999422 1.4659961836291924 -0.8118093979602632
v -0.15359232625571628 1.4701578137384357 -0.8118093979602632
v -0.10895458592834939 1.4753060608141353 -0.8118093979602632
v -0.06431679438407145 1.4806353852789338 -0.8118093979602632
v -0.019679002839793458 1.4850972489208873 -0.8118093979602632
v 0.024958763096028957 1.4892033086816163 -0.8118093979602632
v 0.0695965546403069 1.4938434583910154 -0.8118093979602632
v 0.11423432057612931 1.4993982396983576 -0.8118093979602632
v 0.15887211212040728 1.5050443663665987 -0.8118093979602632
v 0.20350989086045748 1.5124209588092659 -0.8118093979602632
v 0.24814766960050766 1.5210145674928515 -0.8118093979602632
v 0.29278544193844397 1.5216635369730587 -0.8118093979602632
v 0.3374232238795511 1.5234843493786177 -0.8118093979602632
v 0.3820610026196013 1.5215561095020829 -0.8118093979602632
v 0.4266987845607084 1.5191721159423641 -0.8118093979602632
v 0.4713365633007586 1.5149774509254788 -0.8118093979602632
v 0.5159743420408088 1.5104999149087366 -0.8118093979602632
v 0.560612120780859 1.5067986736131294 -0.8118093979602632
v 0.6052498995209092 1.5027606299103053 -0.8118093979602632
v 0.6498876654567316 1.4993882267922427 -0.8118093979602632
v 0.6945254570010095 1.4967056130325125 -0.8118093979602632
v 0.739163222936832 1.4950309480827004 -0.8118093979602632
v 0.78380101448111 1.492332482688993 -0.8118093979602632
v 0.8284386779831102 1.4883941583120284 -0.8118093979602632
v 0.8730764183104771 1.4824381949402508 -0.8118093979602632
v 0.917714209854755 1.4734317779534158 -0.8118093979602632
v 0.962352001399033 1.4604477532188234 -0.8118093979602632
v 1.006989792943311 1.4424885945679584 -0.8118093979602632
v 1.0516275332706777 1.414911258535946 -0.8118093979602632
v 1.0962653248149559 1.4027763845784897 -0.8118093979602632
v 1.1409031163592338 1.384388758053815 -0.8118093979602632
v 1.1855409079035117 1.3775557306883663 -0.8118093979602632
v 1.2301786994477897 1.3698581874724598 -0.8118093979602632
v 1.2748164909920676 1.3453033790347422 -0.8118093979602632
v 1.3194541801025235 1.3206783394077155 -0.8118093979602632
v 1.3640919716468014 1.292764175360031 -0.8118093979602632
v 1.4087297631910793 1.258121972212484 -0.8118093979602632
v 1.4533675547353573 1.21863379459522 -0.8118093979602632
v 1.4980053462796352 1.1735169619786037 -0.8118093979602632
v 1.5426431378239132 1.1065795639312206 -0.8118093979602632
v 1.587280929368191 1.0182461415303095 -0.8118093979602632
v 1.631918720912469 0.9260215911359877 -0.8118093979602632
v 1.676556410022925 0.00887634402279347 -0.8118093979602632
v 1.721194201567203 0.00887634402279347 -0.8118093979602632
v 1.765831993111481 0.00887634402279347 -0.8118093979602632
v 1.810469784655759 0.00887634402279347 -0.8118093979602632
v 1.8551075762000369 0.00887634402279347 -0.8118093979602632
v 1.8997453677443148 0.00887634402279347 -0.8118093979602632
v 1.9443831592885927 0.00887634402279347 -0.8118093979602632
v 1.9890209508328707 0.00887634402279347 -0.8118093979602632
v 2.0336587423771486 0.00887634402279347 -0.8118093979602632
v -1.4927256628487666 0.00887634402279347 -0.8444347751814605
v -1.4480878713044887 0.00887634402279347 -0.8444347751814605
v -1.4034500797602107 0.00887634402279347 -0.8444347751814605
v -1.3588122882159324 0.00887634402279347 -0.8444347751814605
v -1.3141744966716544 0.00887634402279347 -0.8444347751814605
v -1.2695367051273765 0.00887634402279347 -0.8444347751814605
v -1.2248989135830985 0.00887634402279347 -0.8444347751814605
v -1.1802611220388206 0.00887634402279347 -0.8444347751814605
v -1.135623432928365 0.00887634402279347 -0.8444347751814605
v -1.090985641384087 0.00887634402279347 -0.8444347751814605
v -1.046347849839809 0.9105566704459261 -0.8444347751814605
v -1.0017100582955312 1.0052262393495104 -0.8444347751814605
v -0.9570722667512531 1.0762194658719884 -0.8444347751814605
v -0.9124344752069752 1.1383573652952972 -0.8444347751814605
v -0.8677967860965193 1.188377173902697 -0.8444347751814605
v -0.8231589945522414 1.2243406613189367 -0.8444347751814605
v -0.7785212030079635 1.2531204679891228 -0.8444347751814605
v -0.7338834114636855 1.2782048977000193 -0.8444347751814605
v -0.6892456199194076 1.3001208572285186 -0.8444347751814605
v -0.6446078283751294 1.321968403768052 -0.8444347751814605
v -0.5999700368308516 1.3437613786888372 -0.8444347751814605
v -0.5553322452865737 1.3627135052031314 -0.8444347751814605
v -0.5106945561761178 1.377719035809323 -0.8444347751814605
v -0.4660567134149288 1.3913957820704066 -0.8444347751814605
v -0.42141897308756193 1.404241572362013 -0.8444347751814605
v -0.3767811815432839 1.417531797399456 -0.8444347751814605
v -0.332143441215917 1.4286508607511441 -0.8444347751814605
v -0.2875057008885502 1.4399975064471857 -0.8444347751814605
v -0.24286790934427216 1.4489257920361787 -0.8444347751814605
v -0.19823011779999422 1.4542749374455624 -0.8444347751814605
v -0.15359232625571628 1.4587230493468928 -0.8444347751814605
v -0.10895458592834939 1.4641375731432613 -0.8444347751814605
v -0.06431679438407145 1.4700092590878682 -0.8444347751814605
v -0.019679002839793458 1.4743286372832167 -0.8444347751814605
v 0.024958763096028957 1.4783971294396734 -0.8444347751814605
v 0.0695965546403069 1.482817558600569 -0.8444347751814605
v 0.11423432057612931 1.4882109554211198 -0.8444347751814605
v 0.15887211212040728 1.4927758930966082 -0.8444347751814605
v 0.20350989086045748 1.4972576801169692 -0.8444347751814605
v 0.24814766960050766 1.500201909858461 -0.8444347751814605
v 0.29278544193844397 1.5069195455232618 -0.8444347751814605
v 0.3374232238795511 1.5139178754691986 -0.8444347751814605
v 0.3820610026196013 1.5145823124565498 -0.8444347751814605
v 0.4266987845607084 1.5126738935246002 -0.8444347751814605
v 0.4713365633007586 1.5082808398026732 -0.8444347751814605
v 0.5159743420408088 1.5027100019937096 -0.8444347751814605
v 0.560612120780859 1.4994749370226894 -0.8444347751814605
v 0.6052498995209092 1.4961159783437836 -0.8444347751814605
v 0.6498876654567316 1.492995588036656 -0.8444347751814605
v 0.6945254570010095 1.4900536886646183 -0.8444347751814605
v 0.739163222936832 1.4875108458552064 -0.8444347751814605
v 0.78380101448111 1.4840588260488807 -0.8444347751814605
v 0.8284386779831102 1.4792764981943427 -0.8444347751814605
v 0.8730764183104771 1.4701145610570345 -0.8444347751814605
v 0.917714209854755 1.4591353710894868 -0.8444347751814605
v 0.962352001399033 1.4476114636642212 -0.8444347751814605
v 1.006989792943311 1.4205435310297418 -0.8444347751814605
v 1.0516275332706777 1.3915659758659025 -0.8444347751814605
v 1.0962653248149559 1.3731591429995755 -0.8444347751814605
v 1.1409031163592338 1.3587046551396191 -0.8444347751814605
v 1.1855409079035117 1.344141651449327 -0.8444347751814605
v 1.2301786994477897 1.3281477112847915 -0.8444347751814605
v 1.2748164909920676 1.3095660494925165 -0.8444347751814605
v 1.3194541801025235 1.2845562940379645 -0.8444347751814605
v 1.3640919716468014 1.254061386666674 -0.8444347751814605
v 1.4087297631910793 1.2132179615665621 -0.8444347751814605
v 1.4533675547353573 1.168877333341255 -0.8444347751814605
v 1.4980053462796352 1.113509301629003 -0.8444347751814605
v 1.5426431378239132 1.0356322085547223 -0.8444347751814605
v 1.587280929368191 0.9390574729930417 -0.8444347751814605
v 1.631918720912469 0.2170690926158072 -0.8444347751814605
v 1.676556410022925 0.00887634402279347 -0.8444347751814605
v 1.721194201567203 0.00887634402279347 -0.8444347751814605
v 1.765831993111481 0.00887634402279347 -0.8444347751814605
v 1.810469784655759 0.00887634402279347 -0.8444347751814605
v 1.8551075762000369 0.00887634402279347 -0.8444347751814605
v 1.8997453677443148 0.00887634402279347 -0.8444347751814605
v 1.9443831592885927 0.00887634402279347 -0.8444347751814605
v 1.9890209508328707 0.00887634402279347 -0.8444347751814605
v 2.0336587423771486 0.00887634402279347 -0.8444347751814605
v -1.4927256628487666 0.00887634402279347 -0.8770603060533911
v -1.4480878713044887 0.00887634402279347 -0.8770603060533911
v -1.4034500797602107 0.00887634402279347 -0.8770603060533911
v -1.3588122882159324 0.00887634402279347 -0.8770603060533911
v -1.3141744966716544 0.00887634402279347 -0.8770603060533911
v -1.2695367051273765 0.00887634402279347 -0.8770603060533911
v -1.2248989135830985 0.00887634402279347 -0.8770603060533911
v -1.1802611220388206 0.00887634402279347 -0.8770603060533911
v -1.135623432928365 0.00887634402279347 -0.8770603060533911
v -1.090985641384087 0.00887634402279347 -0.8770603060533911
v -1.046347849839809 0.00887634402279347 -0.8770603060533911
v -1.0017100582955312 0.9461164437616891 -0.8770603060533911
v -0.9570722667512531 1.0284276153036662 -0.8770603060533911
v -0.9124344752069752 1.0955858155567002 -0.8770603060533911
v -0.8677967860965193 1.149301196387863 -0.8770603060533911
v -0.8231589945522414 1.1875386202245675 -0.8770603060533911
v -0.7785212030079635 1.2211651168006972 -0.8770603060533911
v -0.7338834114636855 1.2508873594494252 -0.8770603060533911
v -0.6892456199194076 1.2749229436469118 -0.8770603060533911
v -0.6446078283751294 1.295422614737735 -0.8770603060533911
v -0.5999700368308516 1.320957958133719 -0.8770603060533911
v -0.5553322452865737 1.344803655633402 -0.8770603060533911
v -0.5106945561761178 1.3615340949791683 -0.8770603060533911
v -0.4660567134149288 1.3760043320392794 -0.8770603060533911
v -0.42141897308756193 1.3908671723312214 -0.8770603060533911
v -0.3767811815432839 1.4058123694161688 -0.8770603060533911
v -0.332143441215917 1.4170341994999254 -0.8770603060533911
v -0.2875057008885502 1.4274450866222061 -0.8770603060533911
v -0.24286790934427216 1.435001552856562 -0.8770603060533911
v -0.19823011779999422 1.4417125047144679 -0.8770603060533911
v -0.15359232625571628 1.4475998630338631 -0.8770603060533911
v -0.10895458592834939 1.4517863589534323 -0.8770603060533911
v -0.06431679438407145 1.4571508438276826 -0.8770603060533911
v -0.019679002839793458 1.4623850840970738 -0.8770603060533911
v 0.024958763096028957 1.4674176065622038 -0.8770603060533911
v 0.0695965546403069 1.472619298484608 -0.8770603060533911
v 0.11423432057612931 1.4782361290797152 -0.8770603060533911
v 0.15887211212040728 1.4825621910819586 -0.8770603060533911
v 0.20350989086045748 1.4856532597074967 -0.8770603060533911
v 0.24814766960050766 1.4883229155887256 -0.8770603060533911
v 0.29278544193844397 1.492605212740457 -0.8770603060533911
v 0.3374232238795511 1.5032196102588868 -0.8770603060533911
v 0.3820610026196013 1.5039077862845203 -0.8770603060533911
v 0.4266987845607084 1.5012673496510587 -0.8770603060533911
v 0.4713365633007586 1.4973259010425186 -0.8770603060533911
v 0.5159743420408088 1.495574513159919 -0.8770603060533911
v 0.560612120780859 1.4939076075721345 -0.8770603060533911
v 0.6052498995209092 1.491014313048705 -0.8770603060533911
v 0.6498876654567316 1.4868810827166516 -0.8770603060533911
v 0.6945254570010095 1.482946292306551 -0.8770603060533911
v 0.739163222936832 1.4796022889656786 -0.8770603060533911
v 0.78380101448111 1.4730660635998984 -0.8770603060533911
v 0.8284386779831102 1.464333529045027 -0.8770603060533911
v 0.8730764183104771 1.4550013212868564 -0.8770603060533911
v 0.917714209854755 1.4457049653664367 -0.8770603060533911
v 0.962352001399033 1.432395559595797 -0.8770603060533911
v 1.006989792943311 1.3829876298218164 -0.8770603060533911
v 1.0516275332706777 1.3624331822446007 -0.8770603060533911
v 1.0962653248149559 1.3469232803023894 -0.8770603060533911
v 1.1409031163592338 1.332206062492856 -0.8770603060533911
v 1.1855409079035117 1.3151572076109483 -0.8770603060533911
v 1.2301786994477897 1.2955817840931223 -0.8770603060533911
v 1.2748164909920676 1.270737856192397 -0.8770603060533911
v 1.3194541801025235 1.2409594285922219 -0.8770603060533911
v 1.3640919716468014 1.2056647219976038 -0.8770603060533911
v 1.4087297631910793 1.1552278588849214 -0.8770603060533911
v 1.4533675547353573 1.0996662028407538 -0.8770603060533911
v 1.4980053462796352 1.029156111842542 -0.8770603060533911
v 1.5426431378239132 0.9391061802754721 -0.8770603060533911
v 1.587280929368191 0.00887634402279347 -0.8770603060533911
v 1.631918720912469 0.00887634402279347 -0.8770603060533911
v 1.676556410022925 0.00887634402279347 -0.8770603060533911
v 1.721194201567203 0.00887634402279347 -0.8770603060533911
v 1.765831993111481 0.00887634402279347 -0.8770603060533911
v 1.810469784655759 0.00887634402279347 -0.8770603060533911
v 1.8551075762000369 0.00887634402279347 -0.8770603060533911
v 1.8997453677443148 0.00887634402279347 -0.8770603060533911
v 1.9443831592885927 0.00887634402279347 -0.8770603060533911
v 1.9890209508328707 0.00887634402279347 -0.8770603060533911
v 2.0336587423771486 0.00887634402279347 -0.8770603060533911
v -1.4927256628487666 0.00887634402279347 -0.9096855808407663
v -1.4480878713044887 0.00887634402279347 -0.9096855808407663
v -1.4034500797602107 0.00887634402279347 -0.9096855808407663
v -1.3588122882159324 0.00887634402279347 -0.9096855808407663
v -1.3141744966716544 0.00887634402279347 -0.9096855808407663
v -1.2695367051273765 0.00887634402279347 -0.9096855808407663
v -1.2248989135830985 0.00887634402279347 -0.9096855808407663
v -1.1802611220388206 0.00887634402279347 -0.9096855808407663
v -1.135623432928365 0.00887634402279347 -0.9096855808407663
v -1.090985641384087 0.00887634402279347 -0.9096855808407663
v -1.046347849839809 0.00887634402279347 -0.9096855808407663
v -1.0017100582955312 0.031078772539152366 -0.9096855808407663
v -0.9570722667512531 0.9714076361425878 -0.9096855808407663
v -0.9124344752069752 1.047296565554378 -0.9096855808407663
v -0.8677967860965193 1.1034819331389512 -0.9096855808407663
v -0.8231589945522414 1.148641612202836 -0.9096855808407663
v -0.7785212030079635 1.1872688047354492 -0.9096855808407663
v -0.7338834114636855 1.222525009017168 -0.9096855808407663
v -0.6892456199194076 1.2495417119363466 -0.9096855808407663
v -0.6446078283751294 1.2725588670634866 -0.9096855808407663
v -0.5999700368308516 1.3016719485761392 -0.9096855808407663
v -0.5553322452865737 1.3246752559309476 -0.9096855808407663
v -0.5106945561761178 1.3435941426699558 -0.9096855808407663
v -0.4660567134149288 1.358536804517805 -0.9096855808407663
v -0.42141897308756193 1.3743792706678417 -0.9096855808407663
v -0.3767811815432839 1.3900380217578592 -0.9096855808407663
v -0.332143441215917 1.403107348257844 -0.9096855808407663
v -0.2875057008885502 1.4162888397930788 -0.9096855808407663
v -0.24286790934427216 1.422234380523453 -0.9096855808407663
v -0.19823011779999422 1.4290770110597277 -0.9096855808407663
v -0.15359232625571628 1.4351011953570547 -0.9096855808407663
v -0.10895458592834939 1.4396500765309215 -0.9096855808407663
v -0.06431679438407145 1.4440044358765327 -0.9096855808407663
v -0.019679002839793458 1.4491311462411263 -0.9096855808407663
v 0.024958763096028957 1.4550591195710023 -0.9096855808407663
v 0.0695965546403069 1.4611554428875757 -0.9096855808407663
v 0.11423432057612931 1.467332330405267 -0.9096855808407663
v 0.15887211212040728 1.4719320443633739 -0.9096855808407663
v 0.20350989086045748 1.475554437224384 -0.9096855808407663
v 0.24814766960050766 1.4789187736789529 -0.9096855808407663
v 0.29278544193844397 1.483490779288169 -0.9096855808407663
v 0.3374232238795511 1.4902534858347143 -0.9096855808407663
v 0.3820610026196013 1.4917867665015092 -0.9096855808407663
v 0.4266987845607084 1.4892936553127494 -0.9096855808407663
v 0.4713365633007586 1.4864232035316585 -0.9096855808407663
v 0.5159743420408088 1.4885090634520206 -0.9096855808407663
v 0.560612120780859 1.4880004539166096 -0.9096855808407663
v 0.6052498995209092 1.484077315353778 -0.9096855808407663
v 0.6498876654567316 1.4798922278992634 -0.9096855808407663
v 0.6945254570010095 1.4750025750075717 -0.9096855808407663
v 0.739163222936832 1.46894141210045 -0.9096855808407663
v 0.78380101448111 1.460548112756071 -0.9096855808407663
v 0.8284386779831102 1.450827860071155 -0.9096855808407663
v 0.8730764183104771 1.4413455611550847 -0.9096855808407663
v 0.917714209854755 1.4286675318556985 -0.9096855808407663
v 0.962352001399033 1.4024153053554245 -0.9096855808407663
v 1.006989792943311 1.3559906326091733 -0.9096855808407663
v 1.0516275332706777 1.338306547183454 -0.9096855808407663
v 1.0962653248149559 1.321740424492638 -0.9096855808407663
v 1.1409031163592338 1.3048568977996742 -0.9096855808407663
v 1.1855409079035117 1.2850188211576377 -0.9096855808407663
v 1.2301786994477897 1.260882288428426 -0.9096855808407663
v 1.2748164909920676 1.227238206845985 -0.9096855808407663
v 1.3194541801025235 1.1915758620626276 -0.9096855808407663
v 1.3640919716468014 1.1460696653837068 -0.9096855808407663
v 1.4087297631910793 1.0851420023627132 -0.9096855808407663
v 1.4533675547353573 1.0124565050772416 -0.9096855808407663
v 1.4980053462796352 0.9358804111738118 -0.9096855808407663
v 1.5426431378239132 0.00887634402279347 -0.9096855808407663
v 1.587280929368191 0.00887634402279347 -0.9096855808407663
v 1.631918720912469 0.00887634402279347 -0.9096855808407663
v 1.676556410022925 0.00887634402279347 -0.9096855808407663
v 1.721194201567203 0.00887634402279347 -0.9096855808407663
v 1.765831993111481 0.00887634402279347 -0.9096855808407663
v 1.810469784655759 0.00887634402279347 -0.9096855808407663
v 1.8551075762000369 0.00887634402279347 -0.9096855808407663
v 1.8997453677443148 0.00887634402279347 -0.9096855808407663
v 1.9443831592885927 0.00887634402279347 -0.9096855808407663
v 1.9890209508328707 0.00887634402279347 -0.9096855808407663
v 2.0336587423771486 0.00887634402279347 -0.9096855808407663
v -1.4927256628487666 0.00887634402279347 -0.9423110604957858
v -1.4480878713044887 0.00887634402279347 -0.9423110604957858
v -1.4034500797602107 0.00887634402279347 -0.9423110604957858
v -1.3588122882159324 0.00887634402279347 -0.9423110604957858
v -1.3141744966716544 0.00887634402279347 -0.9423110604957858
v -1.2695367051273765 0.00887634402279347 -0.9423110604957858
v -1.2248989135830985 0.00887634402279347 -0.9423110604957858
v -1.1802611220388206 0.00887634402279347 -0.9423110604957858
v -1.135623432928365 0.00887634402279347 -0.9423110604957858
v -1.090985641384087 0.00887634402279347 -0.9423110604957858
v -1.046347849839809 0.00887634402279347 -0.9423110604957858
v -1.0017100582955312 0.00887634402279347 -0.9423110604957858
v -0.9570722667512531 0.17906153507758393 -0.9423110604957858
v -0.9124344752069752 0.9779206218349685 -0.9423110604957858
v -0.8677967860965193 1.0471728767141364 -0.9423110604957858
v -0.8231589945522414 1.1015398582943126 -0.9423110604957858
v -0.7785212030079635 1.1476864424197786 -0.9423110604957858
v -0.7338834114636855 1.1892520051591509 -0.9423110604957858
v -0.6892456199194076 1.2208464899947977 -0.9423110604957858
v -0.6446078283751294 1.247613785763392 -0.9423110604957858
v -0.5999700368308516 1.2788494305153046 -0.9423110604957858
v -0.5553322452865737 1.3035460137649866 -0.9423110604957858
v -0.5106945561761178 1.3214339296925488 -0.9423110604957858
v -0.4660567134149288 1.3363394080629591 -0.9423110604957858
v -0.42141897308756193 1.3500256678652747 -0.9423110604957858
v -0.3767811815432839 1.3669872107180305 -0.9423110604957858
v -0.332143441215917 1.380788068358872 -0.9423110604957858
v -0.2875057008885502 1.3939458208558244 -0.9423110604957858
v -0.24286790934427216 1.4039086112231267 -0.9423110604957858
v -0.19823011779999422 1.4127136177071666 -0.9423110604957858
v -0.15359232625571628 1.4188483537070449 -0.9423110604957858
v -0.10895458592834939 1.4243804971396927 -0.9423110604957858
v -0.06431679438407145 1.4296911274319495 -0.9423110604957858
v -0.019679002839793458 1.4346320996685362 -0.9423110604957858
v 0.024958763096028957 1.440875774038267 -0.9423110604957858
v 0.0695965546403069 1.4476338198459047 -0.9423110604957858
v 0.11423432057612931 1.4543606233377875 -0.9423110604957858
v 0.15887211212040728 1.4597672597298508 -0.9423110604957858
v 0.20350989086045748 1.4640471240783064 -0.9423110604957858
v 0.24814766960050766 1.4674879529895626 -0.9423110604957858
v 0.29278544193844397 1.4713337796251293 -0.9423110604957858
v 0.3374232238795511 1.4752622959636232 -0.9423110604957858
v 0.3820610026196013 1.477416376809535 -0.9423110604957858
v 0.4266987845607084 1.4747913820747618 -0.9423110604957858
v 0.4713365633007586 1.4742904550760116 -0.9423110604957858
v 0.5159743420408088 1.4775452129493394 -0.9423110604957858
v 0.560612120780859 1.4802923088001108 -0.9423110604957858
v 0.6052498995209092 1.476784590602993 -0.9423110604957858
v 0.6498876654567316 1.4717049741881314 -0.9423110604957858
v 0.6945254570010095 1.4656140798641317 -0.9423110604957858
v 0.739163222936832 1.4559880150786793 -0.9423110604957858
v 0.78380101448111 1.445473874663675 -0.9423110604957858
v 0.8284386779831102 1.4362413862313637 -0.9423110604957858
v 0.8730764183104771 1.4237750620338978 -0.9423110604957858
v 0.917714209854755 1.4035243819562566 -0.9423110604957858
v 0.962352001399033 1.370752319501746 -0.9423110604957858
v 1.006989792943311 1.3296923236931613 -0.9423110604957858
v 1.0516275332706777 1.3110198287090982 -0.9423110604957858
v 1.0962653248149559 1.292794892702447 -0.9423110604957858
v 1.1409031163592338 1.2742726553312447 -0.9423110604957858
v 1.1855409079035117 1.250200892788199 -0.9423110604957858
v 1.2301786994477897 1.2176378977646884 -0.9423110604957858
v 1.2748164909920676 1.1700240023545505 -0.9423110604957858
v 1.3194541801025235 1.1236150832099074 -0.9423110604957858
v 1.3640919716468014 1.06570147778654 -0.9423110604957858
v 1.4087297631910793 0.983847084265968 -0.9423110604957858
v 1.4533675547353573 0.00887634402279347 -0.9423110604957858
v 1.4980053462796352 0.00887634402279347 -0.9423110604957858
v 1.5426431378239132 0.00887634402279347 -0.9423110604957858
v 1.587280929368191 0.00887634402279347 -0.9423110604957858
v 1.631918720912469 0.00887634402279347 -0.9423110604957858
v 1.676556410022925 0.00887634402279347 -0.9423110604957858
v 1.721194201567203 0.00887634402279347 -0.9423110604957858
v 1.765831993111481 0.00887634402279347 -0.9423110604957858
v 1.810469784655759 0.00887634402279347 -0.9423110604957858
v 1.8551075762000369 0.00887634402279347 -0.9423110604957858
v 1.8997453677443148 0.00887634402279347 -0.9423110604957858
v 1.9443831592885927 0.00887634402279347 -0.9423110604957858
v 1.9890209508328707 0.00887634402279347 -0.9423110604957858
v 2.0336587423771486 0.00887634402279347 -0.9423110604957858
v -1.4927256628487666 0.00887634402279347 -0.9749364377169832
v -1.4480878713044887 0.00887634402279347 -0.9749364377169832
v -1.4034500797602107 0.00887634402279347 -0.9749364377169832
v -1.3588122882159324 0.00887634402279347 -0.9749364377169832
v -1.3141744966716544 0.00887634402279347 -0.9749364377169832
v -1.2695367051273765 0.00887634402279347 -0.9749364377169832
v -1.2248989135830985 0.00887634402279347 -0.9749364377169832
v -1.1802611220388206 0.00887634402279347 -0.9749364377169832
v -1.135623432928365 0.00887634402279347 -0.9749364377169832
v -1.090985641384087 0.00887634402279347 -0.9749364377169832
v -1.046347849839809 0.00887634402279347 -0.9749364377169832
v -1.0017100582955312 0.00887634402279347 -0.9749364377169832
v -0.9570722667512531 0.00887634402279347 -0.9749364377169832
v -0.9124344752069752 0.00887634402279347 -0.9749364377169832
v -0.8677967860965193 0.9854705195004793 -0.9749364377169832
v -0.8231589945522414 1.056000111337582 -0.9749364377169832
v -0.7785212030079635 1.1084345252122376 -0.9749364377169832
v -0.7338834114636855 1.1556712884988782 -0.9749364377169832
v -0.6892456199194076 1.1916614551242015 -0.9749364377169832
v -0.6446078283751294 1.2216836272052303 -0.9749364377169832
v -0.5999700368308516 1.249711380758504 -0.9749364377169832
v -0.5553322452865737 1.2759680503258135 -0.9749364377169832
v -0.5106945561761178 1.2968237429697334 -0.9749364377169832
v -0.4660567134149288 1.3101700505248013 -0.9749364377169832
v -0.42141897308756193 1.3214057347830033 -0.9749364377169832
v -0.3767811815432839 1.3364316753282572 -0.9749364377169832
v -0.332143441215917 1.3515952485177924 -0.9749364377169832
v -0.2875057008885502 1.3661087510635328 -0.9749364377169832
v -0.24286790934427216 1.3794000772645636 -0.9749364377169832
v -0.19823011779999422 1.3895638812036002 -0.9749364377169832
v -0.15359232625571628 1.3971856233911186 -0.9749364377169832
v -0.10895458592834939 1.4035509635331034 -0.9749364377169832
v -0.06431679438407145 1.4096496172191306 -0.9749364377169832
v -0.019679002839793458 1.4154270384389076 -0.9749364377169832
v 0.024958763096028957 1.424534096656001 -0.9749364377169832
v 0.0695965546403069 1.4324408353451856 -0.9749364377169832
v 0.11423432057612931 1.4391172157881171 -0.9749364377169832
v 0.15887211212040728 1.4444742229933507 -0.9749364377169832
v 0.20350989086045748 1.4495582952794757 -0.9749364377169832
v 0.24814766960050766 1.4525365842668307 -0.9749364377169832
v 0.29278544193844397 1.454556271938087 -0.9749364377169832
v 0.3374232238795511 1.4558301645587521 -0.9749364377169832
v 0.3820610026196013 1.4565319898911864 -0.9749364377169832
v 0.4266987845607084 1.4551123595500628 -0.9749364377169832
v 0.4713365633007586 1.4557279868211612 -0.9749364377169832
v 0.5159743420408088 1.4571740963053097 -0.9749364377169832
v 0.560612120780859 1.456223254351238 -0.9749364377169832
v 0.6052498995209092 1.4533636093383835 -0.9749364377169832
v 0.6498876654567316 1.4486102958639684 -0.9749364377169832
v 0.6945254570010095 1.4439950375733508 -0.9749364377169832
v 0.739163222936832 1.4374454702022363 -0.9749364377169832
v 0.78380101448111 1.4287045104654932 -0.9749364377169832
v 0.8284386779831102 1.417624781701509 -0.9749364377169832
v 0.8730764183104771 1.4002821466176862 -0.9749364377169832
v 0.917714209854755 1.3760264705490908 -0.9749364377169832
v 0.962352001399033 1.3399295854869044 -0.9749364377169832
v 1.006989792943311 1.300482640684111 -0.9749364377169832
v 1.0516275332706777 1.283827887128683 -0.9749364377169832
v 1.0962653248149559 1.2593608068575197 -0.9749364377169832
v 1.1409031163592338 1.2342591938729581 -0.9749364377169832
v 1.1855409079035117 1.1986822388840586 -0.9749364377169832
v 1.2301786994477897 1.158580958829359 -0.9749364377169832
v 1.2748164909920676 1.1071176808095238 -0.9749364377169832
v 1.3194541801025235 1.0497208668231113 -0.9749364377169832
v 1.3640919716468014 0.97482703077656 -0.9749364377169832
v 1.4087297631910793 0.00887634402279347 -0.9749364377169832
v 1.4533675547353573 0.00887634402279347 -0.9749364377169832
v 1.4980053462796352 0.00887634402279347 -0.9749364377169832
v 1.5426431378239132 0.00887634402279347 -0.9749364377169832
v 1.587280929368191 0.00887634402279347 -0.9749364377169832
v 1.631918720912469 0.00887634402279347 -0.9749364377169832
v 1.676556410022925 0.00887634402279347 -0.9749364377169832
v 1.721194201567203 0.00887634402279347 -0.9749364377169832
v 1.765831993111481 0.00887634402279347 -0.9749364377169832
v 1.810469784655759 0.00887634402279347 -0.9749364377169832
v 1.8551075762000369 0.00887634402279347 -0.9749364377169832
v 1.8997453677443148 0.00887634402279347 -0.9749364377169832
v 1.9443831592885927 0.00887634402279347 -0.9749364377169832
v 1.9890209508328707 0.00887634402279347 -0.9749364377169832
v 2.0336587423771486 0.00887634402279347 -0.9749364377169832
v -1.4927256628487666 0.00887634402279347 -1.0075619173720027
v -1.4480878713044887 0.00887634402279347 -1.0075619173720027
v -1.4034500797602107 0.00887634402279347 -1.0075619173720027
v -1.3588122882159324 0.00887634402279347 -1.0075619173720027
v -1.3141744966716544 0.00887634402279347 -1.0075619173720027
v -1.2695367051273765 0.00887634402279347 -1.0075619173720027
v -1.2248989135830985 0.00887634402279347 -1.0075619173720027
v -1.1802611220388206 0.00887634402279347 -1.0075619173720027
v -1.135623432928365 0.00887634402279347 -1.0075619173720027
v -1.090985641384087 0.00887634402279347 -1.0075619173720027
v -1.046347849839809 0.00887634402279347 -1.0075619173720027
v -1.0017100582955312 0.00887634402279347 -1.0075619173720027
v -0.9570722667512531 0.00887634402279347 -1.0075619173720027
v -0.9124344752069752 0.00887634402279347 -1.0075619173720027
v -0.8677967860965193 0.0187374432131604 -1.0075619173720027
v -0.8231589945522414 0.9970342224656485 -1.0075619173720027
v -0.7785212030079635 1.0670422724972943 -1.0075619173720027
v -0.7338834114636855 1.1210419263912543 -1.0075619173720027
v -0.6892456199194076 1.1614483896129608 -1.0075619173720027
v -0.6446078283751294 1.190984994966976 -1.0075619173720027
v -0.5999700368308516 1.2180550531032648 -1.0075619173720027
v -0.5553322452865737 1.2444414743126642 -1.0075619173720027
v -0.5106945561761178 1.2645988819931275 -1.0075619173720027
v -0.4660567134149288 1.2759879608999933 -1.0075619173720027
v -0.42141897308756193 1.2859121465205743 -1.0075619173720027
v -0.3767811815432839 1.2981437180061366 -1.0075619173720027
v -0.332143441215917 1.3113548257201995 -1.0075619173720027
v -0.2875057008885502 1.3278452498164495 -1.0075619173720027
v -0.24286790934427216 1.342223526912729 -1.0075619173720027
v -0.19823011779999422 1.3539319432601353 -1.0075619173720027
v -0.15359232625571628 1.3629340068095288 -1.0075619173720027
v -0.10895458592834939 1.371634018625869 -1.0075619173720027
v -0.06431679438407145 1.3804056829008002 -1.0075619173720027
v -0.019679002839793458 1.3898053945477653 -1.0075619173720027
v 0.024958763096028957 1.4008539066044505 -1.0075619173720027
v 0.0695965546403069 1.4110859186648086 -1.0075619173720027
v 0.11423432057612931 1.419302878184363 -1.0075619173720027
v 0.15887211212040728 1.4247482345611975 -1.0075619173720027
v 0.20350989086045748 1.4299441645811062 -1.0075619173720027
v 0.24814766960050766 1.4315659992871463 -1.0075619173720027
v 0.29278544193844397 1.432311179734804 -1.0075619173720027
v 0.3374232238795511 1.4326777903842651 -1.0075619173720027
v 0.3820610026196013 1.4332630972440084 -1.0075619173720027
v 0.4266987845607084 1.4332381546083157 -1.0075619173720027
v 0.4713365633007586 1.4321689759812097 -1.0075619173720027
v 0.5159743420408088 1.4294462593801092 -1.0075619173720027
v 0.560612120780859 1.4262044337768274 -1.0075619173720027
v 0.6052498995209092 1.4231808690400836 -1.0075619173720027
v 0.6498876654567316 1.4205613289063397 -1.0075619173720027
v 0.6945254570010095 1.4157647627505234 -1.0075619173720027
v 0.739163222936832 1.4106240957776626 -1.0075619173720027
v 0.78380101448111 1.397850879849047 -1.0075619173720027
v 0.8284386779831102 1.3807031763287683 -1.0075619173720027
v 0.8730764183104771 1.3586498914574543 -1.0075619173720027
v 0.917714209854755 1.3329649946811368 -1.0075619173720027
v 0.962352001399033 1.2903377485894882 -1.0075619173720027
v 1.006989792943311 1.2588600783242998 -1.0075619173720027
v 1.0516275332706777 1.2362493677992081 -1.0075619173720027
v 1.0962653248149559 1.2073485995892952 -1.0075619173720027
v 1.1409031163592338 1.1754125483734377 -1.0075619173720027
v 1.1855409079035117 1.1342993053834145 -1.0075619173720027
v 1.2301786994477897 1.0812759450472726 -1.0075619173720027
v 1.2748164909920676 1.0212667612946666 -1.0075619173720027
v 1.3194541801025235 0.00887634402279347 -1.0075619173720027
v 1.3640919716468014 0.00887634402279347 -1.0075619173720027
v 1.4087297631910793 0.00887634402279347 -1.0075619173720027
v 1.4533675547353573 0.00887634402279347 -1.0075619173720027
v 1.4980053462796352 0.00887634402279347 -1.0075619173720027
v 1.5426431378239132 0.00887634402279347 -1.0075619173720027
v 1.587280929368191 0.00887634402279347 -1.0075619173720027
v 1.631918720912469 0.00887634402279347 -1.0075619173720027
v 1.676556410022925 0.00887634402279347 -1.0075619173720027
v 1.721194201567203 0.00887634402279347 -1.0075619173720027
v 1.765831993111481 0.00887634402279347 -1.0075619173720027
v 1.810469784655759 0.00887634402279347 -1.0075619173720027
v 1.8551075762000369 0.00887634402279347 -1.0075619173720027
v 1.8997453677443148 0.00887634402279347 -1.0075619173720027
v 1.9443831592885927 0.00887634402279347 -1.0075619173720027
v 1.9890209508328707 0.00887634402279347 -1.0075619173720027
v 2.0336587423771486 0.00887634402279347 -1.0075619173720027
v -1.4927256628487666 0.00887634402279347 -1.0401873970270223
v -1.4480878713044887 0.00887634402279347 -1.0401873970270223
v -1.4034500797602107 0.00887634402279347 -1.0401873970270223
v -1.3588122882159324 0.00887634402279347 -1.0401873970270223
v -1.3141744966716544 0.00887634402279347 -1.0401873970270223
v -1.2695367051273765 0.00887634402279347 -1.0401873970270223
v -1.2248989135830985 0.00887634402279347 -1.0401873970270223
v -1.1802611220388206 0.00887634402279347 -1.0401873970270223
v -1.135623432928365 0.00887634402279347 -1.0401873970270223
v -1.090985641384087 0.00887634402279347 -1.0401873970270223
v -1.046347849839809 0.00887634402279347 -1.0401873970270223
v -1.0017100582955312 0.00887634402279347 -1.0401873970270223
v -0.9570722667512531 0.00887634402279347 -1.0401873970270223
v -0.9124344752069752 0.00887634402279347 -1.0401873970270223
v -0.8677967860965193 0.00887634402279347 -1.0401873970270223
v -0.8231589945522414 0.00887634402279347 -1.0401873970270223
v -0.7785212030079635 0.9949599759798721 -1.0401873970270223
v -0.7338834114636855 1.0692912454751966 -1.0401873970270223
v -0.6892456199194076 1.1192195038540533 -1.0401873970270223
v -0.6446078283751294 1.153272954204059 -1.0401873970270223
v -0.5999700368308516 1.1803930344569173 -1.0401873970270223
v -0.5553322452865737 1.204944909926212 -1.0401873970270223
v -0.5106945561761178 1.2236939101711903 -1.0401873970270223
v -0.4660567134149288 1.2345245614934555 -1.0401873970270223
v -0.42141897308756193 1.2438163527066757 -1.0401873970270223
v -0.3767811815432839 1.2548757867696472 -1.0401873970270223
v -0.332143441215917 1.2673269571635493 -1.0401873970270223
v -0.2875057008885502 1.2822052585605213 -1.0401873970270223
v -0.24286790934427216 1.29675927368292 -1.0401873970270223
v -0.19823011779999422 1.3098700218597352 -1.0401873970270223
v -0.15359232625571628 1.3210438616978162 -1.0401873970270223
v -0.10895458592834939 1.3310847578545053 -1.0401873970270223
v -0.06431679438407145 1.3420699273964207 -1.0401873970270223
v -0.019679002839793458 1.3552577826328565 -1.0401873970270223
v 0.024958763096028957 1.368800647888395 -1.0401873970270223
v 0.0695965546403069 1.3818117535647174 -1.0401873970270223
v 0.11423432057612931 1.3916512520228392 -1.0401873970270223
v 0.15887211212040728 1.3981407931741763 -1.0401873970270223
v 0.20350989086045748 1.4009792343858463 -1.0401873970270223
v 0.24814766960050766 1.403011751893326 -1.0401873970270223
v 0.29278544193844397 1.4068615222310452 -1.0401873970270223
v 0.3374232238795511 1.4076742065674974 -1.0401873970270223
v 0.3820610026196013 1.4065255136859505 -1.0401873970270223
v 0.4266987845607084 1.4060834093095675 -1.0401873970270223
v 0.4713365633007586 1.4050958960471673 -1.0401873970270223
v 0.5159743420408088 1.401785747084514 -1.0401873970270223
v 0.560612120780859 1.3972830379559797 -1.0401873970270223
v 0.6052498995209092 1.3924690836588542 -1.0401873970270223
v 0.6498876654567316 1.3850343856305745 -1.0401873970270223
v 0.6945254570010095 1.3767324316470944 -1.0401873970270223
v 0.739163222936832 1.3672801714493685 -1.0401873970270223
v 0.78380101448111 1.3543501037305914 -1.0401873970270223
v 0.8284386779831102 1.3327476173063149 -1.0401873970270223
v 0.8730764183104771 1.3044012337460849 -1.0401873970270223
v 0.917714209854755 1.272416784950056 -1.0401873970270223
v 0.962352001399033 1.2296969706937566 -1.0401873970270223
v 1.006989792943311 1.2010910806482902 -1.0401873970270223
v 1.0516275332706777 1.175005701438545 -1.0401873970270223
v 1.0962653248149559 1.1412689570602075 -1.0401873970270223
v 1.1409031163592338 1.101098355716635 -1.0401873970270223
v 1.1855409079035117 1.0471167941965114 -1.0401873970270223
v 1.2301786994477897 0.9814629882724271 -1.0401873970270223
v 1.2748164909920676 0.00887634402279347 -1.0401873970270223
v 1.3194541801025235 0.00887634402279347 -1.0401873970270223
v 1.3640919716468014 0.00887634402279347 -1.0401873970270223
v 1.4087297631910793 0.00887634402279347 -1.0401873970270223
v 1.4533675547353573 0.00887634402279347 -1.0401873970270223
v 1.4980053462796352 0.00887634402279347 -1.0401873970270223
v 1.5426431378239132 0.00887634402279347 -1.0401873970270223
v 1.587280929368191 0.00887634402279347 -1.0401873970270223
v 1.631918720912469 0.00887634402279347 -1.0401873970270223
v 1.676556410022925 0.00887634402279347 -1.0401873970270223
v 1.721194201567203 0.00887634402279347 -1.0401873970270223
v 1.765831993111481 0.00887634402279347 -1.0401873970270223
v 1.810469784655759 0.00887634402279347 -1.0401873970270223
v 1.8551075762000369 0.00887634402279347 -1.0401873970270223
v 1.8997453677443148 0.00887634402279347 -1.0401873970270223
v 1.9443831592885927 0.00887634402279347 -1.0401873970270223
v 1.9890209508328707 0.00887634402279347 -1.0401873970270223
v 2.0336587423771486 0.00887634402279347 -1.0401873970270223
v -1.4927256628487666 0.00887634402279347 -1.0728127742482196
v -1.4480878713044887 0.00887634402279347 -1.0728127742482196
v -1.4034500797602107 0.00887634402279347 -1.0728127742482196
v -1.3588122882159324 0.00887634402279347 -1.0728127742482196
v -1.3141744966716544 0.00887634402279347 -1.0728127742482196
v -1.2695367051273765 0.00887634402279347 -1.0728127742482196
v -1.2248989135830985 0.00887634402279347 -1.0728127742482196
v -1.1802611220388206 0.00887634402279347 -1.0728127742482196
v -1.135623432928365 0.00887634402279347 -1.0728127742482196
v -1.090985641384087 0.00887634402279347 -1.0728127742482196
v -1.046347849839809 0.00887634402279347 -1.0728127742482196
v -1.0017100582955312 0.00887634402279347 -1.0728127742482196
v -0.9570722667512531 0.00887634402279347 -1.0728127742482196
v -0.9124344752069752 0.00887634402279347 -1.0728127742482196
v -0.8677967860965193 0.00887634402279347 -1.0728127742482196
v -0.8231589945522414 0.00887634402279347 -1.0728127742482196
v -0.7785212030079635 0.8834611318963783 -1.0728127742482196
v -0.7338834114636855 0.9770339674746991 -1.0728127742482196
v -0.6892456199194076 1.049084727179128 -1.0728127742482196
v -0.6446078283751294 1.09911010242455 -1.0728127742482196
v -0.5999700368308516 1.1340779971106678 -1.0728127742482196
v -0.5553322452865737 1.1572358178835416 -1.0728127742482196
v -0.5106945561761178 1.1778862691597711 -1.0728127742482196
v -0.4660567134149288 1.1920768914952 -1.0728127742482196
v -0.42141897308756193 1.201870518807342 -1.0728127742482196
v -0.3767811815432839 1.2128969115605575 -1.0728127742482196
v -0.332143441215917 1.22502298581248 -1.0728127742482196
v -0.2875057008885502 1.2388422303243967 -1.0728127742482196
v -0.24286790934427216 1.2521490304346856 -1.0728127742482196
v -0.19823011779999422 1.2646040356948043 -1.0728127742482196
v -0.15359232625571628 1.2766217765766366 -1.0728127742482196
v -0.10895458592834939 1.2895064725143166 -1.0728127742482196
v -0.06431679438407145 1.303805414615344 -1.0728127742482196
v -0.019679002839793458 1.3186785623106392 -1.0728127742482196
v 0.024958763096028957 1.334462013774892 -1.0728127742482196
v 0.0695965546403069 1.3483523985762893 -1.0728127742482196
v 0.11423432057612931 1.360365299460025 -1.0728127742482196
v 0.15887211212040728 1.3681660191432885 -1.0728127742482196
v 0.20350989086045748 1.3716649408359294 -1.0728127742482196
v 0.24814766960050766 1.374730336984792 -1.0728127742482196
v 0.29278544193844397 1.3786939112989158 -1.0728127742482196
v 0.3374232238795511 1.3796948561962448 -1.0728127742482196
v 0.3820610026196013 1.3808474927799446 -1.0728127742482196
v 0.4266987845607084 1.3812402880751917 -1.0728127742482196
v 0.4713365633007586 1.3787815178253062 -1.0728127742482196
v 0.5159743420408088 1.3747281090491605 -1.0728127742482196
v 0.560612120780859 1.3699833872115779 -1.0728127742482196
v 0.6052498995209092 1.3632073642681537 -1.0728127742482196
v 0.6498876654567316 1.354146183599154 -1.0728127742482196
v 0.6945254570010095 1.343803927137711 -1.0728127742482196
v 0.739163222936832 1.331711806496773 -1.0728127742482196
v 0.78380101448111 1.3126788468925774 -1.0728127742482196
v 0.8284386779831102 1.2866567251695271 -1.0728127742482196
v 0.8730764183104771 1.2494269156322901 -1.0728127742482196
v 0.917714209854755 1.21378720552257 -1.0728127742482196
v 0.962352001399033 1.1713588353468327 -1.0728127742482196
v 1.006989792943311 1.1395718398970038 -1.0728127742482196
v 1.0516275332706777 1.1108771237224517 -1.0728127742482196
v 1.0962653248149559 1.0744691983593184 -1.0728127742482196
v 1.1409031163592338 1.0190263799535968 -1.0728127742482196
v 1.1855409079035117 0.9447802969856146 -1.0728127742482196
v 1.2301786994477897 0.00887634402279347 -1.0728127742482196
v 1.2748164909920676 0.00887634402279347 -1.0728127742482196
v 1.3194541801025235 0.00887634402279347 -1.0728127742482196
v 1.3640919716468014 0.00887634402279347 -1.0728127742482196
v 1.4087297631910793 0.00887634402279347 -1.0728127742482196
v 1.4533675547353573 0.00887634402279347 -1.0728127742482196
v 1.4980053462796352 0.00887634402279347 -1.0728127742482196
v 1.5426431378239132 0.00887634402279347 -1.0728127742482196
v 1.587280929368191 0.00887634402279347 -1.0728127742482196
v 1.631918720912469 0.00887634402279347 -1.0728127742482196
v 1.676556410022925 0.00887634402279347 -1.0728127742482196
v 1.721194201567203 0.00887634402279347 -1.0728127742482196
v 1.765831993111481 0.00887634402279347 -1.0728127742482196
v 1.810469784655759 0.00887634402279347 -1.0728127742482196
v 1.8551075762000369 0.00887634402279347 -1.0728127742482196
v 1.8997453677443148 0.00887634402279347 -1.0728127742482196
v 1.9443831592885927 0.00887634402279347 -1.0728127742482196
v 1.9890209508328707 0.00887634402279347 -1.0728127742482196
v 2.0336587423771486 0.00887634402279347 -1.0728127742482196
v -1.4927256628487666 0.00887634402279347 -1.105438151469417
v -1.4480878713044887 0.00887634402279347 -1.105438151469417
v -1.4034500797602107 0.00887634402279347 -1.105438151469417
v -1.3588122882159324 0.00887634402279347 -1.105438151469417
v -1.3141744966716544 0.00887634402279347 -1.105438151469417
v -1.2695367051273765 0.00887634402279347 -1.105438151469417
v -1.2248989135830985 0.00887634402279347 -1.105438151469417
v -1.1802611220388206 0.00887634402279347 -1.105438151469417
v -1.135623432928365 0.00887634402279347 -1.105438151469417
v -1.090985641384087 0.00887634402279347 -1.105438151469417
v -1.046347849839809 0.00887634402279347 -1.105438151469417
v -1.0017100582955312 0.00887634402279347 -1.105438151469417
v -0.9570722667512531 0.00887634402279347 -1.105438151469417
v -0.9124344752069752 0.00887634402279347 -1.105438151469417
v -0.8677967860965193 0.00887634402279347 -1.105438151469417
v -0.8231589945522414 0.00887634402279347 -1.105438151469417
v -0.7785212030079635 0.00887634402279347 -1.105438151469417
v -0.7338834114636855 0.00887634402279347 -1.105438151469417
v -0.6892456199194076 0.9628736567477189 -1.105438151469417
v -0.6446078283751294 1.0191517845603593 -1.105438151469417
v -0.5999700368308516 1.0663203381251498 -1.105438151469417
v -0.5553322452865737 1.0976527892411043 -1.105438151469417
v -0.5106945561761178 1.1201843728396452 -1.105438151469417
v -0.4660567134149288 1.1374130054815332 -1.105438151469417
v -0.42141897308756193 1.1521228496564004 -1.105438151469417
v -0.3767811815432839 1.165548082471432 -1.105438151469417
v -0.332143441215917 1.1783216133040244 -1.105438151469417
v -0.2875057008885502 1.1919975629020616 -1.105438151469417
v -0.24286790934427216 1.2052584822631998 -1.105438151469417
v -0.19823011779999422 1.2162343495336418 -1.105438151469417
v -0.15359232625571628 1.2261085154384461 -1.105438151469417
v -0.10895458592834939 1.2400703478307904 -1.105438151469417
v -0.06431679438407145 1.26002837447856 -1.105438151469417
v -0.019679002839793458 1.277170809059112 -1.105438151469417
v 0.024958763096028957 1.2942999016343297 -1.105438151469417
v 0.0695965546403069 1.3090464283212246 -1.105438151469417
v 0.11423432057612931 1.3212470775967264 -1.105438151469417
v 0.15887211212040728 1.330610617300246 -1.105438151469417
v 0.20350989086045748 1.3369343180935285 -1.105438151469417
v 0.24814766960050766 1.341669039829224 -1.105438151469417
v 0.29278544193844397 1.3466948016620923 -1.105438151469417
v 0.3374232238795511 1.3509757927825914 -1.105438151469417
v 0.3820610026196013 1.3540689741057113 -1.105438151469417
v 0.4266987845607084 1.3541935720461242 -1.105438151469417
v 0.4713365633007586 1.3533469308976307 -1.105438151469417
v 0.5159743420408088 1.3494716929508803 -1.105438151469417
v 0.560612120780859 1.3420833718355776 -1.105438151469417
v 0.6052498995209092 1.333443386239015 -1.105438151469417
v 0.6498876654567316 1.321177755507589 -1.105438151469417
v 0.6945254570010095 1.306823832052525 -1.105438151469417
v 0.739163222936832 1.2878067240823066 -1.105438151469417
v 0.78380101448111 1.2607364610783733 -1.105438151469417
v 0.8284386779831102 1.2254916781678236 -1.105438151469417
v 0.8730764183104771 1.1816836061847793 -1.105438151469417
v 0.917714209854755 1.1397529300903304 -1.105438151469417
v 0.962352001399033 1.1040709788332026 -1.105438151469417
v 1.006989792943311 1.0690833816416065 -1.105438151469417
v 1.0516275332706777 1.034391965444632 -1.105438151469417
v 1.0962653248149559 0.9845155545850661 -1.105438151469417
v 1.1409031163592338 0.02985253725424064 -1.105438151469417
v 1.1855409079035117 0.00887634402279347 -1.105438151469417
v 1.2301786994477897 0.00887634402279347 -1.105438151469417
v 1.2748164909920676 0.00887634402279347 -1.105438151469417
v 1.3194541801025235 0.00887634402279347 -1.105438151469417
v 1.3640919716468014 0.00887634402279347 -1.105438151469417
v 1.4087297631910793 0.00887634402279347 -1.105438151469417
v 1.4533675547353573 0.00887634402279347 -1.105438151469417
v 1.4980053462796352 0.00887634402279347 -1.105438151469417
v 1.5426431378239132 0.00887634402279347 -1.105438151469417
v 1.587280929368191 0.00887634402279347 -1.105438151469417
v 1.631918720912469 0.00887634402279347 -1.105438151469417
v 1.676556410022925 0.00887634402279347 -1.105438151469417
v 1.721194201567203 0.00887634402279347 -1.105438151469417
v 1.765831993111481 0.00887634402279347 -1.105438151469417
v 1.810469784655759 0.00887634402279347 -1.105438151469417
v 1.8551075762000369 0.00887634402279347 -1.105438151469417
v 1.8997453677443148 0.00887634402279347 -1.105438151469417
v 1.9443831592885927 0.00887634402279347 -1.105438151469417
v 1.9890209508328707 0.00887634402279347 -1.105438151469417
v 2.0336587423771486 0.00887634402279347 -1.105438151469417
v -1.4927256628487666 0.00887634402279347 -1.1380637335582586
v -1.4480878713044887 0.00887634402279347 -1.1380637335582586
v -1.4034500797602107 0.00887634402279347 -1.1380637335582586
v -1.3588122882159324 0.00887634402279347 -1.1380637335582586
v -1.3141744966716544 0.00887634402279347 -1.1380637335582586
v -1.2695367051273765 0.00887634402279347 -1.1380637335582586
v -1.2248989135830985 0.00887634402279347 -1.1380637335582586
v -1.1802611220388206 0.00887634402279347 -1.1380637335582586
v -1.135623432928365 0.00887634402279347 -1.1380637335582586
v -1.090985641384087 0.00887634402279347 -1.1380637335582586
v -1.046347849839809 0.00887634402279347 -1.1380637335582586
v -1.0017100582955312 0.00887634402279347 -1.1380637335582586
v -0.9570722667512531 0.00887634402279347 -1.1380637335582586
v -0.9124344752069752 0.00887634402279347 -1.1380637335582586
v -0.8677967860965193 0.00887634402279347 -1.1380637335582586
v -0.8231589945522414 0.00887634402279347 -1.1380637335582586
v -0.7785212030079635 0.00887634402279347 -1.1380637335582586
v -0.7338834114636855 0.00887634402279347 -1.1380637335582586
v -0.6892456199194076 0.00887634402279347 -1.1380637335582586
v -0.6446078283751294 0.9406941349948374 -1.1380637335582586
v -0.5999700368308516 0.9950724483165885 -1.1380637335582586
v -0.5553322452865737 1.0354151512855945 -1.1380637335582586
v -0.5106945561761178 1.0637409200391177 -1.1380637335582586
v -0.4660567134149288 1.0848500531653689 -1.1380637335582586
v -0.42141897308756193 1.1032126218163012 -1.1380637335582586
v -0.3767811815432839 1.1177944285150712 -1.1380637335582586
v -0.332143441215917 1.1303723159490817 -1.1380637335582586
v -0.2875057008885502 1.1442217784385318 -1.1380637335582586
v -0.24286790934427216 1.1584253354447993 -1.1380637335582586
v -0.19823011779999422 1.1694149448526934 -1.1380637335582586
v -0.15359232625571628 1.179458075347128 -1.1380637335582586
v -0.10895458592834939 1.190586434568176 -1.1380637335582586
v -0.06431679438407145 1.2061239136159434 -1.1380637335582586
v -0.019679002839793458 1.2271745442255213 -1.1380637335582586
v 0.024958763096028957 1.251562199871838 -1.1380637335582586
v 0.0695965546403069 1.2689345343619693 -1.1380637335582586
v 0.11423432057612931 1.2815136381976182 -1.1380637335582586
v 0.15887211212040728 1.2901624074944296 -1.1380637335582586
v 0.20350989086045748 1.2990146103620233 -1.1380637335582586
v 0.24814766960050766 1.3062202279513009 -1.1380637335582586
v 0.29278544193844397 1.3121055632027088 -1.1380637335582586
v 0.3374232238795511 1.317447819937553 -1.1380637335582586
v 0.3820610026196013 1.320252393966776 -1.1380637335582586
v 0.4266987845607084 1.3202023678488857 -1.1380637335582586
v 0.4713365633007586 1.318546179399743 -1.1380637335582586
v 0.5159743420408088 1.312982819259796 -1.1380637335582586
v 0.560612120780859 1.305371166803759 -1.1380637335582586
v 0.6052498995209092 1.2945885089282265 -1.1380637335582586
v 0.6498876654567316 1.2810292798696 -1.1380637335582586
v 0.6945254570010095 1.2618266450411333 -1.1380637335582586
v 0.739163222936832 1.23678909801021 -1.1380637335582586
v 0.78380101448111 1.2044404425584836 -1.1380637335582586
v 0.8284386779831102 1.162564843049516 -1.1380637335582586
v 0.8730764183104771 1.1150487667378097 -1.1380637335582586
v 0.917714209854755 1.0722379080199642 -1.1380637335582586
v 0.962352001399033 1.0312346093319376 -1.1380637335582586
v 1.006989792943311 0.9958809840832438 -1.1380637335582586
v 1.0516275332706777 0.9347461614611873 -1.1380637335582586
v 1.0962653248149559 0.00887634402279347 -1.1380637335582586
v 1.1409031163592338 0.00887634402279347 -1.1380637335582586
v 1.1855409079035117 0.00887634402279347 -1.1380637335582586
v 1.2301786994477897 0.00887634402279347 -1.1380637335582586
v 1.2748164909920676 0.00887634402279347 -1.1380637335582586
v 1.3194541801025235 0.00887634402279347 -1.1380637335582586
v 1.3640919716468014 0.00887634402279347 -1.1380637335582586
v 1.4087297631910793 0.00887634402279347 -1.1380637335582586
v 1.4533675547353573 0.00887634402279347 -1.1380637335582586
v 1.4980053462796352 0.00887634402279347 -1.1380637335582586
v 1.5426431378239132 0.00887634402279347 -1.1380637335582586
v 1.587280929368191 0.00887634402279347 -1.1380637335582586
v 1.631918720912469 0.00887634402279347 -1.1380637335582586
v 1.676556410022925 0.00887634402279347 -1.1380637335582586
v 1.721194201567203 0.00887634402279347 -1.1380637335582586
v 1.765831993111481 0.00887634402279347 -1.1380637335582586
v 1.810469784655759 0.00887634402279347 -1.1380637335582586
v 1.8551075762000369 0.00887634402279347 -1.1380637335582586
v 1.8997453677443148 0.00887634402279347 -1.1380637335582586
v 1.9443831592885927 0.00887634402279347 -1.1380637335582586
v 1.9890209508328707 0.00887634402279347 -1.1380637335582586
v 2.0336587423771486 0.00887634402279347 -1.1380637335582586
v -1.4927256628487666 0.00887634402279347 -1.170689110779456
v -1.4480878713044887 0.00887634402279347 -1.170689110779456
v -1.4034500797602107 0.00887634402279347 -1.170689110779456
v -1.3588122882159324 0.00887634402279347 -1.170689110779456
v -1.3141744966716544 0.00887634402279347 -1.170689110779456
v -1.2695367051273765 0.00887634402279347 -1.170689110779456
v -1.2248989135830985 0.00887634402279347 -1.170689110779456
v -1.1802611220388206 0.00887634402279347 -1.170689110779456
v -1.135623432928365 0.00887634402279347 -1.170689110779456
v -1.090985641384087 0.00887634402279347 -1.170689110779456
v -1.046347849839809 0.00887634402279347 -1.170689110779456
v -1.0017100582955312 0.00887634402279347 -1.170689110779456
v -0.9570722667512531 0.00887634402279347 -1.170689110779456
v -0.9124344752069752 0.00887634402279347 -1.170689110779456
v -0.8677967860965193 0.00887634402279347 -1.170689110779456
v -0.8231589945522414 0.00887634402279347 -1.170689110779456
v -0.7785212030079635 0.00887634402279347 -1.170689110779456
v -0.7338834114636855 0.00887634402279347 -1.170689110779456
v -0.6892456199194076 0.00887634402279347 -1.170689110779456
v -0.6446078283751294 0.00887634402279347 -1.170689110779456
v -0.5999700368308516 0.00887634402279347 -1.170689110779456
v -0.5553322452865737 0.00887634402279347 -1.170689110779456
v -0.5106945561761178 0.36517953891354393 -1.170689110779456
v -0.4660567134149288 1.0236017402704884 -1.170689110779456
v -0.42141897308756193 1.04644254917069 -1.170689110779456
v -0.3767811815432839 1.0654060970561536 -1.170689110779456
v -0.332143441215917 1.0777675226176278 -1.170689110779456
v -0.2875057008885502 1.090790356966586 -1.170689110779456
v -0.24286790934427216 1.1054441170232998 -1.170689110779456
v -0.19823011779999422 1.1156448931700171 -1.170689110779456
v -0.15359232625571628 1.1260532322509722 -1.170689110779456
v -0.10895458592834939 1.1369539162970157 -1.170689110779456
v -0.06431679438407145 1.1503678301747 -1.170689110779456
v -0.019679002839793458 1.167517135423846 -1.170689110779456
v 0.024958763096028957 1.1907283150150194 -1.170689110779456
v 0.0695965546403069 1.2143395703053224 -1.170689110779456
v 0.11423432057612931 1.2306614363461739 -1.170689110779456
v 0.15887211212040728 1.2408374555185013 -1.170689110779456
v 0.20350989086045748 1.2516983216172426 -1.170689110779456
v 0.24814766960050766 1.2608768274252828 -1.170689110779456
v 0.29278544193844397 1.2681823820122917 -1.170689110779456
v 0.3374232238795511 1.273297882275474 -1.170689110779456
v 0.3820610026196013 1.275527047113019 -1.170689110779456
v 0.4266987845607084 1.276548305917702 -1.170689110779456
v 0.4713365633007586 1.2729203368154987 -1.170689110779456
v 0.5159743420408088 1.2671707263784346 -1.170689110779456
v 0.560612120780859 1.2581226828471253 -1.170689110779456
v 0.6052498995209092 1.244826996806539 -1.170689110779456
v 0.6498876654567316 1.2268320695454034 -1.170689110779456
v 0.6945254570010095 1.2053181051498028 -1.170689110779456
v 0.739163222936832 1.1805275388683019 -1.170689110779456
v 0.78380101448111 1.1449230980039693 -1.170689110779456
v 0.8284386779831102 1.097864596776847 -1.170689110779456
v 0.8730764183104771 1.0434667954204326 -1.170689110779456
v 0.917714209854755 0.9980235539283917 -1.170689110779456
v 0.962352001399033 0.00887634402279347 -1.170689110779456
v 1.006989792943311 0.00887634402279347 -1.170689110779456
v 1.0516275332706777 0.00887634402279347 -1.170689110779456
v 1.0962653248149559 0.00887634402279347 -1.170689110779456
v 1.1409031163592338 0.00887634402279347 -1.170689110779456
v 1.1855409079035117 0.00887634402279347 -1.170689110779456
v 1.2301786994477897 0.00887634402279347 -1.170689110779456
v 1.2748164909920676 0.00887634402279347 -1.170689110779456
v 1.3194541801025235 0.00887634402279347 -1.170689110779456
v 1.3640919716468014 0.00887634402279347 -1.170689110779456
v 1.4087297631910793 0.00887634402279347 -1.170689110779456
v 1.4533675547353573 0.00887634402279347 -1.170689110779456
v 1.4980053462796352 0.00887634402279347 -1.170689110779456
v 1.5426431378239132 0.00887634402279347 -1.170689110779456
v 1.587280929368191 0.00887634402279347 -1.170689110779456
v 1.631918720912469 0.00887634402279347 -1.170689110779456
v 1.676556410022925 0.00887634402279347 -1.170689110779456
v 1.721194201567203 0.00887634402279347 -1.170689110779456
v 1.765831993111481 0.00887634402279347 -1.170689110779456
v 1.810469784655759 0.00887634402279347 -1.170689110779456
v 1.8551075762000369 0.00887634402279347 -1.170689110779456
v 1.8997453677443148 0.00887634402279347 -1.170689110779456
v 1.9443831592885927 0.00887634402279347 -1.170689110779456
v 1.9890209508328707 0.00887634402279347 -1.170689110779456
v 2.0336587423771486 0.00887634402279347 -1.170689110779456
v -1.4927256628487666 0.00887634402279347 -1.2033144880006534
v -1.4480878713044887 0.00887634402279347 -1.2033144880006534
v -1.4034500797602107 0.00887634402279347 -1.2033144880006534
v -1.3588122882159324 0.00887634402279347 -1.2033144880006534
v -1.3141744966716544 0.00887634402279347 -1.2033144880006534
v -1.2695367051273765 0.00887634402279347 -1.2033144880006534
v -1.2248989135830985 0.00887634402279347 -1.2033144880006534
v -1.1802611220388206 0.00887634402279347 -1.2033144880006534
v -1.135623432928365 0.00887634402279347 -1.2033144880006534
v -1.090985641384087 0.00887634402279347 -1.2033144880006534
v -1.046347849839809 0.00887634402279347 -1.2033144880006534
v -1.0017100582955312 0.00887634402279347 -1.2033144880006534
v -0.9570722667512531 0.00887634402279347 -1.2033144880006534
v -0.9124344752069752 0.00887634402279347 -1.2033144880006534
v -0.8677967860965193 0.00887634402279347 -1.2033144880006534
v -0.8231589945522414 0.00887634402279347 -1.2033144880006534
v -0.7785212030079635 0.00887634402279347 -1.2033144880006534
v -0.7338834114636855 0.00887634402279347 -1.2033144880006534
v -0.6892456199194076 0.00887634402279347 -1.2033144880006534
v -0.6446078283751294 0.00887634402279347 -1.2033144880006534
v -0.5999700368308516 0.00887634402279347 -1.2033144880006534
v -0.5553322452865737 0.00887634402279347 -1.2033144880006534
v -0.5106945561761178 0.00887634402279347 -1.2033144880006534
v -0.4660567134149288 0.00887634402279347 -1.2033144880006534
v -0.42141897308756193 0.00887634402279347 -1.2033144880006534
v -0.3767811815432839 0.00887634402279347 -1.2033144880006534
v -0.332143441215917 0.00887634402279347 -1.2033144880006534
v -0.2875057008885502 0.00887634402279347 -1.2033144880006534
v -0.24286790934427216 0.00887634402279347 -1.2033144880006534
v -0.19823011779999422 0.00887634402279347 -1.2033144880006534
v -0.15359232625571628 0.00887634402279347 -1.2033144880006534
v -0.10895458592834939 0.32997277815735215 -1.2033144880006534
v -0.06431679438407145 1.074925861142674 -1.2033144880006534
v -0.019679002839793458 1.097232195967372 -1.2033144880006534
v 0.024958763096028957 1.1218539000930652 -1.2033144880006534
v 0.0695965546403069 1.1460022623282062 -1.2033144880006534
v 0.11423432057612931 1.1661400615342388 -1.2033144880006534
v 0.15887211212040728 1.179717584233157 -1.2033144880006534
v 0.20350989086045748 1.191469350093937 -1.2033144880006534
v 0.24814766960050766 1.2038381572927197 -1.2033144880006534
v 0.29278544193844397 1.2127753418200116 -1.2033144880006534
v 0.3374232238795511 1.217962385705849 -1.2033144880006534
v 0.3820610026196013 1.2202818971745266 -1.2033144880006534
v 0.4266987845607084 1.2217516368610215 -1.2033144880006534
v 0.4713365633007586 1.219539143128031 -1.2033144880006534
v 0.5159743420408088 1.213396932660193 -1.2033144880006534
v 0.560612120780859 1.201942670630816 -1.2033144880006534
v 0.6052498995209092 1.185887385411043 -1.2033144880006534
v 0.6498876654567316 1.1651852954844881 -1.2033144880006534
v 0.6945254570010095 1.1400298215158193 -1.2033144880006534
v 0.739163222936832 1.1096913497972878 -1.2033144880006534
v 0.78380101448111 1.066073664677194 -1.2033144880006534
v 0.8284386779831102 0.2183054688491114 -1.2033144880006534
v 0.8730764183104771 0.00887634402279347 -1.2033144880006534
v 0.917714209854755 0.00887634402279347 -1.2033144880006534
v 0.962352001399033 0.00887634402279347 -1.2033144880006534
v 1.006989792943311 0.00887634402279347 -1.2033144880006534
v 1.0516275332706777 0.00887634402279347 -1.2033144880006534
v 1.0962653248149559 0.00887634402279347 -1.2033144880006534
v 1.1409031163592338 0.00887634402279347 -1.2033144880006534
v 1.1855409079035117 0.00887634402279347 -1.2033144880006534
v 1.2301786994477897 0.00887634402279347 -1.2033144880006534
v 1.2748164909920676 0.00887634402279347 -1.2033144880006534
v 1.3194541801025235 0.00887634402279347 -1.2033144880006534
v 1.3640919716468014 0.00887634402279347 -1.2033144880006534
v 1.4087297631910793 0.00887634402279347 -1.2033144880006534
v 1.4533675547353573 0.00887634402279347 -1.2033144880006534
v 1.4980053462796352 0.00887634402279347 -1.2033144880006534
v 1.5426431378239132 0.00887634402279347 -1.2033144880006534
v 1.587280929368191 0.00887634402279347 -1.2033144880006534
v 1.631918720912469 0.00887634402279347 -1.2033144880006534
v 1.676556410022925 0.00887634402279347 -1.2033144880006534
v 1.721194201567203 0.00887634402279347 -1.2033144880006534
v 1.765831993111481 0.00887634402279347 -1.2033144880006534
v 1.810469784655759 0.00887634402279347 -1.2033144880006534
v 1.8551075762000369 0.00887634402279347 -1.2033144880006534
v 1.8997453677443148 0.00887634402279347 -1.2033144880006534
v 1.9443831592885927 0.00887634402279347 -1.2033144880006534
v 1.9890209508328707 0.00887634402279347 -1.2033144880006534
v 2.0336587423771486 0.00887634402279347 -1.2033144880006534
v -1.4927256628487666 0.00887634402279347 -1.2359397627880286
v -1.4480878713044887 0.00887634402279347 -1.2359397627880286
v -1.4034500797602107 0.00887634402279347 -1.2359397627880286
v -1.3588122882159324 0.00887634402279347 -1.2359397627880286
v -1.3141744966716544 0.00887634402279347 -1.2359397627880286
v -1.2695367051273765 0.00887634402279347 -1.2359397627880286
v -1.2248989135830985 0.00887634402279347 -1.2359397627880286
v -1.1802611220388206 0.00887634402279347 -1.2359397627880286
v -1.135623432928365 0.00887634402279347 -1.2359397627880286
v -1.090985641384087 0.00887634402279347 -1.2359397627880286
v -1.046347849839809 0.00887634402279347 -1.2359397627880286
v -1.0017100582955312 0.00887634402279347 -1.2359397627880286
v -0.9570722667512531 0.00887634402279347 -1.2359397627880286
v -0.9124344752069752 0.00887634402279347 -1.2359397627880286
v -0.8677967860965193 0.00887634402279347 -1.2359397627880286
v -0.8231589945522414 0.00887634402279347 -1.2359397627880286
v -0.7785212030079635 0.00887634402279347 -1.2359397627880286
v -0.7338834114636855 0.00887634402279347 -1.2359397627880286
v -0.6892456199194076 0.00887634402279347 -1.2359397627880286
v -0.6446078283751294 0.00887634402279347 -1.2359397627880286
v -0.5999700368308516 0.00887634402279347 -1.2359397627880286
v -0.5553322452865737 0.00887634402279347 -1.2359397627880286
v -0.5106945561761178 0.00887634402279347 -1.2359397627880286
v -0.4660567134149288 0.00887634402279347 -1.2359397627880286
v -0.42141897308756193 0.00887634402279347 -1.2359397627880286
v -0.3767811815432839 0.00887634402279347 -1.2359397627880286
v -0.332143441215917 0.00887634402279347 -1.2359397627880286
v -0.2875057008885502 0.00887634402279347 -1.2359397627880286
v -0.24286790934427216 0.00887634402279347 -1.2359397627880286
v -0.19823011779999422 0.00887634402279347 -1.2359397627880286
v -0.15359232625571628 0.00887634402279347 -1.2359397627880286
v -0.10895458592834939 0.00887634402279347 -1.2359397627880286
v -0.06431679438407145 0.00887634402279347 -1.2359397627880286
v -0.019679002839793458 0.00887634402279347 -1.2359397627880286
v 0.024958763096028957 1.0462382193039639 -1.2359397627880286
v 0.0695965546403069 1.073212175308738 -1.2359397627880286
v 0.11423432057612931 1.0980167878281009 -1.2359397627880286
v 0.15887211212040728 1.115054227740953 -1.2359397627880286
v 0.20350989086045748 1.1270111325356011 -1.2359397627880286
v 0.24814766960050766 1.1388169602468114 -1.2359397627880286
v 0.29278544193844397 1.1501468228013059 -1.2359397627880286
v 0.3374232238795511 1.156747723922072 -1.2359397627880286
v 0.3820610026196013 1.1602830256268595 -1.2359397627880286
v 0.4266987845607084 1.1624140692662233 -1.2359397627880286
v 0.4713365633007586 1.1626962144264184 -1.2359397627880286
v 0.5159743420408088 1.155039291022578 -1.2359397627880286
v 0.560612120780859 1.1392441188883318 -1.2359397627880286
v 0.6052498995209092 1.1206618584984087 -1.2359397627880286
v 0.6498876654567316 1.0986911288856307 -1.2359397627880286
v 0.6945254570010095 1.0709988749093982 -1.2359397627880286
v 0.739163222936832 1.0308690998460646 -1.2359397627880286
v 0.78380101448111 0.00887634402279347 -1.2359397627880286
v 0.8284386779831102 0.00887634402279347 -1.2359397627880286
v 0.8730764183104771 0.00887634402279347 -1.2359397627880286
v 0.917714209854755 0.00887634402279347 -1.2359397627880286
v 0.962352001399033 0.00887634402279347 -1.2359397627880286
v 1.006989792943311 0.00887634402279347 -1.2359397627880286
v 1.0516275332706777 0.00887634402279347 -1.2359397627880286
v 1.0962653248149559 0.00887634402279347 -1.2359397627880286
v 1.1409031163592338 0.00887634402279347 -1.2359397627880286
v 1.1855409079035117 0.00887634402279347 -1.2359397627880286
v 1.2301786994477897 0.00887634402279347 -1.2359397627880286
v 1.2748164909920676 0.00887634402279347 -1.2359397627880286
v 1.3194541801025235 0.00887634402279347 -1.2359397627880286
v 1.3640919716468014 0.00887634402279347 -1.2359397627880286
v 1.4087297631910793 0.00887634402279347 -1.2359397627880286
v 1.4533675547353573 0.00887634402279347 -1.2359397627880286
v 1.4980053462796352 0.00887634402279347 -1.2359397627880286
v 1.5426431378239132 0.00887634402279347 -1.2359397627880286
v 1.587280929368191 0.00887634402279347 -1.2359397627880286
v 1.631918720912469 0.00887634402279347 -1.2359397627880286
v 1.676556410022925 0.00887634402279347 -1.2359397627880286
v 1.721194201567203 0.00887634402279347 -1.2359397627880286
v 1.765831993111481 0.00887634402279347 -1.2359397627880286
v 1.810469784655759 0.00887634402279347 -1.2359397627880286
v 1.8551075762000369 0.00887634402279347 -1.2359397627880286
v 1.8997453677443148 0.00887634402279347 -1.2359397627880286
v 1.9443831592885927 0.00887634402279347 -1.2359397627880286
v 1.9890209508328707 0.00887634402279347 -1.2359397627880286
v 2.0336587423771486 0.00887634402279347 -1.2359397627880286
v -1.4927256628487666 0.00887634402279347 -1.2685654473106924
v -1.4480878713044887 0.00887634402279347 -1.2685654473106924
v -1.4034500797602107 0.00887634402279347 -1.2685654473106924
v -1.3588122882159324 0.00887634402279347 -1.2685654473106924
v -1.3141744966716544 0.00887634402279347 -1.2685654473106924
v -1.2695367051273765 0.00887634402279347 -1.2685654473106924
v -1.2248989135830985 0.00887634402279347 -1.2685654473106924
v -1.1802611220388206 0.00887634402279347 -1.2685654473106924
v -1.135623432928365 0.00887634402279347 -1.2685654473106924
v -1.090985641384087 0.00887634402279347 -1.2685654473106924
v -1.046347849839809 0.00887634402279347 -1.2685654473106924
v -1.0017100582955312 0.00887634402279347 -1.2685654473106924
v -0.9570722667512531 0.00887634402279347 -1.2685654473106924
v -0.9124344752069752 0.00887634402279347 -1.2685654473106924
v -0.8677967860965193 0.00887634402279347 -1.2685654473106924
v -0.8231589945522414 0.00887634402279347 -1.2685654473106924
v -0.7785212030079635 0.00887634402279347 -1.2685654473106924
v -0.7338834114636855 0.00887634402279347 -1.2685654473106924
v -0.6892456199194076 0.00887634402279347 -1.2685654473106924
v -0.6446078283751294 0.00887634402279347 -1.2685654473106924
v -0.5999700368308516 0.00887634402279347 -1.2685654473106924
v -0.5553322452865737 0.00887634402279347 -1.2685654473106924
v -0.5106945561761178 0.00887634402279347 -1.2685654473106924
v -0.4660567134149288 0.00887634402279347 -1.2685654473106924
v -0.42141897308756193 0.00887634402279347 -1.2685654473106924
v -0.3767811815432839 0.00887634402279347 -1.2685654473106924
v -0.332143441215917 0.00887634402279347 -1.2685654473106924
v -0.2875057008885502 0.00887634402279347 -1.2685654473106924
v -0.24286790934427216 0.00887634402279347 -1.2685654473106924
v -0.19823011779999422 0.00887634402279347 -1.2685654473106924
v -0.15359232625571628 0.00887634402279347 -1.2685654473106924
v -0.10895458592834939 0.00887634402279347 -1.2685654473106924
v -0.06431679438407145 0.00887634402279347 -1.2685654473106924
v -0.019679002839793458 0.00887634402279347 -1.2685654473106924
v 0.024958763096028957 0.00887634402279347 -1.2685654473106924
v 0.0695965546403069 0.00887634402279347 -1.2685654473106924
v 0.11423432057612931 0.00887634402279347 -1.2685654473106924
v 0.15887211212040728 1.0292918366568857 -1.2685654473106924
v 0.20350989086045748 1.0493140252900022 -1.2685654473106924
v 0.24814766960050766 1.0564056468394587 -1.2685654473106924
v 0.29278544193844397 1.0657308826956096 -1.2685654473106924
v 0.3374232238795511 1.075871434157019 -1.2685654473106924
v 0.3820610026196013 1.0797556798780044 -1.2685654473106924
v 0.4266987845607084 1.0777093145981933 -1.2685654473106924
v 0.4713365633007586 1.0759374207448227 -1.2685654473106924
v 0.5159743420408088 1.0728372611175692 -1.2685654473106924
v 0.560612120780859 1.0585769109590355 -1.2685654473106924
v 0.6052498995209092 1.041638607779679 -1.2685654473106924
v 0.6498876654567316 0.00887634402279347 -1.2685654473106924
v 0.6945254570010095 0.00887634402279347 -1.2685654473106924
v 0.739163222936832 0.00887634402279347 -1.2685654473106924
v 0.78380101448111 0.00887634402279347 -1.2685654473106924
v 0.8284386779831102 0.00887634402279347 -1.2685654473106924
v 0.8730764183104771 0.00887634402279347 -1.2685654473106924
v 0.917714209854755 0.00887634402279347 -1.2685654473106924
v 0.962352001399033 0.00887634402279347 -1.2685654473106924
v 1.006989792943311 0.00887634402279347 -1.2685654473106924
v 1.0516275332706777 0.00887634402279347 -1.2685654473106924
v 1.0962653248149559 0.00887634402279347 -1.2685654473106924
v 1.1409031163592338 0.00887634402279347 -1.2685654473106924
v 1.1855409079035117 0.00887634402279347 -1.2685654473106924
v 1.2301786994477897 0.00887634402279347 -1.2685654473106924
v 1.2748164909920676 0.00887634402279347 -1.2685654473106924
v 1.3194541801025235 0.00887634402279347 -1.2685654473106924
v 1.3640919716468014 0.00887634402279347 -1.2685654473106924
v 1.4087297631910793 0.00887634402279347 -1.2685654473106924
v 1.4533675547353573 0.00887634402279347 -1.2685654473106924
v 1.4980053462796352 0.00887634402279347 -1.2685654473106924
v 1.5426431378239132 0.00887634402279347 -1.2685654473106924
v 1.587280929368191 0.00887634402279347 -1.2685654473106924
v 1.631918720912469 0.00887634402279347 -1.2685654473106924
v 1.676556410022925 0.00887634402279347 -1.2685654473106924
v 1.721194201567203 0.00887634402279347 -1.2685654473106924
v 1.765831993111481 0.00887634402279347 -1.2685654473106924
v 1.810469784655759 0.00887634402279347 -1.2685654473106924
v 1.8551075762000369 0.00887634402279347 -1.2685654473106924
v 1.8997453677443148 0.00887634402279347 -1.2685654473106924
v 1.9443831592885927 0.00887634402279347 -1.2685654473106924
v 1.9890209508328707 0.00887634402279347 -1.2685654473106924
v 2.0336587423771486 0.00887634402279347 -1.2685654473106924
v -1.4927256628487666 0.00887634402279347 -1.3011907220980676
v -1.4480878713044887 0.00887634402279347 -1.3011907220980676
v -1.4034500797602107 0.00887634402279347 -1.3011907220980676
v -1.3588122882159324 0.00887634402279347 -1.3011907220980676
v -1.3141744966716544 0.00887634402279347 -1.3011907220980676
v -1.2695367051273765 0.00887634402279347 -1.3011907220980676
v -1.2248989135830985 0.00887634402279347 -1.3011907220980676
v -1.1802611220388206 0.00887634402279347 -1.3011907220980676
v -1.135623432928365 0.00887634402279347 -1.3011907220980676
v -1.090985641384087 0.00887634402279347 -1.3011907220980676
v -1.046347849839809 0.00887634402279347 -1.3011907220980676
v -1.0017100582955312 0.00887634402279347 -1.3011907220980676
v -0.9570722667512531 0.00887634402279347 -1.3011907220980676
v -0.9124344752069752 0.00887634402279347 -1.3011907220980676
v -0.8677967860965193 0.00887634402279347 -1.3011907220980676
v -0.8231589945522414 0.00887634402279347 -1.3011907220980676
v -0.7785212030079635 0.00887634402279347 -1.3011907220980676
v -0.7338834114636855 0.00887634402279347 -1.3011907220980676
v -0.6892456199194076 0.00887634402279347 -1.3011907220980676
v -0.6446078283751294 0.00887634402279347 -1.3011907220980676
v -0.5999700368308516 0.00887634402279347 -1.3011907220980676
v -0.5553322452865737 0.00887634402279347 -1.3011907220980676
v -0.5106945561761178 0.00887634402279347 -1.3011907220980676
v -0.4660567134149288 0.00887634402279347 -1.3011907220980676
v -0.42141897308756193 0.00887634402279347 -1.3011907220980676
v -0.3767811815432839 0.00887634402279347 -1.3011907220980676
v -0.332143441215917 0.00887634402279347 -1.3011907220980676
v -0.2875057008885502 0.00887634402279347 -1.3011907220980676
v -0.24286790934427216 0.00887634402279347 -1.3011907220980676
v -0.19823011779999422 0.00887634402279347 -1.3011907220980676
v -0.15359232625571628 0.00887634402279347 -1.3011907220980676
v -0.10895458592834939 0.00887634402279347 -1.3011907220980676
v -0.06431679438407145 0.00887634402279347 -1.3011907220980676
v -0.019679002839793458 0.00887634402279347 -1.3011907220980676
v 0.024958763096028957 0.00887634402279347 -1.3011907220980676
v 0.0695965546403069 0.00887634402279347 -1.3011907220980676
v 0.11423432057612931 0.00887634402279347 -1.3011907220980676
v 0.15887211212040728 0.00887634402279347 -1.3011907220980676
v 0.20350989086045748 0.00887634402279347 -1.3011907220980676
v 0.24814766960050766 0.00887634402279347 -1.3011907220980676
v 0.29278544193844397 0.00887634402279347 -1.3011907220980676
v 0.3374232238795511 0.00887634402279347 -1.3011907220980676
v 0.3820610026196013 0.00887634402279347 -1.3011907220980676
v 0.4266987845607084 0.00887634402279347 -1.3011907220980676
v 0.4713365633007586 0.00887634402279347 -1.3011907220980676
v 0.5159743420408088 0.00887634402279347 -1.3011907220980676
v 0.560612120780859 0.00887634402279347 -1.3011907220980676
v 0.6052498995209092 0.00887634402279347 -1.3011907220980676
v 0.6498876654567316 0.00887634402279347 -1.3011907220980676
v 0.6945254570010095 0.00887634402279347 -1.3011907220980676
v 0.739163222936832 0.00887634402279347 -1.3011907220980676
v 0.78380101448111 0.00887634402279347 -1.3011907220980676
v 0.8284386779831102 0.00887634402279347 -1.3011907220980676
v 0.8730764183104771 0.00887634402279347 -1.3011907220980676
v 0.917714209854755 0.00887634402279347 -1.3011907220980676
v 0.962352001399033 0.00887634402279347 -1.3011907220980676
v 1.006989792943311 0.00887634402279347 -1.3011907220980676
v 1.0516275332706777 0.00887634402279347 -1.3011907220980676
v 1.0962653248149559 0.00887634402279347 -1.3011907220980676
v 1.1409031163592338 0.00887634402279347 -1.3011907220980676
v 1.1855409079035117 0.00887634402279347 -1.3011907220980676
v 1.2301786994477897 0.00887634402279347 -1.3011907220980676
v 1.2748164909920676 0.00887634402279347 -1.3011907220980676
v 1.3194541801025235 0.00887634402279347 -1.3011907220980676
v 1.3640919716468014 0.00887634402279347 -1.3011907220980676
v 1.4087297631910793 0.00887634402279347 -1.3011907220980676
v 1.4533675547353573 0.00887634402279347 -1.3011907220980676
v 1.4980053462796352 0.00887634402279347 -1.3011907220980676
v 1.5426431378239132 0.00887634402279347 -1.3011907220980676
v 1.587280929368191 0.00887634402279347 -1.3011907220980676
v 1.631918720912469 0.00887634402279347 -1.3011907220980676
v 1.676556410022925 0.00887634402279347 -1.3011907220980676
v 1.721194201567203 0.00887634402279347 -1.3011907220980676
v 1.765831993111481 0.00887634402279347 -1.3011907220980676
v 1.810469784655759 0.00887634402279347 -1.3011907220980676
v 1.8551075762000369 0.00887634402279347 -1.3011907220980676
v 1.8997453677443148 0.00887634402279347 -1.3011907220980676
v 1.9443831592885927 0.00887634402279347 -1.3011907220980676
v 1.9890209508328707 0.00887634402279347 -1.3011907220980676
v 2.0336587423771486 0.00887634402279347 -1.3011907220980676
vt 0 0
vt 0.012658227235078812 0
vt 0.025316454470157623 0
vt 0.03797468543052673 0
vt 0.05063290894031525 0
vt 0.06329113990068436 0
vt 0.07594937086105347 0
vt 0.08860759437084198 0
vt 0.1012658178806305 0
vt 0.1139240488409996 0
vt 0.1265822798013687 0
vt 0.13924050331115723 0
vt 0.15189874172210693 0
vt 0.16455695033073425 0
vt 0.17721518874168396 0
vt 0.18987341225147247 0
vt 0.202531635761261 0
vt 0.2151898741722107 0
vt 0.2278480976819992 0
vt 0.24050632119178772 0
vt 0.2531645596027374 0
vt 0.26582279801368713 0
vt 0.27848100662231445 0
vt 0.29113924503326416 0
vt 0.30379748344421387 0
vt 0.3164556920528412 0
vt 0.3291139006614685 0
vt 0.3417721390724182 0
vt 0.3544303774833679 0
vt 0.36708858609199524 0
vt 0.37974682450294495 0
vt 0.39240506291389465 0
vt 0.405063271522522 0
vt 0.4177215099334717 0
vt 0.4303797483444214 0
vt 0.4430379569530487 0
vt 0.4556961953639984 0
vt 0.4683544337749481 0
vt 0.48101264238357544 0
vt 0.49367088079452515 0
vt 0.5063291192054749 0
vt 0.5189873576164246 0
vt 0.5316455960273743 0
vt 0.5443037748336792 0
vt 0.5569620132446289 0
vt 0.5696202516555786 0
vt 0.5822784900665283 0
vt 0.594936728477478 0
vt 0.6075949668884277 0
vt 0.6202531456947327 0
vt 0.6329113841056824 0
vt 0.6455696225166321 0
vt 0.658227801322937 0
vt 0.6708860397338867 0
vt 0.6835442781448364 0
vt 0.6962025165557861 0
vt 0.7088607549667358 0
vt 0.7215189933776855 0
vt 0.7341771721839905 0
vt 0.7468354105949402 0
vt 0.7594936490058899 0
vt 0.7721518874168396 0
vt 0.7848101258277893 0
vt 0.797468364238739 0
vt 0.810126543045044 0
vt 0.8227847814559937 0
vt 0.8354430198669434 0
vt 0.8481012582778931 0
vt 0.8607594966888428 0
vt 0.8734177350997925 0
vt 0.8860759139060974 0
vt 0.8987341523170471 0
vt 0.9113923907279968 0
vt 0.9240506291389465 0
vt 0.9367088675498962 0
vt 0.949367105960846 0
vt 0.9620252847671509 0
vt 0.9746835231781006 0
vt 0.9873417615890503 0
vt 1 0
vt 0 0.012647092342376709
vt 0.012658227235078812 0.012647092342376709
vt 0.025316454470157623 0.012647092342376709
vt 0.03797468543052673 0.012647092342376709
vt 0.05063290894031525 0.012647092342376709
vt 0.06329113990068436 0.012647092342376709
vt 0.07594937086105347 0.012647092342376709
vt 0.08860759437084198 0.012647092342376709
vt 0.1012658178806305 0.012647092342376709
vt 0.1139240488409996 0.012647092342376709
vt 0.1265822798013687 0.012647092342376709
vt 0.13924050331115723 0.012647092342376709
vt 0.15189874172210693 0.012647092342376709
vt 0.16455695033073425 0.012647092342376709
vt 0.17721518874168396 0.012647092342376709
vt 0.18987341225147247 0.012647092342376709
vt 0.202531635761261 0.012647092342376709
vt 0.2151898741722107 0.012647092342376709
vt 0.2278480976819992 0.012647092342376709
vt 0.24050632119178772 0.012647092342376709
vt 0.2531645596027374 0.012647092342376709
vt 0.26582279801368713 0.012647092342376709
vt 0.27848100662231445 0.012647092342376709
vt 0.29113924503326416 0.012647092342376709
vt 0.30379748344421387 0.012647092342376709
vt 0.3164556920528412 0.012647092342376709
vt 0.3291139006614685 0.012647092342376709
vt 0.3417721390724182 0.012647092342376709
vt 0.3544303774833679 0.012647092342376709
vt 0.36708858609199524 0.012647092342376709
vt 0.37974682450294495 0.012647092342376709
vt 0.39240506291389465 0.012647092342376709
vt 0.405063271522522 0.012647092342376709
vt 0.4177215099334717 0.012647092342376709
vt 0.4303797483444214 0.012647092342376709
vt 0.4430379569530487 0.012647092342376709
vt 0.4556961953639984 0.012647092342376709
vt 0.4683544337749481 0.012647092342376709
vt 0.48101264238357544 0.012647092342376709
vt 0.49367088079452515 0.012647092342376709
vt 0.5063291192054749 0.012647092342376709
vt 0.5189873576164246 0.012647092342376709
vt 0.5316455960273743 0.012647092342376709
vt 0.5443037748336792 0.012647092342376709
vt 0.5569620132446289 0.012647092342376709
vt 0.5696202516555786 0.012647092342376709
vt 0.5822784900665283 0.012647092342376709
vt 0.594936728477478 0.012647092342376709
vt 0.6075949668884277 0.012647092342376709
vt 0.6202531456947327 0.012647092342376709
vt 0.6329113841056824 0.012647092342376709
vt 0.6455696225166321 0.012647092342376709
vt 0.658227801322937 0.012647092342376709
vt 0.6708860397338867 0.012647092342376709
vt 0.6835442781448364 0.012647092342376709
vt 0.6962025165557861 0.012647092342376709
vt 0.7088607549667358 0.012647092342376709
vt 0.7215189933776855 0.012647092342376709
vt 0.7341771721839905 0.012647092342376709
vt 0.7468354105949402 0.012647092342376709
vt 0.7594936490058899 0.012647092342376709
vt 0.7721518874168396 0.012647092342376709
vt 0.7848101258277893 0.012647092342376709
vt 0.797468364238739 0.012647092342376709
vt 0.810126543045044 0.012647092342376709
vt 0.8227847814559937 0.012647092342376709
vt 0.8354430198669434 0.012647092342376709
vt 0.8481012582778931 0.012647092342376709
vt 0.8607594966888428 0.012647092342376709
vt 0.8734177350997925 0.012647092342376709
vt 0.8860759139060974 0.012647092342376709
vt 0.8987341523170471 0.012647092342376709
vt 0.9113923907279968 0.012647092342376709
vt 0.9240506291389465 0.012647092342376709
vt 0.9367088675498962 0.012647092342376709
vt 0.949367105960846 0.012647092342376709
vt 0.9620252847671509 0.012647092342376709
vt 0.9746835231781006 0.012647092342376709
vt 0.9873417615890503 0.012647092342376709
vt 1 0.012647092342376709
vt 0 0.025294244289398193
vt 0.012658227235078812 0.025294244289398193
vt 0.025316454470157623 0.025294244289398193
vt 0.03797468543052673 0.025294244289398193
vt 0.05063290894031525 0.025294244289398193
vt 0.06329113990068436 0.025294244289398193
vt 0.07594937086105347 0.025294244289398193
vt 0.08860759437084198 0.025294244289398193
vt 0.1012658178806305 0.025294244289398193
vt 0.1139240488409996 0.025294244289398193
vt 0.1265822798013687 0.025294244289398193
vt 0.13924050331115723 0.025294244289398193
vt 0.15189874172210693 0.025294244289398193
vt 0.16455695033073425 0.025294244289398193
vt 0.17721518874168396 0.025294244289398193
vt 0.18987341225147247 0.025294244289398193
vt 0.202531635761261 0.025294244289398193
vt 0.2151898741722107 0.025294244289398193
vt 0.2278480976819992 0.025294244289398193
vt 0.24050632119178772 0.025294244289398193
vt 0.2531645596027374 0.025294244289398193
vt 0.26582279801368713 0.025294244289398193
vt 0.27848100662231445 0.025294244289398193
vt 0.29113924503326416 0.025294244289398193
vt 0.30379748344421387 0.025294244289398193
vt 0.3164556920528412 0.025294244289398193
vt 0.3291139006614685 0.025294244289398193
vt 0.3417721390724182 0.025294244289398193
vt 0.3544303774833679 0.025294244289398193
vt 0.36708858609199524 0.025294244289398193
vt 0.37974682450294495 0.025294244289398193
vt 0.39240506291389465 0.025294244289398193
vt 0.405063271522522 0.025294244289398193
vt 0.4177215099334717 0.025294244289398193
vt 0.4303797483444214 0.025294244289398193
vt 0.4430379569530487 0.025294244289398193
vt 0.4556961953639984 0.025294244289398193
vt 0.4683544337749481 0.025294244289398193
vt 0.48101264238357544 0.025294244289398193
vt 0.49367088079452515 0.025294244289398193
vt 0.5063291192054749 0.025294244289398193
vt 0.5189873576164246 0.025294244289398193
vt 0.5316455960273743 0.025294244289398193
vt 0.5443037748336792 0.025294244289398193
vt 0.5569620132446289 0.025294244289398193
vt 0.5696202516555786 0.025294244289398193
vt 0.5822784900665283 0.025294244289398193
vt 0.594936728477478 0.025294244289398193
vt 0.6075949668884277 0.025294244289398193
vt 0.6202531456947327 0.025294244289398193
vt 0.6329113841056824 0.025294244289398193
vt 0.6455696225166321 0.025294244289398193
vt 0.658227801322937 0.025294244289398193
vt 0.6708860397338867 0.025294244289398193
vt 0.6835442781448364 0.025294244289398193
vt 0.6962025165557861 0.025294244289398193
vt 0.7088607549667358 0.025294244289398193
vt 0.7215189933776855 0.025294244289398193
vt 0.7341771721839905 0.025294244289398193
vt 0.7468354105949402 0.025294244289398193
vt 0.7594936490058899 0.025294244289398193
vt 0.7721518874168396 0.025294244289398193
vt 0.7848101258277893 0.025294244289398193
vt 0.797468364238739 0.025294244289398193
vt 0.810126543045044 0.025294244289398193
vt 0.8227847814559937 0.025294244289398193
vt 0.8354430198669434 0.025294244289398193
vt 0.8481012582778931 0.025294244289398193
vt 0.8607594966888428 0.025294244289398193
vt 0.8734177350997925 0.025294244289398193
vt 0.8860759139060974 0.025294244289398193
vt 0.8987341523170471 0.025294244289398193
vt 0.9113923907279968 0.025294244289398193
vt 0.9240506291389465 0.025294244289398193
vt 0.9367088675498962 0.025294244289398193
vt 0.949367105960846 0.025294244289398193
vt 0.9620252847671509 0.025294244289398193
vt 0.9746835231781006 0.025294244289398193
vt 0.9873417615890503 0.025294244289398193
vt 1 0.025294244289398193
vt 0 0.0379413366317749
vt 0.012658227235078812 0.0379413366317749
vt 0.025316454470157623 0.0379413366317749
vt 0.03797468543052673 0.0379413366317749
vt 0.05063290894031525 0.0379413366317749
vt 0.06329113990068436 0.0379413366317749
vt 0.07594937086105347 0.0379413366317749
vt 0.08860759437084198 0.0379413366317749
vt 0.1012658178806305 0.0379413366317749
vt 0.1139240488409996 0.0379413366317749
vt 0.1265822798013687 0.0379413366317749
vt 0.13924050331115723 0.0379413366317749
vt 0.15189874172210693 0.0379413366317749
vt 0.16455695033073425 0.0379413366317749
vt 0.17721518874168396 0.0379413366317749
vt 0.18987341225147247 0.0379413366317749
vt 0.202531635761261 0.0379413366317749
vt 0.2151898741722107 0.0379413366317749
vt 0.2278480976819992 0.0379413366317749
vt 0.24050632119178772 0.0379413366317749
vt 0.2531645596027374 0.0379413366317749
vt 0.26582279801368713 0.0379413366317749
vt 0.27848100662231445 0.0379413366317749
vt 0.29113924503326416 0.0379413366317749
vt 0.30379748344421387 0.0379413366317749
vt 0.3164556920528412 0.0379413366317749
vt 0.3291139006614685 0.0379413366317749
vt 0.3417721390724182 0.0379413366317749
vt 0.3544303774833679 0.0379413366317749
vt 0.36708858609199524 0.0379413366317749
vt 0.37974682450294495 0.0379413366317749
vt 0.39240506291389465 0.0379413366317749
vt 0.405063271522522 0.0379413366317749
vt 0.4177215099334717 0.0379413366317749
vt 0.4303797483444214 0.0379413366317749
vt 0.4430379569530487 0.0379413366317749
vt 0.4556961953639984 0.0379413366317749
vt 0.4683544337749481 0.0379413366317749
vt 0.48101264238357544 0.0379413366317749
vt 0.49367088079452515 0.0379413366317749
vt 0.5063291192054749 0.0379413366317749
vt 0.5189873576164246 0.0379413366317749
vt 0.5316455960273743 0.0379413366317749
vt 0.5443037748336792 0.0379413366317749
vt 0.5569620132446289 0.0379413366317749
vt 0.5696202516555786 0.0379413366317749
vt 0.5822784900665283 0.0379413366317749
vt 0.594936728477478 0.0379413366317749
vt 0.6075949668884277 0.0379413366317749
vt 0.6202531456947327 0.0379413366317749
vt 0.6329113841056824 0.0379413366317749
vt 0.6455696225166321 0.0379413366317749
vt 0.658227801322937 0.0379413366317749
vt 0.6708860397338867 0.0379413366317749
vt 0.6835442781448364 0.0379413366317749
vt 0.6962025165557861 0.0379413366317749
vt 0.7088607549667358 0.0379413366317749
vt 0.7215189933776855 0.0379413366317749
vt 0.7341771721839905 0.0379413366317749
vt 0.7468354105949402 0.0379413366317749
vt 0.7594936490058899 0.0379413366317749
vt 0.7721518874168396 0.0379413366317749
vt 0.7848101258277893 0.0379413366317749
vt 0.797468364238739 0.0379413366317749
vt 0.810126543045044 0.0379413366317749
vt 0.8227847814559937 0.0379413366317749
vt 0.8354430198669434 0.0379413366317749
vt 0.8481012582778931 0.0379413366317749
vt 0.8607594966888428 0.0379413366317749
vt 0.8734177350997925 0.0379413366317749
vt 0.8860759139060974 0.0379413366317749
vt 0.8987341523170471 0.0379413366317749
vt 0.9113923907279968 0.0379413366317749
vt 0.9240506291389465 0.0379413366317749
vt 0.9367088675498962 0.0379413366317749
vt 0.949367105960846 0.0379413366317749
vt 0.9620252847671509 0.0379413366317749
vt 0.9746835231781006 0.0379413366317749
vt 0.9873417615890503 0.0379413366317749
vt 1 0.0379413366317749
vt 0 0.05058848857879639
vt 0.012658227235078812 0.05058848857879639
vt 0.025316454470157623 0.05058848857879639
vt 0.03797468543052673 0.05058848857879639
vt 0.05063290894031525 0.05058848857879639
vt 0.06329113990068436 0.05058848857879639
vt 0.07594937086105347 0.05058848857879639
vt 0.08860759437084198 0.05058848857879639
vt 0.1012658178806305 0.05058848857879639
vt 0.1139240488409996 0.05058848857879639
vt 0.1265822798013687 0.05058848857879639
vt 0.13924050331115723 0.05058848857879639
vt 0.15189874172210693 0.05058848857879639
vt 0.16455695033073425 0.05058848857879639
vt 0.17721518874168396 0.05058848857879639
vt 0.18987341225147247 0.05058848857879639
vt 0.202531635761261 0.05058848857879639
vt 0.2151898741722107 0.05058848857879639
vt 0.2278480976819992 0.05058848857879639
vt 0.24050632119178772 0.05058848857879639
vt 0.2531645596027374 0.05058848857879639
vt 0.26582279801368713 0.05058848857879639
vt 0.27848100662231445 0.05058848857879639
vt 0.29113924503326416 0.05058848857879639
vt 0.30379748344421387 0.05058848857879639
vt 0.3164556920528412 0.05058848857879639
vt 0.3291139006614685 0.05058848857879639
vt 0.3417721390724182 0.05058848857879639
vt 0.3544303774833679 0.05058848857879639
vt 0.36708858609199524 0.05058848857879639
vt 0.37974682450294495 0.05058848857879639
vt 0.39240506291389465 0.05058848857879639
vt 0.405063271522522 0.05058848857879639
vt 0.4177215099334717 0.05058848857879639
vt 0.4303797483444214 0.05058848857879639
vt 0.4430379569530487 0.05058848857879639
vt 0.4556961953639984 0.05058848857879639
vt 0.4683544337749481 0.05058848857879639
vt 0.48101264238357544 0.05058848857879639
vt 0.49367088079452515 0.05058848857879639
vt 0.5063291192054749 0.05058848857879639
vt 0.5189873576164246 0.05058848857879639
vt 0.5316455960273743 0.05058848857879639
vt 0.5443037748336792 0.05058848857879639
vt 0.5569620132446289 0.05058848857879639
vt 0.5696202516555786 0.05058848857879639
vt 0.5822784900665283 0.05058848857879639
vt 0.594936728477478 0.05058848857879639
vt 0.6075949668884277 0.05058848857879639
vt 0.6202531456947327 0.05058848857879639
vt 0.6329113841056824 0.05058848857879639
vt 0.6455696225166321 0.05058848857879639
vt 0.658227801322937 0.05058848857879639
vt 0.6708860397338867 0.05058848857879639
vt 0.6835442781448364 0.05058848857879639
vt 0.6962025165557861 0.05058848857879639
vt 0.7088607549667358 0.05058848857879639
vt 0.7215189933776855 0.05058848857879639
vt 0.7341771721839905 0.05058848857879639
vt 0.7468354105949402 0.05058848857879639
vt 0.7594936490058899 0.05058848857879639
vt 0.7721518874168396 0.05058848857879639
vt 0.7848101258277893 0.05058848857879639
vt 0.797468364238739 0.05058848857879639
vt 0.810126543045044 0.05058848857879639
vt 0.8227847814559937 0.05058848857879639
vt 0.8354430198669434 0.05058848857879639
vt 0.8481012582778931 0.05058848857879639
vt 0.8607594966888428 0.05058848857879639
vt 0.8734177350997925 0.05058848857879639
vt 0.8860759139060974 0.05058848857879639
vt 0.8987341523170471 0.05058848857879639
vt 0.9113923907279968 0.05058848857879639
vt 0.9240506291389465 0.05058848857879639
vt 0.9367088675498962 0.05058848857879639
vt 0.949367105960846 0.05058848857879639
vt 0.9620252847671509 0.05058848857879639
vt 0.9746835231781006 0.05058848857879639
vt 0.9873417615890503 0.05058848857879639
vt 1 0.05058848857879639
vt 0 0.0632355809211731
vt 0.012658227235078812 0.0632355809211731
vt 0.025316454470157623 0.0632355809211731
vt 0.03797468543052673 0.0632355809211731
vt 0.05063290894031525 0.0632355809211731
vt 0.06329113990068436 0.0632355809211731
vt 0.07594937086105347 0.0632355809211731
vt 0.08860759437084198 0.0632355809211731
vt 0.1012658178806305 0.0632355809211731
vt 0.1139240488409996 0.0632355809211731
vt 0.1265822798013687 0.0632355809211731
vt 0.13924050331115723 0.0632355809211731
vt 0.15189874172210693 0.0632355809211731
vt 0.16455695033073425 0.0632355809211731
vt 0.17721518874168396 0.0632355809211731
vt 0.18987341225147247 0.0632355809211731
vt 0.202531635761261 0.0632355809211731
vt 0.2151898741722107 0.0632355809211731
vt 0.2278480976819992 0.0632355809211731
vt 0.24050632119178772 0.0632355809211731
vt 0.2531645596027374 0.0632355809211731
vt 0.26582279801368713 0.0632355809211731
vt 0.27848100662231445 0.0632355809211731
vt 0.29113924503326416 0.0632355809211731
vt 0.30379748344421387 0.0632355809211731
vt 0.3164556920528412 0.0632355809211731
vt 0.3291139006614685 0.0632355809211731
vt 0.3417721390724182 0.0632355809211731
vt 0.3544303774833679 0.0632355809211731
vt 0.36708858609199524 0.0632355809211731
vt 0.37974682450294495 0.0632355809211731
vt 0.39240506291389465 0.0632355809211731
vt 0.405063271522522 0.0632355809211731
vt 0.4177215099334717 0.0632355809211731
vt 0.4303797483444214 0.0632355809211731
vt 0.4430379569530487 0.0632355809211731
vt 0.4556961953639984 0.0632355809211731
vt 0.4683544337749481 0.0632355809211731
vt 0.48101264238357544 0.0632355809211731
vt 0.49367088079452515 0.0632355809211731
vt 0.5063291192054749 0.0632355809211731
vt 0.5189873576164246 0.0632355809211731
vt 0.5316455960273743 0.0632355809211731
vt 0.5443037748336792 0.0632355809211731
vt 0.5569620132446289 0.0632355809211731
vt 0.5696202516555786 0.0632355809211731
vt 0.5822784900665283 0.0632355809211731
vt 0.594936728477478 0.0632355809211731
vt 0.6075949668884277 0.0632355809211731
vt 0.6202531456947327 0.0632355809211731
vt 0.6329113841056824 0.0632355809211731
vt 0.6455696225166321 0.0632355809211731
vt 0.658227801322937 0.0632355809211731
vt 0.6708860397338867 0.0632355809211731
vt 0.6835442781448364 0.0632355809211731
vt 0.6962025165557861 0.0632355809211731
vt 0.7088607549667358 0.0632355809211731
vt 0.7215189933776855 0.0632355809211731
vt 0.7341771721839905 0.0632355809211731
vt 0.7468354105949402 0.0632355809211731
vt 0.7594936490058899 0.0632355809211731
vt 0.7721518874168396 0.0632355809211731
vt 0.7848101258277893 0.0632355809211731
vt 0.797468364238739 0.0632355809211731
vt 0.810126543045044 0.0632355809211731
vt 0.8227847814559937 0.0632355809211731
vt 0.8354430198669434 0.0632355809211731
vt 0.8481012582778931 0.0632355809211731
vt 0.8607594966888428 0.0632355809211731
vt 0.8734177350997925 0.0632355809211731
vt 0.8860759139060974 0.0632355809211731
vt 0.8987341523170471 0.0632355809211731
vt 0.9113923907279968 0.0632355809211731
vt 0.9240506291389465 0.0632355809211731
vt 0.9367088675498962 0.0632355809211731
vt 0.949367105960846 0.0632355809211731
vt 0.9620252847671509 0.0632355809211731
vt 0.9746835231781006 0.0632355809211731
vt 0.9873417615890503 0.0632355809211731
vt 1 0.0632355809211731
vt 0 0.0758826732635498
vt 0.012658227235078812 0.0758826732635498
vt 0.025316454470157623 0.0758826732635498
vt 0.03797468543052673 0.0758826732635498
vt 0.05063290894031525 0.0758826732635498
vt 0.06329113990068436 0.0758826732635498
vt 0.07594937086105347 0.0758826732635498
vt 0.08860759437084198 0.0758826732635498
vt 0.1012658178806305 0.0758826732635498
vt 0.1139240488409996 0.0758826732635498
vt 0.1265822798013687 0.0758826732635498
vt 0.13924050331115723 0.0758826732635498
vt 0.15189874172210693 0.0758826732635498
vt 0.16455695033073425 0.0758826732635498
vt 0.17721518874168396 0.0758826732635498
vt 0.18987341225147247 0.0758826732635498
vt 0.202531635761261 0.0758826732635498
vt 0.2151898741722107 0.0758826732635498
vt 0.2278480976819992 0.0758826732635498
vt 0.24050632119178772 0.0758826732635498
vt 0.2531645596027374 0.0758826732635498
vt 0.26582279801368713 0.0758826732635498
vt 0.27848100662231445 0.0758826732635498
vt 0.29113924503326416 0.0758826732635498
vt 0.30379748344421387 0.0758826732635498
vt 0.3164556920528412 0.0758826732635498
vt 0.3291139006614685 0.0758826732635498
vt 0.3417721390724182 0.0758826732635498
vt 0.3544303774833679 0.0758826732635498
vt 0.36708858609199524 0.0758826732635498
vt 0.37974682450294495 0.0758826732635498
vt 0.39240506291389465 0.0758826732635498
vt 0.405063271522522 0.0758826732635498
vt 0.4177215099334717 0.0758826732635498
vt 0.4303797483444214 0.0758826732635498
vt 0.4430379569530487 0.0758826732635498
vt 0.4556961953639984 0.0758826732635498
vt 0.4683544337749481 0.0758826732635498
vt 0.48101264238357544 0.0758826732635498
vt 0.49367088079452515 0.0758826732635498
vt 0.5063291192054749 0.0758826732635498
vt 0.5189873576164246 0.0758826732635498
vt 0.5316455960273743 0.0758826732635498
vt 0.5443037748336792 0.0758826732635498
vt 0.5569620132446289 0.0758826732635498
vt 0.5696202516555786 0.0758826732635498
vt 0.5822784900665283 0.0758826732635498
vt 0.594936728477478 0.0758826732635498
vt 0.6075949668884277 0.0758826732635498
vt 0.6202531456947327 0.0758826732635498
vt 0.6329113841056824 0.0758826732635498
vt 0.6455696225166321 0.0758826732635498
vt 0.658227801322937 0.0758826732635498
vt 0.6708860397338867 0.0758826732635498
vt 0.6835442781448364 0.0758826732635498
vt 0.6962025165557861 0.0758826732635498
vt 0.7088607549667358 0.0758826732635498
vt 0.7215189933776855 0.0758826732635498
vt 0.7341771721839905 0.0758826732635498
vt 0.7468354105949402 0.0758826732635498
vt 0.7594936490058899 0.0758826732635498
vt 0.7721518874168396 0.0758826732635498
vt 0.7848101258277893 0.0758826732635498
vt 0.797468364238739 0.0758826732635498
vt 0.810126543045044 0.0758826732635498
vt 0.8227847814559937 0.0758826732635498
vt 0.8354430198669434 0.0758826732635498
vt 0.8481012582778931 0.0758826732635498
vt 0.8607594966888428 0.0758826732635498
vt 0.8734177350997925 0.0758826732635498
vt 0.8860759139060974 0.0758826732635498
vt 0.8987341523170471 0.0758826732635498
vt 0.9113923907279968 0.0758826732635498
vt 0.9240506291389465 0.0758826732635498
vt 0.9367088675498962 0.0758826732635498
vt 0.949367105960846 0.0758826732635498
vt 0.9620252847671509 0.0758826732635498
vt 0.9746835231781006 0.0758826732635498
vt 0.9873417615890503 0.0758826732635498
vt 1 0.0758826732635498
vt 0 0.08852982521057129
vt 0.012658227235078812 0.08852982521057129
vt 0.025316454470157623 0.08852982521057129
vt 0.03797468543052673 0.08852982521057129
vt 0.05063290894031525 0.08852982521057129
vt 0.06329113990068436 0.08852982521057129
vt 0.07594937086105347 0.08852982521057129
vt 0.08860759437084198 0.08852982521057129
vt 0.1012658178806305 0.08852982521057129
vt 0.1139240488409996 0.08852982521057129
vt 0.1265822798013687 0.08852982521057129
vt 0.13924050331115723 0.08852982521057129
vt 0.15189874172210693 0.08852982521057129
vt 0.16455695033073425 0.08852982521057129
vt 0.17721518874168396 0.08852982521057129
vt 0.18987341225147247 0.08852982521057129
vt 0.202531635761261 0.08852982521057129
vt 0.2151898741722107 0.08852982521057129
vt 0.2278480976819992 0.08852982521057129
vt 0.24050632119178772 0.08852982521057129
vt 0.2531645596027374 0.08852982521057129
vt 0.26582279801368713 0.08852982521057129
vt 0.27848100662231445 0.08852982521057129
vt 0.29113924503326416 0.08852982521057129
vt 0.30379748344421387 0.08852982521057129
vt 0.3164556920528412 0.08852982521057129
vt 0.3291139006614685 0.08852982521057129
vt 0.3417721390724182 0.08852982521057129
vt 0.3544303774833679 0.08852982521057129
vt 0.36708858609199524 0.08852982521057129
vt 0.37974682450294495 0.08852982521057129
vt 0.39240506291389465 0.08852982521057129
vt 0.405063271522522 0.08852982521057129
vt 0.4177215099334717 0.08852982521057129
vt 0.4303797483444214 0.08852982521057129
vt 0.4430379569530487 0.08852982521057129
vt 0.4556961953639984 0.08852982521057129
vt 0.4683544337749481 0.08852982521057129
vt 0.48101264238357544 0.08852982521057129
vt 0.49367088079452515 0.08852982521057129
vt 0.5063291192054749 0.08852982521057129
vt 0.5189873576164246 0.08852982521057129
vt 0.5316455960273743 0.08852982521057129
vt 0.5443037748336792 0.08852982521057129
vt 0.5569620132446289 0.08852982521057129
vt 0.5696202516555786 0.08852982521057129
vt 0.5822784900665283 0.08852982521057129
vt 0.594936728477478 0.08852982521057129
vt 0.6075949668884277 0.08852982521057129
vt 0.6202531456947327 0.08852982521057129
vt 0.6329113841056824 0.08852982521057129
vt 0.6455696225166321 0.08852982521057129
vt 0.658227801322937 0.08852982521057129
vt 0.6708860397338867 0.08852982521057129
vt 0.6835442781448364 0.08852982521057129
vt 0.6962025165557861 0.08852982521057129
vt 0.7088607549667358 0.08852982521057129
vt 0.7215189933776855 0.08852982521057129
vt 0.7341771721839905 0.08852982521057129
vt 0.7468354105949402 0.08852982521057129
vt 0.7594936490058899 0.08852982521057129
vt 0.7721518874168396 0.08852982521057129
vt 0.7848101258277893 0.08852982521057129
vt 0.797468364238739 0.08852982521057129
vt 0.810126543045044 0.08852982521057129
vt 0.8227847814559937 0.08852982521057129
vt 0.8354430198669434 0.08852982521057129
vt 0.8481012582778931 0.08852982521057129
vt 0.8607594966888428 0.08852982521057129
vt 0.8734177350997925 0.08852982521057129
vt 0.8860759139060974 0.08852982521057129
vt 0.8987341523170471 0.08852982521057129
vt 0.9113923907279968 0.08852982521057129
vt 0.9240506291389465 0.08852982521057129
vt 0.9367088675498962 0.08852982521057129
vt 0.949367105960846 0.08852982521057129
vt 0.9620252847671509 0.08852982521057129
vt 0.9746835231781006 0.08852982521057129
vt 0.9873417615890503 0.08852982521057129
vt 1 0.08852982521057129
vt 0 0.101176917552948
vt 0.012658227235078812 0.101176917552948
vt 0.025316454470157623 0.101176917552948
vt 0.03797468543052673 0.101176917552948
vt 0.05063290894031525 0.101176917552948
vt 0.06329113990068436 0.101176917552948
vt 0.07594937086105347 0.101176917552948
vt 0.08860759437084198 0.101176917552948
vt 0.1012658178806305 0.101176917552948
vt 0.1139240488409996 0.101176917552948
vt 0.1265822798013687 0.101176917552948
vt 0.13924050331115723 0.101176917552948
vt 0.15189874172210693 0.101176917552948
vt 0.16455695033073425 0.101176917552948
vt 0.17721518874168396 0.101176917552948
vt 0.18987341225147247 0.101176917552948
vt 0.202531635761261 0.101176917552948
vt 0.2151898741722107 0.101176917552948
vt 0.2278480976819992 0.101176917552948
vt 0.24050632119178772 0.101176917552948
vt 0.2531645596027374 0.101176917552948
vt 0.26582279801368713 0.101176917552948
vt 0.27848100662231445 0.101176917552948
vt 0.29113924503326416 0.101176917552948
vt 0.30379748344421387 0.101176917552948
vt 0.3164556920528412 0.101176917552948
vt 0.3291139006614685 0.101176917552948
vt 0.3417721390724182 0.101176917552948
vt 0.3544303774833679 0.101176917552948
vt 0.36708858609199524 0.101176917552948
vt 0.37974682450294495 0.101176917552948
vt 0.39240506291389465 0.101176917552948
vt 0.405063271522522 0.101176917552948
vt 0.4177215099334717 0.101176917552948
vt 0.4303797483444214 0.101176917552948
vt 0.4430379569530487 0.101176917552948
vt 0.4556961953639984 0.101176917552948
vt 0.4683544337749481 0.101176917552948
vt 0.48101264238357544 0.101176917552948
vt 0.49367088079452515 0.101176917552948
vt 0.5063291192054749 0.101176917552948
vt 0.5189873576164246 0.101176917552948
vt 0.5316455960273743 0.101176917552948
vt 0.5443037748336792 0.101176917552948
vt 0.5569620132446289 0.101176917552948
vt 0.5696202516555786 0.101176917552948
vt 0.5822784900665283 0.101176917552948
vt 0.594936728477478 0.101176917552948
vt 0.6075949668884277 0.101176917552948
vt 0.6202531456947327 0.101176917552948
vt 0.6329113841056824 0.101176917552948
vt 0.6455696225166321 0.101176917552948
vt 0.658227801322937 0.101176917552948
vt 0.6708860397338867 0.101176917552948
vt 0.6835442781448364 0.101176917552948
vt 0.6962025165557861 0.101176917552948
vt 0.7088607549667358 0.101176917552948
vt 0.7215189933776855 0.101176917552948
vt 0.7341771721839905 0.101176917552948
vt 0.7468354105949402 0.101176917552948
vt 0.7594936490058899 0.101176917552948
vt 0.7721518874168396 0.101176917552948
vt 0.7848101258277893 0.101176917552948
vt 0.797468364238739 0.101176917552948
vt 0.810126543045044 0.101176917552948
vt 0.8227847814559937 0.101176917552948
vt 0.8354430198669434 0.101176917552948
vt 0.8481012582778931 0.101176917552948
vt 0.8607594966888428 0.101176917552948
vt 0.8734177350997925 0.101176917552948
vt 0.8860759139060974 0.101176917552948
vt 0.8987341523170471 0.101176917552948
vt 0.9113923907279968 0.101176917552948
vt 0.9240506291389465 0.101176917552948
vt 0.9367088675498962 0.101176917552948
vt 0.949367105960846 0.101176917552948
vt 0.9620252847671509 0.101176917552948
vt 0.9746835231781006 0.101176917552948
vt 0.9873417615890503 0.101176917552948
vt 1 0.101176917552948
vt 0 0.11382400989532471
vt 0.012658227235078812 0.11382400989532471
vt 0.025316454470157623 0.11382400989532471
vt 0.03797468543052673 0.11382400989532471
vt 0.05063290894031525 0.11382400989532471
vt 0.06329113990068436 0.11382400989532471
vt 0.07594937086105347 0.11382400989532471
vt 0.08860759437084198 0.11382400989532471
vt 0.1012658178806305 0.11382400989532471
vt 0.1139240488409996 0.11382400989532471
vt 0.1265822798013687 0.11382400989532471
vt 0.13924050331115723 0.11382400989532471
vt 0.15189874172210693 0.11382400989532471
vt 0.16455695033073425 0.11382400989532471
vt 0.17721518874168396 0.11382400989532471
vt 0.18987341225147247 0.11382400989532471
vt 0.202531635761261 0.11382400989532471
vt 0.2151898741722107 0.11382400989532471
vt 0.2278480976819992 0.11382400989532471
vt 0.24050632119178772 0.11382400989532471
vt 0.2531645596027374 0.11382400989532471
vt 0.26582279801368713 0.11382400989532471
vt 0.27848100662231445 0.11382400989532471
vt 0.29113924503326416 0.11382400989532471
vt 0.30379748344421387 0.11382400989532471
vt 0.3164556920528412 0.11382400989532471
vt 0.3291139006614685 0.11382400989532471
vt 0.3417721390724182 0.11382400989532471
vt 0.3544303774833679 0.11382400989532471
vt 0.36708858609199524 0.11382400989532471
vt 0.37974682450294495 0.11382400989532471
vt 0.39240506291389465 0.11382400989532471
vt 0.405063271522522 0.11382400989532471
vt 0.4177215099334717 0.11382400989532471
vt 0.4303797483444214 0.11382400989532471
vt 0.4430379569530487 0.11382400989532471
vt 0.4556961953639984 0.11382400989532471
vt 0.4683544337749481 0.11382400989532471
vt 0.48101264238357544 0.11382400989532471
vt 0.49367088079452515 0.11382400989532471
vt 0.5063291192054749 0.11382400989532471
vt 0.5189873576164246 0.11382400989532471
vt 0.5316455960273743 0.11382400989532471
vt 0.5443037748336792 0.11382400989532471
vt 0.5569620132446289 0.11382400989532471
vt 0.5696202516555786 0.11382400989532471
vt 0.5822784900665283 0.11382400989532471
vt 0.594936728477478 0.11382400989532471
vt 0.6075949668884277 0.11382400989532471
vt 0.6202531456947327 0.11382400989532471
vt 0.6329113841056824 0.11382400989532471
vt 0.6455696225166321 0.11382400989532471
vt 0.658227801322937 0.11382400989532471
vt 0.6708860397338867 0.11382400989532471
vt 0.6835442781448364 0.11382400989532471
vt 0.6962025165557861 0.11382400989532471
vt 0.7088607549667358 0.11382400989532471
vt 0.7215189933776855 0.11382400989532471
vt 0.7341771721839905 0.11382400989532471
vt 0.7468354105949402 0.11382400989532471
vt 0.7594936490058899 0.11382400989532471
vt 0.7721518874168396 0.11382400989532471
vt 0.7848101258277893 0.11382400989532471
vt 0.797468364238739 0.11382400989532471
vt 0.810126543045044 0.11382400989532471
vt 0.8227847814559937 0.11382400989532471
vt 0.8354430198669434 0.11382400989532471
vt 0.8481012582778931 0.11382400989532471
vt 0.8607594966888428 0.11382400989532471
vt 0.8734177350997925 0.11382400989532471
vt 0.8860759139060974 0.11382400989532471
vt 0.8987341523170471 0.11382400989532471
vt 0.9113923907279968 0.11382400989532471
vt 0.9240506291389465 0.11382400989532471
vt 0.9367088675498962 0.11382400989532471
vt 0.949367105960846 0.11382400989532471
vt 0.9620252847671509 0.11382400989532471
vt 0.9746835231781006 0.11382400989532471
vt 0.9873417615890503 0.11382400989532471
vt 1 0.11382400989532471
vt 0 0.1264711618423462
vt 0.012658227235078812 0.1264711618423462
vt 0.025316454470157623 0.1264711618423462
vt 0.03797468543052673 0.1264711618423462
vt 0.05063290894031525 0.1264711618423462
vt 0.06329113990068436 0.1264711618423462
vt 0.07594937086105347 0.1264711618423462
vt 0.08860759437084198 0.1264711618423462
vt 0.1012658178806305 0.1264711618423462
vt 0.1139240488409996 0.1264711618423462
vt 0.1265822798013687 0.1264711618423462
vt 0.13924050331115723 0.1264711618423462
vt 0.15189874172210693 0.1264711618423462
vt 0.16455695033073425 0.1264711618423462
vt 0.17721518874168396 0.1264711618423462
vt 0.18987341225147247 0.1264711618423462
vt 0.202531635761261 0.1264711618423462
vt 0.2151898741722107 0.1264711618423462
vt 0.2278480976819992 0.1264711618423462
vt 0.24050632119178772 0.1264711618423462
vt 0.2531645596027374 0.1264711618423462
vt 0.26582279801368713 0.1264711618423462
vt 0.27848100662231445 0.1264711618423462
vt 0.29113924503326416 0.1264711618423462
vt 0.30379748344421387 0.1264711618423462
vt 0.3164556920528412 0.1264711618423462
vt 0.3291139006614685 0.1264711618423462
vt 0.3417721390724182 0.1264711618423462
vt 0.3544303774833679 0.1264711618423462
vt 0.36708858609199524 0.1264711618423462
vt 0.37974682450294495 0.1264711618423462
vt 0.39240506291389465 0.1264711618423462
vt 0.405063271522522 0.1264711618423462
vt 0.4177215099334717 0.1264711618423462
vt 0.4303797483444214 0.1264711618423462
vt 0.4430379569530487 0.1264711618423462
vt 0.4556961953639984 0.1264711618423462
vt 0.4683544337749481 0.1264711618423462
vt 0.48101264238357544 0.1264711618423462
vt 0.49367088079452515 0.1264711618423462
vt 0.5063291192054749 0.1264711618423462
vt 0.5189873576164246 0.1264711618423462
vt 0.5316455960273743 0.1264711618423462
vt 0.5443037748336792 0.1264711618423462
vt 0.5569620132446289 0.1264711618423462
vt 0.5696202516555786 0.1264711618423462
vt 0.5822784900665283 0.1264711618423462
vt 0.594936728477478 0.1264711618423462
vt 0.6075949668884277 0.1264711618423462
vt 0.6202531456947327 0.1264711618423462
vt 0.6329113841056824 0.1264711618423462
vt 0.6455696225166321 0.1264711618423462
vt 0.658227801322937 0.1264711618423462
vt 0.6708860397338867 0.1264711618423462
vt 0.6835442781448364 0.1264711618423462
vt 0.6962025165557861 0.1264711618423462
vt 0.7088607549667358 0.1264711618423462
vt 0.7215189933776855 0.1264711618423462
vt 0.7341771721839905 0.1264711618423462
vt 0.7468354105949402 0.1264711618423462
vt 0.7594936490058899 0.1264711618423462
vt 0.7721518874168396 0.1264711618423462
vt 0.7848101258277893 0.1264711618423462
vt 0.797468364238739 0.1264711618423462
vt 0.810126543045044 0.1264711618423462
vt 0.8227847814559937 0.1264711618423462
vt 0.8354430198669434 0.1264711618423462
vt 0.8481012582778931 0.1264711618423462
vt 0.8607594966888428 0.1264711618423462
vt 0.8734177350997925 0.1264711618423462
vt 0.8860759139060974 0.1264711618423462
vt 0.8987341523170471 0.1264711618423462
vt 0.9113923907279968 0.1264711618423462
vt 0.9240506291389465 0.1264711618423462
vt 0.9367088675498962 0.1264711618423462
vt 0.949367105960846 0.1264711618423462
vt 0.9620252847671509 0.1264711618423462
vt 0.9746835231781006 0.1264711618423462
vt 0.9873417615890503 0.1264711618423462
vt 1 0.1264711618423462
vt 0 0.1391182541847229
vt 0.012658227235078812 0.1391182541847229
vt 0.025316454470157623 0.1391182541847229
vt 0.03797468543052673 0.1391182541847229
vt 0.05063290894031525 0.1391182541847229
vt 0.06329113990068436 0.1391182541847229
vt 0.07594937086105347 0.1391182541847229
vt 0.08860759437084198 0.1391182541847229
vt 0.1012658178806305 0.1391182541847229
vt 0.1139240488409996 0.1391182541847229
vt 0.1265822798013687 0.1391182541847229
vt 0.13924050331115723 0.1391182541847229
vt 0.15189874172210693 0.1391182541847229
vt 0.16455695033073425 0.1391182541847229
vt 0.17721518874168396 0.1391182541847229
vt 0.18987341225147247 0.1391182541847229
vt 0.202531635761261 0.1391182541847229
vt 0.2151898741722107 0.1391182541847229
vt 0.2278480976819992 0.1391182541847229
vt 0.24050632119178772 0.1391182541847229
vt 0.2531645596027374 0.1391182541847229
vt 0.26582279801368713 0.1391182541847229
vt 0.27848100662231445 0.1391182541847229
vt 0.29113924503326416 0.1391182541847229
vt 0.30379748344421387 0.1391182541847229
vt 0.3164556920528412 0.1391182541847229
vt 0.3291139006614685 0.1391182541847229
vt 0.3417721390724182 0.1391182541847229
vt 0.3544303774833679 0.1391182541847229
vt 0.36708858609199524 0.1391182541847229
vt 0.37974682450294495 0.1391182541847229
vt 0.39240506291389465 0.1391182541847229
vt 0.405063271522522 0.1391182541847229
vt 0.4177215099334717 0.1391182541847229
vt 0.4303797483444214 0.1391182541847229
vt 0.4430379569530487 0.1391182541847229
vt 0.4556961953639984 0.1391182541847229
vt 0.4683544337749481 0.1391182541847229
vt 0.48101264238357544 0.1391182541847229
vt 0.49367088079452515 0.1391182541847229
vt 0.5063291192054749 0.1391182541847229
vt 0.5189873576164246 0.1391182541847229
vt 0.5316455960273743 0.1391182541847229
vt 0.5443037748336792 0.1391182541847229
vt 0.5569620132446289 0.1391182541847229
vt 0.5696202516555786 0.1391182541847229
vt 0.5822784900665283 0.1391182541847229
vt 0.594936728477478 0.1391182541847229
vt 0.6075949668884277 0.1391182541847229
vt 0.6202531456947327 0.1391182541847229
vt 0.6329113841056824 0.1391182541847229
vt 0.6455696225166321 0.1391182541847229
vt 0.658227801322937 0.1391182541847229
vt 0.6708860397338867 0.1391182541847229
vt 0.6835442781448364 0.1391182541847229
vt 0.6962025165557861 0.1391182541847229
vt 0.7088607549667358 0.1391182541847229
vt 0.7215189933776855 0.1391182541847229
vt 0.7341771721839905 0.1391182541847229
vt 0.7468354105949402 0.1391182541847229
vt 0.7594936490058899 0.1391182541847229
vt 0.7721518874168396 0.1391182541847229
vt 0.7848101258277893 0.1391182541847229
vt 0.797468364238739 0.1391182541847229
vt 0.810126543045044 0.1391182541847229
vt 0.8227847814559937 0.1391182541847229
vt 0.8354430198669434 0.1391182541847229
vt 0.8481012582778931 0.1391182541847229
vt 0.8607594966888428 0.1391182541847229
vt 0.8734177350997925 0.1391182541847229
vt 0.8860759139060974 0.1391182541847229
vt 0.8987341523170471 0.1391182541847229
vt 0.9113923907279968 0.1391182541847229
vt 0.9240506291389465 0.1391182541847229
vt 0.9367088675498962 0.1391182541847229
vt 0.949367105960846 0.1391182541847229
vt 0.9620252847671509 0.1391182541847229
vt 0.9746835231781006 0.1391182541847229
vt 0.9873417615890503 0.1391182541847229
vt 1 0.1391182541847229
vt 0 0.1517653465270996
vt 0.012658227235078812 0.1517653465270996
vt 0.025316454470157623 0.1517653465270996
vt 0.03797468543052673 0.1517653465270996
vt 0.05063290894031525 0.1517653465270996
vt 0.06329113990068436 0.1517653465270996
vt 0.07594937086105347 0.1517653465270996
vt 0.08860759437084198 0.1517653465270996
vt 0.1012658178806305 0.1517653465270996
vt 0.1139240488409996 0.1517653465270996
vt 0.1265822798013687 0.1517653465270996
vt 0.13924050331115723 0.1517653465270996
vt 0.15189874172210693 0.1517653465270996
vt 0.16455695033073425 0.1517653465270996
vt 0.17721518874168396 0.1517653465270996
vt 0.18987341225147247 0.1517653465270996
vt 0.202531635761261 0.1517653465270996
vt 0.2151898741722107 0.1517653465270996
vt 0.2278480976819992 0.1517653465270996
vt 0.24050632119178772 0.1517653465270996
vt 0.2531645596027374 0.1517653465270996
vt 0.26582279801368713 0.1517653465270996
vt 0.27848100662231445 0.1517653465270996
vt 0.29113924503326416 0.1517653465270996
vt 0.30379748344421387 0.1517653465270996
vt 0.3164556920528412 0.1517653465270996
vt 0.3291139006614685 0.1517653465270996
vt 0.3417721390724182 0.1517653465270996
vt 0.3544303774833679 0.1517653465270996
vt 0.36708858609199524 0.1517653465270996
vt 0.37974682450294495 0.1517653465270996
vt 0.39240506291389465 0.1517653465270996
vt 0.405063271522522 0.1517653465270996
vt 0.4177215099334717 0.1517653465270996
vt 0.4303797483444214 0.1517653465270996
vt 0.4430379569530487 0.1517653465270996
vt 0.4556961953639984 0.1517653465270996
vt 0.4683544337749481 0.1517653465270996
vt 0.48101264238357544 0.1517653465270996
vt 0.49367088079452515 0.1517653465270996
vt 0.5063291192054749 0.1517653465270996
vt 0.5189873576164246 0.1517653465270996
vt 0.5316455960273743 0.1517653465270996
vt 0.5443037748336792 0.1517653465270996
vt 0.5569620132446289 0.1517653465270996
vt 0.5696202516555786 0.1517653465270996
vt 0.5822784900665283 0.1517653465270996
vt 0.594936728477478 0.1517653465270996
vt 0.6075949668884277 0.1517653465270996
vt 0.6202531456947327 0.1517653465270996
vt 0.6329113841056824 0.1517653465270996
vt 0.6455696225166321 0.1517653465270996
vt 0.658227801322937 0.1517653465270996
vt 0.6708860397338867 0.1517653465270996
vt 0.6835442781448364 0.1517653465270996
vt 0.6962025165557861 0.1517653465270996
vt 0.7088607549667358 0.1517653465270996
vt 0.7215189933776855 0.1517653465270996
vt 0.7341771721839905 0.1517653465270996
vt 0.7468354105949402 0.1517653465270996
vt 0.7594936490058899 0.1517653465270996
vt 0.7721518874168396 0.1517653465270996
vt 0.7848101258277893 0.1517653465270996
vt 0.797468364238739 0.1517653465270996
vt 0.810126543045044 0.1517653465270996
vt 0.8227847814559937 0.1517653465270996
vt 0.8354430198669434 0.1517653465270996
vt 0.8481012582778931 0.1517653465270996
vt 0.8607594966888428 0.1517653465270996
vt 0.8734177350997925 0.1517653465270996
vt 0.8860759139060974 0.1517653465270996
vt 0.8987341523170471 0.1517653465270996
vt 0.9113923907279968 0.1517653465270996
vt 0.9240506291389465 0.1517653465270996
vt 0.9367088675498962 0.1517653465270996
vt 0.949367105960846 0.1517653465270996
vt 0.9620252847671509 0.1517653465270996
vt 0.9746835231781006 0.1517653465270996
vt 0.9873417615890503 0.1517653465270996
vt 1 0.1517653465270996
vt 0 0.1644124984741211
vt 0.012658227235078812 0.1644124984741211
vt 0.025316454470157623 0.1644124984741211
vt 0.03797468543052673 0.1644124984741211
vt 0.05063290894031525 0.1644124984741211
vt 0.06329113990068436 0.1644124984741211
vt 0.07594937086105347 0.1644124984741211
vt 0.08860759437084198 0.1644124984741211
vt 0.1012658178806305 0.1644124984741211
vt 0.1139240488409996 0.1644124984741211
vt 0.1265822798013687 0.1644124984741211
vt 0.13924050331115723 0.1644124984741211
vt 0.15189874172210693 0.1644124984741211
vt 0.16455695033073425 0.1644124984741211
vt 0.17721518874168396 0.1644124984741211
vt 0.18987341225147247 0.1644124984741211
vt 0.202531635761261 0.1644124984741211
vt 0.2151898741722107 0.1644124984741211
vt 0.2278480976819992 0.1644124984741211
vt 0.24050632119178772 0.1644124984741211
vt 0.2531645596027374 0.1644124984741211
vt 0.26582279801368713 0.1644124984741211
vt 0.27848100662231445 0.1644124984741211
vt 0.29113924503326416 0.1644124984741211
vt 0.30379748344421387 0.1644124984741211
vt 0.3164556920528412 0.1644124984741211
vt 0.3291139006614685 0.1644124984741211
vt 0.3417721390724182 0.1644124984741211
vt 0.3544303774833679 0.1644124984741211
vt 0.36708858609199524 0.1644124984741211
vt 0.37974682450294495 0.1644124984741211
vt 0.39240506291389465 0.1644124984741211
vt 0.405063271522522 0.1644124984741211
vt 0.4177215099334717 0.1644124984741211
vt 0.4303797483444214 0.1644124984741211
vt 0.4430379569530487 0.1644124984741211
vt 0.4556961953639984 0.1644124984741211
vt 0.4683544337749481 0.1644124984741211
vt 0.48101264238357544 0.1644124984741211
vt 0.49367088079452515 0.1644124984741211
vt 0.5063291192054749 0.1644124984741211
vt 0.5189873576164246 0.1644124984741211
vt 0.5316455960273743 0.1644124984741211
vt 0.5443037748336792 0.1644124984741211
vt 0.5569620132446289 0.1644124984741211
vt 0.5696202516555786 0.1644124984741211
vt 0.5822784900665283 0.1644124984741211
vt 0.594936728477478 0.1644124984741211
vt 0.6075949668884277 0.1644124984741211
vt 0.6202531456947327 0.1644124984741211
vt 0.6329113841056824 0.1644124984741211
vt 0.6455696225166321 0.1644124984741211
vt 0.658227801322937 0.1644124984741211
vt 0.6708860397338867 0.1644124984741211
vt 0.6835442781448364 0.1644124984741211
vt 0.6962025165557861 0.1644124984741211
vt 0.7088607549667358 0.1644124984741211
vt 0.7215189933776855 0.1644124984741211
vt 0.7341771721839905 0.1644124984741211
vt 0.7468354105949402 0.1644124984741211
vt 0.7594936490058899 0.1644124984741211
vt 0.7721518874168396 0.1644124984741211
vt 0.7848101258277893 0.1644124984741211
vt 0.797468364238739 0.1644124984741211
vt 0.810126543045044 0.1644124984741211
vt 0.8227847814559937 0.1644124984741211
vt 0.8354430198669434 0.1644124984741211
vt 0.8481012582778931 0.1644124984741211
vt 0.8607594966888428 0.1644124984741211
vt 0.8734177350997925 0.1644124984741211
vt 0.8860759139060974 0.1644124984741211
vt 0.8987341523170471 0.1644124984741211
vt 0.9113923907279968 0.1644124984741211
vt 0.9240506291389465 0.1644124984741211
vt 0.9367088675498962 0.1644124984741211
vt 0.949367105960846 0.1644124984741211
vt 0.9620252847671509 0.1644124984741211
vt 0.9746835231781006 0.1644124984741211
vt 0.9873417615890503 0.1644124984741211
vt 1 0.1644124984741211
vt 0 0.1770595908164978
vt 0.012658227235078812 0.1770595908164978
vt 0.025316454470157623 0.1770595908164978
vt 0.03797468543052673 0.1770595908164978
vt 0.05063290894031525 0.1770595908164978
vt 0.06329113990068436 0.1770595908164978
vt 0.07594937086105347 0.1770595908164978
vt 0.08860759437084198 0.1770595908164978
vt 0.1012658178806305 0.1770595908164978
vt 0.1139240488409996 0.1770595908164978
vt 0.1265822798013687 0.1770595908164978
vt 0.13924050331115723 0.1770595908164978
vt 0.15189874172210693 0.1770595908164978
vt 0.16455695033073425 0.1770595908164978
vt 0.17721518874168396 0.1770595908164978
vt 0.18987341225147247 0.1770595908164978
vt 0.202531635761261 0.1770595908164978
vt 0.2151898741722107 0.1770595908164978
vt 0.2278480976819992 0.1770595908164978
vt 0.24050632119178772 0.1770595908164978
vt 0.2531645596027374 0.1770595908164978
vt 0.26582279801368713 0.1770595908164978
vt 0.27848100662231445 0.1770595908164978
vt 0.29113924503326416 0.1770595908164978
vt 0.30379748344421387 0.1770595908164978
vt 0.3164556920528412 0.1770595908164978
vt 0.3291139006614685 0.1770595908164978
vt 0.3417721390724182 0.1770595908164978
vt 0.3544303774833679 0.1770595908164978
vt 0.36708858609199524 0.1770595908164978
vt 0.37974682450294495 0.1770595908164978
vt 0.39240506291389465 0.1770595908164978
vt 0.405063271522522 0.1770595908164978
vt 0.4177215099334717 0.1770595908164978
vt 0.4303797483444214 0.1770595908164978
vt 0.4430379569530487 0.1770595908164978
vt 0.4556961953639984 0.1770595908164978
vt 0.4683544337749481 0.1770595908164978
vt 0.48101264238357544 0.1770595908164978
vt 0.49367088079452515 0.1770595908164978
vt 0.5063291192054749 0.1770595908164978
vt 0.5189873576164246 0.1770595908164978
vt 0.5316455960273743 0.1770595908164978
vt 0.5443037748336792 0.1770595908164978
vt 0.5569620132446289 0.1770595908164978
vt 0.5696202516555786 0.1770595908164978
vt 0.5822784900665283 0.1770595908164978
vt 0.594936728477478 0.1770595908164978
vt 0.6075949668884277 0.1770595908164978
vt 0.6202531456947327 0.1770595908164978
vt 0.6329113841056824 0.1770595908164978
vt 0.6455696225166321 0.1770595908164978
vt 0.658227801322937 0.1770595908164978
vt 0.6708860397338867 0.1770595908164978
vt 0.6835442781448364 0.1770595908164978
vt 0.6962025165557861 0.1770595908164978
vt 0.7088607549667358 0.1770595908164978
vt 0.7215189933776855 0.1770595908164978
vt 0.7341771721839905 0.1770595908164978
vt 0.7468354105949402 0.1770595908164978
vt 0.7594936490058899 0.1770595908164978
vt 0.7721518874168396 0.1770595908164978
vt 0.7848101258277893 0.1770595908164978
vt 0.797468364238739 0.1770595908164978
vt 0.810126543045044 0.1770595908164978
vt 0.8227847814559937 0.1770595908164978
vt 0.8354430198669434 0.1770595908164978
vt 0.8481012582778931 0.1770595908164978
vt 0.8607594966888428 0.1770595908164978
vt 0.8734177350997925 0.1770595908164978
vt 0.8860759139060974 0.1770595908164978
vt 0.8987341523170471 0.1770595908164978
vt 0.9113923907279968 0.1770595908164978
vt 0.9240506291389465 0.1770595908164978
vt 0.9367088675498962 0.1770595908164978
vt 0.949367105960846 0.1770595908164978
vt 0.9620252847671509 0.1770595908164978
vt 0.9746835231781006 0.1770595908164978
vt 0.9873417615890503 0.1770595908164978
vt 1 0.1770595908164978
vt 0 0.1897066831588745
vt 0.012658227235078812 0.1897066831588745
vt 0.025316454470157623 0.1897066831588745
vt 0.03797468543052673 0.1897066831588745
vt 0.05063290894031525 0.1897066831588745
vt 0.06329113990068436 0.1897066831588745
vt 0.07594937086105347 0.1897066831588745
vt 0.08860759437084198 0.1897066831588745
vt 0.1012658178806305 0.1897066831588745
vt 0.1139240488409996 0.1897066831588745
vt 0.1265822798013687 0.1897066831588745
vt 0.13924050331115723 0.1897066831588745
vt 0.15189874172210693 0.1897066831588745
vt 0.16455695033073425 0.1897066831588745
vt 0.17721518874168396 0.1897066831588745
vt 0.18987341225147247 0.1897066831588745
vt 0.202531635761261 0.1897066831588745
vt 0.2151898741722107 0.1897066831588745
vt 0.2278480976819992 0.1897066831588745
vt 0.24050632119178772 0.1897066831588745
vt 0.2531645596027374 0.1897066831588745
vt 0.26582279801368713 0.1897066831588745
vt 0.27848100662231445 0.1897066831588745
vt 0.29113924503326416 0.1897066831588745
vt 0.30379748344421387 0.1897066831588745
vt 0.3164556920528412 0.1897066831588745
vt 0.3291139006614685 0.1897066831588745
vt 0.3417721390724182 0.1897066831588745
vt 0.3544303774833679 0.1897066831588745
vt 0.36708858609199524 0.1897066831588745
vt 0.37974682450294495 0.1897066831588745
vt 0.39240506291389465 0.1897066831588745
vt 0.405063271522522 0.1897066831588745
vt 0.4177215099334717 0.1897066831588745
vt 0.4303797483444214 0.1897066831588745
vt 0.4430379569530487 0.1897066831588745
vt 0.4556961953639984 0.1897066831588745
vt 0.4683544337749481 0.1897066831588745
vt 0.48101264238357544 0.1897066831588745
vt 0.49367088079452515 0.1897066831588745
vt 0.5063291192054749 0.1897066831588745
vt 0.5189873576164246 0.1897066831588745
vt 0.5316455960273743 0.1897066831588745
vt 0.5443037748336792 0.1897066831588745
vt 0.5569620132446289 0.1897066831588745
vt 0.5696202516555786 0.1897066831588745
vt 0.5822784900665283 0.1897066831588745
vt 0.594936728477478 0.1897066831588745
vt 0.6075949668884277 0.1897066831588745
vt 0.6202531456947327 0.1897066831588745
vt 0.6329113841056824 0.1897066831588745
vt 0.6455696225166321 0.1897066831588745
vt 0.658227801322937 0.1897066831588745
vt 0.6708860397338867 0.1897066831588745
vt 0.6835442781448364 0.1897066831588745
vt 0.6962025165557861 0.1897066831588745
vt 0.7088607549667358 0.1897066831588745
vt 0.7215189933776855 0.1897066831588745
vt 0.7341771721839905 0.1897066831588745
vt 0.7468354105949402 0.1897066831588745
vt 0.7594936490058899 0.1897066831588745
vt 0.7721518874168396 0.1897066831588745
vt 0.7848101258277893 0.1897066831588745
vt 0.797468364238739 0.1897066831588745
vt 0.810126543045044 0.1897066831588745
vt 0.8227847814559937 0.1897066831588745
vt 0.8354430198669434 0.1897066831588745
vt 0.8481012582778931 0.1897066831588745
vt 0.8607594966888428 0.1897066831588745
vt 0.8734177350997925 0.1897066831588745
vt 0.8860759139060974 0.1897066831588745
vt 0.8987341523170471 0.1897066831588745
vt 0.9113923907279968 0.1897066831588745
vt 0.9240506291389465 0.1897066831588745
vt 0.9367088675498962 0.1897066831588745
vt 0.949367105960846 0.1897066831588745
vt 0.9620252847671509 0.1897066831588745
vt 0.9746835231781006 0.1897066831588745
vt 0.9873417615890503 0.1897066831588745
vt 1 0.1897066831588745
vt 0 0.202353835105896
vt 0.012658227235078812 0.202353835105896
vt 0.025316454470157623 0.202353835105896
vt 0.03797468543052673 0.202353835105896
vt 0.05063290894031525 0.202353835105896
vt 0.06329113990068436 0.202353835105896
vt 0.07594937086105347 0.202353835105896
vt 0.08860759437084198 0.202353835105896
vt 0.1012658178806305 0.202353835105896
vt 0.1139240488409996 0.202353835105896
vt 0.1265822798013687 0.202353835105896
vt 0.13924050331115723 0.202353835105896
vt 0.15189874172210693 0.202353835105896
vt 0.16455695033073425 0.202353835105896
vt 0.17721518874168396 0.202353835105896
vt 0.18987341225147247 0.202353835105896
vt 0.202531635761261 0.202353835105896
vt 0.2151898741722107 0.202353835105896
vt 0.2278480976819992 0.202353835105896
vt 0.24050632119178772 0.202353835105896
vt 0.2531645596027374 0.202353835105896
vt 0.26582279801368713 0.202353835105896
vt 0.27848100662231445 0.202353835105896
vt 0.29113924503326416 0.202353835105896
vt 0.30379748344421387 0.202353835105896
vt 0.3164556920528412 0.202353835105896
vt 0.3291139006614685 0.202353835105896
vt 0.3417721390724182 0.202353835105896
vt 0.3544303774833679 0.202353835105896
vt 0.36708858609199524 0.202353835105896
vt 0.37974682450294495 0.202353835105896
vt 0.39240506291389465 0.202353835105896
vt 0.405063271522522 0.202353835105896
vt 0.4177215099334717 0.202353835105896
vt 0.4303797483444214 0.202353835105896
vt 0.4430379569530487 0.202353835105896
vt 0.4556961953639984 0.202353835105896
vt 0.4683544337749481 0.202353835105896
vt 0.48101264238357544 0.202353835105896
vt 0.49367088079452515 0.202353835105896
vt 0.5063291192054749 0.202353835105896
vt 0.5189873576164246 0.202353835105896
vt 0.5316455960273743 0.202353835105896
vt 0.5443037748336792 0.202353835105896
vt 0.5569620132446289 0.202353835105896
vt 0.5696202516555786 0.202353835105896
vt 0.5822784900665283 0.202353835105896
vt 0.594936728477478 0.202353835105896
vt 0.6075949668884277 0.202353835105896
vt 0.6202531456947327 0.202353835105896
vt 0.6329113841056824 0.202353835105896
vt 0.6455696225166321 0.202353835105896
vt 0.658227801322937 0.202353835105896
vt 0.6708860397338867 0.202353835105896
vt 0.6835442781448364 0.202353835105896
vt 0.6962025165557861 0.202353835105896
vt 0.7088607549667358 0.202353835105896
vt 0.7215189933776855 0.202353835105896
vt 0.7341771721839905 0.202353835105896
vt 0.7468354105949402 0.202353835105896
vt 0.7594936490058899 0.202353835105896
vt 0.7721518874168396 0.202353835105896
vt 0.7848101258277893 0.202353835105896
vt 0.797468364238739 0.202353835105896
vt 0.810126543045044 0.202353835105896
vt 0.8227847814559937 0.202353835105896
vt 0.8354430198669434 0.202353835105896
vt 0.8481012582778931 0.202353835105896
vt 0.8607594966888428 0.202353835105896
vt 0.8734177350997925 0.202353835105896
vt 0.8860759139060974 0.202353835105896
vt 0.8987341523170471 0.202353835105896
vt 0.9113923907279968 0.202353835105896
vt 0.9240506291389465 0.202353835105896
vt 0.9367088675498962 0.202353835105896
vt 0.949367105960846 0.202353835105896
vt 0.9620252847671509 0.202353835105896
vt 0.9746835231781006 0.202353835105896
vt 0.9873417615890503 0.202353835105896
vt 1 0.202353835105896
vt 0 0.2150009274482727
vt 0.012658227235078812 0.2150009274482727
vt 0.025316454470157623 0.2150009274482727
vt 0.03797468543052673 0.2150009274482727
vt 0.05063290894031525 0.2150009274482727
vt 0.06329113990068436 0.2150009274482727
vt 0.07594937086105347 0.2150009274482727
vt 0.08860759437084198 0.2150009274482727
vt 0.1012658178806305 0.2150009274482727
vt 0.1139240488409996 0.2150009274482727
vt 0.1265822798013687 0.2150009274482727
vt 0.13924050331115723 0.2150009274482727
vt 0.15189874172210693 0.2150009274482727
vt 0.16455695033073425 0.2150009274482727
vt 0.17721518874168396 0.2150009274482727
vt 0.18987341225147247 0.2150009274482727
vt 0.202531635761261 0.2150009274482727
vt 0.2151898741722107 0.2150009274482727
vt 0.2278480976819992 0.2150009274482727
vt 0.24050632119178772 0.2150009274482727
vt 0.2531645596027374 0.2150009274482727
vt 0.26582279801368713 0.2150009274482727
vt 0.27848100662231445 0.2150009274482727
vt 0.29113924503326416 0.2150009274482727
vt 0.30379748344421387 0.2150009274482727
vt 0.3164556920528412 0.2150009274482727
vt 0.3291139006614685 0.2150009274482727
vt 0.3417721390724182 0.2150009274482727
vt 0.3544303774833679 0.2150009274482727
vt 0.36708858609199524 0.2150009274482727
vt 0.37974682450294495 0.2150009274482727
vt 0.39240506291389465 0.2150009274482727
vt 0.405063271522522 0.2150009274482727
vt 0.4177215099334717 0.2150009274482727
vt 0.4303797483444214 0.2150009274482727
vt 0.4430379569530487 0.2150009274482727
vt 0.4556961953639984 0.2150009274482727
vt 0.4683544337749481 0.2150009274482727
vt 0.48101264238357544 0.2150009274482727
vt 0.49367088079452515 0.2150009274482727
vt 0.5063291192054749 0.2150009274482727
vt 0.5189873576164246 0.2150009274482727
vt 0.5316455960273743 0.2150009274482727
vt 0.5443037748336792 0.2150009274482727
vt 0.5569620132446289 0.2150009274482727
vt 0.5696202516555786 0.2150009274482727
vt 0.5822784900665283 0.2150009274482727
vt 0.594936728477478 0.2150009274482727
vt 0.6075949668884277 0.2150009274482727
vt 0.6202531456947327 0.2150009274482727
vt 0.6329113841056824 0.2150009274482727
vt 0.6455696225166321 0.2150009274482727
vt 0.658227801322937 0.2150009274482727
vt 0.6708860397338867 0.2150009274482727
vt 0.6835442781448364 0.2150009274482727
vt 0.6962025165557861 0.2150009274482727
vt 0.7088607549667358 0.2150009274482727
vt 0.7215189933776855 0.2150009274482727
vt 0.7341771721839905 0.2150009274482727
vt 0.7468354105949402 0.2150009274482727
vt 0.7594936490058899 0.2150009274482727
vt 0.7721518874168396 0.2150009274482727
vt 0.7848101258277893 0.2150009274482727
vt 0.797468364238739 0.2150009274482727
vt 0.810126543045044 0.2150009274482727
vt 0.8227847814559937 0.2150009274482727
vt 0.8354430198669434 0.2150009274482727
vt 0.8481012582778931 0.2150009274482727
vt 0.8607594966888428 0.2150009274482727
vt 0.8734177350997925 0.2150009274482727
vt 0.8860759139060974 0.2150009274482727
vt 0.8987341523170471 0.2150009274482727
vt 0.9113923907279968 0.2150009274482727
vt 0.9240506291389465 0.2150009274482727
vt 0.9367088675498962 0.2150009274482727
vt 0.949367105960846 0.2150009274482727
vt 0.9620252847671509 0.2150009274482727
vt 0.9746835231781006 0.2150009274482727
vt 0.9873417615890503 0.2150009274482727
vt 1 0.2150009274482727
vt 0 0.2276480793952942
vt 0.012658227235078812 0.2276480793952942
vt 0.025316454470157623 0.2276480793952942
vt 0.03797468543052673 0.2276480793952942
vt 0.05063290894031525 0.2276480793952942
vt 0.06329113990068436 0.2276480793952942
vt 0.07594937086105347 0.2276480793952942
vt 0.08860759437084198 0.2276480793952942
vt 0.1012658178806305 0.2276480793952942
vt 0.1139240488409996 0.2276480793952942
vt 0.1265822798013687 0.2276480793952942
vt 0.13924050331115723 0.2276480793952942
vt 0.15189874172210693 0.2276480793952942
vt 0.16455695033073425 0.2276480793952942
vt 0.17721518874168396 0.2276480793952942
vt 0.18987341225147247 0.2276480793952942
vt 0.202531635761261 0.2276480793952942
vt 0.2151898741722107 0.2276480793952942
vt 0.2278480976819992 0.2276480793952942
vt 0.24050632119178772 0.2276480793952942
vt 0.2531645596027374 0.2276480793952942
vt 0.26582279801368713 0.2276480793952942
vt 0.27848100662231445 0.2276480793952942
vt 0.29113924503326416 0.2276480793952942
vt 0.30379748344421387 0.2276480793952942
vt 0.3164556920528412 0.2276480793952942
vt 0.3291139006614685 0.2276480793952942
vt 0.3417721390724182 0.2276480793952942
vt 0.3544303774833679 0.2276480793952942
vt 0.36708858609199524 0.2276480793952942
vt 0.37974682450294495 0.2276480793952942
vt 0.39240506291389465 0.2276480793952942
vt 0.405063271522522 0.2276480793952942
vt 0.4177215099334717 0.2276480793952942
vt 0.4303797483444214 0.2276480793952942
vt 0.4430379569530487 0.2276480793952942
vt 0.4556961953639984 0.2276480793952942
vt 0.4683544337749481 0.2276480793952942
vt 0.48101264238357544 0.2276480793952942
vt 0.49367088079452515 0.2276480793952942
vt 0.5063291192054749 0.2276480793952942
vt 0.5189873576164246 0.2276480793952942
vt 0.5316455960273743 0.2276480793952942
vt 0.5443037748336792 0.2276480793952942
vt 0.5569620132446289 0.2276480793952942
vt 0.5696202516555786 0.2276480793952942
vt 0.5822784900665283 0.2276480793952942
vt 0.594936728477478 0.2276480793952942
vt 0.6075949668884277 0.2276480793952942
vt 0.6202531456947327 0.2276480793952942
vt 0.6329113841056824 0.2276480793952942
vt 0.6455696225166321 0.2276480793952942
vt 0.658227801322937 0.2276480793952942
vt 0.6708860397338867 0.2276480793952942
vt 0.6835442781448364 0.2276480793952942
vt 0.6962025165557861 0.2276480793952942
vt 0.7088607549667358 0.2276480793952942
vt 0.7215189933776855 0.2276480793952942
vt 0.7341771721839905 0.2276480793952942
vt 0.7468354105949402 0.2276480793952942
vt 0.7594936490058899 0.2276480793952942
vt 0.7721518874168396 0.2276480793952942
vt 0.7848101258277893 0.2276480793952942
vt 0.797468364238739 0.2276480793952942
vt 0.810126543045044 0.2276480793952942
vt 0.8227847814559937 0.2276480793952942
vt 0.8354430198669434 0.2276480793952942
vt 0.8481012582778931 0.2276480793952942
vt 0.8607594966888428 0.2276480793952942
vt 0.8734177350997925 0.2276480793952942
vt 0.8860759139060974 0.2276480793952942
vt 0.8987341523170471 0.2276480793952942
vt 0.9113923907279968 0.2276480793952942
vt 0.9240506291389465 0.2276480793952942
vt 0.9367088675498962 0.2276480793952942
vt 0.949367105960846 0.2276480793952942
vt 0.9620252847671509 0.2276480793952942
vt 0.9746835231781006 0.2276480793952942
vt 0.9873417615890503 0.2276480793952942
vt 1 0.2276480793952942
vt 0 0.2402951717376709
vt 0.012658227235078812 0.2402951717376709
vt 0.025316454470157623 0.2402951717376709
vt 0.03797468543052673 0.2402951717376709
vt 0.05063290894031525 0.2402951717376709
vt 0.06329113990068436 0.2402951717376709
vt 0.07594937086105347 0.2402951717376709
vt 0.08860759437084198 0.2402951717376709
vt 0.1012658178806305 0.2402951717376709
vt 0.1139240488409996 0.2402951717376709
vt 0.1265822798013687 0.2402951717376709
vt 0.13924050331115723 0.2402951717376709
vt 0.15189874172210693 0.2402951717376709
vt 0.16455695033073425 0.2402951717376709
vt 0.17721518874168396 0.2402951717376709
vt 0.18987341225147247 0.2402951717376709
vt 0.202531635761261 0.2402951717376709
vt 0.2151898741722107 0.2402951717376709
vt 0.2278480976819992 0.2402951717376709
vt 0.24050632119178772 0.2402951717376709
vt 0.2531645596027374 0.2402951717376709
vt 0.26582279801368713 0.2402951717376709
vt 0.27848100662231445 0.2402951717376709
vt 0.29113924503326416 0.2402951717376709
vt 0.30379748344421387 0.2402951717376709
vt 0.3164556920528412 0.2402951717376709
vt 0.3291139006614685 0.2402951717376709
vt 0.3417721390724182 0.2402951717376709
vt 0.3544303774833679 0.2402951717376709
vt 0.36708858609199524 0.2402951717376709
vt 0.37974682450294495 0.2402951717376709
vt 0.39240506291389465 0.2402951717376709
vt 0.405063271522522 0.2402951717376709
vt 0.4177215099334717 0.2402951717376709
vt 0.4303797483444214 0.2402951717376709
vt 0.4430379569530487 0.2402951717376709
vt 0.4556961953639984 0.2402951717376709
vt 0.4683544337749481 0.2402951717376709
vt 0.48101264238357544 0.2402951717376709
vt 0.49367088079452515 0.2402951717376709
vt 0.5063291192054749 0.2402951717376709
vt 0.5189873576164246 0.2402951717376709
vt 0.5316455960273743 0.2402951717376709
vt 0.5443037748336792 0.2402951717376709
vt 0.5569620132446289 0.2402951717376709
vt 0.5696202516555786 0.2402951717376709
vt 0.5822784900665283 0.2402951717376709
vt 0.594936728477478 0.2402951717376709
vt 0.6075949668884277 0.2402951717376709
vt 0.6202531456947327 0.2402951717376709
vt 0.6329113841056824 0.2402951717376709
vt 0.6455696225166321 0.2402951717376709
vt 0.658227801322937 0.2402951717376709
vt 0.6708860397338867 0.2402951717376709
vt 0.6835442781448364 0.2402951717376709
vt 0.6962025165557861 0.2402951717376709
vt 0.7088607549667358 0.2402951717376709
vt 0.7215189933776855 0.2402951717376709
vt 0.7341771721839905 0.2402951717376709
vt 0.7468354105949402 0.2402951717376709
vt 0.7594936490058899 0.2402951717376709
vt 0.7721518874168396 0.2402951717376709
vt 0.7848101258277893 0.2402951717376709
vt 0.797468364238739 0.2402951717376709
vt 0.810126543045044 0.2402951717376709
vt 0.8227847814559937 0.2402951717376709
vt 0.8354430198669434 0.2402951717376709
vt 0.8481012582778931 0.2402951717376709
vt 0.8607594966888428 0.2402951717376709
vt 0.8734177350997925 0.2402951717376709
vt 0.8860759139060974 0.2402951717376709
vt 0.8987341523170471 0.2402951717376709
vt 0.9113923907279968 0.2402951717376709
vt 0.9240506291389465 0.2402951717376709
vt 0.9367088675498962 0.2402951717376709
vt 0.949367105960846 0.2402951717376709
vt 0.9620252847671509 0.2402951717376709
vt 0.9746835231781006 0.2402951717376709
vt 0.9873417615890503 0.2402951717376709
vt 1 0.2402951717376709
vt 0 0.2529423236846924
vt 0.012658227235078812 0.2529423236846924
vt 0.025316454470157623 0.2529423236846924
vt 0.03797468543052673 0.2529423236846924
vt 0.05063290894031525 0.2529423236846924
vt 0.06329113990068436 0.2529423236846924
vt 0.07594937086105347 0.2529423236846924
vt 0.08860759437084198 0.2529423236846924
vt 0.1012658178806305 0.2529423236846924
vt 0.1139240488409996 0.2529423236846924
vt 0.1265822798013687 0.2529423236846924
vt 0.13924050331115723 0.2529423236846924
vt 0.15189874172210693 0.2529423236846924
vt 0.16455695033073425 0.2529423236846924
vt 0.17721518874168396 0.2529423236846924
vt 0.18987341225147247 0.2529423236846924
vt 0.202531635761261 0.2529423236846924
vt 0.2151898741722107 0.2529423236846924
vt 0.2278480976819992 0.2529423236846924
vt 0.24050632119178772 0.2529423236846924
vt 0.2531645596027374 0.2529423236846924
vt 0.26582279801368713 0.2529423236846924
vt 0.27848100662231445 0.2529423236846924
vt 0.29113924503326416 0.2529423236846924
vt 0.30379748344421387 0.2529423236846924
vt 0.3164556920528412 0.2529423236846924
vt 0.3291139006614685 0.2529423236846924
vt 0.3417721390724182 0.2529423236846924
vt 0.3544303774833679 0.2529423236846924
vt 0.36708858609199524 0.2529423236846924
vt 0.37974682450294495 0.2529423236846924
vt 0.39240506291389465 0.2529423236846924
vt 0.405063271522522 0.2529423236846924
vt 0.4177215099334717 0.2529423236846924
vt 0.4303797483444214 0.2529423236846924
vt 0.4430379569530487 0.2529423236846924
vt 0.4556961953639984 0.2529423236846924
vt 0.4683544337749481 0.2529423236846924
vt 0.48101264238357544 0.2529423236846924
vt 0.49367088079452515 0.2529423236846924
vt 0.5063291192054749 0.2529423236846924
vt 0.5189873576164246 0.2529423236846924
vt 0.5316455960273743 0.2529423236846924
vt 0.5443037748336792 0.2529423236846924
vt 0.5569620132446289 0.2529423236846924
vt 0.5696202516555786 0.2529423236846924
vt 0.5822784900665283 0.2529423236846924
vt 0.594936728477478 0.2529423236846924
vt 0.6075949668884277 0.2529423236846924
vt 0.6202531456947327 0.2529423236846924
vt 0.6329113841056824 0.2529423236846924
vt 0.6455696225166321 0.2529423236846924
vt 0.658227801322937 0.2529423236846924
vt 0.6708860397338867 0.2529423236846924
vt 0.6835442781448364 0.2529423236846924
vt 0.6962025165557861 0.2529423236846924
vt 0.7088607549667358 0.2529423236846924
vt 0.7215189933776855 0.2529423236846924
vt 0.7341771721839905 0.2529423236846924
vt 0.7468354105949402 0.2529423236846924
vt 0.7594936490058899 0.2529423236846924
vt 0.7721518874168396 0.2529423236846924
vt 0.7848101258277893 0.2529423236846924
vt 0.797468364238739 0.2529423236846924
vt 0.810126543045044 0.2529423236846924
vt 0.8227847814559937 0.2529423236846924
vt 0.8354430198669434 0.2529423236846924
vt 0.8481012582778931 0.2529423236846924
vt 0.8607594966888428 0.2529423236846924
vt 0.8734177350997925 0.2529423236846924
vt 0.8860759139060974 0.2529423236846924
vt 0.8987341523170471 0.2529423236846924
vt 0.9113923907279968 0.2529423236846924
vt 0.9240506291389465 0.2529423236846924
vt 0.9367088675498962 0.2529423236846924
vt 0.949367105960846 0.2529423236846924
vt 0.9620252847671509 0.2529423236846924
vt 0.9746835231781006 0.2529423236846924
vt 0.9873417615890503 0.2529423236846924
vt 1 0.2529423236846924
vt 0 0.2655893564224243
vt 0.012658227235078812 0.2655893564224243
vt 0.025316454470157623 0.2655893564224243
vt 0.03797468543052673 0.2655893564224243
vt 0.05063290894031525 0.2655893564224243
vt 0.06329113990068436 0.2655893564224243
vt 0.07594937086105347 0.2655893564224243
vt 0.08860759437084198 0.2655893564224243
vt 0.1012658178806305 0.2655893564224243
vt 0.1139240488409996 0.2655893564224243
vt 0.1265822798013687 0.2655893564224243
vt 0.13924050331115723 0.2655893564224243
vt 0.15189874172210693 0.2655893564224243
vt 0.16455695033073425 0.2655893564224243
vt 0.17721518874168396 0.2655893564224243
vt 0.18987341225147247 0.2655893564224243
vt 0.202531635761261 0.2655893564224243
vt 0.2151898741722107 0.2655893564224243
vt 0.2278480976819992 0.2655893564224243
vt 0.24050632119178772 0.2655893564224243
vt 0.2531645596027374 0.2655893564224243
vt 0.26582279801368713 0.2655893564224243
vt 0.27848100662231445 0.2655893564224243
vt 0.29113924503326416 0.2655893564224243
vt 0.30379748344421387 0.2655893564224243
vt 0.3164556920528412 0.2655893564224243
vt 0.3291139006614685 0.2655893564224243
vt 0.3417721390724182 0.2655893564224243
vt 0.3544303774833679 0.2655893564224243
vt 0.36708858609199524 0.2655893564224243
vt 0.37974682450294495 0.2655893564224243
vt 0.39240506291389465 0.2655893564224243
vt 0.405063271522522 0.2655893564224243
vt 0.4177215099334717 0.2655893564224243
vt 0.4303797483444214 0.2655893564224243
vt 0.4430379569530487 0.2655893564224243
vt 0.4556961953639984 0.2655893564224243
vt 0.4683544337749481 0.2655893564224243
vt 0.48101264238357544 0.2655893564224243
vt 0.49367088079452515 0.2655893564224243
vt 0.5063291192054749 0.2655893564224243
vt 0.5189873576164246 0.2655893564224243
vt 0.5316455960273743 0.2655893564224243
vt 0.5443037748336792 0.2655893564224243
vt 0.5569620132446289 0.2655893564224243
vt 0.5696202516555786 0.2655893564224243
vt 0.5822784900665283 0.2655893564224243
vt 0.594936728477478 0.2655893564224243
vt 0.6075949668884277 0.2655893564224243
vt 0.6202531456947327 0.2655893564224243
vt 0.6329113841056824 0.2655893564224243
vt 0.6455696225166321 0.2655893564224243
vt 0.658227801322937 0.2655893564224243
vt 0.6708860397338867 0.2655893564224243
vt 0.6835442781448364 0.2655893564224243
vt 0.6962025165557861 0.2655893564224243
vt 0.7088607549667358 0.2655893564224243
vt 0.7215189933776855 0.2655893564224243
vt 0.7341771721839905 0.2655893564224243
vt 0.7468354105949402 0.2655893564224243
vt 0.7594936490058899 0.2655893564224243
vt 0.7721518874168396 0.2655893564224243
vt 0.7848101258277893 0.2655893564224243
vt 0.797468364238739 0.2655893564224243
vt 0.810126543045044 0.2655893564224243
vt 0.8227847814559937 0.2655893564224243
vt 0.8354430198669434 0.2655893564224243
vt 0.8481012582778931 0.2655893564224243
vt 0.8607594966888428 0.2655893564224243
vt 0.8734177350997925 0.2655893564224243
vt 0.8860759139060974 0.2655893564224243
vt 0.8987341523170471 0.2655893564224243
vt 0.9113923907279968 0.2655893564224243
vt 0.9240506291389465 0.2655893564224243
vt 0.9367088675498962 0.2655893564224243
vt 0.949367105960846 0.2655893564224243
vt 0.9620252847671509 0.2655893564224243
vt 0.9746835231781006 0.2655893564224243
vt 0.9873417615890503 0.2655893564224243
vt 1 0.2655893564224243
vt 0 0.2782365083694458
vt 0.012658227235078812 0.2782365083694458
vt 0.025316454470157623 0.2782365083694458
vt 0.03797468543052673 0.2782365083694458
vt 0.05063290894031525 0.2782365083694458
vt 0.06329113990068436 0.2782365083694458
vt 0.07594937086105347 0.2782365083694458
vt 0.08860759437084198 0.2782365083694458
vt 0.1012658178806305 0.2782365083694458
vt 0.1139240488409996 0.2782365083694458
vt 0.1265822798013687 0.2782365083694458
vt 0.13924050331115723 0.2782365083694458
vt 0.15189874172210693 0.2782365083694458
vt 0.16455695033073425 0.2782365083694458
vt 0.17721518874168396 0.2782365083694458
vt 0.18987341225147247 0.2782365083694458
vt 0.202531635761261 0.2782365083694458
vt 0.2151898741722107 0.2782365083694458
vt 0.2278480976819992 0.2782365083694458
vt 0.24050632119178772 0.2782365083694458
vt 0.2531645596027374 0.2782365083694458
vt 0.26582279801368713 0.2782365083694458
vt 0.27848100662231445 0.2782365083694458
vt 0.29113924503326416 0.2782365083694458
vt 0.30379748344421387 0.2782365083694458
vt 0.3164556920528412 0.2782365083694458
vt 0.3291139006614685 0.2782365083694458
vt 0.3417721390724182 0.2782365083694458
vt 0.3544303774833679 0.2782365083694458
vt 0.36708858609199524 0.2782365083694458
vt 0.37974682450294495 0.2782365083694458
vt 0.39240506291389465 0.2782365083694458
vt 0.405063271522522 0.2782365083694458
vt 0.4177215099334717 0.2782365083694458
vt 0.4303797483444214 0.2782365083694458
vt 0.4430379569530487 0.2782365083694458
vt 0.4556961953639984 0.2782365083694458
vt 0.4683544337749481 0.2782365083694458
vt 0.48101264238357544 0.2782365083694458
vt 0.49367088079452515 0.2782365083694458
vt 0.5063291192054749 0.2782365083694458
vt 0.5189873576164246 0.2782365083694458
vt 0.5316455960273743 0.2782365083694458
vt 0.5443037748336792 0.2782365083694458
vt 0.5569620132446289 0.2782365083694458
vt 0.5696202516555786 0.2782365083694458
vt 0.5822784900665283 0.2782365083694458
vt 0.594936728477478 0.2782365083694458
vt 0.6075949668884277 0.2782365083694458
vt 0.6202531456947327 0.2782365083694458
vt 0.6329113841056824 0.2782365083694458
vt 0.6455696225166321 0.2782365083694458
vt 0.658227801322937 0.2782365083694458
vt 0.6708860397338867 0.2782365083694458
vt 0.6835442781448364 0.2782365083694458
vt 0.6962025165557861 0.2782365083694458
vt 0.7088607549667358 0.2782365083694458
vt 0.7215189933776855 0.2782365083694458
vt 0.7341771721839905 0.2782365083694458
vt 0.7468354105949402 0.2782365083694458
vt 0.7594936490058899 0.2782365083694458
vt 0.7721518874168396 0.2782365083694458
vt 0.7848101258277893 0.2782365083694458
vt 0.797468364238739 0.2782365083694458
vt 0.810126543045044 0.2782365083694458
vt 0.8227847814559937 0.2782365083694458
vt 0.8354430198669434 0.2782365083694458
vt 0.8481012582778931 0.2782365083694458
vt 0.8607594966888428 0.2782365083694458
vt 0.8734177350997925 0.2782365083694458
vt 0.8860759139060974 0.2782365083694458
vt 0.8987341523170471 0.2782365083694458
vt 0.9113923907279968 0.2782365083694458
vt 0.9240506291389465 0.2782365083694458
vt 0.9367088675498962 0.2782365083694458
vt 0.949367105960846 0.2782365083694458
vt 0.9620252847671509 0.2782365083694458
vt 0.9746835231781006 0.2782365083694458
vt 0.9873417615890503 0.2782365083694458
vt 1 0.2782365083694458
vt 0 0.2908836603164673
vt 0.012658227235078812 0.2908836603164673
vt 0.025316454470157623 0.2908836603164673
vt 0.03797468543052673 0.2908836603164673
vt 0.05063290894031525 0.2908836603164673
vt 0.06329113990068436 0.2908836603164673
vt 0.07594937086105347 0.2908836603164673
vt 0.08860759437084198 0.2908836603164673
vt 0.1012658178806305 0.2908836603164673
vt 0.1139240488409996 0.2908836603164673
vt 0.1265822798013687 0.2908836603164673
vt 0.13924050331115723 0.2908836603164673
vt 0.15189874172210693 0.2908836603164673
vt 0.16455695033073425 0.2908836603164673
vt 0.17721518874168396 0.2908836603164673
vt 0.18987341225147247 0.2908836603164673
vt 0.202531635761261 0.2908836603164673
vt 0.2151898741722107 0.2908836603164673
vt 0.2278480976819992 0.2908836603164673
vt 0.24050632119178772 0.2908836603164673
vt 0.2531645596027374 0.2908836603164673
vt 0.26582279801368713 0.2908836603164673
vt 0.27848100662231445 0.2908836603164673
vt 0.29113924503326416 0.2908836603164673
vt 0.30379748344421387 0.2908836603164673
vt 0.3164556920528412 0.2908836603164673
vt 0.3291139006614685 0.2908836603164673
vt 0.3417721390724182 0.2908836603164673
vt 0.3544303774833679 0.2908836603164673
vt 0.36708858609199524 0.2908836603164673
vt 0.37974682450294495 0.2908836603164673
vt 0.39240506291389465 0.2908836603164673
vt 0.405063271522522 0.2908836603164673
vt 0.4177215099334717 0.2908836603164673
vt 0.4303797483444214 0.2908836603164673
vt 0.4430379569530487 0.2908836603164673
vt 0.4556961953639984 0.2908836603164673
vt 0.4683544337749481 0.2908836603164673
vt 0.48101264238357544 0.2908836603164673
vt 0.49367088079452515 0.2908836603164673
vt 0.5063291192054749 0.2908836603164673
vt 0.5189873576164246 0.2908836603164673
vt 0.5316455960273743 0.2908836603164673
vt 0.5443037748336792 0.2908836603164673
vt 0.5569620132446289 0.2908836603164673
vt 0.5696202516555786 0.2908836603164673
vt 0.5822784900665283 0.2908836603164673
vt 0.594936728477478 0.2908836603164673
vt 0.6075949668884277 0.2908836603164673
vt 0.6202531456947327 0.2908836603164673
vt 0.6329113841056824 0.2908836603164673
vt 0.6455696225166321 0.2908836603164673
vt 0.658227801322937 0.2908836603164673
vt 0.6708860397338867 0.2908836603164673
vt 0.6835442781448364 0.2908836603164673
vt 0.6962025165557861 0.2908836603164673
vt 0.7088607549667358 0.2908836603164673
vt 0.7215189933776855 0.2908836603164673
vt 0.7341771721839905 0.2908836603164673
vt 0.7468354105949402 0.2908836603164673
vt 0.7594936490058899 0.2908836603164673
vt 0.7721518874168396 0.2908836603164673
vt 0.7848101258277893 0.2908836603164673
vt 0.797468364238739 0.2908836603164673
vt 0.810126543045044 0.2908836603164673
vt 0.8227847814559937 0.2908836603164673
vt 0.8354430198669434 0.2908836603164673
vt 0.8481012582778931 0.2908836603164673
vt 0.8607594966888428 0.2908836603164673
vt 0.8734177350997925 0.2908836603164673
vt 0.8860759139060974 0.2908836603164673
vt 0.8987341523170471 0.2908836603164673
vt 0.9113923907279968 0.2908836603164673
vt 0.9240506291389465 0.2908836603164673
vt 0.9367088675498962 0.2908836603164673
vt 0.949367105960846 0.2908836603164673
vt 0.9620252847671509 0.2908836603164673
vt 0.9746835231781006 0.2908836603164673
vt 0.9873417615890503 0.2908836603164673
vt 1 0.2908836603164673
vt 0 0.303530752658844
vt 0.012658227235078812 0.303530752658844
vt 0.025316454470157623 0.303530752658844
vt 0.03797468543052673 0.303530752658844
vt 0.05063290894031525 0.303530752658844
vt 0.06329113990068436 0.303530752658844
vt 0.07594937086105347 0.303530752658844
vt 0.08860759437084198 0.303530752658844
vt 0.1012658178806305 0.303530752658844
vt 0.1139240488409996 0.303530752658844
vt 0.1265822798013687 0.303530752658844
vt 0.13924050331115723 0.303530752658844
vt 0.15189874172210693 0.303530752658844
vt 0.16455695033073425 0.303530752658844
vt 0.17721518874168396 0.303530752658844
vt 0.18987341225147247 0.303530752658844
vt 0.202531635761261 0.303530752658844
vt 0.2151898741722107 0.303530752658844
vt 0.2278480976819992 0.303530752658844
vt 0.24050632119178772 0.303530752658844
vt 0.2531645596027374 0.303530752658844
vt 0.26582279801368713 0.303530752658844
vt 0.27848100662231445 0.303530752658844
vt 0.29113924503326416 0.303530752658844
vt 0.30379748344421387 0.303530752658844
vt 0.3164556920528412 0.303530752658844
vt 0.3291139006614685 0.303530752658844
vt 0.3417721390724182 0.303530752658844
vt 0.3544303774833679 0.303530752658844
vt 0.36708858609199524 0.303530752658844
vt 0.37974682450294495 0.303530752658844
vt 0.39240506291389465 0.303530752658844
vt 0.405063271522522 0.303530752658844
vt 0.4177215099334717 0.303530752658844
vt 0.4303797483444214 0.303530752658844
vt 0.4430379569530487 0.303530752658844
vt 0.4556961953639984 0.303530752658844
vt 0.4683544337749481 0.303530752658844
vt 0.48101264238357544 0.303530752658844
vt 0.49367088079452515 0.303530752658844
vt 0.5063291192054749 0.303530752658844
vt 0.5189873576164246 0.303530752658844
vt 0.5316455960273743 0.303530752658844
vt 0.5443037748336792 0.303530752658844
vt 0.5569620132446289 0.303530752658844
vt 0.5696202516555786 0.303530752658844
vt 0.5822784900665283 0.303530752658844
vt 0.594936728477478 0.303530752658844
vt 0.6075949668884277 0.303530752658844
vt 0.6202531456947327 0.303530752658844
vt 0.6329113841056824 0.303530752658844
vt 0.6455696225166321 0.303530752658844
vt 0.658227801322937 0.303530752658844
vt 0.6708860397338867 0.303530752658844
vt 0.6835442781448364 0.303530752658844
vt 0.6962025165557861 0.303530752658844
vt 0.7088607549667358 0.303530752658844
vt 0.7215189933776855 0.303530752658844
vt 0.7341771721839905 0.303530752658844
vt 0.7468354105949402 0.303530752658844
vt 0.7594936490058899 0.303530752658844
vt 0.7721518874168396 0.303530752658844
vt 0.7848101258277893 0.303530752658844
vt 0.797468364238739 0.303530752658844
vt 0.810126543045044 0.303530752658844
vt 0.8227847814559937 0.303530752658844
vt 0.8354430198669434 0.303530752658844
vt 0.8481012582778931 0.303530752658844
vt 0.8607594966888428 0.303530752658844
vt 0.8734177350997925 0.303530752658844
vt 0.8860759139060974 0.303530752658844
vt 0.8987341523170471 0.303530752658844
vt 0.9113923907279968 0.303530752658844
vt 0.9240506291389465 0.303530752658844
vt 0.9367088675498962 0.303530752658844
vt 0.949367105960846 0.303530752658844
vt 0.9620252847671509 0.303530752658844
vt 0.9746835231781006 0.303530752658844
vt 0.9873417615890503 0.303530752658844
vt 1 0.303530752658844
vt 0 0.3161778450012207
vt 0.012658227235078812 0.3161778450012207
vt 0.025316454470157623 0.3161778450012207
vt 0.03797468543052673 0.3161778450012207
vt 0.05063290894031525 0.3161778450012207
vt 0.06329113990068436 0.3161778450012207
vt 0.07594937086105347 0.3161778450012207
vt 0.08860759437084198 0.3161778450012207
vt 0.1012658178806305 0.3161778450012207
vt 0.1139240488409996 0.3161778450012207
vt 0.1265822798013687 0.3161778450012207
vt 0.13924050331115723 0.3161778450012207
vt 0.15189874172210693 0.3161778450012207
vt 0.16455695033073425 0.3161778450012207
vt 0.17721518874168396 0.3161778450012207
vt 0.18987341225147247 0.3161778450012207
vt 0.202531635761261 0.3161778450012207
vt 0.2151898741722107 0.3161778450012207
vt 0.2278480976819992 0.3161778450012207
vt 0.24050632119178772 0.3161778450012207
vt 0.2531645596027374 0.3161778450012207
vt 0.26582279801368713 0.3161778450012207
vt 0.27848100662231445 0.3161778450012207
vt 0.29113924503326416 0.3161778450012207
vt 0.30379748344421387 0.3161778450012207
vt 0.3164556920528412 0.3161778450012207
vt 0.3291139006614685 0.3161778450012207
vt 0.3417721390724182 0.3161778450012207
vt 0.3544303774833679 0.3161778450012207
vt 0.36708858609199524 0.3161778450012207
vt 0.37974682450294495 0.3161778450012207
vt 0.39240506291389465 0.3161778450012207
vt 0.405063271522522 0.3161778450012207
vt 0.4177215099334717 0.3161778450012207
vt 0.4303797483444214 0.3161778450012207
vt 0.4430379569530487 0.3161778450012207
vt 0.4556961953639984 0.3161778450012207
vt 0.4683544337749481 0.3161778450012207
vt 0.48101264238357544 0.3161778450012207
vt 0.49367088079452515 0.3161778450012207
vt 0.5063291192054749 0.3161778450012207
vt 0.5189873576164246 0.3161778450012207
vt 0.5316455960273743 0.3161778450012207
vt 0.5443037748336792 0.3161778450012207
vt 0.5569620132446289 0.3161778450012207
vt 0.5696202516555786 0.3161778450012207
vt 0.5822784900665283 0.3161778450012207
vt 0.594936728477478 0.3161778450012207
vt 0.6075949668884277 0.3161778450012207
vt 0.6202531456947327 0.3161778450012207
vt 0.6329113841056824 0.3161778450012207
vt 0.6455696225166321 0.3161778450012207
vt 0.658227801322937 0.3161778450012207
vt 0.6708860397338867 0.3161778450012207
vt 0.6835442781448364 0.3161778450012207
vt 0.6962025165557861 0.3161778450012207
vt 0.7088607549667358 0.3161778450012207
vt 0.7215189933776855 0.3161778450012207
vt 0.7341771721839905 0.3161778450012207
vt 0.7468354105949402 0.3161778450012207
vt 0.7594936490058899 0.3161778450012207
vt 0.7721518874168396 0.3161778450012207
vt 0.7848101258277893 0.3161778450012207
vt 0.797468364238739 0.3161778450012207
vt 0.810126543045044 0.3161778450012207
vt 0.8227847814559937 0.3161778450012207
vt 0.8354430198669434 0.3161778450012207
vt 0.8481012582778931 0.3161778450012207
vt 0.8607594966888428 0.3161778450012207
vt 0.8734177350997925 0.3161778450012207
vt 0.8860759139060974 0.3161778450012207
vt 0.8987341523170471 0.3161778450012207
vt 0.9113923907279968 0.3161778450012207
vt 0.9240506291389465 0.3161778450012207
vt 0.9367088675498962 0.3161778450012207
vt 0.949367105960846 0.3161778450012207
vt 0.9620252847671509 0.3161778450012207
vt 0.9746835231781006 0.3161778450012207
vt 0.9873417615890503 0.3161778450012207
vt 1 0.3161778450012207
vt 0 0.3288249969482422
vt 0.012658227235078812 0.3288249969482422
vt 0.025316454470157623 0.3288249969482422
vt 0.03797468543052673 0.3288249969482422
vt 0.05063290894031525 0.3288249969482422
vt 0.06329113990068436 0.3288249969482422
vt 0.07594937086105347 0.3288249969482422
vt 0.08860759437084198 0.3288249969482422
vt 0.1012658178806305 0.3288249969482422
vt 0.1139240488409996 0.3288249969482422
vt 0.1265822798013687 0.3288249969482422
vt 0.13924050331115723 0.3288249969482422
vt 0.15189874172210693 0.3288249969482422
vt 0.16455695033073425 0.3288249969482422
vt 0.17721518874168396 0.3288249969482422
vt 0.18987341225147247 0.3288249969482422
vt 0.202531635761261 0.3288249969482422
vt 0.2151898741722107 0.3288249969482422
vt 0.2278480976819992 0.3288249969482422
vt 0.24050632119178772 0.3288249969482422
vt 0.2531645596027374 0.3288249969482422
vt 0.26582279801368713 0.3288249969482422
vt 0.27848100662231445 0.3288249969482422
vt 0.29113924503326416 0.3288249969482422
vt 0.30379748344421387 0.3288249969482422
vt 0.3164556920528412 0.3288249969482422
vt 0.3291139006614685 0.3288249969482422
vt 0.3417721390724182 0.3288249969482422
vt 0.3544303774833679 0.3288249969482422
vt 0.36708858609199524 0.3288249969482422
vt 0.37974682450294495 0.3288249969482422
vt 0.39240506291389465 0.3288249969482422
vt 0.405063271522522 0.3288249969482422
vt 0.4177215099334717 0.3288249969482422
vt 0.4303797483444214 0.3288249969482422
vt 0.4430379569530487 0.3288249969482422
vt 0.4556961953639984 0.3288249969482422
vt 0.4683544337749481 0.3288249969482422
vt 0.48101264238357544 0.3288249969482422
vt 0.49367088079452515 0.3288249969482422
vt 0.5063291192054749 0.3288249969482422
vt 0.5189873576164246 0.3288249969482422
vt 0.5316455960273743 0.3288249969482422
vt 0.5443037748336792 0.3288249969482422
vt 0.5569620132446289 0.3288249969482422
vt 0.5696202516555786 0.3288249969482422
vt 0.5822784900665283 0.3288249969482422
vt 0.594936728477478 0.3288249969482422
vt 0.6075949668884277 0.3288249969482422
vt 0.6202531456947327 0.3288249969482422
vt 0.6329113841056824 0.3288249969482422
vt 0.6455696225166321 0.3288249969482422
vt 0.658227801322937 0.3288249969482422
vt 0.6708860397338867 0.3288249969482422
vt 0.6835442781448364 0.3288249969482422
vt 0.6962025165557861 0.3288249969482422
vt 0.7088607549667358 0.3288249969482422
vt 0.7215189933776855 0.3288249969482422
vt 0.7341771721839905 0.3288249969482422
vt 0.7468354105949402 0.3288249969482422
vt 0.7594936490058899 0.3288249969482422
vt 0.7721518874168396 0.3288249969482422
vt 0.7848101258277893 0.3288249969482422
vt 0.797468364238739 0.3288249969482422
vt 0.810126543045044 0.3288249969482422
vt 0.8227847814559937 0.3288249969482422
vt 0.8354430198669434 0.3288249969482422
vt 0.8481012582778931 0.3288249969482422
vt 0.8607594966888428 0.3288249969482422
vt 0.8734177350997925 0.3288249969482422
vt 0.8860759139060974 0.3288249969482422
vt 0.8987341523170471 0.3288249969482422
vt 0.9113923907279968 0.3288249969482422
vt 0.9240506291389465 0.3288249969482422
vt 0.9367088675498962 0.3288249969482422
vt 0.949367105960846 0.3288249969482422
vt 0.9620252847671509 0.3288249969482422
vt 0.9746835231781006 0.3288249969482422
vt 0.9873417615890503 0.3288249969482422
vt 1 0.3288249969482422
vt 0 0.3414720892906189
vt 0.012658227235078812 0.3414720892906189
vt 0.025316454470157623 0.3414720892906189
vt 0.03797468543052673 0.3414720892906189
vt 0.05063290894031525 0.3414720892906189
vt 0.06329113990068436 0.3414720892906189
vt 0.07594937086105347 0.3414720892906189
vt 0.08860759437084198 0.3414720892906189
vt 0.1012658178806305 0.3414720892906189
vt 0.1139240488409996 0.3414720892906189
vt 0.1265822798013687 0.3414720892906189
vt 0.13924050331115723 0.3414720892906189
vt 0.15189874172210693 0.3414720892906189
vt 0.16455695033073425 0.3414720892906189
vt 0.17721518874168396 0.3414720892906189
vt 0.18987341225147247 0.3414720892906189
vt 0.202531635761261 0.3414720892906189
vt 0.2151898741722107 0.3414720892906189
vt 0.2278480976819992 0.3414720892906189
vt 0.24050632119178772 0.3414720892906189
vt 0.2531645596027374 0.3414720892906189
vt 0.26582279801368713 0.3414720892906189
vt 0.27848100662231445 0.3414720892906189
vt 0.29113924503326416 0.3414720892906189
vt 0.30379748344421387 0.3414720892906189
vt 0.3164556920528412 0.3414720892906189
vt 0.3291139006614685 0.3414720892906189
vt 0.3417721390724182 0.3414720892906189
vt 0.3544303774833679 0.3414720892906189
vt 0.36708858609199524 0.3414720892906189
vt 0.37974682450294495 0.3414720892906189
vt 0.39240506291389465 0.3414720892906189
vt 0.405063271522522 0.3414720892906189
vt 0.4177215099334717 0.3414720892906189
vt 0.4303797483444214 0.3414720892906189
vt 0.4430379569530487 0.3414720892906189
vt 0.4556961953639984 0.3414720892906189
vt 0.4683544337749481 0.3414720892906189
vt 0.48101264238357544 0.3414720892906189
vt 0.49367088079452515 0.3414720892906189
vt 0.5063291192054749 0.3414720892906189
vt 0.5189873576164246 0.3414720892906189
vt 0.5316455960273743 0.3414720892906189
vt 0.5443037748336792 0.3414720892906189
vt 0.5569620132446289 0.3414720892906189
vt 0.5696202516555786 0.3414720892906189
vt 0.5822784900665283 0.3414720892906189
vt 0.594936728477478 0.3414720892906189
vt 0.6075949668884277 0.3414720892906189
vt 0.6202531456947327 0.3414720892906189
vt 0.6329113841056824 0.3414720892906189
vt 0.6455696225166321 0.3414720892906189
vt 0.658227801322937 0.3414720892906189
vt 0.6708860397338867 0.3414720892906189
vt 0.6835442781448364 0.3414720892906189
vt 0.6962025165557861 0.3414720892906189
vt 0.7088607549667358 0.3414720892906189
vt 0.7215189933776855 0.3414720892906189
vt 0.7341771721839905 0.3414720892906189
vt 0.7468354105949402 0.3414720892906189
vt 0.7594936490058899 0.3414720892906189
vt 0.7721518874168396 0.3414720892906189
vt 0.7848101258277893 0.3414720892906189
vt 0.797468364238739 0.3414720892906189
vt 0.810126543045044 0.3414720892906189
vt 0.8227847814559937 0.3414720892906189
vt 0.8354430198669434 0.3414720892906189
vt 0.8481012582778931 0.3414720892906189
vt 0.8607594966888428 0.3414720892906189
vt 0.8734177350997925 0.3414720892906189
vt 0.8860759139060974 0.3414720892906189
vt 0.8987341523170471 0.3414720892906189
vt 0.9113923907279968 0.3414720892906189
vt 0.9240506291389465 0.3414720892906189
vt 0.9367088675498962 0.3414720892906189
vt 0.949367105960846 0.3414720892906189
vt 0.9620252847671509 0.3414720892906189
vt 0.9746835231781006 0.3414720892906189
vt 0.9873417615890503 0.3414720892906189
vt 1 0.3414720892906189
vt 0 0.3541191816329956
vt 0.012658227235078812 0.3541191816329956
vt 0.025316454470157623 0.3541191816329956
vt 0.03797468543052673 0.3541191816329956
vt 0.05063290894031525 0.3541191816329956
vt 0.06329113990068436 0.3541191816329956
vt 0.07594937086105347 0.3541191816329956
vt 0.08860759437084198 0.3541191816329956
vt 0.1012658178806305 0.3541191816329956
vt 0.1139240488409996 0.3541191816329956
vt 0.1265822798013687 0.3541191816329956
vt 0.13924050331115723 0.3541191816329956
vt 0.15189874172210693 0.3541191816329956
vt 0.16455695033073425 0.3541191816329956
vt 0.17721518874168396 0.3541191816329956
vt 0.18987341225147247 0.3541191816329956
vt 0.202531635761261 0.3541191816329956
vt 0.2151898741722107 0.3541191816329956
vt 0.2278480976819992 0.3541191816329956
vt 0.24050632119178772 0.3541191816329956
vt 0.2531645596027374 0.3541191816329956
vt 0.26582279801368713 0.3541191816329956
vt 0.27848100662231445 0.3541191816329956
vt 0.29113924503326416 0.3541191816329956
vt 0.30379748344421387 0.3541191816329956
vt 0.3164556920528412 0.3541191816329956
vt 0.3291139006614685 0.3541191816329956
vt 0.3417721390724182 0.3541191816329956
vt 0.3544303774833679 0.3541191816329956
vt 0.36708858609199524 0.3541191816329956
vt 0.37974682450294495 0.3541191816329956
vt 0.39240506291389465 0.3541191816329956
vt 0.405063271522522 0.3541191816329956
vt 0.4177215099334717 0.3541191816329956
vt 0.4303797483444214 0.3541191816329956
vt 0.4430379569530487 0.3541191816329956
vt 0.4556961953639984 0.3541191816329956
vt 0.4683544337749481 0.3541191816329956
vt 0.48101264238357544 0.3541191816329956
vt 0.49367088079452515 0.3541191816329956
vt 0.5063291192054749 0.3541191816329956
vt 0.5189873576164246 0.3541191816329956
vt 0.5316455960273743 0.3541191816329956
vt 0.5443037748336792 0.3541191816329956
vt 0.5569620132446289 0.3541191816329956
vt 0.5696202516555786 0.3541191816329956
vt 0.5822784900665283 0.3541191816329956
vt 0.594936728477478 0.3541191816329956
vt 0.6075949668884277 0.3541191816329956
vt 0.6202531456947327 0.3541191816329956
vt 0.6329113841056824 0.3541191816329956
vt 0.6455696225166321 0.3541191816329956
vt 0.658227801322937 0.3541191816329956
vt 0.6708860397338867 0.3541191816329956
vt 0.6835442781448364 0.3541191816329956
vt 0.6962025165557861 0.3541191816329956
vt 0.7088607549667358 0.3541191816329956
vt 0.7215189933776855 0.3541191816329956
vt 0.7341771721839905 0.3541191816329956
vt 0.7468354105949402 0.3541191816329956
vt 0.7594936490058899 0.3541191816329956
vt 0.7721518874168396 0.3541191816329956
vt 0.7848101258277893 0.3541191816329956
vt 0.797468364238739 0.3541191816329956
vt 0.810126543045044 0.3541191816329956
vt 0.8227847814559937 0.3541191816329956
vt 0.8354430198669434 0.3541191816329956
vt 0.8481012582778931 0.3541191816329956
vt 0.8607594966888428 0.3541191816329956
vt 0.8734177350997925 0.3541191816329956
vt 0.8860759139060974 0.3541191816329956
vt 0.8987341523170471 0.3541191816329956
vt 0.9113923907279968 0.3541191816329956
vt 0.9240506291389465 0.3541191816329956
vt 0.9367088675498962 0.3541191816329956
vt 0.949367105960846 0.3541191816329956
vt 0.9620252847671509 0.3541191816329956
vt 0.9746835231781006 0.3541191816329956
vt 0.9873417615890503 0.3541191816329956
vt 1 0.3541191816329956
vt 0 0.3667663335800171
vt 0.012658227235078812 0.3667663335800171
vt 0.025316454470157623 0.3667663335800171
vt 0.03797468543052673 0.3667663335800171
vt 0.05063290894031525 0.3667663335800171
vt 0.06329113990068436 0.3667663335800171
vt 0.07594937086105347 0.3667663335800171
vt 0.08860759437084198 0.3667663335800171
vt 0.1012658178806305 0.3667663335800171
vt 0.1139240488409996 0.3667663335800171
vt 0.1265822798013687 0.3667663335800171
vt 0.13924050331115723 0.3667663335800171
vt 0.15189874172210693 0.3667663335800171
vt 0.16455695033073425 0.3667663335800171
vt 0.17721518874168396 0.3667663335800171
vt 0.18987341225147247 0.3667663335800171
vt 0.202531635761261 0.3667663335800171
vt 0.2151898741722107 0.3667663335800171
vt 0.2278480976819992 0.3667663335800171
vt 0.24050632119178772 0.3667663335800171
vt 0.2531645596027374 0.3667663335800171
vt 0.26582279801368713 0.3667663335800171
vt 0.27848100662231445 0.3667663335800171
vt 0.29113924503326416 0.3667663335800171
vt 0.30379748344421387 0.3667663335800171
vt 0.3164556920528412 0.3667663335800171
vt 0.3291139006614685 0.3667663335800171
vt 0.3417721390724182 0.3667663335800171
vt 0.3544303774833679 0.3667663335800171
vt 0.36708858609199524 0.3667663335800171
vt 0.37974682450294495 0.3667663335800171
vt 0.39240506291389465 0.3667663335800171
vt 0.405063271522522 0.3667663335800171
vt 0.4177215099334717 0.3667663335800171
vt 0.4303797483444214 0.3667663335800171
vt 0.4430379569530487 0.3667663335800171
vt 0.4556961953639984 0.3667663335800171
vt 0.4683544337749481 0.3667663335800171
vt 0.48101264238357544 0.3667663335800171
vt 0.49367088079452515 0.3667663335800171
vt 0.5063291192054749 0.3667663335800171
vt 0.5189873576164246 0.3667663335800171
vt 0.5316455960273743 0.3667663335800171
vt 0.5443037748336792 0.3667663335800171
vt 0.5569620132446289 0.3667663335800171
vt 0.5696202516555786 0.3667663335800171
vt 0.5822784900665283 0.3667663335800171
vt 0.594936728477478 0.3667663335800171
vt 0.6075949668884277 0.3667663335800171
vt 0.6202531456947327 0.3667663335800171
vt 0.6329113841056824 0.3667663335800171
vt 0.6455696225166321 0.3667663335800171
vt 0.658227801322937 0.3667663335800171
vt 0.6708860397338867 0.3667663335800171
vt 0.6835442781448364 0.3667663335800171
vt 0.6962025165557861 0.3667663335800171
vt 0.7088607549667358 0.3667663335800171
vt 0.7215189933776855 0.3667663335800171
vt 0.7341771721839905 0.3667663335800171
vt 0.7468354105949402 0.3667663335800171
vt 0.7594936490058899 0.3667663335800171
vt 0.7721518874168396 0.3667663335800171
vt 0.7848101258277893 0.3667663335800171
vt 0.797468364238739 0.3667663335800171
vt 0.810126543045044 0.3667663335800171
vt 0.8227847814559937 0.3667663335800171
vt 0.8354430198669434 0.3667663335800171
vt 0.8481012582778931 0.3667663335800171
vt 0.8607594966888428 0.3667663335800171
vt 0.8734177350997925 0.3667663335800171
vt 0.8860759139060974 0.3667663335800171
vt 0.8987341523170471 0.3667663335800171
vt 0.9113923907279968 0.3667663335800171
vt 0.9240506291389465 0.3667663335800171
vt 0.9367088675498962 0.3667663335800171
vt 0.949367105960846 0.3667663335800171
vt 0.9620252847671509 0.3667663335800171
vt 0.9746835231781006 0.3667663335800171
vt 0.9873417615890503 0.3667663335800171
vt 1 0.3667663335800171
vt 0 0.3794134259223938
vt 0.012658227235078812 0.3794134259223938
vt 0.025316454470157623 0.3794134259223938
vt 0.03797468543052673 0.3794134259223938
vt 0.05063290894031525 0.3794134259223938
vt 0.06329113990068436 0.3794134259223938
vt 0.07594937086105347 0.3794134259223938
vt 0.08860759437084198 0.3794134259223938
vt 0.1012658178806305 0.3794134259223938
vt 0.1139240488409996 0.3794134259223938
vt 0.1265822798013687 0.3794134259223938
vt 0.13924050331115723 0.3794134259223938
vt 0.15189874172210693 0.3794134259223938
vt 0.16455695033073425 0.3794134259223938
vt 0.17721518874168396 0.3794134259223938
vt 0.18987341225147247 0.3794134259223938
vt 0.202531635761261 0.3794134259223938
vt 0.2151898741722107 0.3794134259223938
vt 0.2278480976819992 0.3794134259223938
vt 0.24050632119178772 0.3794134259223938
vt 0.2531645596027374 0.3794134259223938
vt 0.26582279801368713 0.3794134259223938
vt 0.27848100662231445 0.3794134259223938
vt 0.29113924503326416 0.3794134259223938
vt 0.30379748344421387 0.3794134259223938
vt 0.3164556920528412 0.3794134259223938
vt 0.3291139006614685 0.3794134259223938
vt 0.3417721390724182 0.3794134259223938
vt 0.3544303774833679 0.3794134259223938
vt 0.36708858609199524 0.3794134259223938
vt 0.37974682450294495 0.3794134259223938
vt 0.39240506291389465 0.3794134259223938
vt 0.405063271522522 0.3794134259223938
vt 0.4177215099334717 0.3794134259223938
vt 0.4303797483444214 0.3794134259223938
vt 0.4430379569530487 0.3794134259223938
vt 0.4556961953639984 0.3794134259223938
vt 0.4683544337749481 0.3794134259223938
vt 0.48101264238357544 0.3794134259223938
vt 0.49367088079452515 0.3794134259223938
vt 0.5063291192054749 0.3794134259223938
vt 0.5189873576164246 0.3794134259223938
vt 0.5316455960273743 0.3794134259223938
vt 0.5443037748336792 0.3794134259223938
vt 0.5569620132446289 0.3794134259223938
vt 0.5696202516555786 0.3794134259223938
vt 0.5822784900665283 0.3794134259223938
vt 0.594936728477478 0.3794134259223938
vt 0.6075949668884277 0.3794134259223938
vt 0.6202531456947327 0.3794134259223938
vt 0.6329113841056824 0.3794134259223938
vt 0.6455696225166321 0.3794134259223938
vt 0.658227801322937 0.3794134259223938
vt 0.6708860397338867 0.3794134259223938
vt 0.6835442781448364 0.3794134259223938
vt 0.6962025165557861 0.3794134259223938
vt 0.7088607549667358 0.3794134259223938
vt 0.7215189933776855 0.3794134259223938
vt 0.7341771721839905 0.3794134259223938
vt 0.7468354105949402 0.3794134259223938
vt 0.7594936490058899 0.3794134259223938
vt 0.7721518874168396 0.3794134259223938
vt 0.7848101258277893 0.3794134259223938
vt 0.797468364238739 0.3794134259223938
vt 0.810126543045044 0.3794134259223938
vt 0.8227847814559937 0.3794134259223938
vt 0.8354430198669434 0.3794134259223938
vt 0.8481012582778931 0.3794134259223938
vt 0.8607594966888428 0.3794134259223938
vt 0.8734177350997925 0.3794134259223938
vt 0.8860759139060974 0.3794134259223938
vt 0.8987341523170471 0.3794134259223938
vt 0.9113923907279968 0.3794134259223938
vt 0.9240506291389465 0.3794134259223938
vt 0.9367088675498962 0.3794134259223938
vt 0.949367105960846 0.3794134259223938
vt 0.9620252847671509 0.3794134259223938
vt 0.9746835231781006 0.3794134259223938
vt 0.9873417615890503 0.3794134259223938
vt 1 0.3794134259223938
vt 0 0.3920605182647705
vt 0.012658227235078812 0.3920605182647705
vt 0.025316454470157623 0.3920605182647705
vt 0.03797468543052673 0.3920605182647705
vt 0.05063290894031525 0.3920605182647705
vt 0.06329113990068436 0.3920605182647705
vt 0.07594937086105347 0.3920605182647705
vt 0.08860759437084198 0.3920605182647705
vt 0.1012658178806305 0.3920605182647705
vt 0.1139240488409996 0.3920605182647705
vt 0.1265822798013687 0.3920605182647705
vt 0.13924050331115723 0.3920605182647705
vt 0.15189874172210693 0.3920605182647705
vt 0.16455695033073425 0.3920605182647705
vt 0.17721518874168396 0.3920605182647705
vt 0.18987341225147247 0.3920605182647705
vt 0.202531635761261 0.3920605182647705
vt 0.2151898741722107 0.3920605182647705
vt 0.2278480976819992 0.3920605182647705
vt 0.24050632119178772 0.3920605182647705
vt 0.2531645596027374 0.3920605182647705
vt 0.26582279801368713 0.3920605182647705
vt 0.27848100662231445 0.3920605182647705
vt 0.29113924503326416 0.3920605182647705
vt 0.30379748344421387 0.3920605182647705
vt 0.3164556920528412 0.3920605182647705
vt 0.3291139006614685 0.3920605182647705
vt 0.3417721390724182 0.3920605182647705
vt 0.3544303774833679 0.3920605182647705
vt 0.36708858609199524 0.3920605182647705
vt 0.37974682450294495 0.3920605182647705
vt 0.39240506291389465 0.3920605182647705
vt 0.405063271522522 0.3920605182647705
vt 0.4177215099334717 0.3920605182647705
vt 0.4303797483444214 0.3920605182647705
vt 0.4430379569530487 0.3920605182647705
vt 0.4556961953639984 0.3920605182647705
vt 0.4683544337749481 0.3920605182647705
vt 0.48101264238357544 0.3920605182647705
vt 0.49367088079452515 0.3920605182647705
vt 0.5063291192054749 0.3920605182647705
vt 0.5189873576164246 0.3920605182647705
vt 0.5316455960273743 0.3920605182647705
vt 0.5443037748336792 0.3920605182647705
vt 0.5569620132446289 0.3920605182647705
vt 0.5696202516555786 0.3920605182647705
vt 0.5822784900665283 0.3920605182647705
vt 0.594936728477478 0.3920605182647705
vt 0.6075949668884277 0.3920605182647705
vt 0.6202531456947327 0.3920605182647705
vt 0.6329113841056824 0.3920605182647705
vt 0.6455696225166321 0.3920605182647705
vt 0.658227801322937 0.3920605182647705
vt 0.6708860397338867 0.3920605182647705
vt 0.6835442781448364 0.3920605182647705
vt 0.6962025165557861 0.3920605182647705
vt 0.7088607549667358 0.3920605182647705
vt 0.7215189933776855 0.3920605182647705
vt 0.7341771721839905 0.3920605182647705
vt 0.7468354105949402 0.3920605182647705
vt 0.7594936490058899 0.3920605182647705
vt 0.7721518874168396 0.3920605182647705
vt 0.7848101258277893 0.3920605182647705
vt 0.797468364238739 0.3920605182647705
vt 0.810126543045044 0.3920605182647705
vt 0.8227847814559937 0.3920605182647705
vt 0.8354430198669434 0.3920605182647705
vt 0.8481012582778931 0.3920605182647705
vt 0.8607594966888428 0.3920605182647705
vt 0.8734177350997925 0.3920605182647705
vt 0.8860759139060974 0.3920605182647705
vt 0.8987341523170471 0.3920605182647705
vt 0.9113923907279968 0.3920605182647705
vt 0.9240506291389465 0.3920605182647705
vt 0.9367088675498962 0.3920605182647705
vt 0.949367105960846 0.3920605182647705
vt 0.9620252847671509 0.3920605182647705
vt 0.9746835231781006 0.3920605182647705
vt 0.9873417615890503 0.3920605182647705
vt 1 0.3920605182647705
vt 0 0.404707670211792
vt 0.012658227235078812 0.404707670211792
vt 0.025316454470157623 0.404707670211792
vt 0.03797468543052673 0.404707670211792
vt 0.05063290894031525 0.404707670211792
vt 0.06329113990068436 0.404707670211792
vt 0.07594937086105347 0.404707670211792
vt 0.08860759437084198 0.404707670211792
vt 0.1012658178806305 0.404707670211792
vt 0.1139240488409996 0.404707670211792
vt 0.1265822798013687 0.404707670211792
vt 0.13924050331115723 0.404707670211792
vt 0.15189874172210693 0.404707670211792
vt 0.16455695033073425 0.404707670211792
vt 0.17721518874168396 0.404707670211792
vt 0.18987341225147247 0.404707670211792
vt 0.202531635761261 0.404707670211792
vt 0.2151898741722107 0.404707670211792
vt 0.2278480976819992 0.404707670211792
vt 0.24050632119178772 0.404707670211792
vt 0.2531645596027374 0.404707670211792
vt 0.26582279801368713 0.404707670211792
vt 0.27848100662231445 0.404707670211792
vt 0.29113924503326416 0.404707670211792
vt 0.30379748344421387 0.404707670211792
vt 0.3164556920528412 0.404707670211792
vt 0.3291139006614685 0.404707670211792
vt 0.3417721390724182 0.404707670211792
vt 0.3544303774833679 0.404707670211792
vt 0.36708858609199524 0.404707670211792
vt 0.37974682450294495 0.404707670211792
vt 0.39240506291389465 0.404707670211792
vt 0.405063271522522 0.404707670211792
vt 0.4177215099334717 0.404707670211792
vt 0.4303797483444214 0.404707670211792
vt 0.4430379569530487 0.404707670211792
vt 0.4556961953639984 0.404707670211792
vt 0.4683544337749481 0.404707670211792
vt 0.48101264238357544 0.404707670211792
vt 0.49367088079452515 0.404707670211792
vt 0.5063291192054749 0.404707670211792
vt 0.5189873576164246 0.404707670211792
vt 0.5316455960273743 0.404707670211792
vt 0.5443037748336792 0.404707670211792
vt 0.5569620132446289 0.404707670211792
vt 0.5696202516555786 0.404707670211792
vt 0.5822784900665283 0.404707670211792
vt 0.594936728477478 0.404707670211792
vt 0.6075949668884277 0.404707670211792
vt 0.6202531456947327 0.404707670211792
vt 0.6329113841056824 0.404707670211792
vt 0.6455696225166321 0.404707670211792
vt 0.658227801322937 0.404707670211792
vt 0.6708860397338867 0.404707670211792
vt 0.6835442781448364 0.404707670211792
vt 0.6962025165557861 0.404707670211792
vt 0.7088607549667358 0.404707670211792
vt 0.7215189933776855 0.404707670211792
vt 0.7341771721839905 0.404707670211792
vt 0.7468354105949402 0.404707670211792
vt 0.7594936490058899 0.404707670211792
vt 0.7721518874168396 0.404707670211792
vt 0.7848101258277893 0.404707670211792
vt 0.797468364238739 0.404707670211792
vt 0.810126543045044 0.404707670211792
vt 0.8227847814559937 0.404707670211792
vt 0.8354430198669434 0.404707670211792
vt 0.8481012582778931 0.404707670211792
vt 0.8607594966888428 0.404707670211792
vt 0.8734177350997925 0.404707670211792
vt 0.8860759139060974 0.404707670211792
vt 0.8987341523170471 0.404707670211792
vt 0.9113923907279968 0.404707670211792
vt 0.9240506291389465 0.404707670211792
vt 0.9367088675498962 0.404707670211792
vt 0.949367105960846 0.404707670211792
vt 0.9620252847671509 0.404707670211792
vt 0.9746835231781006 0.404707670211792
vt 0.9873417615890503 0.404707670211792
vt 1 0.404707670211792
vt 0 0.4173548221588135
vt 0.012658227235078812 0.4173548221588135
vt 0.025316454470157623 0.4173548221588135
vt 0.03797468543052673 0.4173548221588135
vt 0.05063290894031525 0.4173548221588135
vt 0.06329113990068436 0.4173548221588135
vt 0.07594937086105347 0.4173548221588135
vt 0.08860759437084198 0.4173548221588135
vt 0.1012658178806305 0.4173548221588135
vt 0.1139240488409996 0.4173548221588135
vt 0.1265822798013687 0.4173548221588135
vt 0.13924050331115723 0.4173548221588135
vt 0.15189874172210693 0.4173548221588135
vt 0.16455695033073425 0.4173548221588135
vt 0.17721518874168396 0.4173548221588135
vt 0.18987341225147247 0.4173548221588135
vt 0.202531635761261 0.4173548221588135
vt 0.2151898741722107 0.4173548221588135
vt 0.2278480976819992 0.4173548221588135
vt 0.24050632119178772 0.4173548221588135
vt 0.2531645596027374 0.4173548221588135
vt 0.26582279801368713 0.4173548221588135
vt 0.27848100662231445 0.4173548221588135
vt 0.29113924503326416 0.4173548221588135
vt 0.30379748344421387 0.4173548221588135
vt 0.3164556920528412 0.4173548221588135
vt 0.3291139006614685 0.4173548221588135
vt 0.3417721390724182 0.4173548221588135
vt 0.3544303774833679 0.4173548221588135
vt 0.36708858609199524 0.4173548221588135
vt 0.37974682450294495 0.4173548221588135
vt 0.39240506291389465 0.4173548221588135
vt 0.405063271522522 0.4173548221588135
vt 0.4177215099334717 0.4173548221588135
vt 0.4303797483444214 0.4173548221588135
vt 0.4430379569530487 0.4173548221588135
vt 0.4556961953639984 0.4173548221588135
vt 0.4683544337749481 0.4173548221588135
vt 0.48101264238357544 0.4173548221588135
vt 0.49367088079452515 0.4173548221588135
vt 0.5063291192054749 0.4173548221588135
vt 0.5189873576164246 0.4173548221588135
vt 0.5316455960273743 0.4173548221588135
vt 0.5443037748336792 0.4173548221588135
vt 0.5569620132446289 0.4173548221588135
vt 0.5696202516555786 0.4173548221588135
vt 0.5822784900665283 0.4173548221588135
vt 0.594936728477478 0.4173548221588135
vt 0.6075949668884277 0.4173548221588135
vt 0.6202531456947327 0.4173548221588135
vt 0.6329113841056824 0.4173548221588135
vt 0.6455696225166321 0.4173548221588135
vt 0.658227801322937 0.4173548221588135
vt 0.6708860397338867 0.4173548221588135
vt 0.6835442781448364 0.4173548221588135
vt 0.6962025165557861 0.4173548221588135
vt 0.7088607549667358 0.4173548221588135
vt 0.7215189933776855 0.4173548221588135
vt 0.7341771721839905 0.4173548221588135
vt 0.7468354105949402 0.4173548221588135
vt 0.7594936490058899 0.4173548221588135
vt 0.7721518874168396 0.4173548221588135
vt 0.7848101258277893 0.4173548221588135
vt 0.797468364238739 0.4173548221588135
vt 0.810126543045044 0.4173548221588135
vt 0.8227847814559937 0.4173548221588135
vt 0.8354430198669434 0.4173548221588135
vt 0.8481012582778931 0.4173548221588135
vt 0.8607594966888428 0.4173548221588135
vt 0.8734177350997925 0.4173548221588135
vt 0.8860759139060974 0.4173548221588135
vt 0.8987341523170471 0.4173548221588135
vt 0.9113923907279968 0.4173548221588135
vt 0.9240506291389465 0.4173548221588135
vt 0.9367088675498962 0.4173548221588135
vt 0.949367105960846 0.4173548221588135
vt 0.9620252847671509 0.4173548221588135
vt 0.9746835231781006 0.4173548221588135
vt 0.9873417615890503 0.4173548221588135
vt 1 0.4173548221588135
vt 0 0.4300018548965454
vt 0.012658227235078812 0.4300018548965454
vt 0.025316454470157623 0.4300018548965454
vt 0.03797468543052673 0.4300018548965454
vt 0.05063290894031525 0.4300018548965454
vt 0.06329113990068436 0.4300018548965454
vt 0.07594937086105347 0.4300018548965454
vt 0.08860759437084198 0.4300018548965454
vt 0.1012658178806305 0.4300018548965454
vt 0.1139240488409996 0.4300018548965454
vt 0.1265822798013687 0.4300018548965454
vt 0.13924050331115723 0.4300018548965454
vt 0.15189874172210693 0.4300018548965454
vt 0.16455695033073425 0.4300018548965454
vt 0.17721518874168396 0.4300018548965454
vt 0.18987341225147247 0.4300018548965454
vt 0.202531635761261 0.4300018548965454
vt 0.2151898741722107 0.4300018548965454
vt 0.2278480976819992 0.4300018548965454
vt 0.24050632119178772 0.4300018548965454
vt 0.2531645596027374 0.4300018548965454
vt 0.26582279801368713 0.4300018548965454
vt 0.27848100662231445 0.4300018548965454
vt 0.29113924503326416 0.4300018548965454
vt 0.30379748344421387 0.4300018548965454
vt 0.3164556920528412 0.4300018548965454
vt 0.3291139006614685 0.4300018548965454
vt 0.3417721390724182 0.4300018548965454
vt 0.3544303774833679 0.4300018548965454
vt 0.36708858609199524 0.4300018548965454
vt 0.37974682450294495 0.4300018548965454
vt 0.39240506291389465 0.4300018548965454
vt 0.405063271522522 0.4300018548965454
vt 0.4177215099334717 0.4300018548965454
vt 0.4303797483444214 0.4300018548965454
vt 0.4430379569530487 0.4300018548965454
vt 0.4556961953639984 0.4300018548965454
vt 0.4683544337749481 0.4300018548965454
vt 0.48101264238357544 0.4300018548965454
vt 0.49367088079452515 0.4300018548965454
vt 0.5063291192054749 0.4300018548965454
vt 0.5189873576164246 0.4300018548965454
vt 0.5316455960273743 0.4300018548965454
vt 0.5443037748336792 0.4300018548965454
vt 0.5569620132446289 0.4300018548965454
vt 0.5696202516555786 0.4300018548965454
vt 0.5822784900665283 0.4300018548965454
vt 0.594936728477478 0.4300018548965454
vt 0.6075949668884277 0.4300018548965454
vt 0.6202531456947327 0.4300018548965454
vt 0.6329113841056824 0.4300018548965454
vt 0.6455696225166321 0.4300018548965454
vt 0.658227801322937 0.4300018548965454
vt 0.6708860397338867 0.4300018548965454
vt 0.6835442781448364 0.4300018548965454
vt 0.6962025165557861 0.4300018548965454
vt 0.7088607549667358 0.4300018548965454
vt 0.7215189933776855 0.4300018548965454
vt 0.7341771721839905 0.4300018548965454
vt 0.7468354105949402 0.4300018548965454
vt 0.7594936490058899 0.4300018548965454
vt 0.7721518874168396 0.4300018548965454
vt 0.7848101258277893 0.4300018548965454
vt 0.797468364238739 0.4300018548965454
vt 0.810126543045044 0.4300018548965454
vt 0.8227847814559937 0.4300018548965454
vt 0.8354430198669434 0.4300018548965454
vt 0.8481012582778931 0.4300018548965454
vt 0.8607594966888428 0.4300018548965454
vt 0.8734177350997925 0.4300018548965454
vt 0.8860759139060974 0.4300018548965454
vt 0.8987341523170471 0.4300018548965454
vt 0.9113923907279968 0.4300018548965454
vt 0.9240506291389465 0.4300018548965454
vt 0.9367088675498962 0.4300018548965454
vt 0.949367105960846 0.4300018548965454
vt 0.9620252847671509 0.4300018548965454
vt 0.9746835231781006 0.4300018548965454
vt 0.9873417615890503 0.4300018548965454
vt 1 0.4300018548965454
vt 0 0.4426490068435669
vt 0.012658227235078812 0.4426490068435669
vt 0.025316454470157623 0.4426490068435669
vt 0.03797468543052673 0.4426490068435669
vt 0.05063290894031525 0.4426490068435669
vt 0.06329113990068436 0.4426490068435669
vt 0.07594937086105347 0.4426490068435669
vt 0.08860759437084198 0.4426490068435669
vt 0.1012658178806305 0.4426490068435669
vt 0.1139240488409996 0.4426490068435669
vt 0.1265822798013687 0.4426490068435669
vt 0.13924050331115723 0.4426490068435669
vt 0.15189874172210693 0.4426490068435669
vt 0.16455695033073425 0.4426490068435669
vt 0.17721518874168396 0.4426490068435669
vt 0.18987341225147247 0.4426490068435669
vt 0.202531635761261 0.4426490068435669
vt 0.2151898741722107 0.4426490068435669
vt 0.2278480976819992 0.4426490068435669
vt 0.24050632119178772 0.4426490068435669
vt 0.2531645596027374 0.4426490068435669
vt 0.26582279801368713 0.4426490068435669
vt 0.27848100662231445 0.4426490068435669
vt 0.29113924503326416 0.4426490068435669
vt 0.30379748344421387 0.4426490068435669
vt 0.3164556920528412 0.4426490068435669
vt 0.3291139006614685 0.4426490068435669
vt 0.3417721390724182 0.4426490068435669
vt 0.3544303774833679 0.4426490068435669
vt 0.36708858609199524 0.4426490068435669
vt 0.37974682450294495 0.4426490068435669
vt 0.39240506291389465 0.4426490068435669
vt 0.405063271522522 0.4426490068435669
vt 0.4177215099334717 0.4426490068435669
vt 0.4303797483444214 0.4426490068435669
vt 0.4430379569530487 0.4426490068435669
vt 0.4556961953639984 0.4426490068435669
vt 0.4683544337749481 0.4426490068435669
vt 0.48101264238357544 0.4426490068435669
vt 0.49367088079452515 0.4426490068435669
vt 0.5063291192054749 0.4426490068435669
vt 0.5189873576164246 0.4426490068435669
vt 0.5316455960273743 0.4426490068435669
vt 0.5443037748336792 0.4426490068435669
vt 0.5569620132446289 0.4426490068435669
vt 0.5696202516555786 0.4426490068435669
vt 0.5822784900665283 0.4426490068435669
vt 0.594936728477478 0.4426490068435669
vt 0.6075949668884277 0.4426490068435669
vt 0.6202531456947327 0.4426490068435669
vt 0.6329113841056824 0.4426490068435669
vt 0.6455696225166321 0.4426490068435669
vt 0.658227801322937 0.4426490068435669
vt 0.6708860397338867 0.4426490068435669
vt 0.6835442781448364 0.4426490068435669
vt 0.6962025165557861 0.4426490068435669
vt 0.7088607549667358 0.4426490068435669
vt 0.7215189933776855 0.4426490068435669
vt 0.7341771721839905 0.4426490068435669
vt 0.7468354105949402 0.4426490068435669
vt 0.7594936490058899 0.4426490068435669
vt 0.7721518874168396 0.4426490068435669
vt 0.7848101258277893 0.4426490068435669
vt 0.797468364238739 0.4426490068435669
vt 0.810126543045044 0.4426490068435669
vt 0.8227847814559937 0.4426490068435669
vt 0.8354430198669434 0.4426490068435669
vt 0.8481012582778931 0.4426490068435669
vt 0.8607594966888428 0.4426490068435669
vt 0.8734177350997925 0.4426490068435669
vt 0.8860759139060974 0.4426490068435669
vt 0.8987341523170471 0.4426490068435669
vt 0.9113923907279968 0.4426490068435669
vt 0.9240506291389465 0.4426490068435669
vt 0.9367088675498962 0.4426490068435669
vt 0.949367105960846 0.4426490068435669
vt 0.9620252847671509 0.4426490068435669
vt 0.9746835231781006 0.4426490068435669
vt 0.9873417615890503 0.4426490068435669
vt 1 0.4426490068435669
vt 0 0.4552961587905884
vt 0.012658227235078812 0.4552961587905884
vt 0.025316454470157623 0.4552961587905884
vt 0.03797468543052673 0.4552961587905884
vt 0.05063290894031525 0.4552961587905884
vt 0.06329113990068436 0.4552961587905884
vt 0.07594937086105347 0.4552961587905884
vt 0.08860759437084198 0.4552961587905884
vt 0.1012658178806305 0.4552961587905884
vt 0.1139240488409996 0.4552961587905884
vt 0.1265822798013687 0.4552961587905884
vt 0.13924050331115723 0.4552961587905884
vt 0.15189874172210693 0.4552961587905884
vt 0.16455695033073425 0.4552961587905884
vt 0.17721518874168396 0.4552961587905884
vt 0.18987341225147247 0.4552961587905884
vt 0.202531635761261 0.4552961587905884
vt 0.2151898741722107 0.4552961587905884
vt 0.2278480976819992 0.4552961587905884
vt 0.24050632119178772 0.4552961587905884
vt 0.2531645596027374 0.4552961587905884
vt 0.26582279801368713 0.4552961587905884
vt 0.27848100662231445 0.4552961587905884
vt 0.29113924503326416 0.4552961587905884
vt 0.30379748344421387 0.4552961587905884
vt 0.3164556920528412 0.4552961587905884
vt 0.3291139006614685 0.4552961587905884
vt 0.3417721390724182 0.4552961587905884
vt 0.3544303774833679 0.4552961587905884
vt 0.36708858609199524 0.4552961587905884
vt 0.37974682450294495 0.4552961587905884
vt 0.39240506291389465 0.4552961587905884
vt 0.405063271522522 0.4552961587905884
vt 0.4177215099334717 0.4552961587905884
vt 0.4303797483444214 0.4552961587905884
vt 0.4430379569530487 0.4552961587905884
vt 0.4556961953639984 0.4552961587905884
vt 0.4683544337749481 0.4552961587905884
vt 0.48101264238357544 0.4552961587905884
vt 0.49367088079452515 0.4552961587905884
vt 0.5063291192054749 0.4552961587905884
vt 0.5189873576164246 0.4552961587905884
vt 0.5316455960273743 0.4552961587905884
vt 0.5443037748336792 0.4552961587905884
vt 0.5569620132446289 0.4552961587905884
vt 0.5696202516555786 0.4552961587905884
vt 0.5822784900665283 0.4552961587905884
vt 0.594936728477478 0.4552961587905884
vt 0.6075949668884277 0.4552961587905884
vt 0.6202531456947327 0.4552961587905884
vt 0.6329113841056824 0.4552961587905884
vt 0.6455696225166321 0.4552961587905884
vt 0.658227801322937 0.4552961587905884
vt 0.6708860397338867 0.4552961587905884
vt 0.6835442781448364 0.4552961587905884
vt 0.6962025165557861 0.4552961587905884
vt 0.7088607549667358 0.4552961587905884
vt 0.7215189933776855 0.4552961587905884
vt 0.7341771721839905 0.4552961587905884
vt 0.7468354105949402 0.4552961587905884
vt 0.7594936490058899 0.4552961587905884
vt 0.7721518874168396 0.4552961587905884
vt 0.7848101258277893 0.4552961587905884
vt 0.797468364238739 0.4552961587905884
vt 0.810126543045044 0.4552961587905884
vt 0.8227847814559937 0.4552961587905884
vt 0.8354430198669434 0.4552961587905884
vt 0.8481012582778931 0.4552961587905884
vt 0.8607594966888428 0.4552961587905884
vt 0.8734177350997925 0.4552961587905884
vt 0.8860759139060974 0.4552961587905884
vt 0.8987341523170471 0.4552961587905884
vt 0.9113923907279968 0.4552961587905884
vt 0.9240506291389465 0.4552961587905884
vt 0.9367088675498962 0.4552961587905884
vt 0.949367105960846 0.4552961587905884
vt 0.9620252847671509 0.4552961587905884
vt 0.9746835231781006 0.4552961587905884
vt 0.9873417615890503 0.4552961587905884
vt 1 0.4552961587905884
vt 0 0.4679432511329651
vt 0.012658227235078812 0.4679432511329651
vt 0.025316454470157623 0.4679432511329651
vt 0.03797468543052673 0.4679432511329651
vt 0.05063290894031525 0.4679432511329651
vt 0.06329113990068436 0.4679432511329651
vt 0.07594937086105347 0.4679432511329651
vt 0.08860759437084198 0.4679432511329651
vt 0.1012658178806305 0.4679432511329651
vt 0.1139240488409996 0.4679432511329651
vt 0.1265822798013687 0.4679432511329651
vt 0.13924050331115723 0.4679432511329651
vt 0.15189874172210693 0.4679432511329651
vt 0.16455695033073425 0.4679432511329651
vt 0.17721518874168396 0.4679432511329651
vt 0.18987341225147247 0.4679432511329651
vt 0.202531635761261 0.4679432511329651
vt 0.2151898741722107 0.4679432511329651
vt 0.2278480976819992 0.4679432511329651
vt 0.24050632119178772 0.4679432511329651
vt 0.2531645596027374 0.4679432511329651
vt 0.26582279801368713 0.4679432511329651
vt 0.27848100662231445 0.4679432511329651
vt 0.29113924503326416 0.4679432511329651
vt 0.30379748344421387 0.4679432511329651
vt 0.3164556920528412 0.4679432511329651
vt 0.3291139006614685 0.4679432511329651
vt 0.3417721390724182 0.4679432511329651
vt 0.3544303774833679 0.4679432511329651
vt 0.36708858609199524 0.4679432511329651
vt 0.37974682450294495 0.4679432511329651
vt 0.39240506291389465 0.4679432511329651
vt 0.405063271522522 0.4679432511329651
vt 0.4177215099334717 0.4679432511329651
vt 0.4303797483444214 0.4679432511329651
vt 0.4430379569530487 0.4679432511329651
vt 0.4556961953639984 0.4679432511329651
vt 0.4683544337749481 0.4679432511329651
vt 0.48101264238357544 0.4679432511329651
vt 0.49367088079452515 0.4679432511329651
vt 0.5063291192054749 0.4679432511329651
vt 0.5189873576164246 0.4679432511329651
vt 0.5316455960273743 0.4679432511329651
vt 0.5443037748336792 0.4679432511329651
vt 0.5569620132446289 0.4679432511329651
vt 0.5696202516555786 0.4679432511329651
vt 0.5822784900665283 0.4679432511329651
vt 0.594936728477478 0.4679432511329651
vt 0.6075949668884277 0.4679432511329651
vt 0.6202531456947327 0.4679432511329651
vt 0.6329113841056824 0.4679432511329651
vt 0.6455696225166321 0.4679432511329651
vt 0.658227801322937 0.4679432511329651
vt 0.6708860397338867 0.4679432511329651
vt 0.6835442781448364 0.4679432511329651
vt 0.6962025165557861 0.4679432511329651
vt 0.7088607549667358 0.4679432511329651
vt 0.7215189933776855 0.4679432511329651
vt 0.7341771721839905 0.4679432511329651
vt 0.7468354105949402 0.4679432511329651
vt 0.7594936490058899 0.4679432511329651
vt 0.7721518874168396 0.4679432511329651
vt 0.7848101258277893 0.4679432511329651
vt 0.797468364238739 0.4679432511329651
vt 0.810126543045044 0.4679432511329651
vt 0.8227847814559937 0.4679432511329651
vt 0.8354430198669434 0.4679432511329651
vt 0.8481012582778931 0.4679432511329651
vt 0.8607594966888428 0.4679432511329651
vt 0.8734177350997925 0.4679432511329651
vt 0.8860759139060974 0.4679432511329651
vt 0.8987341523170471 0.4679432511329651
vt 0.9113923907279968 0.4679432511329651
vt 0.9240506291389465 0.4679432511329651
vt 0.9367088675498962 0.4679432511329651
vt 0.949367105960846 0.4679432511329651
vt 0.9620252847671509 0.4679432511329651
vt 0.9746835231781006 0.4679432511329651
vt 0.9873417615890503 0.4679432511329651
vt 1 0.4679432511329651
vt 0 0.4805903434753418
vt 0.012658227235078812 0.4805903434753418
vt 0.025316454470157623 0.4805903434753418
vt 0.03797468543052673 0.4805903434753418
vt 0.05063290894031525 0.4805903434753418
vt 0.06329113990068436 0.4805903434753418
vt 0.07594937086105347 0.4805903434753418
vt 0.08860759437084198 0.4805903434753418
vt 0.1012658178806305 0.4805903434753418
vt 0.1139240488409996 0.4805903434753418
vt 0.1265822798013687 0.4805903434753418
vt 0.13924050331115723 0.4805903434753418
vt 0.15189874172210693 0.4805903434753418
vt 0.16455695033073425 0.4805903434753418
vt 0.17721518874168396 0.4805903434753418
vt 0.18987341225147247 0.4805903434753418
vt 0.202531635761261 0.4805903434753418
vt 0.2151898741722107 0.4805903434753418
vt 0.2278480976819992 0.4805903434753418
vt 0.24050632119178772 0.4805903434753418
vt 0.2531645596027374 0.4805903434753418
vt 0.26582279801368713 0.4805903434753418
vt 0.27848100662231445 0.4805903434753418
vt 0.29113924503326416 0.4805903434753418
vt 0.30379748344421387 0.4805903434753418
vt 0.3164556920528412 0.4805903434753418
vt 0.3291139006614685 0.4805903434753418
vt 0.3417721390724182 0.4805903434753418
vt 0.3544303774833679 0.4805903434753418
vt 0.36708858609199524 0.4805903434753418
vt 0.37974682450294495 0.4805903434753418
vt 0.39240506291389465 0.4805903434753418
vt 0.405063271522522 0.4805903434753418
vt 0.4177215099334717 0.4805903434753418
vt 0.4303797483444214 0.4805903434753418
vt 0.4430379569530487 0.4805903434753418
vt 0.4556961953639984 0.4805903434753418
vt 0.4683544337749481 0.4805903434753418
vt 0.48101264238357544 0.4805903434753418
vt 0.49367088079452515 0.4805903434753418
vt 0.5063291192054749 0.4805903434753418
vt 0.5189873576164246 0.4805903434753418
vt 0.5316455960273743 0.4805903434753418
vt 0.5443037748336792 0.4805903434753418
vt 0.5569620132446289 0.4805903434753418
vt 0.5696202516555786 0.4805903434753418
vt 0.5822784900665283 0.4805903434753418
vt 0.594936728477478 0.4805903434753418
vt 0.6075949668884277 0.4805903434753418
vt 0.6202531456947327 0.4805903434753418
vt 0.6329113841056824 0.4805903434753418
vt 0.6455696225166321 0.4805903434753418
vt 0.658227801322937 0.4805903434753418
vt 0.6708860397338867 0.4805903434753418
vt 0.6835442781448364 0.4805903434753418
vt 0.6962025165557861 0.4805903434753418
vt 0.7088607549667358 0.4805903434753418
vt 0.7215189933776855 0.4805903434753418
vt 0.7341771721839905 0.4805903434753418
vt 0.7468354105949402 0.4805903434753418
vt 0.7594936490058899 0.4805903434753418
vt 0.7721518874168396 0.4805903434753418
vt 0.7848101258277893 0.4805903434753418
vt 0.797468364238739 0.4805903434753418
vt 0.810126543045044 0.4805903434753418
vt 0.8227847814559937 0.4805903434753418
vt 0.8354430198669434 0.4805903434753418
vt 0.8481012582778931 0.4805903434753418
vt 0.8607594966888428 0.4805903434753418
vt 0.8734177350997925 0.4805903434753418
vt 0.8860759139060974 0.4805903434753418
vt 0.8987341523170471 0.4805903434753418
vt 0.9113923907279968 0.4805903434753418
vt 0.9240506291389465 0.4805903434753418
vt 0.9367088675498962 0.4805903434753418
vt 0.949367105960846 0.4805903434753418
vt 0.9620252847671509 0.4805903434753418
vt 0.9746835231781006 0.4805903434753418
vt 0.9873417615890503 0.4805903434753418
vt 1 0.4805903434753418
vt 0 0.4932374954223633
vt 0.012658227235078812 0.4932374954223633
vt 0.025316454470157623 0.4932374954223633
vt 0.03797468543052673 0.4932374954223633
vt 0.05063290894031525 0.4932374954223633
vt 0.06329113990068436 0.4932374954223633
vt 0.07594937086105347 0.4932374954223633
vt 0.08860759437084198 0.4932374954223633
vt 0.1012658178806305 0.4932374954223633
vt 0.1139240488409996 0.4932374954223633
vt 0.1265822798013687 0.4932374954223633
vt 0.13924050331115723 0.4932374954223633
vt 0.15189874172210693 0.4932374954223633
vt 0.16455695033073425 0.4932374954223633
vt 0.17721518874168396 0.4932374954223633
vt 0.18987341225147247 0.4932374954223633
vt 0.202531635761261 0.4932374954223633
vt 0.2151898741722107 0.4932374954223633
vt 0.2278480976819992 0.4932374954223633
vt 0.24050632119178772 0.4932374954223633
vt 0.2531645596027374 0.4932374954223633
vt 0.26582279801368713 0.4932374954223633
vt 0.27848100662231445 0.4932374954223633
vt 0.29113924503326416 0.4932374954223633
vt 0.30379748344421387 0.4932374954223633
vt 0.3164556920528412 0.4932374954223633
vt 0.3291139006614685 0.4932374954223633
vt 0.3417721390724182 0.4932374954223633
vt 0.3544303774833679 0.4932374954223633
vt 0.36708858609199524 0.4932374954223633
vt 0.37974682450294495 0.4932374954223633
vt 0.39240506291389465 0.4932374954223633
vt 0.405063271522522 0.4932374954223633
vt 0.4177215099334717 0.4932374954223633
vt 0.4303797483444214 0.4932374954223633
vt 0.4430379569530487 0.4932374954223633
vt 0.4556961953639984 0.4932374954223633
vt 0.4683544337749481 0.4932374954223633
vt 0.48101264238357544 0.4932374954223633
vt 0.49367088079452515 0.4932374954223633
vt 0.5063291192054749 0.4932374954223633
vt 0.5189873576164246 0.4932374954223633
vt 0.5316455960273743 0.4932374954223633
vt 0.5443037748336792 0.4932374954223633
vt 0.5569620132446289 0.4932374954223633
vt 0.5696202516555786 0.4932374954223633
vt 0.5822784900665283 0.4932374954223633
vt 0.594936728477478 0.4932374954223633
vt 0.6075949668884277 0.4932374954223633
vt 0.6202531456947327 0.4932374954223633
vt 0.6329113841056824 0.4932374954223633
vt 0.6455696225166321 0.4932374954223633
vt 0.658227801322937 0.4932374954223633
vt 0.6708860397338867 0.4932374954223633
vt 0.6835442781448364 0.4932374954223633
vt 0.6962025165557861 0.4932374954223633
vt 0.7088607549667358 0.4932374954223633
vt 0.7215189933776855 0.4932374954223633
vt 0.7341771721839905 0.4932374954223633
vt 0.7468354105949402 0.4932374954223633
vt 0.7594936490058899 0.4932374954223633
vt 0.7721518874168396 0.4932374954223633
vt 0.7848101258277893 0.4932374954223633
vt 0.797468364238739 0.4932374954223633
vt 0.810126543045044 0.4932374954223633
vt 0.8227847814559937 0.4932374954223633
vt 0.8354430198669434 0.4932374954223633
vt 0.8481012582778931 0.4932374954223633
vt 0.8607594966888428 0.4932374954223633
vt 0.8734177350997925 0.4932374954223633
vt 0.8860759139060974 0.4932374954223633
vt 0.8987341523170471 0.4932374954223633
vt 0.9113923907279968 0.4932374954223633
vt 0.9240506291389465 0.4932374954223633
vt 0.9367088675498962 0.4932374954223633
vt 0.949367105960846 0.4932374954223633
vt 0.9620252847671509 0.4932374954223633
vt 0.9746835231781006 0.4932374954223633
vt 0.9873417615890503 0.4932374954223633
vt 1 0.4932374954223633
vt 0 0.50588458776474
vt 0.012658227235078812 0.50588458776474
vt 0.025316454470157623 0.50588458776474
vt 0.03797468543052673 0.50588458776474
vt 0.05063290894031525 0.50588458776474
vt 0.06329113990068436 0.50588458776474
vt 0.07594937086105347 0.50588458776474
vt 0.08860759437084198 0.50588458776474
vt 0.1012658178806305 0.50588458776474
vt 0.1139240488409996 0.50588458776474
vt 0.1265822798013687 0.50588458776474
vt 0.13924050331115723 0.50588458776474
vt 0.15189874172210693 0.50588458776474
vt 0.16455695033073425 0.50588458776474
vt 0.17721518874168396 0.50588458776474
vt 0.18987341225147247 0.50588458776474
vt 0.202531635761261 0.50588458776474
vt 0.2151898741722107 0.50588458776474
vt 0.2278480976819992 0.50588458776474
vt 0.24050632119178772 0.50588458776474
vt 0.2531645596027374 0.50588458776474
vt 0.26582279801368713 0.50588458776474
vt 0.27848100662231445 0.50588458776474
vt 0.29113924503326416 0.50588458776474
vt 0.30379748344421387 0.50588458776474
vt 0.3164556920528412 0.50588458776474
vt 0.3291139006614685 0.50588458776474
vt 0.3417721390724182 0.50588458776474
vt 0.3544303774833679 0.50588458776474
vt 0.36708858609199524 0.50588458776474
vt 0.37974682450294495 0.50588458776474
vt 0.39240506291389465 0.50588458776474
vt 0.405063271522522 0.50588458776474
vt 0.4177215099334717 0.50588458776474
vt 0.4303797483444214 0.50588458776474
vt 0.4430379569530487 0.50588458776474
vt 0.4556961953639984 0.50588458776474
vt 0.4683544337749481 0.50588458776474
vt 0.48101264238357544 0.50588458776474
vt 0.49367088079452515 0.50588458776474
vt 0.5063291192054749 0.50588458776474
vt 0.5189873576164246 0.50588458776474
vt 0.5316455960273743 0.50588458776474
vt 0.5443037748336792 0.50588458776474
vt 0.5569620132446289 0.50588458776474
vt 0.5696202516555786 0.50588458776474
vt 0.5822784900665283 0.50588458776474
vt 0.594936728477478 0.50588458776474
vt 0.6075949668884277 0.50588458776474
vt 0.6202531456947327 0.50588458776474
vt 0.6329113841056824 0.50588458776474
vt 0.6455696225166321 0.50588458776474
vt 0.658227801322937 0.50588458776474
vt 0.6708860397338867 0.50588458776474
vt 0.6835442781448364 0.50588458776474
vt 0.6962025165557861 0.50588458776474
vt 0.7088607549667358 0.50588458776474
vt 0.7215189933776855 0.50588458776474
vt 0.7341771721839905 0.50588458776474
vt 0.7468354105949402 0.50588458776474
vt 0.7594936490058899 0.50588458776474
vt 0.7721518874168396 0.50588458776474
vt 0.7848101258277893 0.50588458776474
vt 0.797468364238739 0.50588458776474
vt 0.810126543045044 0.50588458776474
vt 0.8227847814559937 0.50588458776474
vt 0.8354430198669434 0.50588458776474
vt 0.8481012582778931 0.50588458776474
vt 0.8607594966888428 0.50588458776474
vt 0.8734177350997925 0.50588458776474
vt 0.8860759139060974 0.50588458776474
vt 0.8987341523170471 0.50588458776474
vt 0.9113923907279968 0.50588458776474
vt 0.9240506291389465 0.50588458776474
vt 0.9367088675498962 0.50588458776474
vt 0.949367105960846 0.50588458776474
vt 0.9620252847671509 0.50588458776474
vt 0.9746835231781006 0.50588458776474
vt 0.9873417615890503 0.50588458776474
vt 1 0.50588458776474
vt 0 0.5185316801071167
vt 0.012658227235078812 0.5185316801071167
vt 0.025316454470157623 0.5185316801071167
vt 0.03797468543052673 0.5185316801071167
vt 0.05063290894031525 0.5185316801071167
vt 0.06329113990068436 0.5185316801071167
vt 0.07594937086105347 0.5185316801071167
vt 0.08860759437084198 0.5185316801071167
vt 0.1012658178806305 0.5185316801071167
vt 0.1139240488409996 0.5185316801071167
vt 0.1265822798013687 0.5185316801071167
vt 0.13924050331115723 0.5185316801071167
vt 0.15189874172210693 0.5185316801071167
vt 0.16455695033073425 0.5185316801071167
vt 0.17721518874168396 0.5185316801071167
vt 0.18987341225147247 0.5185316801071167
vt 0.202531635761261 0.5185316801071167
vt 0.2151898741722107 0.5185316801071167
vt 0.2278480976819992 0.5185316801071167
vt 0.24050632119178772 0.5185316801071167
vt 0.2531645596027374 0.5185316801071167
vt 0.26582279801368713 0.5185316801071167
vt 0.27848100662231445 0.5185316801071167
vt 0.29113924503326416 0.5185316801071167
vt 0.30379748344421387 0.5185316801071167
vt 0.3164556920528412 0.5185316801071167
vt 0.3291139006614685 0.5185316801071167
vt 0.3417721390724182 0.5185316801071167
vt 0.3544303774833679 0.5185316801071167
vt 0.36708858609199524 0.5185316801071167
vt 0.37974682450294495 0.5185316801071167
vt 0.39240506291389465 0.5185316801071167
vt 0.405063271522522 0.5185316801071167
vt 0.4177215099334717 0.5185316801071167
vt 0.4303797483444214 0.5185316801071167
vt 0.4430379569530487 0.5185316801071167
vt 0.4556961953639984 0.5185316801071167
vt 0.4683544337749481 0.5185316801071167
vt 0.48101264238357544 0.5185316801071167
vt 0.49367088079452515 0.5185316801071167
vt 0.5063291192054749 0.5185316801071167
vt 0.5189873576164246 0.5185316801071167
vt 0.5316455960273743 0.5185316801071167
vt 0.5443037748336792 0.5185316801071167
vt 0.5569620132446289 0.5185316801071167
vt 0.5696202516555786 0.5185316801071167
vt 0.5822784900665283 0.5185316801071167
vt 0.594936728477478 0.5185316801071167
vt 0.6075949668884277 0.5185316801071167
vt 0.6202531456947327 0.5185316801071167
vt 0.6329113841056824 0.5185316801071167
vt 0.6455696225166321 0.5185316801071167
vt 0.658227801322937 0.5185316801071167
vt 0.6708860397338867 0.5185316801071167
vt 0.6835442781448364 0.5185316801071167
vt 0.6962025165557861 0.5185316801071167
vt 0.7088607549667358 0.5185316801071167
vt 0.7215189933776855 0.5185316801071167
vt 0.7341771721839905 0.5185316801071167
vt 0.7468354105949402 0.5185316801071167
vt 0.7594936490058899 0.5185316801071167
vt 0.7721518874168396 0.5185316801071167
vt 0.7848101258277893 0.5185316801071167
vt 0.797468364238739 0.5185316801071167
vt 0.810126543045044 0.5185316801071167
vt 0.8227847814559937 0.5185316801071167
vt 0.8354430198669434 0.5185316801071167
vt 0.8481012582778931 0.5185316801071167
vt 0.8607594966888428 0.5185316801071167
vt 0.8734177350997925 0.5185316801071167
vt 0.8860759139060974 0.5185316801071167
vt 0.8987341523170471 0.5185316801071167
vt 0.9113923907279968 0.5185316801071167
vt 0.9240506291389465 0.5185316801071167
vt 0.9367088675498962 0.5185316801071167
vt 0.949367105960846 0.5185316801071167
vt 0.9620252847671509 0.5185316801071167
vt 0.9746835231781006 0.5185316801071167
vt 0.9873417615890503 0.5185316801071167
vt 1 0.5185316801071167
vt 0 0.5311787724494934
vt 0.012658227235078812 0.5311787724494934
vt 0.025316454470157623 0.5311787724494934
vt 0.03797468543052673 0.5311787724494934
vt 0.05063290894031525 0.5311787724494934
vt 0.06329113990068436 0.5311787724494934
vt 0.07594937086105347 0.5311787724494934
vt 0.08860759437084198 0.5311787724494934
vt 0.1012658178806305 0.5311787724494934
vt 0.1139240488409996 0.5311787724494934
vt 0.1265822798013687 0.5311787724494934
vt 0.13924050331115723 0.5311787724494934
vt 0.15189874172210693 0.5311787724494934
vt 0.16455695033073425 0.5311787724494934
vt 0.17721518874168396 0.5311787724494934
vt 0.18987341225147247 0.5311787724494934
vt 0.202531635761261 0.5311787724494934
vt 0.2151898741722107 0.5311787724494934
vt 0.2278480976819992 0.5311787724494934
vt 0.24050632119178772 0.5311787724494934
vt 0.2531645596027374 0.5311787724494934
vt 0.26582279801368713 0.5311787724494934
vt 0.27848100662231445 0.5311787724494934
vt 0.29113924503326416 0.5311787724494934
vt 0.30379748344421387 0.5311787724494934
vt 0.3164556920528412 0.5311787724494934
vt 0.3291139006614685 0.5311787724494934
vt 0.3417721390724182 0.5311787724494934
vt 0.3544303774833679 0.5311787724494934
vt 0.36708858609199524 0.5311787724494934
vt 0.37974682450294495 0.5311787724494934
vt 0.39240506291389465 0.5311787724494934
vt 0.405063271522522 0.5311787724494934
vt 0.4177215099334717 0.5311787724494934
vt 0.4303797483444214 0.5311787724494934
vt 0.4430379569530487 0.5311787724494934
vt 0.4556961953639984 0.5311787724494934
vt 0.4683544337749481 0.5311787724494934
vt 0.48101264238357544 0.5311787724494934
vt 0.49367088079452515 0.5311787724494934
vt 0.5063291192054749 0.5311787724494934
vt 0.5189873576164246 0.5311787724494934
vt 0.5316455960273743 0.5311787724494934
vt 0.5443037748336792 0.5311787724494934
vt 0.5569620132446289 0.5311787724494934
vt 0.5696202516555786 0.5311787724494934
vt 0.5822784900665283 0.5311787724494934
vt 0.594936728477478 0.5311787724494934
vt 0.6075949668884277 0.5311787724494934
vt 0.6202531456947327 0.5311787724494934
vt 0.6329113841056824 0.5311787724494934
vt 0.6455696225166321 0.5311787724494934
vt 0.658227801322937 0.5311787724494934
vt 0.6708860397338867 0.5311787724494934
vt 0.6835442781448364 0.5311787724494934
vt 0.6962025165557861 0.5311787724494934
vt 0.7088607549667358 0.5311787724494934
vt 0.7215189933776855 0.5311787724494934
vt 0.7341771721839905 0.5311787724494934
vt 0.7468354105949402 0.5311787724494934
vt 0.7594936490058899 0.5311787724494934
vt 0.7721518874168396 0.5311787724494934
vt 0.7848101258277893 0.5311787724494934
vt 0.797468364238739 0.5311787724494934
vt 0.810126543045044 0.5311787724494934
vt 0.8227847814559937 0.5311787724494934
vt 0.8354430198669434 0.5311787724494934
vt 0.8481012582778931 0.5311787724494934
vt 0.8607594966888428 0.5311787724494934
vt 0.8734177350997925 0.5311787724494934
vt 0.8860759139060974 0.5311787724494934
vt 0.8987341523170471 0.5311787724494934
vt 0.9113923907279968 0.5311787724494934
vt 0.9240506291389465 0.5311787724494934
vt 0.9367088675498962 0.5311787724494934
vt 0.949367105960846 0.5311787724494934
vt 0.9620252847671509 0.5311787724494934
vt 0.9746835231781006 0.5311787724494934
vt 0.9873417615890503 0.5311787724494934
vt 1 0.5311787724494934
vt 0 0.5438259243965149
vt 0.012658227235078812 0.5438259243965149
vt 0.025316454470157623 0.5438259243965149
vt 0.03797468543052673 0.5438259243965149
vt 0.05063290894031525 0.5438259243965149
vt 0.06329113990068436 0.5438259243965149
vt 0.07594937086105347 0.5438259243965149
vt 0.08860759437084198 0.5438259243965149
vt 0.1012658178806305 0.5438259243965149
vt 0.1139240488409996 0.5438259243965149
vt 0.1265822798013687 0.5438259243965149
vt 0.13924050331115723 0.5438259243965149
vt 0.15189874172210693 0.5438259243965149
vt 0.16455695033073425 0.5438259243965149
vt 0.17721518874168396 0.5438259243965149
vt 0.18987341225147247 0.5438259243965149
vt 0.202531635761261 0.5438259243965149
vt 0.2151898741722107 0.5438259243965149
vt 0.2278480976819992 0.5438259243965149
vt 0.24050632119178772 0.5438259243965149
vt 0.2531645596027374 0.5438259243965149
vt 0.26582279801368713 0.5438259243965149
vt 0.27848100662231445 0.5438259243965149
vt 0.29113924503326416 0.5438259243965149
vt 0.30379748344421387 0.5438259243965149
vt 0.3164556920528412 0.5438259243965149
vt 0.3291139006614685 0.5438259243965149
vt 0.3417721390724182 0.5438259243965149
vt 0.3544303774833679 0.5438259243965149
vt 0.36708858609199524 0.5438259243965149
vt 0.37974682450294495 0.5438259243965149
vt 0.39240506291389465 0.5438259243965149
vt 0.405063271522522 0.5438259243965149
vt 0.4177215099334717 0.5438259243965149
vt 0.4303797483444214 0.5438259243965149
vt 0.4430379569530487 0.5438259243965149
vt 0.4556961953639984 0.5438259243965149
vt 0.4683544337749481 0.5438259243965149
vt 0.48101264238357544 0.5438259243965149
vt 0.49367088079452515 0.5438259243965149
vt 0.5063291192054749 0.5438259243965149
vt 0.5189873576164246 0.5438259243965149
vt 0.5316455960273743 0.5438259243965149
vt 0.5443037748336792 0.5438259243965149
vt 0.5569620132446289 0.5438259243965149
vt 0.5696202516555786 0.5438259243965149
vt 0.5822784900665283 0.5438259243965149
vt 0.594936728477478 0.5438259243965149
vt 0.6075949668884277 0.5438259243965149
vt 0.6202531456947327 0.5438259243965149
vt 0.6329113841056824 0.5438259243965149
vt 0.6455696225166321 0.5438259243965149
vt 0.658227801322937 0.5438259243965149
vt 0.6708860397338867 0.5438259243965149
vt 0.6835442781448364 0.5438259243965149
vt 0.6962025165557861 0.5438259243965149
vt 0.7088607549667358 0.5438259243965149
vt 0.7215189933776855 0.5438259243965149
vt 0.7341771721839905 0.5438259243965149
vt 0.7468354105949402 0.5438259243965149
vt 0.7594936490058899 0.5438259243965149
vt 0.7721518874168396 0.5438259243965149
vt 0.7848101258277893 0.5438259243965149
vt 0.797468364238739 0.5438259243965149
vt 0.810126543045044 0.5438259243965149
vt 0.8227847814559937 0.5438259243965149
vt 0.8354430198669434 0.5438259243965149
vt 0.8481012582778931 0.5438259243965149
vt 0.8607594966888428 0.5438259243965149
vt 0.8734177350997925 0.5438259243965149
vt 0.8860759139060974 0.5438259243965149
vt 0.8987341523170471 0.5438259243965149
vt 0.9113923907279968 0.5438259243965149
vt 0.9240506291389465 0.5438259243965149
vt 0.9367088675498962 0.5438259243965149
vt 0.949367105960846 0.5438259243965149
vt 0.9620252847671509 0.5438259243965149
vt 0.9746835231781006 0.5438259243965149
vt 0.9873417615890503 0.5438259243965149
vt 1 0.5438259243965149
vt 0 0.5564730763435364
vt 0.012658227235078812 0.5564730763435364
vt 0.025316454470157623 0.5564730763435364
vt 0.03797468543052673 0.5564730763435364
vt 0.05063290894031525 0.5564730763435364
vt 0.06329113990068436 0.5564730763435364
vt 0.07594937086105347 0.5564730763435364
vt 0.08860759437084198 0.5564730763435364
vt 0.1012658178806305 0.5564730763435364
vt 0.1139240488409996 0.5564730763435364
vt 0.1265822798013687 0.5564730763435364
vt 0.13924050331115723 0.5564730763435364
vt 0.15189874172210693 0.5564730763435364
vt 0.16455695033073425 0.5564730763435364
vt 0.17721518874168396 0.5564730763435364
vt 0.18987341225147247 0.5564730763435364
vt 0.202531635761261 0.5564730763435364
vt 0.2151898741722107 0.5564730763435364
vt 0.2278480976819992 0.5564730763435364
vt 0.24050632119178772 0.5564730763435364
vt 0.2531645596027374 0.5564730763435364
vt 0.26582279801368713 0.5564730763435364
vt 0.27848100662231445 0.5564730763435364
vt 0.29113924503326416 0.5564730763435364
vt 0.30379748344421387 0.5564730763435364
vt 0.3164556920528412 0.5564730763435364
vt 0.3291139006614685 0.5564730763435364
vt 0.3417721390724182 0.5564730763435364
vt 0.3544303774833679 0.5564730763435364
vt 0.36708858609199524 0.5564730763435364
vt 0.37974682450294495 0.5564730763435364
vt 0.39240506291389465 0.5564730763435364
vt 0.405063271522522 0.5564730763435364
vt 0.4177215099334717 0.5564730763435364
vt 0.4303797483444214 0.5564730763435364
vt 0.4430379569530487 0.5564730763435364
vt 0.4556961953639984 0.5564730763435364
vt 0.4683544337749481 0.5564730763435364
vt 0.48101264238357544 0.5564730763435364
vt 0.49367088079452515 0.5564730763435364
vt 0.5063291192054749 0.5564730763435364
vt 0.5189873576164246 0.5564730763435364
vt 0.5316455960273743 0.5564730763435364
vt 0.5443037748336792 0.5564730763435364
vt 0.5569620132446289 0.5564730763435364
vt 0.5696202516555786 0.5564730763435364
vt 0.5822784900665283 0.5564730763435364
vt 0.594936728477478 0.5564730763435364
vt 0.6075949668884277 0.5564730763435364
vt 0.6202531456947327 0.5564730763435364
vt 0.6329113841056824 0.5564730763435364
vt 0.6455696225166321 0.5564730763435364
vt 0.658227801322937 0.5564730763435364
vt 0.6708860397338867 0.5564730763435364
vt 0.6835442781448364 0.5564730763435364
vt 0.6962025165557861 0.5564730763435364
vt 0.7088607549667358 0.5564730763435364
vt 0.7215189933776855 0.5564730763435364
vt 0.7341771721839905 0.5564730763435364
vt 0.7468354105949402 0.5564730763435364
vt 0.7594936490058899 0.5564730763435364
vt 0.7721518874168396 0.5564730763435364
vt 0.7848101258277893 0.5564730763435364
vt 0.797468364238739 0.5564730763435364
vt 0.810126543045044 0.5564730763435364
vt 0.8227847814559937 0.5564730763435364
vt 0.8354430198669434 0.5564730763435364
vt 0.8481012582778931 0.5564730763435364
vt 0.8607594966888428 0.5564730763435364
vt 0.8734177350997925 0.5564730763435364
vt 0.8860759139060974 0.5564730763435364
vt 0.8987341523170471 0.5564730763435364
vt 0.9113923907279968 0.5564730763435364
vt 0.9240506291389465 0.5564730763435364
vt 0.9367088675498962 0.5564730763435364
vt 0.949367105960846 0.5564730763435364
vt 0.9620252847671509 0.5564730763435364
vt 0.9746835231781006 0.5564730763435364
vt 0.9873417615890503 0.5564730763435364
vt 1 0.5564730763435364
vt 0 0.5691201686859131
vt 0.012658227235078812 0.5691201686859131
vt 0.025316454470157623 0.5691201686859131
vt 0.03797468543052673 0.5691201686859131
vt 0.05063290894031525 0.5691201686859131
vt 0.06329113990068436 0.5691201686859131
vt 0.07594937086105347 0.5691201686859131
vt 0.08860759437084198 0.5691201686859131
vt 0.1012658178806305 0.5691201686859131
vt 0.1139240488409996 0.5691201686859131
vt 0.1265822798013687 0.5691201686859131
vt 0.13924050331115723 0.5691201686859131
vt 0.15189874172210693 0.5691201686859131
vt 0.16455695033073425 0.5691201686859131
vt 0.17721518874168396 0.5691201686859131
vt 0.18987341225147247 0.5691201686859131
vt 0.202531635761261 0.5691201686859131
vt 0.2151898741722107 0.5691201686859131
vt 0.2278480976819992 0.5691201686859131
vt 0.24050632119178772 0.5691201686859131
vt 0.2531645596027374 0.5691201686859131
vt 0.26582279801368713 0.5691201686859131
vt 0.27848100662231445 0.5691201686859131
vt 0.29113924503326416 0.5691201686859131
vt 0.30379748344421387 0.5691201686859131
vt 0.3164556920528412 0.5691201686859131
vt 0.3291139006614685 0.5691201686859131
vt 0.3417721390724182 0.5691201686859131
vt 0.3544303774833679 0.5691201686859131
vt 0.36708858609199524 0.5691201686859131
vt 0.37974682450294495 0.5691201686859131
vt 0.39240506291389465 0.5691201686859131
vt 0.405063271522522 0.5691201686859131
vt 0.4177215099334717 0.5691201686859131
vt 0.4303797483444214 0.5691201686859131
vt 0.4430379569530487 0.5691201686859131
vt 0.4556961953639984 0.5691201686859131
vt 0.4683544337749481 0.5691201686859131
vt 0.48101264238357544 0.5691201686859131
vt 0.49367088079452515 0.5691201686859131
vt 0.5063291192054749 0.5691201686859131
vt 0.5189873576164246 0.5691201686859131
vt 0.5316455960273743 0.5691201686859131
vt 0.5443037748336792 0.5691201686859131
vt 0.5569620132446289 0.5691201686859131
vt 0.5696202516555786 0.5691201686859131
vt 0.5822784900665283 0.5691201686859131
vt 0.594936728477478 0.5691201686859131
vt 0.6075949668884277 0.5691201686859131
vt 0.6202531456947327 0.5691201686859131
vt 0.6329113841056824 0.5691201686859131
vt 0.6455696225166321 0.5691201686859131
vt 0.658227801322937 0.5691201686859131
vt 0.6708860397338867 0.5691201686859131
vt 0.6835442781448364 0.5691201686859131
vt 0.6962025165557861 0.5691201686859131
vt 0.7088607549667358 0.5691201686859131
vt 0.7215189933776855 0.5691201686859131
vt 0.7341771721839905 0.5691201686859131
vt 0.7468354105949402 0.5691201686859131
vt 0.7594936490058899 0.5691201686859131
vt 0.7721518874168396 0.5691201686859131
vt 0.7848101258277893 0.5691201686859131
vt 0.797468364238739 0.5691201686859131
vt 0.810126543045044 0.5691201686859131
vt 0.8227847814559937 0.5691201686859131
vt 0.8354430198669434 0.5691201686859131
vt 0.8481012582778931 0.5691201686859131
vt 0.8607594966888428 0.5691201686859131
vt 0.8734177350997925 0.5691201686859131
vt 0.8860759139060974 0.5691201686859131
vt 0.8987341523170471 0.5691201686859131
vt 0.9113923907279968 0.5691201686859131
vt 0.9240506291389465 0.5691201686859131
vt 0.9367088675498962 0.5691201686859131
vt 0.949367105960846 0.5691201686859131
vt 0.9620252847671509 0.5691201686859131
vt 0.9746835231781006 0.5691201686859131
vt 0.9873417615890503 0.5691201686859131
vt 1 0.5691201686859131
vt 0 0.5817672610282898
vt 0.012658227235078812 0.5817672610282898
vt 0.025316454470157623 0.5817672610282898
vt 0.03797468543052673 0.5817672610282898
vt 0.05063290894031525 0.5817672610282898
vt 0.06329113990068436 0.5817672610282898
vt 0.07594937086105347 0.5817672610282898
vt 0.08860759437084198 0.5817672610282898
vt 0.1012658178806305 0.5817672610282898
vt 0.1139240488409996 0.5817672610282898
vt 0.1265822798013687 0.5817672610282898
vt 0.13924050331115723 0.5817672610282898
vt 0.15189874172210693 0.5817672610282898
vt 0.16455695033073425 0.5817672610282898
vt 0.17721518874168396 0.5817672610282898
vt 0.18987341225147247 0.5817672610282898
vt 0.202531635761261 0.5817672610282898
vt 0.2151898741722107 0.5817672610282898
vt 0.2278480976819992 0.5817672610282898
vt 0.24050632119178772 0.5817672610282898
vt 0.2531645596027374 0.5817672610282898
vt 0.26582279801368713 0.5817672610282898
vt 0.27848100662231445 0.5817672610282898
vt 0.29113924503326416 0.5817672610282898
vt 0.30379748344421387 0.5817672610282898
vt 0.3164556920528412 0.5817672610282898
vt 0.3291139006614685 0.5817672610282898
vt 0.3417721390724182 0.5817672610282898
vt 0.3544303774833679 0.5817672610282898
vt 0.36708858609199524 0.5817672610282898
vt 0.37974682450294495 0.5817672610282898
vt 0.39240506291389465 0.5817672610282898
vt 0.405063271522522 0.5817672610282898
vt 0.4177215099334717 0.5817672610282898
vt 0.4303797483444214 0.5817672610282898
vt 0.4430379569530487 0.5817672610282898
vt 0.4556961953639984 0.5817672610282898
vt 0.4683544337749481 0.5817672610282898
vt 0.48101264238357544 0.5817672610282898
vt 0.49367088079452515 0.5817672610282898
vt 0.5063291192054749 0.5817672610282898
vt 0.5189873576164246 0.5817672610282898
vt 0.5316455960273743 0.5817672610282898
vt 0.5443037748336792 0.5817672610282898
vt 0.5569620132446289 0.5817672610282898
vt 0.5696202516555786 0.5817672610282898
vt 0.5822784900665283 0.5817672610282898
vt 0.594936728477478 0.5817672610282898
vt 0.6075949668884277 0.5817672610282898
vt 0.6202531456947327 0.5817672610282898
vt 0.6329113841056824 0.5817672610282898
vt 0.6455696225166321 0.5817672610282898
vt 0.658227801322937 0.5817672610282898
vt 0.6708860397338867 0.5817672610282898
vt 0.6835442781448364 0.5817672610282898
vt 0.6962025165557861 0.5817672610282898
vt 0.7088607549667358 0.5817672610282898
vt 0.7215189933776855 0.5817672610282898
vt 0.7341771721839905 0.5817672610282898
vt 0.7468354105949402 0.5817672610282898
vt 0.7594936490058899 0.5817672610282898
vt 0.7721518874168396 0.5817672610282898
vt 0.7848101258277893 0.5817672610282898
vt 0.797468364238739 0.5817672610282898
vt 0.810126543045044 0.5817672610282898
vt 0.8227847814559937 0.5817672610282898
vt 0.8354430198669434 0.5817672610282898
vt 0.8481012582778931 0.5817672610282898
vt 0.8607594966888428 0.5817672610282898
vt 0.8734177350997925 0.5817672610282898
vt 0.8860759139060974 0.5817672610282898
vt 0.8987341523170471 0.5817672610282898
vt 0.9113923907279968 0.5817672610282898
vt 0.9240506291389465 0.5817672610282898
vt 0.9367088675498962 0.5817672610282898
vt 0.949367105960846 0.5817672610282898
vt 0.9620252847671509 0.5817672610282898
vt 0.9746835231781006 0.5817672610282898
vt 0.9873417615890503 0.5817672610282898
vt 1 0.5817672610282898
vt 0 0.5944143533706665
vt 0.012658227235078812 0.5944143533706665
vt 0.025316454470157623 0.5944143533706665
vt 0.03797468543052673 0.5944143533706665
vt 0.05063290894031525 0.5944143533706665
vt 0.06329113990068436 0.5944143533706665
vt 0.07594937086105347 0.5944143533706665
vt 0.08860759437084198 0.5944143533706665
vt 0.1012658178806305 0.5944143533706665
vt 0.1139240488409996 0.5944143533706665
vt 0.1265822798013687 0.5944143533706665
vt 0.13924050331115723 0.5944143533706665
vt 0.15189874172210693 0.5944143533706665
vt 0.16455695033073425 0.5944143533706665
vt 0.17721518874168396 0.5944143533706665
vt 0.18987341225147247 0.5944143533706665
vt 0.202531635761261 0.5944143533706665
vt 0.2151898741722107 0.5944143533706665
vt 0.2278480976819992 0.5944143533706665
vt 0.24050632119178772 0.5944143533706665
vt 0.2531645596027374 0.5944143533706665
vt 0.26582279801368713 0.5944143533706665
vt 0.27848100662231445 0.5944143533706665
vt 0.29113924503326416 0.5944143533706665
vt 0.30379748344421387 0.5944143533706665
vt 0.3164556920528412 0.5944143533706665
vt 0.3291139006614685 0.5944143533706665
vt 0.3417721390724182 0.5944143533706665
vt 0.3544303774833679 0.5944143533706665
vt 0.36708858609199524 0.5944143533706665
vt 0.37974682450294495 0.5944143533706665
vt 0.39240506291389465 0.5944143533706665
vt 0.405063271522522 0.5944143533706665
vt 0.4177215099334717 0.5944143533706665
vt 0.4303797483444214 0.5944143533706665
vt 0.4430379569530487 0.5944143533706665
vt 0.4556961953639984 0.5944143533706665
vt 0.4683544337749481 0.5944143533706665
vt 0.48101264238357544 0.5944143533706665
vt 0.49367088079452515 0.5944143533706665
vt 0.5063291192054749 0.5944143533706665
vt 0.5189873576164246 0.5944143533706665
vt 0.5316455960273743 0.5944143533706665
vt 0.5443037748336792 0.5944143533706665
vt 0.5569620132446289 0.5944143533706665
vt 0.5696202516555786 0.5944143533706665
vt 0.5822784900665283 0.5944143533706665
vt 0.594936728477478 0.5944143533706665
vt 0.6075949668884277 0.5944143533706665
vt 0.6202531456947327 0.5944143533706665
vt 0.6329113841056824 0.5944143533706665
vt 0.6455696225166321 0.5944143533706665
vt 0.658227801322937 0.5944143533706665
vt 0.6708860397338867 0.5944143533706665
vt 0.6835442781448364 0.5944143533706665
vt 0.6962025165557861 0.5944143533706665
vt 0.7088607549667358 0.5944143533706665
vt 0.7215189933776855 0.5944143533706665
vt 0.7341771721839905 0.5944143533706665
vt 0.7468354105949402 0.5944143533706665
vt 0.7594936490058899 0.5944143533706665
vt 0.7721518874168396 0.5944143533706665
vt 0.7848101258277893 0.5944143533706665
vt 0.797468364238739 0.5944143533706665
vt 0.810126543045044 0.5944143533706665
vt 0.8227847814559937 0.5944143533706665
vt 0.8354430198669434 0.5944143533706665
vt 0.8481012582778931 0.5944143533706665
vt 0.8607594966888428 0.5944143533706665
vt 0.8734177350997925 0.5944143533706665
vt 0.8860759139060974 0.5944143533706665
vt 0.8987341523170471 0.5944143533706665
vt 0.9113923907279968 0.5944143533706665
vt 0.9240506291389465 0.5944143533706665
vt 0.9367088675498962 0.5944143533706665
vt 0.949367105960846 0.5944143533706665
vt 0.9620252847671509 0.5944143533706665
vt 0.9746835231781006 0.5944143533706665
vt 0.9873417615890503 0.5944143533706665
vt 1 0.5944143533706665
vt 0 0.607061505317688
vt 0.012658227235078812 0.607061505317688
vt 0.025316454470157623 0.607061505317688
vt 0.03797468543052673 0.607061505317688
vt 0.05063290894031525 0.607061505317688
vt 0.06329113990068436 0.607061505317688
vt 0.07594937086105347 0.607061505317688
vt 0.08860759437084198 0.607061505317688
vt 0.1012658178806305 0.607061505317688
vt 0.1139240488409996 0.607061505317688
vt 0.1265822798013687 0.607061505317688
vt 0.13924050331115723 0.607061505317688
vt 0.15189874172210693 0.607061505317688
vt 0.16455695033073425 0.607061505317688
vt 0.17721518874168396 0.607061505317688
vt 0.18987341225147247 0.607061505317688
vt 0.202531635761261 0.607061505317688
vt 0.2151898741722107 0.607061505317688
vt 0.2278480976819992 0.607061505317688
vt 0.24050632119178772 0.607061505317688
vt 0.2531645596027374 0.607061505317688
vt 0.26582279801368713 0.607061505317688
vt 0.27848100662231445 0.607061505317688
vt 0.29113924503326416 0.607061505317688
vt 0.30379748344421387 0.607061505317688
vt 0.3164556920528412 0.607061505317688
vt 0.3291139006614685 0.607061505317688
vt 0.3417721390724182 0.607061505317688
vt 0.3544303774833679 0.607061505317688
vt 0.36708858609199524 0.607061505317688
vt 0.37974682450294495 0.607061505317688
vt 0.39240506291389465 0.607061505317688
vt 0.405063271522522 0.607061505317688
vt 0.4177215099334717 0.607061505317688
vt 0.4303797483444214 0.607061505317688
vt 0.4430379569530487 0.607061505317688
vt 0.4556961953639984 0.607061505317688
vt 0.4683544337749481 0.607061505317688
vt 0.48101264238357544 0.607061505317688
vt 0.49367088079452515 0.607061505317688
vt 0.5063291192054749 0.607061505317688
vt 0.5189873576164246 0.607061505317688
vt 0.5316455960273743 0.607061505317688
vt 0.5443037748336792 0.607061505317688
vt 0.5569620132446289 0.607061505317688
vt 0.5696202516555786 0.607061505317688
vt 0.5822784900665283 0.607061505317688
vt 0.594936728477478 0.607061505317688
vt 0.6075949668884277 0.607061505317688
vt 0.6202531456947327 0.607061505317688
vt 0.6329113841056824 0.607061505317688
vt 0.6455696225166321 0.607061505317688
vt 0.658227801322937 0.607061505317688
vt 0.6708860397338867 0.607061505317688
vt 0.6835442781448364 0.607061505317688
vt 0.6962025165557861 0.607061505317688
vt 0.7088607549667358 0.607061505317688
vt 0.7215189933776855 0.607061505317688
vt 0.7341771721839905 0.607061505317688
vt 0.7468354105949402 0.607061505317688
vt 0.7594936490058899 0.607061505317688
vt 0.7721518874168396 0.607061505317688
vt 0.7848101258277893 0.607061505317688
vt 0.797468364238739 0.607061505317688
vt 0.810126543045044 0.607061505317688
vt 0.8227847814559937 0.607061505317688
vt 0.8354430198669434 0.607061505317688
vt 0.8481012582778931 0.607061505317688
vt 0.8607594966888428 0.607061505317688
vt 0.8734177350997925 0.607061505317688
vt 0.8860759139060974 0.607061505317688
vt 0.8987341523170471 0.607061505317688
vt 0.9113923907279968 0.607061505317688
vt 0.9240506291389465 0.607061505317688
vt 0.9367088675498962 0.607061505317688
vt 0.949367105960846 0.607061505317688
vt 0.9620252847671509 0.607061505317688
vt 0.9746835231781006 0.607061505317688
vt 0.9873417615890503 0.607061505317688
vt 1 0.607061505317688
vt 0 0.6197085976600647
vt 0.012658227235078812 0.6197085976600647
vt 0.025316454470157623 0.6197085976600647
vt 0.03797468543052673 0.6197085976600647
vt 0.05063290894031525 0.6197085976600647
vt 0.06329113990068436 0.6197085976600647
vt 0.07594937086105347 0.6197085976600647
vt 0.08860759437084198 0.6197085976600647
vt 0.1012658178806305 0.6197085976600647
vt 0.1139240488409996 0.6197085976600647
vt 0.1265822798013687 0.6197085976600647
vt 0.13924050331115723 0.6197085976600647
vt 0.15189874172210693 0.6197085976600647
vt 0.16455695033073425 0.6197085976600647
vt 0.17721518874168396 0.6197085976600647
vt 0.18987341225147247 0.6197085976600647
vt 0.202531635761261 0.6197085976600647
vt 0.2151898741722107 0.6197085976600647
vt 0.2278480976819992 0.6197085976600647
vt 0.24050632119178772 0.6197085976600647
vt 0.2531645596027374 0.6197085976600647
vt 0.26582279801368713 0.6197085976600647
vt 0.27848100662231445 0.6197085976600647
vt 0.29113924503326416 0.6197085976600647
vt 0.30379748344421387 0.6197085976600647
vt 0.3164556920528412 0.6197085976600647
vt 0.3291139006614685 0.6197085976600647
vt 0.3417721390724182 0.6197085976600647
vt 0.3544303774833679 0.6197085976600647
vt 0.36708858609199524 0.6197085976600647
vt 0.37974682450294495 0.6197085976600647
vt 0.39240506291389465 0.6197085976600647
vt 0.405063271522522 0.6197085976600647
vt 0.4177215099334717 0.6197085976600647
vt 0.4303797483444214 0.6197085976600647
vt 0.4430379569530487 0.6197085976600647
vt 0.4556961953639984 0.6197085976600647
vt 0.4683544337749481 0.6197085976600647
vt 0.48101264238357544 0.6197085976600647
vt 0.49367088079452515 0.6197085976600647
vt 0.5063291192054749 0.6197085976600647
vt 0.5189873576164246 0.6197085976600647
vt 0.5316455960273743 0.6197085976600647
vt 0.5443037748336792 0.6197085976600647
vt 0.5569620132446289 0.6197085976600647
vt 0.5696202516555786 0.6197085976600647
vt 0.5822784900665283 0.6197085976600647
vt 0.594936728477478 0.6197085976600647
vt 0.6075949668884277 0.6197085976600647
vt 0.6202531456947327 0.6197085976600647
vt 0.6329113841056824 0.6197085976600647
vt 0.6455696225166321 0.6197085976600647
vt 0.658227801322937 0.6197085976600647
vt 0.6708860397338867 0.6197085976600647
vt 0.6835442781448364 0.6197085976600647
vt 0.6962025165557861 0.6197085976600647
vt 0.7088607549667358 0.6197085976600647
vt 0.7215189933776855 0.6197085976600647
vt 0.7341771721839905 0.6197085976600647
vt 0.7468354105949402 0.6197085976600647
vt 0.7594936490058899 0.6197085976600647
vt 0.7721518874168396 0.6197085976600647
vt 0.7848101258277893 0.6197085976600647
vt 0.797468364238739 0.6197085976600647
vt 0.810126543045044 0.6197085976600647
vt 0.8227847814559937 0.6197085976600647
vt 0.8354430198669434 0.6197085976600647
vt 0.8481012582778931 0.6197085976600647
vt 0.8607594966888428 0.6197085976600647
vt 0.8734177350997925 0.6197085976600647
vt 0.8860759139060974 0.6197085976600647
vt 0.8987341523170471 0.6197085976600647
vt 0.9113923907279968 0.6197085976600647
vt 0.9240506291389465 0.6197085976600647
vt 0.9367088675498962 0.6197085976600647
vt 0.949367105960846 0.6197085976600647
vt 0.9620252847671509 0.6197085976600647
vt 0.9746835231781006 0.6197085976600647
vt 0.9873417615890503 0.6197085976600647
vt 1 0.6197085976600647
vt 0 0.6323557496070862
vt 0.012658227235078812 0.6323557496070862
vt 0.025316454470157623 0.6323557496070862
vt 0.03797468543052673 0.6323557496070862
vt 0.05063290894031525 0.6323557496070862
vt 0.06329113990068436 0.6323557496070862
vt 0.07594937086105347 0.6323557496070862
vt 0.08860759437084198 0.6323557496070862
vt 0.1012658178806305 0.6323557496070862
vt 0.1139240488409996 0.6323557496070862
vt 0.1265822798013687 0.6323557496070862
vt 0.13924050331115723 0.6323557496070862
vt 0.15189874172210693 0.6323557496070862
vt 0.16455695033073425 0.6323557496070862
vt 0.17721518874168396 0.6323557496070862
vt 0.18987341225147247 0.6323557496070862
vt 0.202531635761261 0.6323557496070862
vt 0.2151898741722107 0.6323557496070862
vt 0.2278480976819992 0.6323557496070862
vt 0.24050632119178772 0.6323557496070862
vt 0.2531645596027374 0.6323557496070862
vt 0.26582279801368713 0.6323557496070862
vt 0.27848100662231445 0.6323557496070862
vt 0.29113924503326416 0.6323557496070862
vt 0.30379748344421387 0.6323557496070862
vt 0.3164556920528412 0.6323557496070862
vt 0.3291139006614685 0.6323557496070862
vt 0.3417721390724182 0.6323557496070862
vt 0.3544303774833679 0.6323557496070862
vt 0.36708858609199524 0.6323557496070862
vt 0.37974682450294495 0.6323557496070862
vt 0.39240506291389465 0.6323557496070862
vt 0.405063271522522 0.6323557496070862
vt 0.4177215099334717 0.6323557496070862
vt 0.4303797483444214 0.6323557496070862
vt 0.4430379569530487 0.6323557496070862
vt 0.4556961953639984 0.6323557496070862
vt 0.4683544337749481 0.6323557496070862
vt 0.48101264238357544 0.6323557496070862
vt 0.49367088079452515 0.6323557496070862
vt 0.5063291192054749 0.6323557496070862
vt 0.5189873576164246 0.6323557496070862
vt 0.5316455960273743 0.6323557496070862
vt 0.5443037748336792 0.6323557496070862
vt 0.5569620132446289 0.6323557496070862
vt 0.5696202516555786 0.6323557496070862
vt 0.5822784900665283 0.6323557496070862
vt 0.594936728477478 0.6323557496070862
vt 0.6075949668884277 0.6323557496070862
vt 0.6202531456947327 0.6323557496070862
vt 0.6329113841056824 0.6323557496070862
vt 0.6455696225166321 0.6323557496070862
vt 0.658227801322937 0.6323557496070862
vt 0.6708860397338867 0.6323557496070862
vt 0.6835442781448364 0.6323557496070862
vt 0.6962025165557861 0.6323557496070862
vt 0.7088607549667358 0.6323557496070862
vt 0.7215189933776855 0.6323557496070862
vt 0.7341771721839905 0.6323557496070862
vt 0.7468354105949402 0.6323557496070862
vt 0.7594936490058899 0.6323557496070862
vt 0.7721518874168396 0.6323557496070862
vt 0.7848101258277893 0.6323557496070862
vt 0.797468364238739 0.6323557496070862
vt 0.810126543045044 0.6323557496070862
vt 0.8227847814559937 0.6323557496070862
vt 0.8354430198669434 0.6323557496070862
vt 0.8481012582778931 0.6323557496070862
vt 0.8607594966888428 0.6323557496070862
vt 0.8734177350997925 0.6323557496070862
vt 0.8860759139060974 0.6323557496070862
vt 0.8987341523170471 0.6323557496070862
vt 0.9113923907279968 0.6323557496070862
vt 0.9240506291389465 0.6323557496070862
vt 0.9367088675498962 0.6323557496070862
vt 0.949367105960846 0.6323557496070862
vt 0.9620252847671509 0.6323557496070862
vt 0.9746835231781006 0.6323557496070862
vt 0.9873417615890503 0.6323557496070862
vt 1 0.6323557496070862
vt 0 0.6450028419494629
vt 0.012658227235078812 0.6450028419494629
vt 0.025316454470157623 0.6450028419494629
vt 0.03797468543052673 0.6450028419494629
vt 0.05063290894031525 0.6450028419494629
vt 0.06329113990068436 0.6450028419494629
vt 0.07594937086105347 0.6450028419494629
vt 0.08860759437084198 0.6450028419494629
vt 0.1012658178806305 0.6450028419494629
vt 0.1139240488409996 0.6450028419494629
vt 0.1265822798013687 0.6450028419494629
vt 0.13924050331115723 0.6450028419494629
vt 0.15189874172210693 0.6450028419494629
vt 0.16455695033073425 0.6450028419494629
vt 0.17721518874168396 0.6450028419494629
vt 0.18987341225147247 0.6450028419494629
vt 0.202531635761261 0.6450028419494629
vt 0.2151898741722107 0.6450028419494629
vt 0.2278480976819992 0.6450028419494629
vt 0.24050632119178772 0.6450028419494629
vt 0.2531645596027374 0.6450028419494629
vt 0.26582279801368713 0.6450028419494629
vt 0.27848100662231445 0.6450028419494629
vt 0.29113924503326416 0.6450028419494629
vt 0.30379748344421387 0.6450028419494629
vt 0.3164556920528412 0.6450028419494629
vt 0.3291139006614685 0.6450028419494629
vt 0.3417721390724182 0.6450028419494629
vt 0.3544303774833679 0.6450028419494629
vt 0.36708858609199524 0.6450028419494629
vt 0.37974682450294495 0.6450028419494629
vt 0.39240506291389465 0.6450028419494629
vt 0.405063271522522 0.6450028419494629
vt 0.4177215099334717 0.6450028419494629
vt 0.4303797483444214 0.6450028419494629
vt 0.4430379569530487 0.6450028419494629
vt 0.4556961953639984 0.6450028419494629
vt 0.4683544337749481 0.6450028419494629
vt 0.48101264238357544 0.6450028419494629
vt 0.49367088079452515 0.6450028419494629
vt 0.5063291192054749 0.6450028419494629
vt 0.5189873576164246 0.6450028419494629
vt 0.5316455960273743 0.6450028419494629
vt 0.5443037748336792 0.6450028419494629
vt 0.5569620132446289 0.6450028419494629
vt 0.5696202516555786 0.6450028419494629
vt 0.5822784900665283 0.6450028419494629
vt 0.594936728477478 0.6450028419494629
vt 0.6075949668884277 0.6450028419494629
vt 0.6202531456947327 0.6450028419494629
vt 0.6329113841056824 0.6450028419494629
vt 0.6455696225166321 0.6450028419494629
vt 0.658227801322937 0.6450028419494629
vt 0.6708860397338867 0.6450028419494629
vt 0.6835442781448364 0.6450028419494629
vt 0.6962025165557861 0.6450028419494629
vt 0.7088607549667358 0.6450028419494629
vt 0.7215189933776855 0.6450028419494629
vt 0.7341771721839905 0.6450028419494629
vt 0.7468354105949402 0.6450028419494629
vt 0.7594936490058899 0.6450028419494629
vt 0.7721518874168396 0.6450028419494629
vt 0.7848101258277893 0.6450028419494629
vt 0.797468364238739 0.6450028419494629
vt 0.810126543045044 0.6450028419494629
vt 0.8227847814559937 0.6450028419494629
vt 0.8354430198669434 0.6450028419494629
vt 0.8481012582778931 0.6450028419494629
vt 0.8607594966888428 0.6450028419494629
vt 0.8734177350997925 0.6450028419494629
vt 0.8860759139060974 0.6450028419494629
vt 0.8987341523170471 0.6450028419494629
vt 0.9113923907279968 0.6450028419494629
vt 0.9240506291389465 0.6450028419494629
vt 0.9367088675498962 0.6450028419494629
vt 0.949367105960846 0.6450028419494629
vt 0.9620252847671509 0.6450028419494629
vt 0.9746835231781006 0.6450028419494629
vt 0.9873417615890503 0.6450028419494629
vt 1 0.6450028419494629
vt 0 0.6576499342918396
vt 0.012658227235078812 0.6576499342918396
vt 0.025316454470157623 0.6576499342918396
vt 0.03797468543052673 0.6576499342918396
vt 0.05063290894031525 0.6576499342918396
vt 0.06329113990068436 0.6576499342918396
vt 0.07594937086105347 0.6576499342918396
vt 0.08860759437084198 0.6576499342918396
vt 0.1012658178806305 0.6576499342918396
vt 0.1139240488409996 0.6576499342918396
vt 0.1265822798013687 0.6576499342918396
vt 0.13924050331115723 0.6576499342918396
vt 0.15189874172210693 0.6576499342918396
vt 0.16455695033073425 0.6576499342918396
vt 0.17721518874168396 0.6576499342918396
vt 0.18987341225147247 0.6576499342918396
vt 0.202531635761261 0.6576499342918396
vt 0.2151898741722107 0.6576499342918396
vt 0.2278480976819992 0.6576499342918396
vt 0.24050632119178772 0.6576499342918396
vt 0.2531645596027374 0.6576499342918396
vt 0.26582279801368713 0.6576499342918396
vt 0.27848100662231445 0.6576499342918396
vt 0.29113924503326416 0.6576499342918396
vt 0.30379748344421387 0.6576499342918396
vt 0.3164556920528412 0.6576499342918396
vt 0.3291139006614685 0.6576499342918396
vt 0.3417721390724182 0.6576499342918396
vt 0.3544303774833679 0.6576499342918396
vt 0.36708858609199524 0.6576499342918396
vt 0.37974682450294495 0.6576499342918396
vt 0.39240506291389465 0.6576499342918396
vt 0.405063271522522 0.6576499342918396
vt 0.4177215099334717 0.6576499342918396
vt 0.4303797483444214 0.6576499342918396
vt 0.4430379569530487 0.6576499342918396
vt 0.4556961953639984 0.6576499342918396
vt 0.4683544337749481 0.6576499342918396
vt 0.48101264238357544 0.6576499342918396
vt 0.49367088079452515 0.6576499342918396
vt 0.5063291192054749 0.6576499342918396
vt 0.5189873576164246 0.6576499342918396
vt 0.5316455960273743 0.6576499342918396
vt 0.5443037748336792 0.6576499342918396
vt 0.5569620132446289 0.6576499342918396
vt 0.5696202516555786 0.6576499342918396
vt 0.5822784900665283 0.6576499342918396
vt 0.594936728477478 0.6576499342918396
vt 0.6075949668884277 0.6576499342918396
vt 0.6202531456947327 0.6576499342918396
vt 0.6329113841056824 0.6576499342918396
vt 0.6455696225166321 0.6576499342918396
vt 0.658227801322937 0.6576499342918396
vt 0.6708860397338867 0.6576499342918396
vt 0.6835442781448364 0.6576499342918396
vt 0.6962025165557861 0.6576499342918396
vt 0.7088607549667358 0.6576499342918396
vt 0.7215189933776855 0.6576499342918396
vt 0.7341771721839905 0.6576499342918396
vt 0.7468354105949402 0.6576499342918396
vt 0.7594936490058899 0.6576499342918396
vt 0.7721518874168396 0.6576499342918396
vt 0.7848101258277893 0.6576499342918396
vt 0.797468364238739 0.6576499342918396
vt 0.810126543045044 0.6576499342918396
vt 0.8227847814559937 0.6576499342918396
vt 0.8354430198669434 0.6576499342918396
vt 0.8481012582778931 0.6576499342918396
vt 0.8607594966888428 0.6576499342918396
vt 0.8734177350997925 0.6576499342918396
vt 0.8860759139060974 0.6576499342918396
vt 0.8987341523170471 0.6576499342918396
vt 0.9113923907279968 0.6576499342918396
vt 0.9240506291389465 0.6576499342918396
vt 0.9367088675498962 0.6576499342918396
vt 0.949367105960846 0.6576499342918396
vt 0.9620252847671509 0.6576499342918396
vt 0.9746835231781006 0.6576499342918396
vt 0.9873417615890503 0.6576499342918396
vt 1 0.6576499342918396
vt 0 0.6702970862388611
vt 0.012658227235078812 0.6702970862388611
vt 0.025316454470157623 0.6702970862388611
vt 0.03797468543052673 0.6702970862388611
vt 0.05063290894031525 0.6702970862388611
vt 0.06329113990068436 0.6702970862388611
vt 0.07594937086105347 0.6702970862388611
vt 0.08860759437084198 0.6702970862388611
vt 0.1012658178806305 0.6702970862388611
vt 0.1139240488409996 0.6702970862388611
vt 0.1265822798013687 0.6702970862388611
vt 0.13924050331115723 0.6702970862388611
vt 0.15189874172210693 0.6702970862388611
vt 0.16455695033073425 0.6702970862388611
vt 0.17721518874168396 0.6702970862388611
vt 0.18987341225147247 0.6702970862388611
vt 0.202531635761261 0.6702970862388611
vt 0.2151898741722107 0.6702970862388611
vt 0.2278480976819992 0.6702970862388611
vt 0.24050632119178772 0.6702970862388611
vt 0.2531645596027374 0.6702970862388611
vt 0.26582279801368713 0.6702970862388611
vt 0.27848100662231445 0.6702970862388611
vt 0.29113924503326416 0.6702970862388611
vt 0.30379748344421387 0.6702970862388611
vt 0.3164556920528412 0.6702970862388611
vt 0.3291139006614685 0.6702970862388611
vt 0.3417721390724182 0.6702970862388611
vt 0.3544303774833679 0.6702970862388611
vt 0.36708858609199524 0.6702970862388611
vt 0.37974682450294495 0.6702970862388611
vt 0.39240506291389465 0.6702970862388611
vt 0.405063271522522 0.6702970862388611
vt 0.4177215099334717 0.6702970862388611
vt 0.4303797483444214 0.6702970862388611
vt 0.4430379569530487 0.6702970862388611
vt 0.4556961953639984 0.6702970862388611
vt 0.4683544337749481 0.6702970862388611
vt 0.48101264238357544 0.6702970862388611
vt 0.49367088079452515 0.6702970862388611
vt 0.5063291192054749 0.6702970862388611
vt 0.5189873576164246 0.6702970862388611
vt 0.5316455960273743 0.6702970862388611
vt 0.5443037748336792 0.6702970862388611
vt 0.5569620132446289 0.6702970862388611
vt 0.5696202516555786 0.6702970862388611
vt 0.5822784900665283 0.6702970862388611
vt 0.594936728477478 0.6702970862388611
vt 0.6075949668884277 0.6702970862388611
vt 0.6202531456947327 0.6702970862388611
vt 0.6329113841056824 0.6702970862388611
vt 0.6455696225166321 0.6702970862388611
vt 0.658227801322937 0.6702970862388611
vt 0.6708860397338867 0.6702970862388611
vt 0.6835442781448364 0.6702970862388611
vt 0.6962025165557861 0.6702970862388611
vt 0.7088607549667358 0.6702970862388611
vt 0.7215189933776855 0.6702970862388611
vt 0.7341771721839905 0.6702970862388611
vt 0.7468354105949402 0.6702970862388611
vt 0.7594936490058899 0.6702970862388611
vt 0.7721518874168396 0.6702970862388611
vt 0.7848101258277893 0.6702970862388611
vt 0.797468364238739 0.6702970862388611
vt 0.810126543045044 0.6702970862388611
vt 0.8227847814559937 0.6702970862388611
vt 0.8354430198669434 0.6702970862388611
vt 0.8481012582778931 0.6702970862388611
vt 0.8607594966888428 0.6702970862388611
vt 0.8734177350997925 0.6702970862388611
vt 0.8860759139060974 0.6702970862388611
vt 0.8987341523170471 0.6702970862388611
vt 0.9113923907279968 0.6702970862388611
vt 0.9240506291389465 0.6702970862388611
vt 0.9367088675498962 0.6702970862388611
vt 0.949367105960846 0.6702970862388611
vt 0.9620252847671509 0.6702970862388611
vt 0.9746835231781006 0.6702970862388611
vt 0.9873417615890503 0.6702970862388611
vt 1 0.6702970862388611
vt 0 0.6829441785812378
vt 0.012658227235078812 0.6829441785812378
vt 0.025316454470157623 0.6829441785812378
vt 0.03797468543052673 0.6829441785812378
vt 0.05063290894031525 0.6829441785812378
vt 0.06329113990068436 0.6829441785812378
vt 0.07594937086105347 0.6829441785812378
vt 0.08860759437084198 0.6829441785812378
vt 0.1012658178806305 0.6829441785812378
vt 0.1139240488409996 0.6829441785812378
vt 0.1265822798013687 0.6829441785812378
vt 0.13924050331115723 0.6829441785812378
vt 0.15189874172210693 0.6829441785812378
vt 0.16455695033073425 0.6829441785812378
vt 0.17721518874168396 0.6829441785812378
vt 0.18987341225147247 0.6829441785812378
vt 0.202531635761261 0.6829441785812378
vt 0.2151898741722107 0.6829441785812378
vt 0.2278480976819992 0.6829441785812378
vt 0.24050632119178772 0.6829441785812378
vt 0.2531645596027374 0.6829441785812378
vt 0.26582279801368713 0.6829441785812378
vt 0.27848100662231445 0.6829441785812378
vt 0.29113924503326416 0.6829441785812378
vt 0.30379748344421387 0.6829441785812378
vt 0.3164556920528412 0.6829441785812378
vt 0.3291139006614685 0.6829441785812378
vt 0.3417721390724182 0.6829441785812378
vt 0.3544303774833679 0.6829441785812378
vt 0.36708858609199524 0.6829441785812378
vt 0.37974682450294495 0.6829441785812378
vt 0.39240506291389465 0.6829441785812378
vt 0.405063271522522 0.6829441785812378
vt 0.4177215099334717 0.6829441785812378
vt 0.4303797483444214 0.6829441785812378
vt 0.4430379569530487 0.6829441785812378
vt 0.4556961953639984 0.6829441785812378
vt 0.4683544337749481 0.6829441785812378
vt 0.48101264238357544 0.6829441785812378
vt 0.49367088079452515 0.6829441785812378
vt 0.5063291192054749 0.6829441785812378
vt 0.5189873576164246 0.6829441785812378
vt 0.5316455960273743 0.6829441785812378
vt 0.5443037748336792 0.6829441785812378
vt 0.5569620132446289 0.6829441785812378
vt 0.5696202516555786 0.6829441785812378
vt 0.5822784900665283 0.6829441785812378
vt 0.594936728477478 0.6829441785812378
vt 0.6075949668884277 0.6829441785812378
vt 0.6202531456947327 0.6829441785812378
vt 0.6329113841056824 0.6829441785812378
vt 0.6455696225166321 0.6829441785812378
vt 0.658227801322937 0.6829441785812378
vt 0.6708860397338867 0.6829441785812378
vt 0.6835442781448364 0.6829441785812378
vt 0.6962025165557861 0.6829441785812378
vt 0.7088607549667358 0.6829441785812378
vt 0.7215189933776855 0.6829441785812378
vt 0.7341771721839905 0.6829441785812378
vt 0.7468354105949402 0.6829441785812378
vt 0.7594936490058899 0.6829441785812378
vt 0.7721518874168396 0.6829441785812378
vt 0.7848101258277893 0.6829441785812378
vt 0.797468364238739 0.6829441785812378
vt 0.810126543045044 0.6829441785812378
vt 0.8227847814559937 0.6829441785812378
vt 0.8354430198669434 0.6829441785812378
vt 0.8481012582778931 0.6829441785812378
vt 0.8607594966888428 0.6829441785812378
vt 0.8734177350997925 0.6829441785812378
vt 0.8860759139060974 0.6829441785812378
vt 0.8987341523170471 0.6829441785812378
vt 0.9113923907279968 0.6829441785812378
vt 0.9240506291389465 0.6829441785812378
vt 0.9367088675498962 0.6829441785812378
vt 0.949367105960846 0.6829441785812378
vt 0.9620252847671509 0.6829441785812378
vt 0.9746835231781006 0.6829441785812378
vt 0.9873417615890503 0.6829441785812378
vt 1 0.6829441785812378
vt 0 0.6955913305282593
vt 0.012658227235078812 0.6955913305282593
vt 0.025316454470157623 0.6955913305282593
vt 0.03797468543052673 0.6955913305282593
vt 0.05063290894031525 0.6955913305282593
vt 0.06329113990068436 0.6955913305282593
vt 0.07594937086105347 0.6955913305282593
vt 0.08860759437084198 0.6955913305282593
vt 0.1012658178806305 0.6955913305282593
vt 0.1139240488409996 0.6955913305282593
vt 0.1265822798013687 0.6955913305282593
vt 0.13924050331115723 0.6955913305282593
vt 0.15189874172210693 0.6955913305282593
vt 0.16455695033073425 0.6955913305282593
vt 0.17721518874168396 0.6955913305282593
vt 0.18987341225147247 0.6955913305282593
vt 0.202531635761261 0.6955913305282593
vt 0.2151898741722107 0.6955913305282593
vt 0.2278480976819992 0.6955913305282593
vt 0.24050632119178772 0.6955913305282593
vt 0.2531645596027374 0.6955913305282593
vt 0.26582279801368713 0.6955913305282593
vt 0.27848100662231445 0.6955913305282593
vt 0.29113924503326416 0.6955913305282593
vt 0.30379748344421387 0.6955913305282593
vt 0.3164556920528412 0.6955913305282593
vt 0.3291139006614685 0.6955913305282593
vt 0.3417721390724182 0.6955913305282593
vt 0.3544303774833679 0.6955913305282593
vt 0.36708858609199524 0.6955913305282593
vt 0.37974682450294495 0.6955913305282593
vt 0.39240506291389465 0.6955913305282593
vt 0.405063271522522 0.6955913305282593
vt 0.4177215099334717 0.6955913305282593
vt 0.4303797483444214 0.6955913305282593
vt 0.4430379569530487 0.6955913305282593
vt 0.4556961953639984 0.6955913305282593
vt 0.4683544337749481 0.6955913305282593
vt 0.48101264238357544 0.6955913305282593
vt 0.49367088079452515 0.6955913305282593
vt 0.5063291192054749 0.6955913305282593
vt 0.5189873576164246 0.6955913305282593
vt 0.5316455960273743 0.6955913305282593
vt 0.5443037748336792 0.6955913305282593
vt 0.5569620132446289 0.6955913305282593
vt 0.5696202516555786 0.6955913305282593
vt 0.5822784900665283 0.6955913305282593
vt 0.594936728477478 0.6955913305282593
vt 0.6075949668884277 0.6955913305282593
vt 0.6202531456947327 0.6955913305282593
vt 0.6329113841056824 0.6955913305282593
vt 0.6455696225166321 0.6955913305282593
vt 0.658227801322937 0.6955913305282593
vt 0.6708860397338867 0.6955913305282593
vt 0.6835442781448364 0.6955913305282593
vt 0.6962025165557861 0.6955913305282593
vt 0.7088607549667358 0.6955913305282593
vt 0.7215189933776855 0.6955913305282593
vt 0.7341771721839905 0.6955913305282593
vt 0.7468354105949402 0.6955913305282593
vt 0.7594936490058899 0.6955913305282593
vt 0.7721518874168396 0.6955913305282593
vt 0.7848101258277893 0.6955913305282593
vt 0.797468364238739 0.6955913305282593
vt 0.810126543045044 0.6955913305282593
vt 0.8227847814559937 0.6955913305282593
vt 0.8354430198669434 0.6955913305282593
vt 0.8481012582778931 0.6955913305282593
vt 0.8607594966888428 0.6955913305282593
vt 0.8734177350997925 0.6955913305282593
vt 0.8860759139060974 0.6955913305282593
vt 0.8987341523170471 0.6955913305282593
vt 0.9113923907279968 0.6955913305282593
vt 0.9240506291389465 0.6955913305282593
vt 0.9367088675498962 0.6955913305282593
vt 0.949367105960846 0.6955913305282593
vt 0.9620252847671509 0.6955913305282593
vt 0.9746835231781006 0.6955913305282593
vt 0.9873417615890503 0.6955913305282593
vt 1 0.6955913305282593
vt 0 0.708238422870636
vt 0.012658227235078812 0.708238422870636
vt 0.025316454470157623 0.708238422870636
vt 0.03797468543052673 0.708238422870636
vt 0.05063290894031525 0.708238422870636
vt 0.06329113990068436 0.708238422870636
vt 0.07594937086105347 0.708238422870636
vt 0.08860759437084198 0.708238422870636
vt 0.1012658178806305 0.708238422870636
vt 0.1139240488409996 0.708238422870636
vt 0.1265822798013687 0.708238422870636
vt 0.13924050331115723 0.708238422870636
vt 0.15189874172210693 0.708238422870636
vt 0.16455695033073425 0.708238422870636
vt 0.17721518874168396 0.708238422870636
vt 0.18987341225147247 0.708238422870636
vt 0.202531635761261 0.708238422870636
vt 0.2151898741722107 0.708238422870636
vt 0.2278480976819992 0.708238422870636
vt 0.24050632119178772 0.708238422870636
vt 0.2531645596027374 0.708238422870636
vt 0.26582279801368713 0.708238422870636
vt 0.27848100662231445 0.708238422870636
vt 0.29113924503326416 0.708238422870636
vt 0.30379748344421387 0.708238422870636
vt 0.3164556920528412 0.708238422870636
vt 0.3291139006614685 0.708238422870636
vt 0.3417721390724182 0.708238422870636
vt 0.3544303774833679 0.708238422870636
vt 0.36708858609199524 0.708238422870636
vt 0.37974682450294495 0.708238422870636
vt 0.39240506291389465 0.708238422870636
vt 0.405063271522522 0.708238422870636
vt 0.4177215099334717 0.708238422870636
vt 0.4303797483444214 0.708238422870636
vt 0.4430379569530487 0.708238422870636
vt 0.4556961953639984 0.708238422870636
vt 0.4683544337749481 0.708238422870636
vt 0.48101264238357544 0.708238422870636
vt 0.49367088079452515 0.708238422870636
vt 0.5063291192054749 0.708238422870636
vt 0.5189873576164246 0.708238422870636
vt 0.5316455960273743 0.708238422870636
vt 0.5443037748336792 0.708238422870636
vt 0.5569620132446289 0.708238422870636
vt 0.5696202516555786 0.708238422870636
vt 0.5822784900665283 0.708238422870636
vt 0.594936728477478 0.708238422870636
vt 0.6075949668884277 0.708238422870636
vt 0.6202531456947327 0.708238422870636
vt 0.6329113841056824 0.708238422870636
vt 0.6455696225166321 0.708238422870636
vt 0.658227801322937 0.708238422870636
vt 0.6708860397338867 0.708238422870636
vt 0.6835442781448364 0.708238422870636
vt 0.6962025165557861 0.708238422870636
vt 0.7088607549667358 0.708238422870636
vt 0.7215189933776855 0.708238422870636
vt 0.7341771721839905 0.708238422870636
vt 0.7468354105949402 0.708238422870636
vt 0.7594936490058899 0.708238422870636
vt 0.7721518874168396 0.708238422870636
vt 0.7848101258277893 0.708238422870636
vt 0.797468364238739 0.708238422870636
vt 0.810126543045044 0.708238422870636
vt 0.8227847814559937 0.708238422870636
vt 0.8354430198669434 0.708238422870636
vt 0.8481012582778931 0.708238422870636
vt 0.8607594966888428 0.708238422870636
vt 0.8734177350997925 0.708238422870636
vt 0.8860759139060974 0.708238422870636
vt 0.8987341523170471 0.708238422870636
vt 0.9113923907279968 0.708238422870636
vt 0.9240506291389465 0.708238422870636
vt 0.9367088675498962 0.708238422870636
vt 0.949367105960846 0.708238422870636
vt 0.9620252847671509 0.708238422870636
vt 0.9746835231781006 0.708238422870636
vt 0.9873417615890503 0.708238422870636
vt 1 0.708238422870636
vt 0 0.7208855152130127
vt 0.012658227235078812 0.7208855152130127
vt 0.025316454470157623 0.7208855152130127
vt 0.03797468543052673 0.7208855152130127
vt 0.05063290894031525 0.7208855152130127
vt 0.06329113990068436 0.7208855152130127
vt 0.07594937086105347 0.7208855152130127
vt 0.08860759437084198 0.7208855152130127
vt 0.1012658178806305 0.7208855152130127
vt 0.1139240488409996 0.7208855152130127
vt 0.1265822798013687 0.7208855152130127
vt 0.13924050331115723 0.7208855152130127
vt 0.15189874172210693 0.7208855152130127
vt 0.16455695033073425 0.7208855152130127
vt 0.17721518874168396 0.7208855152130127
vt 0.18987341225147247 0.7208855152130127
vt 0.202531635761261 0.7208855152130127
vt 0.2151898741722107 0.7208855152130127
vt 0.2278480976819992 0.7208855152130127
vt 0.24050632119178772 0.7208855152130127
vt 0.2531645596027374 0.7208855152130127
vt 0.26582279801368713 0.7208855152130127
vt 0.27848100662231445 0.7208855152130127
vt 0.29113924503326416 0.7208855152130127
vt 0.30379748344421387 0.7208855152130127
vt 0.3164556920528412 0.7208855152130127
vt 0.3291139006614685 0.7208855152130127
vt 0.3417721390724182 0.7208855152130127
vt 0.3544303774833679 0.7208855152130127
vt 0.36708858609199524 0.7208855152130127
vt 0.37974682450294495 0.7208855152130127
vt 0.39240506291389465 0.7208855152130127
vt 0.405063271522522 0.7208855152130127
vt 0.4177215099334717 0.7208855152130127
vt 0.4303797483444214 0.7208855152130127
vt 0.4430379569530487 0.7208855152130127
vt 0.4556961953639984 0.7208855152130127
vt 0.4683544337749481 0.7208855152130127
vt 0.48101264238357544 0.7208855152130127
vt 0.49367088079452515 0.7208855152130127
vt 0.5063291192054749 0.7208855152130127
vt 0.5189873576164246 0.7208855152130127
vt 0.5316455960273743 0.7208855152130127
vt 0.5443037748336792 0.7208855152130127
vt 0.5569620132446289 0.7208855152130127
vt 0.5696202516555786 0.7208855152130127
vt 0.5822784900665283 0.7208855152130127
vt 0.594936728477478 0.7208855152130127
vt 0.6075949668884277 0.7208855152130127
vt 0.6202531456947327 0.7208855152130127
vt 0.6329113841056824 0.7208855152130127
vt 0.6455696225166321 0.7208855152130127
vt 0.658227801322937 0.7208855152130127
vt 0.6708860397338867 0.7208855152130127
vt 0.6835442781448364 0.7208855152130127
vt 0.6962025165557861 0.7208855152130127
vt 0.7088607549667358 0.7208855152130127
vt 0.7215189933776855 0.7208855152130127
vt 0.7341771721839905 0.7208855152130127
vt 0.7468354105949402 0.7208855152130127
vt 0.7594936490058899 0.7208855152130127
vt 0.7721518874168396 0.7208855152130127
vt 0.7848101258277893 0.7208855152130127
vt 0.797468364238739 0.7208855152130127
vt 0.810126543045044 0.7208855152130127
vt 0.8227847814559937 0.7208855152130127
vt 0.8354430198669434 0.7208855152130127
vt 0.8481012582778931 0.7208855152130127
vt 0.8607594966888428 0.7208855152130127
vt 0.8734177350997925 0.7208855152130127
vt 0.8860759139060974 0.7208855152130127
vt 0.8987341523170471 0.7208855152130127
vt 0.9113923907279968 0.7208855152130127
vt 0.9240506291389465 0.7208855152130127
vt 0.9367088675498962 0.7208855152130127
vt 0.949367105960846 0.7208855152130127
vt 0.9620252847671509 0.7208855152130127
vt 0.9746835231781006 0.7208855152130127
vt 0.9873417615890503 0.7208855152130127
vt 1 0.7208855152130127
vt 0 0.7335326075553894
vt 0.012658227235078812 0.7335326075553894
vt 0.025316454470157623 0.7335326075553894
vt 0.03797468543052673 0.7335326075553894
vt 0.05063290894031525 0.7335326075553894
vt 0.06329113990068436 0.7335326075553894
vt 0.07594937086105347 0.7335326075553894
vt 0.08860759437084198 0.7335326075553894
vt 0.1012658178806305 0.7335326075553894
vt 0.1139240488409996 0.7335326075553894
vt 0.1265822798013687 0.7335326075553894
vt 0.13924050331115723 0.7335326075553894
vt 0.15189874172210693 0.7335326075553894
vt 0.16455695033073425 0.7335326075553894
vt 0.17721518874168396 0.7335326075553894
vt 0.18987341225147247 0.7335326075553894
vt 0.202531635761261 0.7335326075553894
vt 0.2151898741722107 0.7335326075553894
vt 0.2278480976819992 0.7335326075553894
vt 0.24050632119178772 0.7335326075553894
vt 0.2531645596027374 0.7335326075553894
vt 0.26582279801368713 0.7335326075553894
vt 0.27848100662231445 0.7335326075553894
vt 0.29113924503326416 0.7335326075553894
vt 0.30379748344421387 0.7335326075553894
vt 0.3164556920528412 0.7335326075553894
vt 0.3291139006614685 0.7335326075553894
vt 0.3417721390724182 0.7335326075553894
vt 0.3544303774833679 0.7335326075553894
vt 0.36708858609199524 0.7335326075553894
vt 0.37974682450294495 0.7335326075553894
vt 0.39240506291389465 0.7335326075553894
vt 0.405063271522522 0.7335326075553894
vt 0.4177215099334717 0.7335326075553894
vt 0.4303797483444214 0.7335326075553894
vt 0.4430379569530487 0.7335326075553894
vt 0.4556961953639984 0.7335326075553894
vt 0.4683544337749481 0.7335326075553894
vt 0.48101264238357544 0.7335326075553894
vt 0.49367088079452515 0.7335326075553894
vt 0.5063291192054749 0.7335326075553894
vt 0.5189873576164246 0.7335326075553894
vt 0.5316455960273743 0.7335326075553894
vt 0.5443037748336792 0.7335326075553894
vt 0.5569620132446289 0.7335326075553894
vt 0.5696202516555786 0.7335326075553894
vt 0.5822784900665283 0.7335326075553894
vt 0.594936728477478 0.7335326075553894
vt 0.6075949668884277 0.7335326075553894
vt 0.6202531456947327 0.7335326075553894
vt 0.6329113841056824 0.7335326075553894
vt 0.6455696225166321 0.7335326075553894
vt 0.658227801322937 0.7335326075553894
vt 0.6708860397338867 0.7335326075553894
vt 0.6835442781448364 0.7335326075553894
vt 0.6962025165557861 0.7335326075553894
vt 0.7088607549667358 0.7335326075553894
vt 0.7215189933776855 0.7335326075553894
vt 0.7341771721839905 0.7335326075553894
vt 0.7468354105949402 0.7335326075553894
vt 0.7594936490058899 0.7335326075553894
vt 0.7721518874168396 0.7335326075553894
vt 0.7848101258277893 0.7335326075553894
vt 0.797468364238739 0.7335326075553894
vt 0.810126543045044 0.7335326075553894
vt 0.8227847814559937 0.7335326075553894
vt 0.8354430198669434 0.7335326075553894
vt 0.8481012582778931 0.7335326075553894
vt 0.8607594966888428 0.7335326075553894
vt 0.8734177350997925 0.7335326075553894
vt 0.8860759139060974 0.7335326075553894
vt 0.8987341523170471 0.7335326075553894
vt 0.9113923907279968 0.7335326075553894
vt 0.9240506291389465 0.7335326075553894
vt 0.9367088675498962 0.7335326075553894
vt 0.949367105960846 0.7335326075553894
vt 0.9620252847671509 0.7335326075553894
vt 0.9746835231781006 0.7335326075553894
vt 0.9873417615890503 0.7335326075553894
vt 1 0.7335326075553894
vt 0 0.7461797595024109
vt 0.012658227235078812 0.7461797595024109
vt 0.025316454470157623 0.7461797595024109
vt 0.03797468543052673 0.7461797595024109
vt 0.05063290894031525 0.7461797595024109
vt 0.06329113990068436 0.7461797595024109
vt 0.07594937086105347 0.7461797595024109
vt 0.08860759437084198 0.7461797595024109
vt 0.1012658178806305 0.7461797595024109
vt 0.1139240488409996 0.7461797595024109
vt 0.1265822798013687 0.7461797595024109
vt 0.13924050331115723 0.7461797595024109
vt 0.15189874172210693 0.7461797595024109
vt 0.16455695033073425 0.7461797595024109
vt 0.17721518874168396 0.7461797595024109
vt 0.18987341225147247 0.7461797595024109
vt 0.202531635761261 0.7461797595024109
vt 0.2151898741722107 0.7461797595024109
vt 0.2278480976819992 0.7461797595024109
vt 0.24050632119178772 0.7461797595024109
vt 0.2531645596027374 0.7461797595024109
vt 0.26582279801368713 0.7461797595024109
vt 0.27848100662231445 0.7461797595024109
vt 0.29113924503326416 0.7461797595024109
vt 0.30379748344421387 0.7461797595024109
vt 0.3164556920528412 0.7461797595024109
vt 0.3291139006614685 0.7461797595024109
vt 0.3417721390724182 0.7461797595024109
vt 0.3544303774833679 0.7461797595024109
vt 0.36708858609199524 0.7461797595024109
vt 0.37974682450294495 0.7461797595024109
vt 0.39240506291389465 0.7461797595024109
vt 0.405063271522522 0.7461797595024109
vt 0.4177215099334717 0.7461797595024109
vt 0.4303797483444214 0.7461797595024109
vt 0.4430379569530487 0.7461797595024109
vt 0.4556961953639984 0.7461797595024109
vt 0.4683544337749481 0.7461797595024109
vt 0.48101264238357544 0.7461797595024109
vt 0.49367088079452515 0.7461797595024109
vt 0.5063291192054749 0.7461797595024109
vt 0.5189873576164246 0.7461797595024109
vt 0.5316455960273743 0.7461797595024109
vt 0.5443037748336792 0.7461797595024109
vt 0.5569620132446289 0.7461797595024109
vt 0.5696202516555786 0.7461797595024109
vt 0.5822784900665283 0.7461797595024109
vt 0.594936728477478 0.7461797595024109
vt 0.6075949668884277 0.7461797595024109
vt 0.6202531456947327 0.7461797595024109
vt 0.6329113841056824 0.7461797595024109
vt 0.6455696225166321 0.7461797595024109
vt 0.658227801322937 0.7461797595024109
vt 0.6708860397338867 0.7461797595024109
vt 0.6835442781448364 0.7461797595024109
vt 0.6962025165557861 0.7461797595024109
vt 0.7088607549667358 0.7461797595024109
vt 0.7215189933776855 0.7461797595024109
vt 0.7341771721839905 0.7461797595024109
vt 0.7468354105949402 0.7461797595024109
vt 0.7594936490058899 0.7461797595024109
vt 0.7721518874168396 0.7461797595024109
vt 0.7848101258277893 0.7461797595024109
vt 0.797468364238739 0.7461797595024109
vt 0.810126543045044 0.7461797595024109
vt 0.8227847814559937 0.7461797595024109
vt 0.8354430198669434 0.7461797595024109
vt 0.8481012582778931 0.7461797595024109
vt 0.8607594966888428 0.7461797595024109
vt 0.8734177350997925 0.7461797595024109
vt 0.8860759139060974 0.7461797595024109
vt 0.8987341523170471 0.7461797595024109
vt 0.9113923907279968 0.7461797595024109
vt 0.9240506291389465 0.7461797595024109
vt 0.9367088675498962 0.7461797595024109
vt 0.949367105960846 0.7461797595024109
vt 0.9620252847671509 0.7461797595024109
vt 0.9746835231781006 0.7461797595024109
vt 0.9873417615890503 0.7461797595024109
vt 1 0.7461797595024109
vt 0 0.7588268518447876
vt 0.012658227235078812 0.7588268518447876
vt 0.025316454470157623 0.7588268518447876
vt 0.03797468543052673 0.7588268518447876
vt 0.05063290894031525 0.7588268518447876
vt 0.06329113990068436 0.7588268518447876
vt 0.07594937086105347 0.7588268518447876
vt 0.08860759437084198 0.7588268518447876
vt 0.1012658178806305 0.7588268518447876
vt 0.1139240488409996 0.7588268518447876
vt 0.1265822798013687 0.7588268518447876
vt 0.13924050331115723 0.7588268518447876
vt 0.15189874172210693 0.7588268518447876
vt 0.16455695033073425 0.7588268518447876
vt 0.17721518874168396 0.7588268518447876
vt 0.18987341225147247 0.7588268518447876
vt 0.202531635761261 0.7588268518447876
vt 0.2151898741722107 0.7588268518447876
vt 0.2278480976819992 0.7588268518447876
vt 0.24050632119178772 0.7588268518447876
vt 0.2531645596027374 0.7588268518447876
vt 0.26582279801368713 0.7588268518447876
vt 0.27848100662231445 0.7588268518447876
vt 0.29113924503326416 0.7588268518447876
vt 0.30379748344421387 0.7588268518447876
vt 0.3164556920528412 0.7588268518447876
vt 0.3291139006614685 0.7588268518447876
vt 0.3417721390724182 0.7588268518447876
vt 0.3544303774833679 0.7588268518447876
vt 0.36708858609199524 0.7588268518447876
vt 0.37974682450294495 0.7588268518447876
vt 0.39240506291389465 0.7588268518447876
vt 0.405063271522522 0.7588268518447876
vt 0.4177215099334717 0.7588268518447876
vt 0.4303797483444214 0.7588268518447876
vt 0.4430379569530487 0.7588268518447876
vt 0.4556961953639984 0.7588268518447876
vt 0.4683544337749481 0.7588268518447876
vt 0.48101264238357544 0.7588268518447876
vt 0.49367088079452515 0.7588268518447876
vt 0.5063291192054749 0.7588268518447876
vt 0.5189873576164246 0.7588268518447876
vt 0.5316455960273743 0.7588268518447876
vt 0.5443037748336792 0.7588268518447876
vt 0.5569620132446289 0.7588268518447876
vt 0.5696202516555786 0.7588268518447876
vt 0.5822784900665283 0.7588268518447876
vt 0.594936728477478 0.7588268518447876
vt 0.6075949668884277 0.7588268518447876
vt 0.6202531456947327 0.7588268518447876
vt 0.6329113841056824 0.7588268518447876
vt 0.6455696225166321 0.7588268518447876
vt 0.658227801322937 0.7588268518447876
vt 0.6708860397338867 0.7588268518447876
vt 0.6835442781448364 0.7588268518447876
vt 0.6962025165557861 0.7588268518447876
vt 0.7088607549667358 0.7588268518447876
vt 0.7215189933776855 0.7588268518447876
vt 0.7341771721839905 0.7588268518447876
vt 0.7468354105949402 0.7588268518447876
vt 0.7594936490058899 0.7588268518447876
vt 0.7721518874168396 0.7588268518447876
vt 0.7848101258277893 0.7588268518447876
vt 0.797468364238739 0.7588268518447876
vt 0.810126543045044 0.7588268518447876
vt 0.8227847814559937 0.7588268518447876
vt 0.8354430198669434 0.7588268518447876
vt 0.8481012582778931 0.7588268518447876
vt 0.8607594966888428 0.7588268518447876
vt 0.8734177350997925 0.7588268518447876
vt 0.8860759139060974 0.7588268518447876
vt 0.8987341523170471 0.7588268518447876
vt 0.9113923907279968 0.7588268518447876
vt 0.9240506291389465 0.7588268518447876
vt 0.9367088675498962 0.7588268518447876
vt 0.949367105960846 0.7588268518447876
vt 0.9620252847671509 0.7588268518447876
vt 0.9746835231781006 0.7588268518447876
vt 0.9873417615890503 0.7588268518447876
vt 1 0.7588268518447876
vt 0 0.7714740037918091
vt 0.012658227235078812 0.7714740037918091
vt 0.025316454470157623 0.7714740037918091
vt 0.03797468543052673 0.7714740037918091
vt 0.05063290894031525 0.7714740037918091
vt 0.06329113990068436 0.7714740037918091
vt 0.07594937086105347 0.7714740037918091
vt 0.08860759437084198 0.7714740037918091
vt 0.1012658178806305 0.7714740037918091
vt 0.1139240488409996 0.7714740037918091
vt 0.1265822798013687 0.7714740037918091
vt 0.13924050331115723 0.7714740037918091
vt 0.15189874172210693 0.7714740037918091
vt 0.16455695033073425 0.7714740037918091
vt 0.17721518874168396 0.7714740037918091
vt 0.18987341225147247 0.7714740037918091
vt 0.202531635761261 0.7714740037918091
vt 0.2151898741722107 0.7714740037918091
vt 0.2278480976819992 0.7714740037918091
vt 0.24050632119178772 0.7714740037918091
vt 0.2531645596027374 0.7714740037918091
vt 0.26582279801368713 0.7714740037918091
vt 0.27848100662231445 0.7714740037918091
vt 0.29113924503326416 0.7714740037918091
vt 0.30379748344421387 0.7714740037918091
vt 0.3164556920528412 0.7714740037918091
vt 0.3291139006614685 0.7714740037918091
vt 0.3417721390724182 0.7714740037918091
vt 0.3544303774833679 0.7714740037918091
vt 0.36708858609199524 0.7714740037918091
vt 0.37974682450294495 0.7714740037918091
vt 0.39240506291389465 0.7714740037918091
vt 0.405063271522522 0.7714740037918091
vt 0.4177215099334717 0.7714740037918091
vt 0.4303797483444214 0.7714740037918091
vt 0.4430379569530487 0.7714740037918091
vt 0.4556961953639984 0.7714740037918091
vt 0.4683544337749481 0.7714740037918091
vt 0.48101264238357544 0.7714740037918091
vt 0.49367088079452515 0.7714740037918091
vt 0.5063291192054749 0.7714740037918091
vt 0.5189873576164246 0.7714740037918091
vt 0.5316455960273743 0.7714740037918091
vt 0.5443037748336792 0.7714740037918091
vt 0.5569620132446289 0.7714740037918091
vt 0.5696202516555786 0.7714740037918091
vt 0.5822784900665283 0.7714740037918091
vt 0.594936728477478 0.7714740037918091
vt 0.6075949668884277 0.7714740037918091
vt 0.6202531456947327 0.7714740037918091
vt 0.6329113841056824 0.7714740037918091
vt 0.6455696225166321 0.7714740037918091
vt 0.658227801322937 0.7714740037918091
vt 0.6708860397338867 0.7714740037918091
vt 0.6835442781448364 0.7714740037918091
vt 0.6962025165557861 0.7714740037918091
vt 0.7088607549667358 0.7714740037918091
vt 0.7215189933776855 0.7714740037918091
vt 0.7341771721839905 0.7714740037918091
vt 0.7468354105949402 0.7714740037918091
vt 0.7594936490058899 0.7714740037918091
vt 0.7721518874168396 0.7714740037918091
vt 0.7848101258277893 0.7714740037918091
vt 0.797468364238739 0.7714740037918091
vt 0.810126543045044 0.7714740037918091
vt 0.8227847814559937 0.7714740037918091
vt 0.8354430198669434 0.7714740037918091
vt 0.8481012582778931 0.7714740037918091
vt 0.8607594966888428 0.7714740037918091
vt 0.8734177350997925 0.7714740037918091
vt 0.8860759139060974 0.7714740037918091
vt 0.8987341523170471 0.7714740037918091
vt 0.9113923907279968 0.7714740037918091
vt 0.9240506291389465 0.7714740037918091
vt 0.9367088675498962 0.7714740037918091
vt 0.949367105960846 0.7714740037918091
vt 0.9620252847671509 0.7714740037918091
vt 0.9746835231781006 0.7714740037918091
vt 0.9873417615890503 0.7714740037918091
vt 1 0.7714740037918091
vt 0 0.7841210961341858
vt 0.012658227235078812 0.7841210961341858
vt 0.025316454470157623 0.7841210961341858
vt 0.03797468543052673 0.7841210961341858
vt 0.05063290894031525 0.7841210961341858
vt 0.06329113990068436 0.7841210961341858
vt 0.07594937086105347 0.7841210961341858
vt 0.08860759437084198 0.7841210961341858
vt 0.1012658178806305 0.7841210961341858
vt 0.1139240488409996 0.7841210961341858
vt 0.1265822798013687 0.7841210961341858
vt 0.13924050331115723 0.7841210961341858
vt 0.15189874172210693 0.7841210961341858
vt 0.16455695033073425 0.7841210961341858
vt 0.17721518874168396 0.7841210961341858
vt 0.18987341225147247 0.7841210961341858
vt 0.202531635761261 0.7841210961341858
vt 0.2151898741722107 0.7841210961341858
vt 0.2278480976819992 0.7841210961341858
vt 0.24050632119178772 0.7841210961341858
vt 0.2531645596027374 0.7841210961341858
vt 0.26582279801368713 0.7841210961341858
vt 0.27848100662231445 0.7841210961341858
vt 0.29113924503326416 0.7841210961341858
vt 0.30379748344421387 0.7841210961341858
vt 0.3164556920528412 0.7841210961341858
vt 0.3291139006614685 0.7841210961341858
vt 0.3417721390724182 0.7841210961341858
vt 0.3544303774833679 0.7841210961341858
vt 0.36708858609199524 0.7841210961341858
vt 0.37974682450294495 0.7841210961341858
vt 0.39240506291389465 0.7841210961341858
vt 0.405063271522522 0.7841210961341858
vt 0.4177215099334717 0.7841210961341858
vt 0.4303797483444214 0.7841210961341858
vt 0.4430379569530487 0.7841210961341858
vt 0.4556961953639984 0.7841210961341858
vt 0.4683544337749481 0.7841210961341858
vt 0.48101264238357544 0.7841210961341858
vt 0.49367088079452515 0.7841210961341858
vt 0.5063291192054749 0.7841210961341858
vt 0.5189873576164246 0.7841210961341858
vt 0.5316455960273743 0.7841210961341858
vt 0.5443037748336792 0.7841210961341858
vt 0.5569620132446289 0.7841210961341858
vt 0.5696202516555786 0.7841210961341858
vt 0.5822784900665283 0.7841210961341858
vt 0.594936728477478 0.7841210961341858
vt 0.6075949668884277 0.7841210961341858
vt 0.6202531456947327 0.7841210961341858
vt 0.6329113841056824 0.7841210961341858
vt 0.6455696225166321 0.7841210961341858
vt 0.658227801322937 0.7841210961341858
vt 0.6708860397338867 0.7841210961341858
vt 0.6835442781448364 0.7841210961341858
vt 0.6962025165557861 0.7841210961341858
vt 0.7088607549667358 0.7841210961341858
vt 0.7215189933776855 0.7841210961341858
vt 0.7341771721839905 0.7841210961341858
vt 0.7468354105949402 0.7841210961341858
vt 0.7594936490058899 0.7841210961341858
vt 0.7721518874168396 0.7841210961341858
vt 0.7848101258277893 0.7841210961341858
vt 0.797468364238739 0.7841210961341858
vt 0.810126543045044 0.7841210961341858
vt 0.8227847814559937 0.7841210961341858
vt 0.8354430198669434 0.7841210961341858
vt 0.8481012582778931 0.7841210961341858
vt 0.8607594966888428 0.7841210961341858
vt 0.8734177350997925 0.7841210961341858
vt 0.8860759139060974 0.7841210961341858
vt 0.8987341523170471 0.7841210961341858
vt 0.9113923907279968 0.7841210961341858
vt 0.9240506291389465 0.7841210961341858
vt 0.9367088675498962 0.7841210961341858
vt 0.949367105960846 0.7841210961341858
vt 0.9620252847671509 0.7841210961341858
vt 0.9746835231781006 0.7841210961341858
vt 0.9873417615890503 0.7841210961341858
vt 1 0.7841210961341858
vt 0 0.7967681884765625
vt 0.012658227235078812 0.7967681884765625
vt 0.025316454470157623 0.7967681884765625
vt 0.03797468543052673 0.7967681884765625
vt 0.05063290894031525 0.7967681884765625
vt 0.06329113990068436 0.7967681884765625
vt 0.07594937086105347 0.7967681884765625
vt 0.08860759437084198 0.7967681884765625
vt 0.1012658178806305 0.7967681884765625
vt 0.1139240488409996 0.7967681884765625
vt 0.1265822798013687 0.7967681884765625
vt 0.13924050331115723 0.7967681884765625
vt 0.15189874172210693 0.7967681884765625
vt 0.16455695033073425 0.7967681884765625
vt 0.17721518874168396 0.7967681884765625
vt 0.18987341225147247 0.7967681884765625
vt 0.202531635761261 0.7967681884765625
vt 0.2151898741722107 0.7967681884765625
vt 0.2278480976819992 0.7967681884765625
vt 0.24050632119178772 0.7967681884765625
vt 0.2531645596027374 0.7967681884765625
vt 0.26582279801368713 0.7967681884765625
vt 0.27848100662231445 0.7967681884765625
vt 0.29113924503326416 0.7967681884765625
vt 0.30379748344421387 0.7967681884765625
vt 0.3164556920528412 0.7967681884765625
vt 0.3291139006614685 0.7967681884765625
vt 0.3417721390724182 0.7967681884765625
vt 0.3544303774833679 0.7967681884765625
vt 0.36708858609199524 0.7967681884765625
vt 0.37974682450294495 0.7967681884765625
vt 0.39240506291389465 0.7967681884765625
vt 0.405063271522522 0.7967681884765625
vt 0.4177215099334717 0.7967681884765625
vt 0.4303797483444214 0.7967681884765625
vt 0.4430379569530487 0.7967681884765625
vt 0.4556961953639984 0.7967681884765625
vt 0.4683544337749481 0.7967681884765625
vt 0.48101264238357544 0.7967681884765625
vt 0.49367088079452515 0.7967681884765625
vt 0.5063291192054749 0.7967681884765625
vt 0.5189873576164246 0.7967681884765625
vt 0.5316455960273743 0.7967681884765625
vt 0.5443037748336792 0.7967681884765625
vt 0.5569620132446289 0.7967681884765625
vt 0.5696202516555786 0.7967681884765625
vt 0.5822784900665283 0.7967681884765625
vt 0.594936728477478 0.7967681884765625
vt 0.6075949668884277 0.7967681884765625
vt 0.6202531456947327 0.7967681884765625
vt 0.6329113841056824 0.7967681884765625
vt 0.6455696225166321 0.7967681884765625
vt 0.658227801322937 0.7967681884765625
vt 0.6708860397338867 0.7967681884765625
vt 0.6835442781448364 0.7967681884765625
vt 0.6962025165557861 0.7967681884765625
vt 0.7088607549667358 0.7967681884765625
vt 0.7215189933776855 0.7967681884765625
vt 0.7341771721839905 0.7967681884765625
vt 0.7468354105949402 0.7967681884765625
vt 0.7594936490058899 0.7967681884765625
vt 0.7721518874168396 0.7967681884765625
vt 0.7848101258277893 0.7967681884765625
vt 0.797468364238739 0.7967681884765625
vt 0.810126543045044 0.7967681884765625
vt 0.8227847814559937 0.7967681884765625
vt 0.8354430198669434 0.7967681884765625
vt 0.8481012582778931 0.7967681884765625
vt 0.8607594966888428 0.7967681884765625
vt 0.8734177350997925 0.7967681884765625
vt 0.8860759139060974 0.7967681884765625
vt 0.8987341523170471 0.7967681884765625
vt 0.9113923907279968 0.7967681884765625
vt 0.9240506291389465 0.7967681884765625
vt 0.9367088675498962 0.7967681884765625
vt 0.949367105960846 0.7967681884765625
vt 0.9620252847671509 0.7967681884765625
vt 0.9746835231781006 0.7967681884765625
vt 0.9873417615890503 0.7967681884765625
vt 1 0.7967681884765625
vt 0 0.809415340423584
vt 0.012658227235078812 0.809415340423584
vt 0.025316454470157623 0.809415340423584
vt 0.03797468543052673 0.809415340423584
vt 0.05063290894031525 0.809415340423584
vt 0.06329113990068436 0.809415340423584
vt 0.07594937086105347 0.809415340423584
vt 0.08860759437084198 0.809415340423584
vt 0.1012658178806305 0.809415340423584
vt 0.1139240488409996 0.809415340423584
vt 0.1265822798013687 0.809415340423584
vt 0.13924050331115723 0.809415340423584
vt 0.15189874172210693 0.809415340423584
vt 0.16455695033073425 0.809415340423584
vt 0.17721518874168396 0.809415340423584
vt 0.18987341225147247 0.809415340423584
vt 0.202531635761261 0.809415340423584
vt 0.2151898741722107 0.809415340423584
vt 0.2278480976819992 0.809415340423584
vt 0.24050632119178772 0.809415340423584
vt 0.2531645596027374 0.809415340423584
vt 0.26582279801368713 0.809415340423584
vt 0.27848100662231445 0.809415340423584
vt 0.29113924503326416 0.809415340423584
vt 0.30379748344421387 0.809415340423584
vt 0.3164556920528412 0.809415340423584
vt 0.3291139006614685 0.809415340423584
vt 0.3417721390724182 0.809415340423584
vt 0.3544303774833679 0.809415340423584
vt 0.36708858609199524 0.809415340423584
vt 0.37974682450294495 0.809415340423584
vt 0.39240506291389465 0.809415340423584
vt 0.405063271522522 0.809415340423584
vt 0.4177215099334717 0.809415340423584
vt 0.4303797483444214 0.809415340423584
vt 0.4430379569530487 0.809415340423584
vt 0.4556961953639984 0.809415340423584
vt 0.4683544337749481 0.809415340423584
vt 0.48101264238357544 0.809415340423584
vt 0.49367088079452515 0.809415340423584
vt 0.5063291192054749 0.809415340423584
vt 0.5189873576164246 0.809415340423584
vt 0.5316455960273743 0.809415340423584
vt 0.5443037748336792 0.809415340423584
vt 0.5569620132446289 0.809415340423584
vt 0.5696202516555786 0.809415340423584
vt 0.5822784900665283 0.809415340423584
vt 0.594936728477478 0.809415340423584
vt 0.6075949668884277 0.809415340423584
vt 0.6202531456947327 0.809415340423584
vt 0.6329113841056824 0.809415340423584
vt 0.6455696225166321 0.809415340423584
vt 0.658227801322937 0.809415340423584
vt 0.6708860397338867 0.809415340423584
vt 0.6835442781448364 0.809415340423584
vt 0.6962025165557861 0.809415340423584
vt 0.7088607549667358 0.809415340423584
vt 0.7215189933776855 0.809415340423584
vt 0.7341771721839905 0.809415340423584
vt 0.7468354105949402 0.809415340423584
vt 0.7594936490058899 0.809415340423584
vt 0.7721518874168396 0.809415340423584
vt 0.7848101258277893 0.809415340423584
vt 0.797468364238739 0.809415340423584
vt 0.810126543045044 0.809415340423584
vt 0.8227847814559937 0.809415340423584
vt 0.8354430198669434 0.809415340423584
vt 0.8481012582778931 0.809415340423584
vt 0.8607594966888428 0.809415340423584
vt 0.8734177350997925 0.809415340423584
vt 0.8860759139060974 0.809415340423584
vt 0.8987341523170471 0.809415340423584
vt 0.9113923907279968 0.809415340423584
vt 0.9240506291389465 0.809415340423584
vt 0.9367088675498962 0.809415340423584
vt 0.949367105960846 0.809415340423584
vt 0.9620252847671509 0.809415340423584
vt 0.9746835231781006 0.809415340423584
vt 0.9873417615890503 0.809415340423584
vt 1 0.809415340423584
vt 0 0.8220624327659607
vt 0.012658227235078812 0.8220624327659607
vt 0.025316454470157623 0.8220624327659607
vt 0.03797468543052673 0.8220624327659607
vt 0.05063290894031525 0.8220624327659607
vt 0.06329113990068436 0.8220624327659607
vt 0.07594937086105347 0.8220624327659607
vt 0.08860759437084198 0.8220624327659607
vt 0.1012658178806305 0.8220624327659607
vt 0.1139240488409996 0.8220624327659607
vt 0.1265822798013687 0.8220624327659607
vt 0.13924050331115723 0.8220624327659607
vt 0.15189874172210693 0.8220624327659607
vt 0.16455695033073425 0.8220624327659607
vt 0.17721518874168396 0.8220624327659607
vt 0.18987341225147247 0.8220624327659607
vt 0.202531635761261 0.8220624327659607
vt 0.2151898741722107 0.8220624327659607
vt 0.2278480976819992 0.8220624327659607
vt 0.24050632119178772 0.8220624327659607
vt 0.2531645596027374 0.8220624327659607
vt 0.26582279801368713 0.8220624327659607
vt 0.27848100662231445 0.8220624327659607
vt 0.29113924503326416 0.8220624327659607
vt 0.30379748344421387 0.8220624327659607
vt 0.3164556920528412 0.8220624327659607
vt 0.3291139006614685 0.8220624327659607
vt 0.3417721390724182 0.8220624327659607
vt 0.3544303774833679 0.8220624327659607
vt 0.36708858609199524 0.8220624327659607
vt 0.37974682450294495 0.8220624327659607
vt 0.39240506291389465 0.8220624327659607
vt 0.405063271522522 0.8220624327659607
vt 0.4177215099334717 0.8220624327659607
vt 0.4303797483444214 0.8220624327659607
vt 0.4430379569530487 0.8220624327659607
vt 0.4556961953639984 0.8220624327659607
vt 0.4683544337749481 0.8220624327659607
vt 0.48101264238357544 0.8220624327659607
vt 0.49367088079452515 0.8220624327659607
vt 0.5063291192054749 0.8220624327659607
vt 0.5189873576164246 0.8220624327659607
vt 0.5316455960273743 0.8220624327659607
vt 0.5443037748336792 0.8220624327659607
vt 0.5569620132446289 0.8220624327659607
vt 0.5696202516555786 0.8220624327659607
vt 0.5822784900665283 0.8220624327659607
vt 0.594936728477478 0.8220624327659607
vt 0.6075949668884277 0.8220624327659607
vt 0.6202531456947327 0.8220624327659607
vt 0.6329113841056824 0.8220624327659607
vt 0.6455696225166321 0.8220624327659607
vt 0.658227801322937 0.8220624327659607
vt 0.6708860397338867 0.8220624327659607
vt 0.6835442781448364 0.8220624327659607
vt 0.6962025165557861 0.8220624327659607
vt 0.7088607549667358 0.8220624327659607
vt 0.7215189933776855 0.8220624327659607
vt 0.7341771721839905 0.8220624327659607
vt 0.7468354105949402 0.8220624327659607
vt 0.7594936490058899 0.8220624327659607
vt 0.7721518874168396 0.8220624327659607
vt 0.7848101258277893 0.8220624327659607
vt 0.797468364238739 0.8220624327659607
vt 0.810126543045044 0.8220624327659607
vt 0.8227847814559937 0.8220624327659607
vt 0.8354430198669434 0.8220624327659607
vt 0.8481012582778931 0.8220624327659607
vt 0.8607594966888428 0.8220624327659607
vt 0.8734177350997925 0.8220624327659607
vt 0.8860759139060974 0.8220624327659607
vt 0.8987341523170471 0.8220624327659607
vt 0.9113923907279968 0.8220624327659607
vt 0.9240506291389465 0.8220624327659607
vt 0.9367088675498962 0.8220624327659607
vt 0.949367105960846 0.8220624327659607
vt 0.9620252847671509 0.8220624327659607
vt 0.9746835231781006 0.8220624327659607
vt 0.9873417615890503 0.8220624327659607
vt 1 0.8220624327659607
vt 0 0.8347095847129822
vt 0.012658227235078812 0.8347095847129822
vt 0.025316454470157623 0.8347095847129822
vt 0.03797468543052673 0.8347095847129822
vt 0.05063290894031525 0.8347095847129822
vt 0.06329113990068436 0.8347095847129822
vt 0.07594937086105347 0.8347095847129822
vt 0.08860759437084198 0.8347095847129822
vt 0.1012658178806305 0.8347095847129822
vt 0.1139240488409996 0.8347095847129822
vt 0.1265822798013687 0.8347095847129822
vt 0.13924050331115723 0.8347095847129822
vt 0.15189874172210693 0.8347095847129822
vt 0.16455695033073425 0.8347095847129822
vt 0.17721518874168396 0.8347095847129822
vt 0.18987341225147247 0.8347095847129822
vt 0.202531635761261 0.8347095847129822
vt 0.2151898741722107 0.8347095847129822
vt 0.2278480976819992 0.8347095847129822
vt 0.24050632119178772 0.8347095847129822
vt 0.2531645596027374 0.8347095847129822
vt 0.26582279801368713 0.8347095847129822
vt 0.27848100662231445 0.8347095847129822
vt 0.29113924503326416 0.8347095847129822
vt 0.30379748344421387 0.8347095847129822
vt 0.3164556920528412 0.8347095847129822
vt 0.3291139006614685 0.8347095847129822
vt 0.3417721390724182 0.8347095847129822
vt 0.3544303774833679 0.8347095847129822
vt 0.36708858609199524 0.8347095847129822
vt 0.37974682450294495 0.8347095847129822
vt 0.39240506291389465 0.8347095847129822
vt 0.405063271522522 0.8347095847129822
vt 0.4177215099334717 0.8347095847129822
vt 0.4303797483444214 0.8347095847129822
vt 0.4430379569530487 0.8347095847129822
vt 0.4556961953639984 0.8347095847129822
vt 0.4683544337749481 0.8347095847129822
vt 0.48101264238357544 0.8347095847129822
vt 0.49367088079452515 0.8347095847129822
vt 0.5063291192054749 0.8347095847129822
vt 0.5189873576164246 0.8347095847129822
vt 0.5316455960273743 0.8347095847129822
vt 0.5443037748336792 0.8347095847129822
vt 0.5569620132446289 0.8347095847129822
vt 0.5696202516555786 0.8347095847129822
vt 0.5822784900665283 0.8347095847129822
vt 0.594936728477478 0.8347095847129822
vt 0.6075949668884277 0.8347095847129822
vt 0.6202531456947327 0.8347095847129822
vt 0.6329113841056824 0.8347095847129822
vt 0.6455696225166321 0.8347095847129822
vt 0.658227801322937 0.8347095847129822
vt 0.6708860397338867 0.8347095847129822
vt 0.6835442781448364 0.8347095847129822
vt 0.6962025165557861 0.8347095847129822
vt 0.7088607549667358 0.8347095847129822
vt 0.7215189933776855 0.8347095847129822
vt 0.7341771721839905 0.8347095847129822
vt 0.7468354105949402 0.8347095847129822
vt 0.7594936490058899 0.8347095847129822
vt 0.7721518874168396 0.8347095847129822
vt 0.7848101258277893 0.8347095847129822
vt 0.797468364238739 0.8347095847129822
vt 0.810126543045044 0.8347095847129822
vt 0.8227847814559937 0.8347095847129822
vt 0.8354430198669434 0.8347095847129822
vt 0.8481012582778931 0.8347095847129822
vt 0.8607594966888428 0.8347095847129822
vt 0.8734177350997925 0.8347095847129822
vt 0.8860759139060974 0.8347095847129822
vt 0.8987341523170471 0.8347095847129822
vt 0.9113923907279968 0.8347095847129822
vt 0.9240506291389465 0.8347095847129822
vt 0.9367088675498962 0.8347095847129822
vt 0.949367105960846 0.8347095847129822
vt 0.9620252847671509 0.8347095847129822
vt 0.9746835231781006 0.8347095847129822
vt 0.9873417615890503 0.8347095847129822
vt 1 0.8347095847129822
vt 0 0.8473566174507141
vt 0.012658227235078812 0.8473566174507141
vt 0.025316454470157623 0.8473566174507141
vt 0.03797468543052673 0.8473566174507141
vt 0.05063290894031525 0.8473566174507141
vt 0.06329113990068436 0.8473566174507141
vt 0.07594937086105347 0.8473566174507141
vt 0.08860759437084198 0.8473566174507141
vt 0.1012658178806305 0.8473566174507141
vt 0.1139240488409996 0.8473566174507141
vt 0.1265822798013687 0.8473566174507141
vt 0.13924050331115723 0.8473566174507141
vt 0.15189874172210693 0.8473566174507141
vt 0.16455695033073425 0.8473566174507141
vt 0.17721518874168396 0.8473566174507141
vt 0.18987341225147247 0.8473566174507141
vt 0.202531635761261 0.8473566174507141
vt 0.2151898741722107 0.8473566174507141
vt 0.2278480976819992 0.8473566174507141
vt 0.24050632119178772 0.8473566174507141
vt 0.2531645596027374 0.8473566174507141
vt 0.26582279801368713 0.8473566174507141
vt 0.27848100662231445 0.8473566174507141
vt 0.29113924503326416 0.8473566174507141
vt 0.30379748344421387 0.8473566174507141
vt 0.3164556920528412 0.8473566174507141
vt 0.3291139006614685 0.8473566174507141
vt 0.3417721390724182 0.8473566174507141
vt 0.3544303774833679 0.8473566174507141
vt 0.36708858609199524 0.8473566174507141
vt 0.37974682450294495 0.8473566174507141
vt 0.39240506291389465 0.8473566174507141
vt 0.405063271522522 0.8473566174507141
vt 0.4177215099334717 0.8473566174507141
vt 0.4303797483444214 0.8473566174507141
vt 0.4430379569530487 0.8473566174507141
vt 0.4556961953639984 0.8473566174507141
vt 0.4683544337749481 0.8473566174507141
vt 0.48101264238357544 0.8473566174507141
vt 0.49367088079452515 0.8473566174507141
vt 0.5063291192054749 0.8473566174507141
vt 0.5189873576164246 0.8473566174507141
vt 0.5316455960273743 0.8473566174507141
vt 0.5443037748336792 0.8473566174507141
vt 0.5569620132446289 0.8473566174507141
vt 0.5696202516555786 0.8473566174507141
vt 0.5822784900665283 0.8473566174507141
vt 0.594936728477478 0.8473566174507141
vt 0.6075949668884277 0.8473566174507141
vt 0.6202531456947327 0.8473566174507141
vt 0.6329113841056824 0.8473566174507141
vt 0.6455696225166321 0.8473566174507141
vt 0.658227801322937 0.8473566174507141
vt 0.6708860397338867 0.8473566174507141
vt 0.6835442781448364 0.8473566174507141
vt 0.6962025165557861 0.8473566174507141
vt 0.7088607549667358 0.8473566174507141
vt 0.7215189933776855 0.8473566174507141
vt 0.7341771721839905 0.8473566174507141
vt 0.7468354105949402 0.8473566174507141
vt 0.7594936490058899 0.8473566174507141
vt 0.7721518874168396 0.8473566174507141
vt 0.7848101258277893 0.8473566174507141
vt 0.797468364238739 0.8473566174507141
vt 0.810126543045044 0.8473566174507141
vt 0.8227847814559937 0.8473566174507141
vt 0.8354430198669434 0.8473566174507141
vt 0.8481012582778931 0.8473566174507141
vt 0.8607594966888428 0.8473566174507141
vt 0.8734177350997925 0.8473566174507141
vt 0.8860759139060974 0.8473566174507141
vt 0.8987341523170471 0.8473566174507141
vt 0.9113923907279968 0.8473566174507141
vt 0.9240506291389465 0.8473566174507141
vt 0.9367088675498962 0.8473566174507141
vt 0.949367105960846 0.8473566174507141
vt 0.9620252847671509 0.8473566174507141
vt 0.9746835231781006 0.8473566174507141
vt 0.9873417615890503 0.8473566174507141
vt 1 0.8473566174507141
vt 0 0.8600037693977356
vt 0.012658227235078812 0.8600037693977356
vt 0.025316454470157623 0.8600037693977356
vt 0.03797468543052673 0.8600037693977356
vt 0.05063290894031525 0.8600037693977356
vt 0.06329113990068436 0.8600037693977356
vt 0.07594937086105347 0.8600037693977356
vt 0.08860759437084198 0.8600037693977356
vt 0.1012658178806305 0.8600037693977356
vt 0.1139240488409996 0.8600037693977356
vt 0.1265822798013687 0.8600037693977356
vt 0.13924050331115723 0.8600037693977356
vt 0.15189874172210693 0.8600037693977356
vt 0.16455695033073425 0.8600037693977356
vt 0.17721518874168396 0.8600037693977356
vt 0.18987341225147247 0.8600037693977356
vt 0.202531635761261 0.8600037693977356
vt 0.2151898741722107 0.8600037693977356
vt 0.2278480976819992 0.8600037693977356
vt 0.24050632119178772 0.8600037693977356
vt 0.2531645596027374 0.8600037693977356
vt 0.26582279801368713 0.8600037693977356
vt 0.27848100662231445 0.8600037693977356
vt 0.29113924503326416 0.8600037693977356
vt 0.30379748344421387 0.8600037693977356
vt 0.3164556920528412 0.8600037693977356
vt 0.3291139006614685 0.8600037693977356
vt 0.3417721390724182 0.8600037693977356
vt 0.3544303774833679 0.8600037693977356
vt 0.36708858609199524 0.8600037693977356
vt 0.37974682450294495 0.8600037693977356
vt 0.39240506291389465 0.8600037693977356
vt 0.405063271522522 0.8600037693977356
vt 0.4177215099334717 0.8600037693977356
vt 0.4303797483444214 0.8600037693977356
vt 0.4430379569530487 0.8600037693977356
vt 0.4556961953639984 0.8600037693977356
vt 0.4683544337749481 0.8600037693977356
vt 0.48101264238357544 0.8600037693977356
vt 0.49367088079452515 0.8600037693977356
vt 0.5063291192054749 0.8600037693977356
vt 0.5189873576164246 0.8600037693977356
vt 0.5316455960273743 0.8600037693977356
vt 0.5443037748336792 0.8600037693977356
vt 0.5569620132446289 0.8600037693977356
vt 0.5696202516555786 0.8600037693977356
vt 0.5822784900665283 0.8600037693977356
vt 0.594936728477478 0.8600037693977356
vt 0.6075949668884277 0.8600037693977356
vt 0.6202531456947327 0.8600037693977356
vt 0.6329113841056824 0.8600037693977356
vt 0.6455696225166321 0.8600037693977356
vt 0.658227801322937 0.8600037693977356
vt 0.6708860397338867 0.8600037693977356
vt 0.6835442781448364 0.8600037693977356
vt 0.6962025165557861 0.8600037693977356
vt 0.7088607549667358 0.8600037693977356
vt 0.7215189933776855 0.8600037693977356
vt 0.7341771721839905 0.8600037693977356
vt 0.7468354105949402 0.8600037693977356
vt 0.7594936490058899 0.8600037693977356
vt 0.7721518874168396 0.8600037693977356
vt 0.7848101258277893 0.8600037693977356
vt 0.797468364238739 0.8600037693977356
vt 0.810126543045044 0.8600037693977356
vt 0.8227847814559937 0.8600037693977356
vt 0.8354430198669434 0.8600037693977356
vt 0.8481012582778931 0.8600037693977356
vt 0.8607594966888428 0.8600037693977356
vt 0.8734177350997925 0.8600037693977356
vt 0.8860759139060974 0.8600037693977356
vt 0.8987341523170471 0.8600037693977356
vt 0.9113923907279968 0.8600037693977356
vt 0.9240506291389465 0.8600037693977356
vt 0.9367088675498962 0.8600037693977356
vt 0.949367105960846 0.8600037693977356
vt 0.9620252847671509 0.8600037693977356
vt 0.9746835231781006 0.8600037693977356
vt 0.9873417615890503 0.8600037693977356
vt 1 0.8600037693977356
vt 0 0.8726508617401123
vt 0.012658227235078812 0.8726508617401123
vt 0.025316454470157623 0.8726508617401123
vt 0.03797468543052673 0.8726508617401123
vt 0.05063290894031525 0.8726508617401123
vt 0.06329113990068436 0.8726508617401123
vt 0.07594937086105347 0.8726508617401123
vt 0.08860759437084198 0.8726508617401123
vt 0.1012658178806305 0.8726508617401123
vt 0.1139240488409996 0.8726508617401123
vt 0.1265822798013687 0.8726508617401123
vt 0.13924050331115723 0.8726508617401123
vt 0.15189874172210693 0.8726508617401123
vt 0.16455695033073425 0.8726508617401123
vt 0.17721518874168396 0.8726508617401123
vt 0.18987341225147247 0.8726508617401123
vt 0.202531635761261 0.8726508617401123
vt 0.2151898741722107 0.8726508617401123
vt 0.2278480976819992 0.8726508617401123
vt 0.24050632119178772 0.8726508617401123
vt 0.2531645596027374 0.8726508617401123
vt 0.26582279801368713 0.8726508617401123
vt 0.27848100662231445 0.8726508617401123
vt 0.29113924503326416 0.8726508617401123
vt 0.30379748344421387 0.8726508617401123
vt 0.3164556920528412 0.8726508617401123
vt 0.3291139006614685 0.8726508617401123
vt 0.3417721390724182 0.8726508617401123
vt 0.3544303774833679 0.8726508617401123
vt 0.36708858609199524 0.8726508617401123
vt 0.37974682450294495 0.8726508617401123
vt 0.39240506291389465 0.8726508617401123
vt 0.405063271522522 0.8726508617401123
vt 0.4177215099334717 0.8726508617401123
vt 0.4303797483444214 0.8726508617401123
vt 0.4430379569530487 0.8726508617401123
vt 0.4556961953639984 0.8726508617401123
vt 0.4683544337749481 0.8726508617401123
vt 0.48101264238357544 0.8726508617401123
vt 0.49367088079452515 0.8726508617401123
vt 0.5063291192054749 0.8726508617401123
vt 0.5189873576164246 0.8726508617401123
vt 0.5316455960273743 0.8726508617401123
vt 0.5443037748336792 0.8726508617401123
vt 0.5569620132446289 0.8726508617401123
vt 0.5696202516555786 0.8726508617401123
vt 0.5822784900665283 0.8726508617401123
vt 0.594936728477478 0.8726508617401123
vt 0.6075949668884277 0.8726508617401123
vt 0.6202531456947327 0.8726508617401123
vt 0.6329113841056824 0.8726508617401123
vt 0.6455696225166321 0.8726508617401123
vt 0.658227801322937 0.8726508617401123
vt 0.6708860397338867 0.8726508617401123
vt 0.6835442781448364 0.8726508617401123
vt 0.6962025165557861 0.8726508617401123
vt 0.7088607549667358 0.8726508617401123
vt 0.7215189933776855 0.8726508617401123
vt 0.7341771721839905 0.8726508617401123
vt 0.7468354105949402 0.8726508617401123
vt 0.7594936490058899 0.8726508617401123
vt 0.7721518874168396 0.8726508617401123
vt 0.7848101258277893 0.8726508617401123
vt 0.797468364238739 0.8726508617401123
vt 0.810126543045044 0.8726508617401123
vt 0.8227847814559937 0.8726508617401123
vt 0.8354430198669434 0.8726508617401123
vt 0.8481012582778931 0.8726508617401123
vt 0.8607594966888428 0.8726508617401123
vt 0.8734177350997925 0.8726508617401123
vt 0.8860759139060974 0.8726508617401123
vt 0.8987341523170471 0.8726508617401123
vt 0.9113923907279968 0.8726508617401123
vt 0.9240506291389465 0.8726508617401123
vt 0.9367088675498962 0.8726508617401123
vt 0.949367105960846 0.8726508617401123
vt 0.9620252847671509 0.8726508617401123
vt 0.9746835231781006 0.8726508617401123
vt 0.9873417615890503 0.8726508617401123
vt 1 0.8726508617401123
vt 0 0.8852980136871338
vt 0.012658227235078812 0.8852980136871338
vt 0.025316454470157623 0.8852980136871338
vt 0.03797468543052673 0.8852980136871338
vt 0.05063290894031525 0.8852980136871338
vt 0.06329113990068436 0.8852980136871338
vt 0.07594937086105347 0.8852980136871338
vt 0.08860759437084198 0.8852980136871338
vt 0.1012658178806305 0.8852980136871338
vt 0.1139240488409996 0.8852980136871338
vt 0.1265822798013687 0.8852980136871338
vt 0.13924050331115723 0.8852980136871338
vt 0.15189874172210693 0.8852980136871338
vt 0.16455695033073425 0.8852980136871338
vt 0.17721518874168396 0.8852980136871338
vt 0.18987341225147247 0.8852980136871338
vt 0.202531635761261 0.8852980136871338
vt 0.2151898741722107 0.8852980136871338
vt 0.2278480976819992 0.8852980136871338
vt 0.24050632119178772 0.8852980136871338
vt 0.2531645596027374 0.8852980136871338
vt 0.26582279801368713 0.8852980136871338
vt 0.27848100662231445 0.8852980136871338
vt 0.29113924503326416 0.8852980136871338
vt 0.30379748344421387 0.8852980136871338
vt 0.3164556920528412 0.8852980136871338
vt 0.3291139006614685 0.8852980136871338
vt 0.3417721390724182 0.8852980136871338
vt 0.3544303774833679 0.8852980136871338
vt 0.36708858609199524 0.8852980136871338
vt 0.37974682450294495 0.8852980136871338
vt 0.39240506291389465 0.8852980136871338
vt 0.405063271522522 0.8852980136871338
vt 0.4177215099334717 0.8852980136871338
vt 0.4303797483444214 0.8852980136871338
vt 0.4430379569530487 0.8852980136871338
vt 0.4556961953639984 0.8852980136871338
vt 0.4683544337749481 0.8852980136871338
vt 0.48101264238357544 0.8852980136871338
vt 0.49367088079452515 0.8852980136871338
vt 0.5063291192054749 0.8852980136871338
vt 0.5189873576164246 0.8852980136871338
vt 0.5316455960273743 0.8852980136871338
vt 0.5443037748336792 0.8852980136871338
vt 0.5569620132446289 0.8852980136871338
vt 0.5696202516555786 0.8852980136871338
vt 0.5822784900665283 0.8852980136871338
vt 0.594936728477478 0.8852980136871338
vt 0.6075949668884277 0.8852980136871338
vt 0.6202531456947327 0.8852980136871338
vt 0.6329113841056824 0.8852980136871338
vt 0.6455696225166321 0.8852980136871338
vt 0.658227801322937 0.8852980136871338
vt 0.6708860397338867 0.8852980136871338
vt 0.6835442781448364 0.8852980136871338
vt 0.6962025165557861 0.8852980136871338
vt 0.7088607549667358 0.8852980136871338
vt 0.7215189933776855 0.8852980136871338
vt 0.7341771721839905 0.8852980136871338
vt 0.7468354105949402 0.8852980136871338
vt 0.7594936490058899 0.8852980136871338
vt 0.7721518874168396 0.8852980136871338
vt 0.7848101258277893 0.8852980136871338
vt 0.797468364238739 0.8852980136871338
vt 0.810126543045044 0.8852980136871338
vt 0.8227847814559937 0.8852980136871338
vt 0.8354430198669434 0.8852980136871338
vt 0.8481012582778931 0.8852980136871338
vt 0.8607594966888428 0.8852980136871338
vt 0.8734177350997925 0.8852980136871338
vt 0.8860759139060974 0.8852980136871338
vt 0.8987341523170471 0.8852980136871338
vt 0.9113923907279968 0.8852980136871338
vt 0.9240506291389465 0.8852980136871338
vt 0.9367088675498962 0.8852980136871338
vt 0.949367105960846 0.8852980136871338
vt 0.9620252847671509 0.8852980136871338
vt 0.9746835231781006 0.8852980136871338
vt 0.9873417615890503 0.8852980136871338
vt 1 0.8852980136871338
vt 0 0.8979451656341553
vt 0.012658227235078812 0.8979451656341553
vt 0.025316454470157623 0.8979451656341553
vt 0.03797468543052673 0.8979451656341553
vt 0.05063290894031525 0.8979451656341553
vt 0.06329113990068436 0.8979451656341553
vt 0.07594937086105347 0.8979451656341553
vt 0.08860759437084198 0.8979451656341553
vt 0.1012658178806305 0.8979451656341553
vt 0.1139240488409996 0.8979451656341553
vt 0.1265822798013687 0.8979451656341553
vt 0.13924050331115723 0.8979451656341553
vt 0.15189874172210693 0.8979451656341553
vt 0.16455695033073425 0.8979451656341553
vt 0.17721518874168396 0.8979451656341553
vt 0.18987341225147247 0.8979451656341553
vt 0.202531635761261 0.8979451656341553
vt 0.2151898741722107 0.8979451656341553
vt 0.2278480976819992 0.8979451656341553
vt 0.24050632119178772 0.8979451656341553
vt 0.2531645596027374 0.8979451656341553
vt 0.26582279801368713 0.8979451656341553
vt 0.27848100662231445 0.8979451656341553
vt 0.29113924503326416 0.8979451656341553
vt 0.30379748344421387 0.8979451656341553
vt 0.3164556920528412 0.8979451656341553
vt 0.3291139006614685 0.8979451656341553
vt 0.3417721390724182 0.8979451656341553
vt 0.3544303774833679 0.8979451656341553
vt 0.36708858609199524 0.8979451656341553
vt 0.37974682450294495 0.8979451656341553
vt 0.39240506291389465 0.8979451656341553
vt 0.405063271522522 0.8979451656341553
vt 0.4177215099334717 0.8979451656341553
vt 0.4303797483444214 0.8979451656341553
vt 0.4430379569530487 0.8979451656341553
vt 0.4556961953639984 0.8979451656341553
vt 0.4683544337749481 0.8979451656341553
vt 0.48101264238357544 0.8979451656341553
vt 0.49367088079452515 0.8979451656341553
vt 0.5063291192054749 0.8979451656341553
vt 0.5189873576164246 0.8979451656341553
vt 0.5316455960273743 0.8979451656341553
vt 0.5443037748336792 0.8979451656341553
vt 0.5569620132446289 0.8979451656341553
vt 0.5696202516555786 0.8979451656341553
vt 0.5822784900665283 0.8979451656341553
vt 0.594936728477478 0.8979451656341553
vt 0.6075949668884277 0.8979451656341553
vt 0.6202531456947327 0.8979451656341553
vt 0.6329113841056824 0.8979451656341553
vt 0.6455696225166321 0.8979451656341553
vt 0.658227801322937 0.8979451656341553
vt 0.6708860397338867 0.8979451656341553
vt 0.6835442781448364 0.8979451656341553
vt 0.6962025165557861 0.8979451656341553
vt 0.7088607549667358 0.8979451656341553
vt 0.7215189933776855 0.8979451656341553
vt 0.7341771721839905 0.8979451656341553
vt 0.7468354105949402 0.8979451656341553
vt 0.7594936490058899 0.8979451656341553
vt 0.7721518874168396 0.8979451656341553
vt 0.7848101258277893 0.8979451656341553
vt 0.797468364238739 0.8979451656341553
vt 0.810126543045044 0.8979451656341553
vt 0.8227847814559937 0.8979451656341553
vt 0.8354430198669434 0.8979451656341553
vt 0.8481012582778931 0.8979451656341553
vt 0.8607594966888428 0.8979451656341553
vt 0.8734177350997925 0.8979451656341553
vt 0.8860759139060974 0.8979451656341553
vt 0.8987341523170471 0.8979451656341553
vt 0.9113923907279968 0.8979451656341553
vt 0.9240506291389465 0.8979451656341553
vt 0.9367088675498962 0.8979451656341553
vt 0.949367105960846 0.8979451656341553
vt 0.9620252847671509 0.8979451656341553
vt 0.9746835231781006 0.8979451656341553
vt 0.9873417615890503 0.8979451656341553
vt 1 0.8979451656341553
vt 0 0.910592257976532
vt 0.012658227235078812 0.910592257976532
vt 0.025316454470157623 0.910592257976532
vt 0.03797468543052673 0.910592257976532
vt 0.05063290894031525 0.910592257976532
vt 0.06329113990068436 0.910592257976532
vt 0.07594937086105347 0.910592257976532
vt 0.08860759437084198 0.910592257976532
vt 0.1012658178806305 0.910592257976532
vt 0.1139240488409996 0.910592257976532
vt 0.1265822798013687 0.910592257976532
vt 0.13924050331115723 0.910592257976532
vt 0.15189874172210693 0.910592257976532
vt 0.16455695033073425 0.910592257976532
vt 0.17721518874168396 0.910592257976532
vt 0.18987341225147247 0.910592257976532
vt 0.202531635761261 0.910592257976532
vt 0.2151898741722107 0.910592257976532
vt 0.2278480976819992 0.910592257976532
vt 0.24050632119178772 0.910592257976532
vt 0.2531645596027374 0.910592257976532
vt 0.26582279801368713 0.910592257976532
vt 0.27848100662231445 0.910592257976532
vt 0.29113924503326416 0.910592257976532
vt 0.30379748344421387 0.910592257976532
vt 0.3164556920528412 0.910592257976532
vt 0.3291139006614685 0.910592257976532
vt 0.3417721390724182 0.910592257976532
vt 0.3544303774833679 0.910592257976532
vt 0.36708858609199524 0.910592257976532
vt 0.37974682450294495 0.910592257976532
vt 0.39240506291389465 0.910592257976532
vt 0.405063271522522 0.910592257976532
vt 0.4177215099334717 0.910592257976532
vt 0.4303797483444214 0.910592257976532
vt 0.4430379569530487 0.910592257976532
vt 0.4556961953639984 0.910592257976532
vt 0.4683544337749481 0.910592257976532
vt 0.48101264238357544 0.910592257976532
vt 0.49367088079452515 0.910592257976532
vt 0.5063291192054749 0.910592257976532
vt 0.5189873576164246 0.910592257976532
vt 0.5316455960273743 0.910592257976532
vt 0.5443037748336792 0.910592257976532
vt 0.5569620132446289 0.910592257976532
vt 0.5696202516555786 0.910592257976532
vt 0.5822784900665283 0.910592257976532
vt 0.594936728477478 0.910592257976532
vt 0.6075949668884277 0.910592257976532
vt 0.6202531456947327 0.910592257976532
vt 0.6329113841056824 0.910592257976532
vt 0.6455696225166321 0.910592257976532
vt 0.658227801322937 0.910592257976532
vt 0.6708860397338867 0.910592257976532
vt 0.6835442781448364 0.910592257976532
vt 0.6962025165557861 0.910592257976532
vt 0.7088607549667358 0.910592257976532
vt 0.7215189933776855 0.910592257976532
vt 0.7341771721839905 0.910592257976532
vt 0.7468354105949402 0.910592257976532
vt 0.7594936490058899 0.910592257976532
vt 0.7721518874168396 0.910592257976532
vt 0.7848101258277893 0.910592257976532
vt 0.797468364238739 0.910592257976532
vt 0.810126543045044 0.910592257976532
vt 0.8227847814559937 0.910592257976532
vt 0.8354430198669434 0.910592257976532
vt 0.8481012582778931 0.910592257976532
vt 0.8607594966888428 0.910592257976532
vt 0.8734177350997925 0.910592257976532
vt 0.8860759139060974 0.910592257976532
vt 0.8987341523170471 0.910592257976532
vt 0.9113923907279968 0.910592257976532
vt 0.9240506291389465 0.910592257976532
vt 0.9367088675498962 0.910592257976532
vt 0.949367105960846 0.910592257976532
vt 0.9620252847671509 0.910592257976532
vt 0.9746835231781006 0.910592257976532
vt 0.9873417615890503 0.910592257976532
vt 1 0.910592257976532
vt 0 0.9232392907142639
vt 0.012658227235078812 0.9232392907142639
vt 0.025316454470157623 0.9232392907142639
vt 0.03797468543052673 0.9232392907142639
vt 0.05063290894031525 0.9232392907142639
vt 0.06329113990068436 0.9232392907142639
vt 0.07594937086105347 0.9232392907142639
vt 0.08860759437084198 0.9232392907142639
vt 0.1012658178806305 0.9232392907142639
vt 0.1139240488409996 0.9232392907142639
vt 0.1265822798013687 0.9232392907142639
vt 0.13924050331115723 0.9232392907142639
vt 0.15189874172210693 0.9232392907142639
vt 0.16455695033073425 0.9232392907142639
vt 0.17721518874168396 0.9232392907142639
vt 0.18987341225147247 0.9232392907142639
vt 0.202531635761261 0.9232392907142639
vt 0.2151898741722107 0.9232392907142639
vt 0.2278480976819992 0.9232392907142639
vt 0.24050632119178772 0.9232392907142639
vt 0.2531645596027374 0.9232392907142639
vt 0.26582279801368713 0.9232392907142639
vt 0.27848100662231445 0.9232392907142639
vt 0.29113924503326416 0.9232392907142639
vt 0.30379748344421387 0.9232392907142639
vt 0.3164556920528412 0.9232392907142639
vt 0.3291139006614685 0.9232392907142639
vt 0.3417721390724182 0.9232392907142639
vt 0.3544303774833679 0.9232392907142639
vt 0.36708858609199524 0.9232392907142639
vt 0.37974682450294495 0.9232392907142639
vt 0.39240506291389465 0.9232392907142639
vt 0.405063271522522 0.9232392907142639
vt 0.4177215099334717 0.9232392907142639
vt 0.4303797483444214 0.9232392907142639
vt 0.4430379569530487 0.9232392907142639
vt 0.4556961953639984 0.9232392907142639
vt 0.4683544337749481 0.9232392907142639
vt 0.48101264238357544 0.9232392907142639
vt 0.49367088079452515 0.9232392907142639
vt 0.5063291192054749 0.9232392907142639
vt 0.5189873576164246 0.9232392907142639
vt 0.5316455960273743 0.9232392907142639
vt 0.5443037748336792 0.9232392907142639
vt 0.5569620132446289 0.9232392907142639
vt 0.5696202516555786 0.9232392907142639
vt 0.5822784900665283 0.9232392907142639
vt 0.594936728477478 0.9232392907142639
vt 0.6075949668884277 0.9232392907142639
vt 0.6202531456947327 0.9232392907142639
vt 0.6329113841056824 0.9232392907142639
vt 0.6455696225166321 0.9232392907142639
vt 0.658227801322937 0.9232392907142639
vt 0.6708860397338867 0.9232392907142639
vt 0.6835442781448364 0.9232392907142639
vt 0.6962025165557861 0.9232392907142639
vt 0.7088607549667358 0.9232392907142639
vt 0.7215189933776855 0.9232392907142639
vt 0.7341771721839905 0.9232392907142639
vt 0.7468354105949402 0.9232392907142639
vt 0.7594936490058899 0.9232392907142639
vt 0.7721518874168396 0.9232392907142639
vt 0.7848101258277893 0.9232392907142639
vt 0.797468364238739 0.9232392907142639
vt 0.810126543045044 0.9232392907142639
vt 0.8227847814559937 0.9232392907142639
vt 0.8354430198669434 0.9232392907142639
vt 0.8481012582778931 0.9232392907142639
vt 0.8607594966888428 0.9232392907142639
vt 0.8734177350997925 0.9232392907142639
vt 0.8860759139060974 0.9232392907142639
vt 0.8987341523170471 0.9232392907142639
vt 0.9113923907279968 0.9232392907142639
vt 0.9240506291389465 0.9232392907142639
vt 0.9367088675498962 0.9232392907142639
vt 0.949367105960846 0.9232392907142639
vt 0.9620252847671509 0.9232392907142639
vt 0.9746835231781006 0.9232392907142639
vt 0.9873417615890503 0.9232392907142639
vt 1 0.9232392907142639
vt 0 0.9358865022659302
vt 0.012658227235078812 0.9358865022659302
vt 0.025316454470157623 0.9358865022659302
vt 0.03797468543052673 0.9358865022659302
vt 0.05063290894031525 0.9358865022659302
vt 0.06329113990068436 0.9358865022659302
vt 0.07594937086105347 0.9358865022659302
vt 0.08860759437084198 0.9358865022659302
vt 0.1012658178806305 0.9358865022659302
vt 0.1139240488409996 0.9358865022659302
vt 0.1265822798013687 0.9358865022659302
vt 0.13924050331115723 0.9358865022659302
vt 0.15189874172210693 0.9358865022659302
vt 0.16455695033073425 0.9358865022659302
vt 0.17721518874168396 0.9358865022659302
vt 0.18987341225147247 0.9358865022659302
vt 0.202531635761261 0.9358865022659302
vt 0.2151898741722107 0.9358865022659302
vt 0.2278480976819992 0.9358865022659302
vt 0.24050632119178772 0.9358865022659302
vt 0.2531645596027374 0.9358865022659302
vt 0.26582279801368713 0.9358865022659302
vt 0.27848100662231445 0.9358865022659302
vt 0.29113924503326416 0.9358865022659302
vt 0.30379748344421387 0.9358865022659302
vt 0.3164556920528412 0.9358865022659302
vt 0.3291139006614685 0.9358865022659302
vt 0.3417721390724182 0.9358865022659302
vt 0.3544303774833679 0.9358865022659302
vt 0.36708858609199524 0.9358865022659302
vt 0.37974682450294495 0.9358865022659302
vt 0.39240506291389465 0.9358865022659302
vt 0.405063271522522 0.9358865022659302
vt 0.4177215099334717 0.9358865022659302
vt 0.4303797483444214 0.9358865022659302
vt 0.4430379569530487 0.9358865022659302
vt 0.4556961953639984 0.9358865022659302
vt 0.4683544337749481 0.9358865022659302
vt 0.48101264238357544 0.9358865022659302
vt 0.49367088079452515 0.9358865022659302
vt 0.5063291192054749 0.9358865022659302
vt 0.5189873576164246 0.9358865022659302
vt 0.5316455960273743 0.9358865022659302
vt 0.5443037748336792 0.9358865022659302
vt 0.5569620132446289 0.9358865022659302
vt 0.5696202516555786 0.9358865022659302
vt 0.5822784900665283 0.9358865022659302
vt 0.594936728477478 0.9358865022659302
vt 0.6075949668884277 0.9358865022659302
vt 0.6202531456947327 0.9358865022659302
vt 0.6329113841056824 0.9358865022659302
vt 0.6455696225166321 0.9358865022659302
vt 0.658227801322937 0.9358865022659302
vt 0.6708860397338867 0.9358865022659302
vt 0.6835442781448364 0.9358865022659302
vt 0.6962025165557861 0.9358865022659302
vt 0.7088607549667358 0.9358865022659302
vt 0.7215189933776855 0.9358865022659302
vt 0.7341771721839905 0.9358865022659302
vt 0.7468354105949402 0.9358865022659302
vt 0.7594936490058899 0.9358865022659302
vt 0.7721518874168396 0.9358865022659302
vt 0.7848101258277893 0.9358865022659302
vt 0.797468364238739 0.9358865022659302
vt 0.810126543045044 0.9358865022659302
vt 0.8227847814559937 0.9358865022659302
vt 0.8354430198669434 0.9358865022659302
vt 0.8481012582778931 0.9358865022659302
vt 0.8607594966888428 0.9358865022659302
vt 0.8734177350997925 0.9358865022659302
vt 0.8860759139060974 0.9358865022659302
vt 0.8987341523170471 0.9358865022659302
vt 0.9113923907279968 0.9358865022659302
vt 0.9240506291389465 0.9358865022659302
vt 0.9367088675498962 0.9358865022659302
vt 0.949367105960846 0.9358865022659302
vt 0.9620252847671509 0.9358865022659302
vt 0.9746835231781006 0.9358865022659302
vt 0.9873417615890503 0.9358865022659302
vt 1 0.9358865022659302
vt 0 0.9485335946083069
vt 0.012658227235078812 0.9485335946083069
vt 0.025316454470157623 0.9485335946083069
vt 0.03797468543052673 0.9485335946083069
vt 0.05063290894031525 0.9485335946083069
vt 0.06329113990068436 0.9485335946083069
vt 0.07594937086105347 0.9485335946083069
vt 0.08860759437084198 0.9485335946083069
vt 0.1012658178806305 0.9485335946083069
vt 0.1139240488409996 0.9485335946083069
vt 0.1265822798013687 0.9485335946083069
vt 0.13924050331115723 0.9485335946083069
vt 0.15189874172210693 0.9485335946083069
vt 0.16455695033073425 0.9485335946083069
vt 0.17721518874168396 0.9485335946083069
vt 0.18987341225147247 0.9485335946083069
vt 0.202531635761261 0.9485335946083069
vt 0.2151898741722107 0.9485335946083069
vt 0.2278480976819992 0.9485335946083069
vt 0.24050632119178772 0.9485335946083069
vt 0.2531645596027374 0.9485335946083069
vt 0.26582279801368713 0.9485335946083069
vt 0.27848100662231445 0.9485335946083069
vt 0.29113924503326416 0.9485335946083069
vt 0.30379748344421387 0.9485335946083069
vt 0.3164556920528412 0.9485335946083069
vt 0.3291139006614685 0.9485335946083069
vt 0.3417721390724182 0.9485335946083069
vt 0.3544303774833679 0.9485335946083069
vt 0.36708858609199524 0.9485335946083069
vt 0.37974682450294495 0.9485335946083069
vt 0.39240506291389465 0.9485335946083069
vt 0.405063271522522 0.9485335946083069
vt 0.4177215099334717 0.9485335946083069
vt 0.4303797483444214 0.9485335946083069
vt 0.4430379569530487 0.9485335946083069
vt 0.4556961953639984 0.9485335946083069
vt 0.4683544337749481 0.9485335946083069
vt 0.48101264238357544 0.9485335946083069
vt 0.49367088079452515 0.9485335946083069
vt 0.5063291192054749 0.9485335946083069
vt 0.5189873576164246 0.9485335946083069
vt 0.5316455960273743 0.9485335946083069
vt 0.5443037748336792 0.9485335946083069
vt 0.5569620132446289 0.9485335946083069
vt 0.5696202516555786 0.9485335946083069
vt 0.5822784900665283 0.9485335946083069
vt 0.594936728477478 0.9485335946083069
vt 0.6075949668884277 0.9485335946083069
vt 0.6202531456947327 0.9485335946083069
vt 0.6329113841056824 0.9485335946083069
vt 0.6455696225166321 0.9485335946083069
vt 0.658227801322937 0.9485335946083069
vt 0.6708860397338867 0.9485335946083069
vt 0.6835442781448364 0.9485335946083069
vt 0.6962025165557861 0.9485335946083069
vt 0.7088607549667358 0.9485335946083069
vt 0.7215189933776855 0.9485335946083069
vt 0.7341771721839905 0.9485335946083069
vt 0.7468354105949402 0.9485335946083069
vt 0.7594936490058899 0.9485335946083069
vt 0.7721518874168396 0.9485335946083069
vt 0.7848101258277893 0.9485335946083069
vt 0.797468364238739 0.9485335946083069
vt 0.810126543045044 0.9485335946083069
vt 0.8227847814559937 0.9485335946083069
vt 0.8354430198669434 0.9485335946083069
vt 0.8481012582778931 0.9485335946083069
vt 0.8607594966888428 0.9485335946083069
vt 0.8734177350997925 0.9485335946083069
vt 0.8860759139060974 0.9485335946083069
vt 0.8987341523170471 0.9485335946083069
vt 0.9113923907279968 0.9485335946083069
vt 0.9240506291389465 0.9485335946083069
vt 0.9367088675498962 0.9485335946083069
vt 0.949367105960846 0.9485335946083069
vt 0.9620252847671509 0.9485335946083069
vt 0.9746835231781006 0.9485335946083069
vt 0.9873417615890503 0.9485335946083069
vt 1 0.9485335946083069
vt 0 0.9611806869506836
vt 0.012658227235078812 0.9611806869506836
vt 0.025316454470157623 0.9611806869506836
vt 0.03797468543052673 0.9611806869506836
vt 0.05063290894031525 0.9611806869506836
vt 0.06329113990068436 0.9611806869506836
vt 0.07594937086105347 0.9611806869506836
vt 0.08860759437084198 0.9611806869506836
vt 0.1012658178806305 0.9611806869506836
vt 0.1139240488409996 0.9611806869506836
vt 0.1265822798013687 0.9611806869506836
vt 0.13924050331115723 0.9611806869506836
vt 0.15189874172210693 0.9611806869506836
vt 0.16455695033073425 0.9611806869506836
vt 0.17721518874168396 0.9611806869506836
vt 0.18987341225147247 0.9611806869506836
vt 0.202531635761261 0.9611806869506836
vt 0.2151898741722107 0.9611806869506836
vt 0.2278480976819992 0.9611806869506836
vt 0.24050632119178772 0.9611806869506836
vt 0.2531645596027374 0.9611806869506836
vt 0.26582279801368713 0.9611806869506836
vt 0.27848100662231445 0.9611806869506836
vt 0.29113924503326416 0.9611806869506836
vt 0.30379748344421387 0.9611806869506836
vt 0.3164556920528412 0.9611806869506836
vt 0.3291139006614685 0.9611806869506836
vt 0.3417721390724182 0.9611806869506836
vt 0.3544303774833679 0.9611806869506836
vt 0.36708858609199524 0.9611806869506836
vt 0.37974682450294495 0.9611806869506836
vt 0.39240506291389465 0.9611806869506836
vt 0.405063271522522 0.9611806869506836
vt 0.4177215099334717 0.9611806869506836
vt 0.4303797483444214 0.9611806869506836
vt 0.4430379569530487 0.9611806869506836
vt 0.4556961953639984 0.9611806869506836
vt 0.4683544337749481 0.9611806869506836
vt 0.48101264238357544 0.9611806869506836
vt 0.49367088079452515 0.9611806869506836
vt 0.5063291192054749 0.9611806869506836
vt 0.5189873576164246 0.9611806869506836
vt 0.5316455960273743 0.9611806869506836
vt 0.5443037748336792 0.9611806869506836
vt 0.5569620132446289 0.9611806869506836
vt 0.5696202516555786 0.9611806869506836
vt 0.5822784900665283 0.9611806869506836
vt 0.594936728477478 0.9611806869506836
vt 0.6075949668884277 0.9611806869506836
vt 0.6202531456947327 0.9611806869506836
vt 0.6329113841056824 0.9611806869506836
vt 0.6455696225166321 0.9611806869506836
vt 0.658227801322937 0.9611806869506836
vt 0.6708860397338867 0.9611806869506836
vt 0.6835442781448364 0.9611806869506836
vt 0.6962025165557861 0.9611806869506836
vt 0.7088607549667358 0.9611806869506836
vt 0.7215189933776855 0.9611806869506836
vt 0.7341771721839905 0.9611806869506836
vt 0.7468354105949402 0.9611806869506836
vt 0.7594936490058899 0.9611806869506836
vt 0.7721518874168396 0.9611806869506836
vt 0.7848101258277893 0.9611806869506836
vt 0.797468364238739 0.9611806869506836
vt 0.810126543045044 0.9611806869506836
vt 0.8227847814559937 0.9611806869506836
vt 0.8354430198669434 0.9611806869506836
vt 0.8481012582778931 0.9611806869506836
vt 0.8607594966888428 0.9611806869506836
vt 0.8734177350997925 0.9611806869506836
vt 0.8860759139060974 0.9611806869506836
vt 0.8987341523170471 0.9611806869506836
vt 0.9113923907279968 0.9611806869506836
vt 0.9240506291389465 0.9611806869506836
vt 0.9367088675498962 0.9611806869506836
vt 0.949367105960846 0.9611806869506836
vt 0.9620252847671509 0.9611806869506836
vt 0.9746835231781006 0.9611806869506836
vt 0.9873417615890503 0.9611806869506836
vt 1 0.9611806869506836
vt 0 0.9738277792930603
vt 0.012658227235078812 0.9738277792930603
vt 0.025316454470157623 0.9738277792930603
vt 0.03797468543052673 0.9738277792930603
vt 0.05063290894031525 0.9738277792930603
vt 0.06329113990068436 0.9738277792930603
vt 0.07594937086105347 0.9738277792930603
vt 0.08860759437084198 0.9738277792930603
vt 0.1012658178806305 0.9738277792930603
vt 0.1139240488409996 0.9738277792930603
vt 0.1265822798013687 0.9738277792930603
vt 0.13924050331115723 0.9738277792930603
vt 0.15189874172210693 0.9738277792930603
vt 0.16455695033073425 0.9738277792930603
vt 0.17721518874168396 0.9738277792930603
vt 0.18987341225147247 0.9738277792930603
vt 0.202531635761261 0.9738277792930603
vt 0.2151898741722107 0.9738277792930603
vt 0.2278480976819992 0.9738277792930603
vt 0.24050632119178772 0.9738277792930603
vt 0.2531645596027374 0.9738277792930603
vt 0.26582279801368713 0.9738277792930603
vt 0.27848100662231445 0.9738277792930603
vt 0.29113924503326416 0.9738277792930603
vt 0.30379748344421387 0.9738277792930603
vt 0.3164556920528412 0.9738277792930603
vt 0.3291139006614685 0.9738277792930603
vt 0.3417721390724182 0.9738277792930603
vt 0.3544303774833679 0.9738277792930603
vt 0.36708858609199524 0.9738277792930603
vt 0.37974682450294495 0.9738277792930603
vt 0.39240506291389465 0.9738277792930603
vt 0.405063271522522 0.9738277792930603
vt 0.4177215099334717 0.9738277792930603
vt 0.4303797483444214 0.9738277792930603
vt 0.4430379569530487 0.9738277792930603
vt 0.4556961953639984 0.9738277792930603
vt 0.4683544337749481 0.9738277792930603
vt 0.48101264238357544 0.9738277792930603
vt 0.49367088079452515 0.9738277792930603
vt 0.5063291192054749 0.9738277792930603
vt 0.5189873576164246 0.9738277792930603
vt 0.5316455960273743 0.9738277792930603
vt 0.5443037748336792 0.9738277792930603
vt 0.5569620132446289 0.9738277792930603
vt 0.5696202516555786 0.9738277792930603
vt 0.5822784900665283 0.9738277792930603
vt 0.594936728477478 0.9738277792930603
vt 0.6075949668884277 0.9738277792930603
vt 0.6202531456947327 0.9738277792930603
vt 0.6329113841056824 0.9738277792930603
vt 0.6455696225166321 0.9738277792930603
vt 0.658227801322937 0.9738277792930603
vt 0.6708860397338867 0.9738277792930603
vt 0.6835442781448364 0.9738277792930603
vt 0.6962025165557861 0.9738277792930603
vt 0.7088607549667358 0.9738277792930603
vt 0.7215189933776855 0.9738277792930603
vt 0.7341771721839905 0.9738277792930603
vt 0.7468354105949402 0.9738277792930603
vt 0.7594936490058899 0.9738277792930603
vt 0.7721518874168396 0.9738277792930603
vt 0.7848101258277893 0.9738277792930603
vt 0.797468364238739 0.9738277792930603
vt 0.810126543045044 0.9738277792930603
vt 0.8227847814559937 0.9738277792930603
vt 0.8354430198669434 0.9738277792930603
vt 0.8481012582778931 0.9738277792930603
vt 0.8607594966888428 0.9738277792930603
vt 0.8734177350997925 0.9738277792930603
vt 0.8860759139060974 0.9738277792930603
vt 0.8987341523170471 0.9738277792930603
vt 0.9113923907279968 0.9738277792930603
vt 0.9240506291389465 0.9738277792930603
vt 0.9367088675498962 0.9738277792930603
vt 0.949367105960846 0.9738277792930603
vt 0.9620252847671509 0.9738277792930603
vt 0.9746835231781006 0.9738277792930603
vt 0.9873417615890503 0.9738277792930603
vt 1 0.9738277792930603
vt 0 0.9864749312400818
vt 0.012658227235078812 0.9864749312400818
vt 0.025316454470157623 0.9864749312400818
vt 0.03797468543052673 0.9864749312400818
vt 0.05063290894031525 0.9864749312400818
vt 0.06329113990068436 0.9864749312400818
vt 0.07594937086105347 0.9864749312400818
vt 0.08860759437084198 0.9864749312400818
vt 0.1012658178806305 0.9864749312400818
vt 0.1139240488409996 0.9864749312400818
vt 0.1265822798013687 0.9864749312400818
vt 0.13924050331115723 0.9864749312400818
vt 0.15189874172210693 0.9864749312400818
vt 0.16455695033073425 0.9864749312400818
vt 0.17721518874168396 0.9864749312400818
vt 0.18987341225147247 0.9864749312400818
vt 0.202531635761261 0.9864749312400818
vt 0.2151898741722107 0.9864749312400818
vt 0.2278480976819992 0.9864749312400818
vt 0.24050632119178772 0.9864749312400818
vt 0.2531645596027374 0.9864749312400818
vt 0.26582279801368713 0.9864749312400818
vt 0.27848100662231445 0.9864749312400818
vt 0.29113924503326416 0.9864749312400818
vt 0.30379748344421387 0.9864749312400818
vt 0.3164556920528412 0.9864749312400818
vt 0.3291139006614685 0.9864749312400818
vt 0.3417721390724182 0.9864749312400818
vt 0.3544303774833679 0.9864749312400818
vt 0.36708858609199524 0.9864749312400818
vt 0.37974682450294495 0.9864749312400818
vt 0.39240506291389465 0.9864749312400818
vt 0.405063271522522 0.9864749312400818
vt 0.4177215099334717 0.9864749312400818
vt 0.4303797483444214 0.9864749312400818
vt 0.4430379569530487 0.9864749312400818
vt 0.4556961953639984 0.9864749312400818
vt 0.4683544337749481 0.9864749312400818
vt 0.48101264238357544 0.9864749312400818
vt 0.49367088079452515 0.9864749312400818
vt 0.5063291192054749 0.9864749312400818
vt 0.5189873576164246 0.9864749312400818
vt 0.5316455960273743 0.9864749312400818
vt 0.5443037748336792 0.9864749312400818
vt 0.5569620132446289 0.9864749312400818
vt 0.5696202516555786 0.9864749312400818
vt 0.5822784900665283 0.9864749312400818
vt 0.594936728477478 0.9864749312400818
vt 0.6075949668884277 0.9864749312400818
vt 0.6202531456947327 0.9864749312400818
vt 0.6329113841056824 0.9864749312400818
vt 0.6455696225166321 0.9864749312400818
vt 0.658227801322937 0.9864749312400818
vt 0.6708860397338867 0.9864749312400818
vt 0.6835442781448364 0.9864749312400818
vt 0.6962025165557861 0.9864749312400818
vt 0.7088607549667358 0.9864749312400818
vt 0.7215189933776855 0.9864749312400818
vt 0.7341771721839905 0.9864749312400818
vt 0.7468354105949402 0.9864749312400818
vt 0.7594936490058899 0.9864749312400818
vt 0.7721518874168396 0.9864749312400818
vt 0.7848101258277893 0.9864749312400818
vt 0.797468364238739 0.9864749312400818
vt 0.810126543045044 0.9864749312400818
vt 0.8227847814559937 0.9864749312400818
vt 0.8354430198669434 0.9864749312400818
vt 0.8481012582778931 0.9864749312400818
vt 0.8607594966888428 0.9864749312400818
vt 0.8734177350997925 0.9864749312400818
vt 0.8860759139060974 0.9864749312400818
vt 0.8987341523170471 0.9864749312400818
vt 0.9113923907279968 0.9864749312400818
vt 0.9240506291389465 0.9864749312400818
vt 0.9367088675498962 0.9864749312400818
vt 0.949367105960846 0.9864749312400818
vt 0.9620252847671509 0.9864749312400818
vt 0.9746835231781006 0.9864749312400818
vt 0.9873417615890503 0.9864749312400818
vt 1 0.9864749312400818
vt 0 0.9991220235824585
vt 0.012658227235078812 0.9991220235824585
vt 0.025316454470157623 0.9991220235824585
vt 0.03797468543052673 0.9991220235824585
vt 0.05063290894031525 0.9991220235824585
vt 0.06329113990068436 0.9991220235824585
vt 0.07594937086105347 0.9991220235824585
vt 0.08860759437084198 0.9991220235824585
vt 0.1012658178806305 0.9991220235824585
vt 0.1139240488409996 0.9991220235824585
vt 0.1265822798013687 0.9991220235824585
vt 0.13924050331115723 0.9991220235824585
vt 0.15189874172210693 0.9991220235824585
vt 0.16455695033073425 0.9991220235824585
vt 0.17721518874168396 0.9991220235824585
vt 0.18987341225147247 0.9991220235824585
vt 0.202531635761261 0.9991220235824585
vt 0.2151898741722107 0.9991220235824585
vt 0.2278480976819992 0.9991220235824585
vt 0.24050632119178772 0.9991220235824585
vt 0.2531645596027374 0.9991220235824585
vt 0.26582279801368713 0.9991220235824585
vt 0.27848100662231445 0.9991220235824585
vt 0.29113924503326416 0.9991220235824585
vt 0.30379748344421387 0.9991220235824585
vt 0.3164556920528412 0.9991220235824585
vt 0.3291139006614685 0.9991220235824585
vt 0.3417721390724182 0.9991220235824585
vt 0.3544303774833679 0.9991220235824585
vt 0.36708858609199524 0.9991220235824585
vt 0.37974682450294495 0.9991220235824585
vt 0.39240506291389465 0.9991220235824585
vt 0.405063271522522 0.9991220235824585
vt 0.4177215099334717 0.9991220235824585
vt 0.4303797483444214 0.9991220235824585
vt 0.4430379569530487 0.9991220235824585
vt 0.4556961953639984 0.9991220235824585
vt 0.4683544337749481 0.9991220235824585
vt 0.48101264238357544 0.9991220235824585
vt 0.49367088079452515 0.9991220235824585
vt 0.5063291192054749 0.9991220235824585
vt 0.5189873576164246 0.9991220235824585
vt 0.5316455960273743 0.9991220235824585
vt 0.5443037748336792 0.9991220235824585
vt 0.5569620132446289 0.9991220235824585
vt 0.5696202516555786 0.9991220235824585
vt 0.5822784900665283 0.9991220235824585
vt 0.594936728477478 0.9991220235824585
vt 0.6075949668884277 0.9991220235824585
vt 0.6202531456947327 0.9991220235824585
vt 0.6329113841056824 0.9991220235824585
vt 0.6455696225166321 0.9991220235824585
vt 0.658227801322937 0.9991220235824585
vt 0.6708860397338867 0.9991220235824585
vt 0.6835442781448364 0.9991220235824585
vt 0.6962025165557861 0.9991220235824585
vt 0.7088607549667358 0.9991220235824585
vt 0.7215189933776855 0.9991220235824585
vt 0.7341771721839905 0.9991220235824585
vt 0.7468354105949402 0.9991220235824585
vt 0.7594936490058899 0.9991220235824585
vt 0.7721518874168396 0.9991220235824585
vt 0.7848101258277893 0.9991220235824585
vt 0.797468364238739 0.9991220235824585
vt 0.810126543045044 0.9991220235824585
vt 0.8227847814559937 0.9991220235824585
vt 0.8354430198669434 0.9991220235824585
vt 0.8481012582778931 0.9991220235824585
vt 0.8607594966888428 0.9991220235824585
vt 0.8734177350997925 0.9991220235824585
vt 0.8860759139060974 0.9991220235824585
vt 0.8987341523170471 0.9991220235824585
vt 0.9113923907279968 0.9991220235824585
vt 0.9240506291389465 0.9991220235824585
vt 0.9367088675498962 0.9991220235824585
vt 0.949367105960846 0.9991220235824585
vt 0.9620252847671509 0.9991220235824585
vt 0.9746835231781006 0.9991220235824585
vt 0.9873417615890503 0.9991220235824585
vt 1 0.9991220235824585
f 121/121 201/201 122/122
f 122/122 201/201 202/202
f 122/122 202/202 123/123
f 123/123 202/202 203/203
f 123/123 203/203 124/124
f 124/124 203/203 204/204
f 124/124 204/204 125/125
f 125/125 204/204 205/205
f 125/125 205/205 126/126
f 126/126 205/205 206/206
f 126/126 206/206 127/127
f 127/127 206/206 207/207
f 127/127 207/207 128/128
f 128/128 207/207 208/208
f 128/128 208/208 129/129
f 129/129 208/208 209/209
f 129/129 209/209 130/130
f 130/130 209/209 210/210
f 130/130 210/210 131/131
f 131/131 210/210 211/211
f 131/131 211/211 132/132
f 132/132 211/211 212/212
f 132/132 212/212 133/133
f 133/133 212/212 213/213
f 133/133 213/213 134/134
f 134/134 213/213 214/214
f 134/134 214/214 135/135
f 135/135 214/214 215/215
f 135/135 215/215 136/136
f 136/136 215/215 216/216
f 136/136 216/216 137/137
f 137/137 216/216 217/217
f 137/137 217/217 138/138
f 138/138 217/217 218/218
f 138/138 218/218 139/139
f 139/139 218/218 219/219
f 139/139 219/219 140/140
f 140/140 219/219 220/220
f 198/198 278/278 199/199
f 199/199 278/278 279/279
f 199/199 279/279 200/200
f 200/200 279/279 280/280
f 200/200 280/280 201/201
f 201/201 280/280 281/281
f 201/201 281/281 202/202
f 202/202 281/281 282/282
f 202/202 282/282 203/203
f 203/203 282/282 283/283
f 203/203 283/283 204/204
f 204/204 283/283 284/284
f 204/204 284/284 205/205
f 205/205 284/284 285/285
f 205/205 285/285 206/206
f 206/206 285/285 286/286
f 206/206 286/286 207/207
f 207/207 286/286 287/287
f 207/207 287/287 208/208
f 208/208 287/287 288/288
f 208/208 288/288 209/209
f 209/209 288/288 289/289
f 209/209 289/289 210/210
f 210/210 289/289 290/290
f 210/210 290/290 211/211
f 211/211 290/290 291/291
f 211/211 291/291 212/212
f 212/212 291/291 292/292
f 212/212 292/292 213/213
f 213/213 292/292 293/293
f 213/213 293/293 214/214
f 214/214 293/293 294/294
f 214/214 294/294 215/215
f 215/215 294/294 295/295
f 215/215 295/295 216/216
f 216/216 295/295 296/296
f 216/216 296/296 217/217
f 217/217 296/296 297/297
f 217/217 297/297 218/218
f 218/218 297/297 298/298
f 218/218 298/298 219/219
f 219/219 298/298 299/299
f 219/219 299/299 220/220
f 220/220 299/299 300/300
f 220/220 300/300 221/221
f 221/221 300/300 301/301
f 221/221 301/301 222/222
f 222/222 301/301 302/302
f 222/222 302/302 223/223
f 223/223 302/302 303/303
f 223/223 303/303 224/224
f 224/224 303/303 304/304
f 224/224 304/304 225/225
f 225/225 304/304 305/305
f 276/276 356/356 277/277
f 277/277 356/356 357/357
f 277/277 357/357 278/278
f 278/278 357/357 358/358
f 278/278 358/358 279/279
f 279/279 358/358 359/359
f 279/279 359/359 280/280
f 280/280 359/359 360/360
f 280/280 360/360 281/281
f 281/281 360/360 361/361
f 281/281 361/361 282/282
f 282/282 361/361 362/362
f 282/282 362/362 283/283
f 283/283 362/362 363/363
f 283/283 363/363 284/284
f 284/284 363/363 364/364
f 284/284 364/364 285/285
f 285/285 364/364 365/365
f 285/285 365/365 286/286
f 286/286 365/365 366/366
f 286/286 366/366 287/287
f 287/287 366/366 367/367
f 287/287 367/367 288/288
f 288/288 367/367 368/368
f 288/288 368/368 289/289
f 289/289 368/368 369/369
f 289/289 369/369 290/290
f 290/290 369/369 370/370
f 290/290 370/370 291/291
f 291/291 370/370 371/371
f 291/291 371/371 292/292
f 292/292 371/371 372/372
f 292/292 372/372 293/293
f 293/293 372/372 373/373
f 293/293 373/373 294/294
f 294/294 373/373 374/374
f 294/294 374/374 295/295
f 295/295 374/374 375/375
f 295/295 375/375 296/296
f 296/296 375/375 376/376
f 296/296 376/376 297/297
f 297/297 376/376 377/377
f 297/297 377/377 298/298
f 298/298 377/377 378/378
f 298/298 378/378 299/299
f 299/299 378/378 379/379
f 299/299 379/379 300/300
f 300/300 379/379 380/380
f 300/300 380/380 301/301
f 301/301 380/380 381/381
f 301/301 381/381 302/302
f 302/302 381/381 382/382
f 302/302 382/382 303/303
f 303/303 382/382 383/383
f 303/303 383/383 304/304
f 304/304 383/383 384/384
f 304/304 384/384 305/305
f 305/305 384/384 385/385
f 305/305 385/385 306/306
f 306/306 385/385 386/386
f 354/354 434/434 355/355
f 355/355 434/434 435/435
f 355/355 435/435 356/356
f 356/356 435/435 436/436
f 356/356 436/436 357/357
f 357/357 436/436 437/437
f 357/357 437/437 358/358
f 358/358 437/437 438/438
f 358/358 438/438 359/359
f 359/359 438/438 439/439
f 359/359 439/439 360/360
f 360/360 439/439 440/440
f 360/360 440/440 361/361
f 361/361 440/440 441/441
f 361/361 441/441 362/362
f 362/362 441/441 442/442
f 362/362 442/442 363/363
f 363/363 442/442 443/443
f 363/363 443/443 364/364
f 364/364 443/443 444/444
f 364/364 444/444 365/365
f 365/365 444/444 445/445
f 365/365 445/445 366/366
f 366/366 445/445 446/446
f 366/366 446/446 367/367
f 367/367 446/446 447/447
f 367/367 447/447 368/368
f 368/368 447/447 448/448
f 368/368 448/448 369/369
f 369/369 448/448 449/449
f 369/369 449/449 370/370
f 370/370 449/449 450/450
f 370/370 450/450 371/371
f 371/371 450/450 451/451
f 371/371 451/451 372/372
f 372/372 451/451 452/452
f 372/372 452/452 373/373
f 373/373 452/452 453/453
f 373/373 453/453 374/374
f 374/374 453/453 454/454
f 374/374 454/454 375/375
f 375/375 454/454 455/455
f 375/375 455/455 376/376
f 376/376 455/455 456/456
f 376/376 456/456 377/377
f 377/377 456/456 457/457
f 377/377 457/457 378/378
f 378/378 457/457 458/458
f 378/378 458/458 379/379
f 379/379 458/458 459/459
f 379/379 459/459 380/380
f 380/380 459/459 460/460
f 380/380 460/460 381/381
f 381/381 460/460 461/461
f 381/381 461/461 382/382
f 382/382 461/461 462/462
f 382/382 462/462 383/383
f 383/383 462/462 463/463
f 383/383 463/463 384/384
f 384/384 463/463 464/464
f 384/384 464/464 385/385
f 385/385 464/464 465/465
f 385/385 465/465 386/386
f 386/386 465/465 466/466
f 386/386 466/466 387/387
f 387/387 466/466 467/467
f 387/387 467/467 388/388
f 388/388 467/467 468/468
f 432/432 512/512 433/433
f 433/433 512/512 513/513
f 433/433 513/513 434/434
f 434/434 513/513 514/514
f 434/434 514/514 435/435
f 435/435 514/514 515/515
f 435/435 515/515 436/436
f 436/436 515/515 516/516
f 436/436 516/516 437/437
f 437/437 516/516 517/517
f 437/437 517/517 438/438
f 438/438 517/517 518/518
f 438/438 518/518 439/439
f 439/439 518/518 519/519
f 439/439 519/519 440/440
f 440/440 519/519 520/520
f 440/440 520/520 441/441
f 441/441 520/520 521/521
f 441/441 521/521 442/442
f 442/442 521/521 522/522
f 442/442 522/522 443/443
f 443/443 522/522 523/523
f 443/443 523/523 444/444
f 444/444 523/523 524/524
f 444/444 524/524 445/445
f 445/445 524/524 525/525
f 445/445 525/525 446/446
f 446/446 525/525 526/526
f 446/446 526/526 447/447
f 447/447 526/526 527/527
f 447/447 527/527 448/448
f 448/448 527/527 528/528
f 448/448 528/528 449/449
f 449/449 528/528 529/529
f 449/449 529/529 450/450
f 450/450 529/529 530/530
f 450/450 530/530 451/451
f 451/451 530/530 531/531
f 451/451 531/531 452/452
f 452/452 531/531 532/532
f 452/452 532/532 453/453
f 453/453 532/532 533/533
f 453/453 533/533 454/454
f 454/454 533/533 534/534
f 454/454 534/534 455/455
f 455/455 534/534 535/535
f 455/455 535/535 456/456
f 456/456 535/535 536/536
f 456/456 536/536 457/457
f 457/457 536/536 537/537
f 457/457 537/537 458/458
f 458/458 537/537 538/538
f 458/458 538/538 459/459
f 459/459 538/538 539/539
f 459/459 539/539 460/460
f 460/460 539/539 540/540
f 460/460 540/540 461/461
f 461/461 540/540 541/541
f 461/461 541/541 462/462
f 462/462 541/541 542/542
f 462/462 542/542 463/463
f 463/463 542/542 543/543
f 463/463 543/543 464/464
f 464/464 543/543 544/544
f 464/464 544/544 465/465
f 465/465 544/544 545/545
f 465/465 545/545 466/466
f 466/466 545/545 546/546
f 466/466 546/546 467/467
f 467/467 546/546 547/547
f 467/467 547/547 468/468
f 468/468 547/547 548/548
f 468/468 548/548 469/469
f 469/469 548/548 549/549
f 469/469 549/549 470/470
f 470/470 549/549 550/550
f 510/510 590/590 511/511
f 511/511 590/590 591/591
f 511/511 591/591 512/512
f 512/512 591/591 592/592
f 512/512 592/592 513/513
f 513/513 592/592 593/593
f 513/513 593/593 514/514
f 514/514 593/593 594/594
f 514/514 594/594 515/515
f 515/515 594/594 595/595
f 515/515 595/595 516/516
f 516/516 595/595 596/596
f 516/516 596/596 517/517
f 517/517 596/596 597/597
f 517/517 597/597 518/518
f 518/518 597/597 598/598
f 518/518 598/598 519/519
f 519/519 598/598 599/599
f 519/519 599/599 520/520
f 520/520 599/599 600/600
f 520/520 600/600 521/521
f 521/521 600/600 601/601
f 521/521 601/601 522/522
f 522/522 601/601 602/602
f 522/522 602/602 523/523
f 523/523 602/602 603/603
f 523/523 603/603 524/524
f 524/524 603/603 604/604
f 524/524 604/604 525/525
f 525/525 604/604 605/605
f 525/525 605/605 526/526
f 526/526 605/605 606/606
f 526/526 606/606 527/527
f 527/527 606/606 607/607
f 527/527 607/607 528/528
f 528/528 607/607 608/608
f 528/528 608/608 529/529
f 529/529 608/608 609/609
f 529/529 609/609 530/530
f 530/530 609/609 610/610
f 530/530 610/610 531/531
f 531/531 610/610 611/611
f 531/531 611/611 532/532
f 532/532 611/611 612/612
f 532/532 612/612 533/533
f 533/533 612/612 613/613
f 533/533 613/613 534/534
f 534/534 613/613 614/614
f 534/534 614/614 535/535
f 535/535 614/614 615/615
f 535/535 615/615 536/536
f 536/536 615/615 616/616
f 536/536 616/616 537/537
f 537/537 616/616 617/617
f 537/537 617/617 538/538
f 538/538 617/617 618/618
f 538/538 618/618 539/539
f 539/539 618/618 619/619
f 539/539 619/619 540/540
f 540/540 619/619 620/620
f 540/540 620/620 541/541
f 541/541 620/620 621/621
f 541/541 621/621 542/542
f 542/542 621/621 622/622
f 542/542 622/622 543/543
f 543/543 622/622 623/623
f 543/543 623/623 544/544
f 544/544 623/623 624/624
f 544/544 624/624 545/545
f 545/545 624/624 625/625
f 545/545 625/625 546/546
f 546/546 625/625 626/626
f 546/546 626/626 547/547
f 547/547 626/626 627/627
f 547/547 627/627 548/548
f 548/548 627/627 628/628
f 548/548 628/628 549/549
f 549/549 628/628 629/629
f 549/549 629/629 550/550
f 550/550 629/629 630/630
f 550/550 630/630 551/551
f 551/551 630/630 631/631
f 586/586 666/666 587/587
f 587/587 666/666 667/667
f 587/587 667/667 588/588
f 588/588 667/667 668/668
f 588/588 668/668 589/589
f 589/589 668/668 669/669
f 589/589 669/669 590/590
f 590/590 669/669 670/670
f 590/590 670/670 591/591
f 591/591 670/670 671/671
f 591/591 671/671 592/592
f 592/592 671/671 672/672
f 592/592 672/672 593/593
f 593/593 672/672 673/673
f 593/593 673/673 594/594
f 594/594 673/673 674/674
f 594/594 674/674 595/595
f 595/595 674/674 675/675
f 595/595 675/675 596/596
f 596/596 675/675 676/676
f 596/596 676/676 597/597
f 597/597 676/676 677/677
f 597/597 677/677 598/598
f 598/598 677/677 678/678
f 598/598 678/678 599/599
f 599/599 678/678 679/679
f 599/599 679/679 600/600
f 600/600 679/679 680/680
f 600/600 680/680 601/601
f 601/601 680/680 681/681
f 601/601 681/681 602/602
f 602/602 681/681 682/682
f 602/602 682/682 603/603
f 603/603 682/682 683/683
f 603/603 683/683 604/604
f 604/604 683/683 684/684
f 604/604 684/684 605/605
f 605/605 684/684 685/685
f 605/605 685/685 606/606
f 606/606 685/685 686/686
f 606/606 686/686 607/607
f 607/607 686/686 687/687
f 607/607 687/687 608/608
f 608/608 687/687 688/688
f 608/608 688/688 609/609
f 609/609 688/688 689/689
f 609/609 689/689 610/610
f 610/610 689/689 690/690
f 610/610 690/690 611/611
f 611/611 690/690 691/691
f 611/611 691/691 612/612
f 612/612 691/691 692/692
f 612/612 692/692 613/613
f 613/613 692/692 693/693
f 613/613 693/693 614/614
f 614/614 693/693 694/694
f 614/614 694/694 615/615
f 615/615 694/694 695/695
f 615/615 695/695 616/616
f 616/616 695/695 696/696
f 616/616 696/696 617/617
f 617/617 696/696 697/697
f 617/617 697/697 618/618
f 618/618 697/697 698/698
f 618/618 698/698 619/619
f 619/619 698/698 699/699
f 619/619 699/699 620/620
f 620/620 699/699 700/700
f 620/620 700/700 621/621
f 621/621 700/700 701/701
f 621/621 701/701 622/622
f 622/622 701/701 702/702
f 622/622 702/702 623/623
f 623/623 702/702 703/703
f 623/623 703/703 624/624
f 624/624 703/703 704/704
f 624/624 704/704 625/625
f 625/625 704/704 705/705
f 625/625 705/705 626/626
f 626/626 705/705 706/706
f 626/626 706/706 627/627
f 627/627 706/706 707/707
f 627/627 707/707 628/628
f 628/628 707/707 708/708
f 628/628 708/708 629/629
f 629/629 708/708 709/709
f 629/629 709/709 630/630
f 630/630 709/709 710/710
f 630/630 710/710 631/631
f 631/631 710/710 711/711
f 631/631 711/711 632/632
f 632/632 711/711 712/712
f 665/665 745/745 666/666
f 666/666 745/745 746/746
f 666/666 746/746 667/667
f 667/667 746/746 747/747
f 667/667 747/747 668/668
f 668/668 747/747 748/748
f 668/668 748/748 669/669
f 669/669 748/748 749/749
f 669/669 749/749 670/670
f 670/670 749/749 750/750
f 670/670 750/750 671/671
f 671/671 750/750 751/751
f 671/671 751/751 672/672
f 672/672 751/751 752/752
f 672/672 752/752 673/673
f 673/673 752/752 753/753
f 673/673 753/753 674/674
f 674/674 753/753 754/754
f 674/674 754/754 675/675
f 675/675 754/754 755/755
f 675/675 755/755 676/676
f 676/676 755/755 756/756
f 676/676 756/756 677/677
f 677/677 756/756 757/757
f 677/677 757/757 678/678
f 678/678 757/757 758/758
f 678/678 758/758 679/679
f 679/679 758/758 759/759
f 679/679 759/759 680/680
f 680/680 759/759 760/760
f 680/680 760/760 681/681
f 681/681 760/760 761/761
f 681/681 761/761 682/682
f 682/682 761/761 762/762
f 682/682 762/762 683/683
f 683/683 762/762 763/763
f 683/683 763/763 684/684
f 684/684 763/763 764/764
f 684/684 764/764 685/685
f 685/685 764/764 765/765
f 685/685 765/765 686/686
f 686/686 765/765 766/766
f 686/686 766/766 687/687
f 687/687 766/766 767/767
f 687/687 767/767 688/688
f 688/688 767/767 768/768
f 688/688 768/768 689/689
f 689/689 768/768 769/769
f 689/689 769/769 690/690
f 690/690 769/769 770/770
f 690/690 770/770 691/691
f 691/691 770/770 771/771
f 691/691 771/771 692/692
f 692/692 771/771 772/772
f 692/692 772/772 693/693
f 693/693 772/772 773/773
f 693/693 773/773 694/694
f 694/694 773/773 774/774
f 694/694 774/774 695/695
f 695/695 774/774 775/775
f 695/695 775/775 696/696
f 696/696 775/775 776/776
f 696/696 776/776 697/697
f 697/697 776/776 777/777
f 697/697 777/777 698/698
f 698/698 777/777 778/778
f 698/698 778/778 699/699
f 699/699 778/778 779/779
f 699/699 779/779 700/700
f 700/700 779/779 780/780
f 700/700 780/780 701/701
f 701/701 780/780 781/781
f 701/701 781/781 702/702
f 702/702 781/781 782/782
f 702/702 782/782 703/703
f 703/703 782/782 783/783
f 703/703 783/783 704/704
f 704/704 783/783 784/784
f 704/704 784/784 705/705
f 705/705 784/784 785/785
f 705/705 785/785 706/706
f 706/706 785/785 786/786
f 706/706 786/786 707/707
f 707/707 786/786 787/787
f 707/707 787/787 708/708
f 708/708 787/787 788/788
f 708/708 788/788 709/709
f 709/709 788/788 789/789
f 709/709 789/789 710/710
f 710/710 789/789 790/790
f 710/710 790/790 711/711
f 711/711 790/790 791/791
f 711/711 791/791 712/712
f 712/712 791/791 792/792
f 712/712 792/792 713/713
f 713/713 792/792 793/793
f 742/742 822/822 743/743
f 743/743 822/822 823/823
f 743/743 823/823 744/744
f 744/744 823/823 824/824
f 744/744 824/824 745/745
f 745/745 824/824 825/825
f 745/745 825/825 746/746
f 746/746 825/825 826/826
f 746/746 826/826 747/747
f 747/747 826/826 827/827
f 747/747 827/827 748/748
f 748/748 827/827 828/828
f 748/748 828/828 749/749
f 749/749 828/828 829/829
f 749/749 829/829 750/750
f 750/750 829/829 830/830
f 750/750 830/830 751/751
f 751/751 830/830 831/831
f 751/751 831/831 752/752
f 752/752 831/831 832/832
f 752/752 832/832 753/753
f 753/753 832/832 833/833
f 753/753 833/833 754/754
f 754/754 833/833 834/834
f 754/754 834/834 755/755
f 755/755 834/834 835/835
f 755/755 835/835 756/756
f 756/756 835/835 836/836
f 756/756 836/836 757/757
f 757/757 836/836 837/837
f 757/757 837/837 758/758
f 758/758 837/837 838/838
f 758/758 838/838 759/759
f 759/759 838/838 839/839
f 759/759 839/839 760/760
f 760/760 839/839 840/840
f 760/760 840/840 761/761
f 761/761 840/840 841/841
f 761/761 841/841 762/762
f 762/762 841/841 842/842
f 762/762 842/842 763/763
f 763/763 842/842 843/843
f 763/763 843/843 764/764
f 764/764 843/843 844/844
f 764/764 844/844 765/765
f 765/765 844/844 845/845
f 765/765 845/845 766/766
f 766/766 845/845 846/846
f 766/766 846/846 767/767
f 767/767 846/846 847/847
f 767/767 847/847 768/768
f 768/768 847/847 848/848
f 768/768 848/848 769/769
f 769/769 848/848 849/849
f 769/769 849/849 770/770
f 770/770 849/849 850/850
f 770/770 850/850 771/771
f 771/771 850/850 851/851
f 771/771 851/851 772/772
f 772/772 851/851 852/852
f 772/772 852/852 773/773
f 773/773 852/852 853/853
f 773/773 853/853 774/774
f 774/774 853/853 854/854
f 774/774 854/854 775/775
f 775/775 854/854 855/855
f 775/775 855/855 776/776
f 776/776 855/855 856/856
f 776/776 856/856 777/777
f 777/777 856/856 857/857
f 777/777 857/857 778/778
f 778/778 857/857 858/858
f 778/778 858/858 779/779
f 779/779 858/858 859/859
f 779/779 859/859 780/780
f 780/780 859/859 860/860
f 780/780 860/860 781/781
f 781/781 860/860 861/861
f 781/781 861/861 782/782
f 782/782 861/861 862/862
f 782/782 862/862 783/783
f 783/783 862/862 863/863
f 783/783 863/863 784/784
f 784/784 863/863 864/864
f 784/784 864/864 785/785
f 785/785 864/864 865/865
f 785/785 865/865 786/786
f 786/786 865/865 866/866
f 786/786 866/866 787/787
f 787/787 866/866 867/867
f 787/787 867/867 788/788
f 788/788 867/867 868/868
f 788/788 868/868 789/789
f 789/789 868/868 869/869
f 789/789 869/869 790/790
f 790/790 869/869 870/870
f 790/790 870/870 791/791
f 791/791 870/870 871/871
f 791/791 871/871 792/792
f 792/792 871/871 872/872
f 792/792 872/872 793/793
f 793/793 872/872 873/873
f 793/793 873/873 794/794
f 794/794 873/873 874/874
f 821/821 901/901 822/822
f 822/822 901/901 902/902
f 822/822 902/902 823/823
f 823/823 902/902 903/903
f 823/823 903/903 824/824
f 824/824 903/903 904/904
f 824/824 904/904 825/825
f 825/825 904/904 905/905
f 825/825 905/905 826/826
f 826/826 905/905 906/906
f 826/826 906/906 827/827
f 827/827 906/906 907/907
f 827/827 907/907 828/828
f 828/828 907/907 908/908
f 828/828 908/908 829/829
f 829/829 908/908 909/909
f 829/829 909/909 830/830
f 830/830 909/909 910/910
f 830/830 910/910 831/831
f 831/831 910/910 911/911
f 831/831 911/911 832/832
f 832/832 911/911 912/912
f 832/832 912/912 833/833
f 833/833 912/912 913/913
f 833/833 913/913 834/834
f 834/834 913/913 914/914
f 834/834 914/914 835/835
f 835/835 914/914 915/915
f 835/835 915/915 836/836
f 836/836 915/915 916/916
f 836/836 916/916 837/837
f 837/837 916/916 917/917
f 837/837 917/917 838/838
f 838/838 917/917 918/918
f 838/838 918/918 839/839
f 839/839 918/918 919/919
f 839/839 919/919 840/840
f 840/840 919/919 920/920
f 840/840 920/920 841/841
f 841/841 920/920 921/921
f 841/841 921/921 842/842
f 842/842 921/921 922/922
f 842/842 922/922 843/843
f 843/843 922/922 923/923
f 843/843 923/923 844/844
f 844/844 923/923 924/924
f 844/844 924/924 845/845
f 845/845 924/924 925/925
f 845/845 925/925 846/846
f 846/846 925/925 926/926
f 846/846 926/926 847/847
f 847/847 926/926 927/927
f 847/847 927/927 848/848
f 848/848 927/927 928/928
f 848/848 928/928 849/849
f 849/849 928/928 929/929
f 849/849 929/929 850/850
f 850/850 929/929 930/930
f 850/850 930/930 851/851
f 851/851 930/930 931/931
f 851/851 931/931 852/852
f 852/852 931/931 932/932
f 852/852 932/932 853/853
f 853/853 932/932 933/933
f 853/853 933/933 854/854
f 854/854 933/933 934/934
f 854/854 934/934 855/855
f 855/855 934/934 935/935
f 855/855 935/935 856/856
f 856/856 935/935 936/936
f 856/856 936/936 857/857
f 857/857 936/936 937/937
f 857/857 937/937 858/858
f 858/858 937/937 938/938
f 858/858 938/938 859/859
f 859/859 938/938 939/939
f 859/859 939/939 860/860
f 860/860 939/939 940/940
f 860/860 940/940 861/861
f 861/861 940/940 941/941
f 861/861 941/941 862/862
f 862/862 941/941 942/942
f 862/862 942/942 863/863
f 863/863 942/942 943/943
f 863/863 943/943 864/864
f 864/864 943/943 944/944
f 864/864 944/944 865/865
f 865/865 944/944 945/945
f 865/865 945/945 866/866
f 866/866 945/945 946/946
f 866/866 946/946 867/867
f 867/867 946/946 947/947
f 867/867 947/947 868/868
f 868/868 947/947 948/948
f 868/868 948/948 869/869
f 869/869 948/948 949/949
f 869/869 949/949 870/870
f 870/870 949/949 950/950
f 870/870 950/950 871/871
f 871/871 950/950 951/951
f 871/871 951/951 872/872
f 872/872 951/951 952/952
f 872/872 952/952 873/873
f 873/873 952/952 953/953
f 873/873 953/953 874/874
f 874/874 953/953 954/954
f 900/900 980/980 901/901
f 901/901 980/980 981/981
f 901/901 981/981 902/902
f 902/902 981/981 982/982
f 902/902 982/982 903/903
f 903/903 982/982 983/983
f 903/903 983/983 904/904
f 904/904 983/983 984/984
f 904/904 984/984 905/905
f 905/905 984/984 985/985
f 905/905 985/985 906/906
f 906/906 985/985 986/986
f 906/906 986/986 907/907
f 907/907 986/986 987/987
f 907/907 987/987 908/908
f 908/908 987/987 988/988
f 908/908 988/988 909/909
f 909/909 988/988 989/989
f 909/909 989/989 910/910
f 910/910 989/989 990/990
f 910/910 990/990 911/911
f 911/911 990/990 991/991
f 911/911 991/991 912/912
f 912/912 991/991 992/992
f 912/912 992/992 913/913
f 913/913 992/992 993/993
f 913/913 993/993 914/914
f 914/914 993/993 994/994
f 914/914 994/994 915/915
f 915/915 994/994 995/995
f 915/915 995/995 916/916
f 916/916 995/995 996/996
f 916/916 996/996 917/917
f 917/917 996/996 997/997
f 917/917 997/997 918/918
f 918/918 997/997 998/998
f 918/918 998/998 919/919
f 919/919 998/998 999/999
f 919/919 999/999 920/920
f 920/920 999/999 1000/1000
f 920/920 1000/1000 921/921
f 921/921 1000/1000 1001/1001
f 921/921 1001/1001 922/922
f 922/922 1001/1001 1002/1002
f 922/922 1002/1002 923/923
f 923/923 1002/1002 1003/1003
f 923/923 1003/1003 924/924
f 924/924 1003/1003 1004/1004
f 924/924 1004/1004 925/925
f 925/925 1004/1004 1005/1005
f 925/925 1005/1005 926/926
f 926/926 1005/1005 1006/1006
f 926/926 1006/1006 927/927
f 927/927 1006/1006 1007/1007
f 927/927 1007/1007 928/928
f 928/928 1007/1007 1008/1008
f 928/928 1008/1008 929/929
f 929/929 1008/1008 1009/1009
f 929/929 1009/1009 930/930
f 930/930 1009/1009 1010/1010
f 930/930 1010/1010 931/931
f 931/931 1010/1010 1011/1011
f 931/931 1011/1011 932/932
f 932/932 1011/1011 1012/1012
f 932/932 1012/1012 933/933
f 933/933 1012/1012 1013/1013
f 933/933 1013/1013 934/934
f 934/934 1013/1013 1014/1014
f 934/934 1014/1014 935/935
f 935/935 1014/1014 1015/1015
f 935/935 1015/1015 936/936
f 936/936 1015/1015 1016/1016
f 936/936 1016/1016 937/937
f 937/937 1016/1016 1017/1017
f 937/937 1017/1017 938/938
f 938/938 1017/1017 1018/1018
f 938/938 1018/1018 939/939
f 939/939 1018/1018 1019/1019
f 939/939 1019/1019 940/940
f 940/940 1019/1019 1020/1020
f 940/940 1020/1020 941/941
f 941/941 1020/1020 1021/1021
f 941/941 1021/1021 942/942
f 942/942 1021/1021 1022/1022
f 942/942 1022/1022 943/943
f 943/943 1022/1022 1023/1023
f 943/943 1023/1023 944/944
f 944/944 1023/1023 1024/1024
f 944/944 1024/1024 945/945
f 945/945 1024/1024 1025/1025
f 945/945 1025/1025 946/946
f 946/946 1025/1025 1026/1026
f 946/946 1026/1026 947/947
f 947/947 1026/1026 1027/1027
f 947/947 1027/1027 948/948
f 948/948 1027/1027 1028/1028
f 948/948 1028/1028 949/949
f 949/949 1028/1028 1029/1029
f 949/949 1029/1029 950/950
f 950/950 1029/1029 1030/1030
f 950/950 1030/1030 951/951
f 951/951 1030/1030 1031/1031
f 951/951 1031/1031 952/952
f 952/952 1031/1031 1032/1032
f 952/952 1032/1032 953/953
f 953/953 1032/1032 1033/1033
f 953/953 1033/1033 954/954
f 954/954 1033/1033 1034/1034
f 954/954 1034/1034 955/955
f 955/955 1034/1034 1035/1035
f 979/979 1059/1059 980/980
f 980/980 1059/1059 1060/1060
f 980/980 1060/1060 981/981
f 981/981 1060/1060 1061/1061
f 981/981 1061/1061 982/982
f 982/982 1061/1061 1062/1062
f 982/982 1062/1062 983/983
f 983/983 1062/1062 1063/1063
f 983/983 1063/1063 984/984
f 984/984 1063/1063 1064/1064
f 984/984 1064/1064 985/985
f 985/985 1064/1064 1065/1065
f 985/985 1065/1065 986/986
f 986/986 1065/1065 1066/1066
f 986/986 1066/1066 987/987
f 987/987 1066/1066 1067/1067
f 987/987 1067/1067 988/988
f 988/988 1067/1067 1068/1068
f 988/988 1068/1068 989/989
f 989/989 1068/1068 1069/1069
f 989/989 1069/1069 990/990
f 990/990 1069/1069 1070/1070
f 990/990 1070/1070 991/991
f 991/991 1070/1070 1071/1071
f 991/991 1071/1071 992/992
f 992/992 1071/1071 1072/1072
f 992/992 1072/1072 993/993
f 993/993 1072/1072 1073/1073
f 993/993 1073/1073 994/994
f 994/994 1073/1073 1074/1074
f 994/994 1074/1074 995/995
f 995/995 1074/1074 1075/1075
f 995/995 1075/1075 996/996
f 996/996 1075/1075 1076/1076
f 996/996 1076/1076 997/997
f 997/997 1076/1076 1077/1077
f 997/997 1077/1077 998/998
f 998/998 1077/1077 1078/1078
f 998/998 1078/1078 999/999
f 999/999 1078/1078 1079/1079
f 999/999 1079/1079 1000/1000
f 1000/1000 1079/1079 1080/1080
f 1000/1000 1080/1080 1001/1001
f 1001/1001 1080/1080 1081/1081
f 1001/1001 1081/1081 1002/1002
f 1002/1002 1081/1081 1082/1082
f 1002/1002 1082/1082 1003/1003
f 1003/1003 1082/1082 1083/1083
f 1003/1003 1083/1083 1004/1004
f 1004/1004 1083/1083 1084/1084
f 1004/1004 1084/1084 1005/1005
f 1005/1005 1084/1084 1085/1085
f 1005/1005 1085/1085 1006/1006
f 1006/1006 1085/1085 1086/1086
f 1006/1006 1086/1086 1007/1007
f 1007/1007 1086/1086 1087/1087
f 1007/1007 1087/1087 1008/1008
f 1008/1008 1087/1087 1088/1088
f 1008/1008 1088/1088 1009/1009
f 1009/1009 1088/1088 1089/1089
f 1009/1009 1089/1089 1010/1010
f 1010/1010 1089/1089 1090/1090
f 1010/1010 1090/1090 1011/1011
f 1011/1011 1090/1090 1091/1091
f 1011/1011 1091/1091 1012/1012
f 1012/1012 1091/1091 1092/1092
f 1012/1012 1092/1092 1013/1013
f 1013/1013 1092/1092 1093/1093
f 1013/1013 1093/1093 1014/1014
f 1014/1014 1093/1093 1094/1094
f 1014/1014 1094/1094 1015/1015
f 1015/1015 1094/1094 1095/1095
f 1015/1015 1095/1095 1016/1016
f 1016/1016 1095/1095 1096/1096
f 1016/1016 1096/1096 1017/1017
f 1017/1017 1096/1096 1097/1097
f 1017/1017 1097/1097 1018/1018
f 1018/1018 1097/1097 1098/1098
f 1018/1018 1098/1098 1019/1019
f 1019/1019 1098/1098 1099/1099
f 1019/1019 1099/1099 1020/1020
f 1020/1020 1099/1099 1100/1100
f 1020/1020 1100/1100 1021/1021
f 1021/1021 1100/1100 1101/1101
f 1021/1021 1101/1101 1022/1022
f 1022/1022 1101/1101 1102/1102
f 1022/1022 1102/1102 1023/1023
f 1023/1023 1102/1102 1103/1103
f 1023/1023 1103/1103 1024/1024
f 1024/1024 1103/1103 1104/1104
f 1024/1024 1104/1104 1025/1025
f 1025/1025 1104/1104 1105/1105
f 1025/1025 1105/1105 1026/1026
f 1026/1026 1105/1105 1106/1106
f 1026/1026 1106/1106 1027/1027
f 1027/1027 1106/1106 1107/1107
f 1027/1027 1107/1107 1028/1028
f 1028/1028 1107/1107 1108/1108
f 1028/1028 1108/1108 1029/1029
f 1029/1029 1108/1108 1109/1109
f 1029/1029 1109/1109 1030/1030
f 1030/1030 1109/1109 1110/1110
f 1030/1030 1110/1110 1031/1031
f 1031/1031 1110/1110 1111/1111
f 1031/1031 1111/1111 1032/1032
f 1032/1032 1111/1111 1112/1112
f 1032/1032 1112/1112 1033/1033
f 1033/1033 1112/1112 1113/1113
f 1033/1033 1113/1113 1034/1034
f 1034/1034 1113/1113 1114/1114
f 1034/1034 1114/1114 1035/1035
f 1035/1035 1114/1114 1115/1115
f 1035/1035 1115/1115 1036/1036
f 1036/1036 1115/1115 1116/1116
f 1058/1058 1138/1138 1059/1059
f 1059/1059 1138/1138 1139/1139
f 1059/1059 1139/1139 1060/1060
f 1060/1060 1139/1139 1140/1140
f 1060/1060 1140/1140 1061/1061
f 1061/1061 1140/1140 1141/1141
f 1061/1061 1141/1141 1062/1062
f 1062/1062 1141/1141 1142/1142
f 1062/1062 1142/1142 1063/1063
f 1063/1063 1142/1142 1143/1143
f 1063/1063 1143/1143 1064/1064
f 1064/1064 1143/1143 1144/1144
f 1064/1064 1144/1144 1065/1065
f 1065/1065 1144/1144 1145/1145
f 1065/1065 1145/1145 1066/1066
f 1066/1066 1145/1145 1146/1146
f 1066/1066 1146/1146 1067/1067
f 1067/1067 1146/1146 1147/1147
f 1067/1067 1147/1147 1068/1068
f 1068/1068 1147/1147 1148/1148
f 1068/1068 1148/1148 1069/1069
f 1069/1069 1148/1148 1149/1149
f 1069/1069 1149/1149 1070/1070
f 1070/1070 1149/1149 1150/1150
f 1070/1070 1150/1150 1071/1071
f 1071/1071 1150/1150 1151/1151
f 1071/1071 1151/1151 1072/1072
f 1072/1072 1151/1151 1152/1152
f 1072/1072 1152/1152 1073/1073
f 1073/1073 1152/1152 1153/1153
f 1073/1073 1153/1153 1074/1074
f 1074/1074 1153/1153 1154/1154
f 1074/1074 1154/1154 1075/1075
f 1075/1075 1154/1154 1155/1155
f 1075/1075 1155/1155 1076/1076
f 1076/1076 1155/1155 1156/1156
f 1076/1076 1156/1156 1077/1077
f 1077/1077 1156/1156 1157/1157
f 1077/1077 1157/1157 1078/1078
f 1078/1078 1157/1157 1158/1158
f 1078/1078 1158/1158 1079/1079
f 1079/1079 1158/1158 1159/1159
f 1079/1079 1159/1159 1080/1080
f 1080/1080 1159/1159 1160/1160
f 1080/1080 1160/1160 1081/1081
f 1081/1081 1160/1160 1161/1161
f 1081/1081 1161/1161 1082/1082
f 1082/1082 1161/1161 1162/1162
f 1082/1082 1162/1162 1083/1083
f 1083/1083 1162/1162 1163/1163
f 1083/1083 1163/1163 1084/1084
f 1084/1084 1163/1163 1164/1164
f 1084/1084 1164/1164 1085/1085
f 1085/1085 1164/1164 1165/1165
f 1085/1085 1165/1165 1086/1086
f 1086/1086 1165/1165 1166/1166
f 1086/1086 1166/1166 1087/1087
f 1087/1087 1166/1166 1167/1167
f 1087/1087 1167/1167 1088/1088
f 1088/1088 1167/1167 1168/1168
f 1088/1088 1168/1168 1089/1089
f 1089/1089 1168/1168 1169/1169
f 1089/1089 1169/1169 1090/1090
f 1090/1090 1169/1169 1170/1170
f 1090/1090 1170/1170 1091/1091
f 1091/1091 1170/1170 1171/1171
f 1091/1091 1171/1171 1092/1092
f 1092/1092 1171/1171 1172/1172
f 1092/1092 1172/1172 1093/1093
f 1093/1093 1172/1172 1173/1173
f 1093/1093 1173/1173 1094/1094
f 1094/1094 1173/1173 1174/1174
f 1094/1094 1174/1174 1095/1095
f 1095/1095 1174/1174 1175/1175
f 1095/1095 1175/1175 1096/1096
f 1096/1096 1175/1175 1176/1176
f 1096/1096 1176/1176 1097/1097
f 1097/1097 1176/1176 1177/1177
f 1097/1097 1177/1177 1098/1098
f 1098/1098 1177/1177 1178/1178
f 1098/1098 1178/1178 1099/1099
f 1099/1099 1178/1178 1179/1179
f 1099/1099 1179/1179 1100/1100
f 1100/1100 1179/1179 1180/1180
f 1100/1100 1180/1180 1101/1101
f 1101/1101 1180/1180 1181/1181
f 1101/1101 1181/1181 1102/1102
f 1102/1102 1181/1181 1182/1182
f 1102/1102 1182/1182 1103/1103
f 1103/1103 1182/1182 1183/1183
f 1103/1103 1183/1183 1104/1104
f 1104/1104 1183/1183 1184/1184
f 1104/1104 1184/1184 1105/1105
f 1105/1105 1184/1184 1185/1185
f 1105/1105 1185/1185 1106/1106
f 1106/1106 1185/1185 1186/1186
f 1106/1106 1186/1186 1107/1107
f 1107/1107 1186/1186 1187/1187
f 1107/1107 1187/1187 1108/1108
f 1108/1108 1187/1187 1188/1188
f 1108/1108 1188/1188 1109/1109
f 1109/1109 1188/1188 1189/1189
f 1109/1109 1189/1189 1110/1110
f 1110/1110 1189/1189 1190/1190
f 1110/1110 1190/1190 1111/1111
f 1111/1111 1190/1190 1191/1191
f 1111/1111 1191/1191 1112/1112
f 1112/1112 1191/1191 1192/1192
f 1112/1112 1192/1192 1113/1113
f 1113/1113 1192/1192 1193/1193
f 1113/1113 1193/1193 1114/1114
f 1114/1114 1193/1193 1194/1194
f 1114/1114 1194/1194 1115/1115
f 1115/1115 1194/1194 1195/1195
f 1115/1115 1195/1195 1116/1116
f 1116/1116 1195/1195 1196/1196
f 1137/1137 1217/1217 1138/1138
f 1138/1138 1217/1217 1218/1218
f 1138/1138 1218/1218 1139/1139
f 1139/1139 1218/1218 1219/1219
f 1139/1139 1219/1219 1140/1140
f 1140/1140 1219/1219 1220/1220
f 1140/1140 1220/1220 1141/1141
f 1141/1141 1220/1220 1221/1221
f 1141/1141 1221/1221 1142/1142
f 1142/1142 1221/1221 1222/1222
f 1142/1142 1222/1222 1143/1143
f 1143/1143 1222/1222 1223/1223
f 1143/1143 1223/1223 1144/1144
f 1144/1144 1223/1223 1224/1224
f 1144/1144 1224/1224 1145/1145
f 1145/1145 1224/1224 1225/1225
f 1145/1145 1225/1225 1146/1146
f 1146/1146 1225/1225 1226/1226
f 1146/1146 1226/1226 1147/1147
f 1147/1147 1226/1226 1227/1227
f 1147/1147 1227/1227 1148/1148
f 1148/1148 1227/1227 1228/1228
f 1148/1148 1228/1228 1149/1149
f 1149/1149 1228/1228 1229/1229
f 1149/1149 1229/1229 1150/1150
f 1150/1150 1229/1229 1230/1230
f 1150/1150 1230/1230 1151/1151
f 1151/1151 1230/1230 1231/1231
f 1151/1151 1231/1231 1152/1152
f 1152/1152 1231/1231 1232/1232
f 1152/1152 1232/1232 1153/1153
f 1153/1153 1232/1232 1233/1233
f 1153/1153 1233/1233 1154/1154
f 1154/1154 1233/1233 1234/1234
f 1154/1154 1234/1234 1155/1155
f 1155/1155 1234/1234 1235/1235
f 1155/1155 1235/1235 1156/1156
f 1156/1156 1235/1235 1236/1236
f 1156/1156 1236/1236 1157/1157
f 1157/1157 1236/1236 1237/1237
f 1157/1157 1237/1237 1158/1158
f 1158/1158 1237/1237 1238/1238
f 1158/1158 1238/1238 1159/1159
f 1159/1159 1238/1238 1239/1239
f 1159/1159 1239/1239 1160/1160
f 1160/1160 1239/1239 1240/1240
f 1160/1160 1240/1240 1161/1161
f 1161/1161 1240/1240 1241/1241
f 1161/1161 1241/1241 1162/1162
f 1162/1162 1241/1241 1242/1242
f 1162/1162 1242/1242 1163/1163
f 1163/1163 1242/1242 1243/1243
f 1163/1163 1243/1243 1164/1164
f 1164/1164 1243/1243 1244/1244
f 1164/1164 1244/1244 1165/1165
f 1165/1165 1244/1244 1245/1245
f 1165/1165 1245/1245 1166/1166
f 1166/1166 1245/1245 1246/1246
f 1166/1166 1246/1246 1167/1167
f 1167/1167 1246/1246 1247/1247
f 1167/1167 1247/1247 1168/1168
f 1168/1168 1247/1247 1248/1248
f 1168/1168 1248/1248 1169/1169
f 1169/1169 1248/1248 1249/1249
f 1169/1169 1249/1249 1170/1170
f 1170/1170 1249/1249 1250/1250
f 1170/1170 1250/1250 1171/1171
f 1171/1171 1250/1250 1251/1251
f 1171/1171 1251/1251 1172/1172
f 1172/1172 1251/1251 1252/1252
f 1172/1172 1252/1252 1173/1173
f 1173/1173 1252/1252 1253/1253
f 1173/1173 1253/1253 1174/1174
f 1174/1174 1253/1253 1254/1254
f 1174/1174 1254/1254 1175/1175
f 1175/1175 1254/1254 1255/1255
f 1175/1175 1255/1255 1176/1176
f 1176/1176 1255/1255 1256/1256
f 1176/1176 1256/1256 1177/1177
f 1177/1177 1256/1256 1257/1257
f 1177/1177 1257/1257 1178/1178
f 1178/1178 1257/1257 1258/1258
f 1178/1178 1258/1258 1179/1179
f 1179/1179 1258/1258 1259/1259
f 1179/1179 1259/1259 1180/1180
f 1180/1180 1259/1259 1260/1260
f 1180/1180 1260/1260 1181/1181
f 1181/1181 1260/1260 1261/1261
f 1181/1181 1261/1261 1182/1182
f 1182/1182 1261/1261 1262/1262
f 1182/1182 1262/1262 1183/1183
f 1183/1183 1262/1262 1263/1263
f 1183/1183 1263/1263 1184/1184
f 1184/1184 1263/1263 1264/1264
f 1184/1184 1264/1264 1185/1185
f 1185/1185 1264/1264 1265/1265
f 1185/1185 1265/1265 1186/1186
f 1186/1186 1265/1265 1266/1266
f 1186/1186 1266/1266 1187/1187
f 1187/1187 1266/1266 1267/1267
f 1187/1187 1267/1267 1188/1188
f 1188/1188 1267/1267 1268/1268
f 1188/1188 1268/1268 1189/1189
f 1189/1189 1268/1268 1269/1269
f 1189/1189 1269/1269 1190/1190
f 1190/1190 1269/1269 1270/1270
f 1190/1190 1270/1270 1191/1191
f 1191/1191 1270/1270 1271/1271
f 1191/1191 1271/1271 1192/1192
f 1192/1192 1271/1271 1272/1272
f 1192/1192 1272/1272 1193/1193
f 1193/1193 1272/1272 1273/1273
f 1193/1193 1273/1273 1194/1194
f 1194/1194 1273/1273 1274/1274
f 1194/1194 1274/1274 1195/1195
f 1195/1195 1274/1274 1275/1275
f 1195/1195 1275/1275 1196/1196
f 1196/1196 1275/1275 1276/1276
f 1216/1216 1296/1296 1217/1217
f 1217/1217 1296/1296 1297/1297
f 1217/1217 1297/1297 1218/1218
f 1218/1218 1297/1297 1298/1298
f 1218/1218 1298/1298 1219/1219
f 1219/1219 1298/1298 1299/1299
f 1219/1219 1299/1299 1220/1220
f 1220/1220 1299/1299 1300/1300
f 1220/1220 1300/1300 1221/1221
f 1221/1221 1300/1300 1301/1301
f 1221/1221 1301/1301 1222/1222
f 1222/1222 1301/1301 1302/1302
f 1222/1222 1302/1302 1223/1223
f 1223/1223 1302/1302 1303/1303
f 1223/1223 1303/1303 1224/1224
f 1224/1224 1303/1303 1304/1304
f 1224/1224 1304/1304 1225/1225
f 1225/1225 1304/1304 1305/1305
f 1225/1225 1305/1305 1226/1226
f 1226/1226 1305/1305 1306/1306
f 1226/1226 1306/1306 1227/1227
f 1227/1227 1306/1306 1307/1307
f 1227/1227 1307/1307 1228/1228
f 1228/1228 1307/1307 1308/1308
f 1228/1228 1308/1308 1229/1229
f 1229/1229 1308/1308 1309/1309
f 1229/1229 1309/1309 1230/1230
f 1230/1230 1309/1309 1310/1310
f 1230/1230 1310/1310 1231/1231
f 1231/1231 1310/1310 1311/1311
f 1231/1231 1311/1311 1232/1232
f 1232/1232 1311/1311 1312/1312
f 1232/1232 1312/1312 1233/1233
f 1233/1233 1312/1312 1313/1313
f 1233/1233 1313/1313 1234/1234
f 1234/1234 1313/1313 1314/1314
f 1234/1234 1314/1314 1235/1235
f 1235/1235 1314/1314 1315/1315
f 1235/1235 1315/1315 1236/1236
f 1236/1236 1315/1315 1316/1316
f 1236/1236 1316/1316 1237/1237
f 1237/1237 1316/1316 1317/1317
f 1237/1237 1317/1317 1238/1238
f 1238/1238 1317/1317 1318/1318
f 1238/1238 1318/1318 1239/1239
f 1239/1239 1318/1318 1319/1319
f 1239/1239 1319/1319 1240/1240
f 1240/1240 1319/1319 1320/1320
f 1240/1240 1320/1320 1241/1241
f 1241/1241 1320/1320 1321/1321
f 1241/1241 1321/1321 1242/1242
f 1242/1242 1321/1321 1322/1322
f 1242/1242 1322/1322 1243/1243
f 1243/1243 1322/1322 1323/1323
f 1243/1243 1323/1323 1244/1244
f 1244/1244 1323/1323 1324/1324
f 1244/1244 1324/1324 1245/1245
f 1245/1245 1324/1324 1325/1325
f 1245/1245 1325/1325 1246/1246
f 1246/1246 1325/1325 1326/1326
f 1246/1246 1326/1326 1247/1247
f 1247/1247 1326/1326 1327/1327
f 1247/1247 1327/1327 1248/1248
f 1248/1248 1327/1327 1328/1328
f 1248/1248 1328/1328 1249/1249
f 1249/1249 1328/1328 1329/1329
f 1249/1249 1329/1329 1250/1250
f 1250/1250 1329/1329 1330/1330
f 1250/1250 1330/1330 1251/1251
f 1251/1251 1330/1330 1331/1331
f 1251/1251 1331/1331 1252/1252
f 1252/1252 1331/1331 1332/1332
f 1252/1252 1332/1332 1253/1253
f 1253/1253 1332/1332 1333/1333
f 1253/1253 1333/1333 1254/1254
f 1254/1254 1333/1333 1334/1334
f 1254/1254 1334/1334 1255/1255
f 1255/1255 1334/1334 1335/1335
f 1255/1255 1335/1335 1256/1256
f 1256/1256 1335/1335 1336/1336
f 1256/1256 1336/1336 1257/1257
f 1257/1257 1336/1336 1337/1337
f 1257/1257 1337/1337 1258/1258
f 1258/1258 1337/1337 1338/1338
f 1258/1258 1338/1338 1259/1259
f 1259/1259 1338/1338 1339/1339
f 1259/1259 1339/1339 1260/1260
f 1260/1260 1339/1339 1340/1340
f 1260/1260 1340/1340 1261/1261
f 1261/1261 1340/1340 1341/1341
f 1261/1261 1341/1341 1262/1262
f 1262/1262 1341/1341 1342/1342
f 1262/1262 1342/1342 1263/1263
f 1263/1263 1342/1342 1343/1343
f 1263/1263 1343/1343 1264/1264
f 1264/1264 1343/1343 1344/1344
f 1264/1264 1344/1344 1265/1265
f 1265/1265 1344/1344 1345/1345
f 1265/1265 1345/1345 1266/1266
f 1266/1266 1345/1345 1346/1346
f 1266/1266 1346/1346 1267/1267
f 1267/1267 1346/1346 1347/1347
f 1267/1267 1347/1347 1268/1268
f 1268/1268 1347/1347 1348/1348
f 1268/1268 1348/1348 1269/1269
f 1269/1269 1348/1348 1349/1349
f 1269/1269 1349/1349 1270/1270
f 1270/1270 1349/1349 1350/1350
f 1270/1270 1350/1350 1271/1271
f 1271/1271 1350/1350 1351/1351
f 1271/1271 1351/1351 1272/1272
f 1272/1272 1351/1351 1352/1352
f 1272/1272 1352/1352 1273/1273
f 1273/1273 1352/1352 1353/1353
f 1273/1273 1353/1353 1274/1274
f 1274/1274 1353/1353 1354/1354
f 1274/1274 1354/1354 1275/1275
f 1275/1275 1354/1354 1355/1355
f 1275/1275 1355/1355 1276/1276
f 1276/1276 1355/1355 1356/1356
f 1295/1295 1375/1375 1296/1296
f 1296/1296 1375/1375 1376/1376
f 1296/1296 1376/1376 1297/1297
f 1297/1297 1376/1376 1377/1377
f 1297/1297 1377/1377 1298/1298
f 1298/1298 1377/1377 1378/1378
f 1298/1298 1378/1378 1299/1299
f 1299/1299 1378/1378 1379/1379
f 1299/1299 1379/1379 1300/1300
f 1300/1300 1379/1379 1380/1380
f 1300/1300 1380/1380 1301/1301
f 1301/1301 1380/1380 1381/1381
f 1301/1301 1381/1381 1302/1302
f 1302/1302 1381/1381 1382/1382
f 1302/1302 1382/1382 1303/1303
f 1303/1303 1382/1382 1383/1383
f 1303/1303 1383/1383 1304/1304
f 1304/1304 1383/1383 1384/1384
f 1304/1304 1384/1384 1305/1305
f 1305/1305 1384/1384 1385/1385
f 1305/1305 1385/1385 1306/1306
f 1306/1306 1385/1385 1386/1386
f 1306/1306 1386/1386 1307/1307
f 1307/1307 1386/1386 1387/1387
f 1307/1307 1387/1387 1308/1308
f 1308/1308 1387/1387 1388/1388
f 1308/1308 1388/1388 1309/1309
f 1309/1309 1388/1388 1389/1389
f 1309/1309 1389/1389 1310/1310
f 1310/1310 1389/1389 1390/1390
f 1310/1310 1390/1390 1311/1311
f 1311/1311 1390/1390 1391/1391
f 1311/1311 1391/1391 1312/1312
f 1312/1312 1391/1391 1392/1392
f 1312/1312 1392/1392 1313/1313
f 1313/1313 1392/1392 1393/1393
f 1313/1313 1393/1393 1314/1314
f 1314/1314 1393/1393 1394/1394
f 1314/1314 1394/1394 1315/1315
f 1315/1315 1394/1394 1395/1395
f 1315/1315 1395/1395 1316/1316
f 1316/1316 1395/1395 1396/1396
f 1316/1316 1396/1396 1317/1317
f 1317/1317 1396/1396 1397/1397
f 1317/1317 1397/1397 1318/1318
f 1318/1318 1397/1397 1398/1398
f 1318/1318 1398/1398 1319/1319
f 1319/1319 1398/1398 1399/1399
f 1319/1319 1399/1399 1320/1320
f 1320/1320 1399/1399 1400/1400
f 1320/1320 1400/1400 1321/1321
f 1321/1321 1400/1400 1401/1401
f 1321/1321 1401/1401 1322/1322
f 1322/1322 1401/1401 1402/1402
f 1322/1322 1402/1402 1323/1323
f 1323/1323 1402/1402 1403/1403
f 1323/1323 1403/1403 1324/1324
f 1324/1324 1403/1403 1404/1404
f 1324/1324 1404/1404 1325/1325
f 1325/1325 1404/1404 1405/1405
f 1325/1325 1405/1405 1326/1326
f 1326/1326 1405/1405 1406/1406
f 1326/1326 1406/1406 1327/1327
f 1327/1327 1406/1406 1407/1407
f 1327/1327 1407/1407 1328/1328
f 1328/1328 1407/1407 1408/1408
f 1328/1328 1408/1408 1329/1329
f 1329/1329 1408/1408 1409/1409
f 1329/1329 1409/1409 1330/1330
f 1330/1330 1409/1409 1410/1410
f 1330/1330 1410/1410 1331/1331
f 1331/1331 1410/1410 1411/1411
f 1331/1331 1411/1411 1332/1332
f 1332/1332 1411/1411 1412/1412
f 1332/1332 1412/1412 1333/1333
f 1333/1333 1412/1412 1413/1413
f 1333/1333 1413/1413 1334/1334
f 1334/1334 1413/1413 1414/1414
f 1334/1334 1414/1414 1335/1335
f 1335/1335 1414/1414 1415/1415
f 1335/1335 1415/1415 1336/1336
f 1336/1336 1415/1415 1416/1416
f 1336/1336 1416/1416 1337/1337
f 1337/1337 1416/1416 1417/1417
f 1337/1337 1417/1417 1338/1338
f 1338/1338 1417/1417 1418/1418
f 1338/1338 1418/1418 1339/1339
f 1339/1339 1418/1418 1419/1419
f 1339/1339 1419/1419 1340/1340
f 1340/1340 1419/1419 1420/1420
f 1340/1340 1420/1420 1341/1341
f 1341/1341 1420/1420 1421/1421
f 1341/1341 1421/1421 1342/1342
f 1342/1342 1421/1421 1422/1422
f 1342/1342 1422/1422 1343/1343
f 1343/1343 1422/1422 1423/1423
f 1343/1343 1423/1423 1344/1344
f 1344/1344 1423/1423 1424/1424
f 1344/1344 1424/1424 1345/1345
f 1345/1345 1424/1424 1425/1425
f 1345/1345 1425/1425 1346/1346
f 1346/1346 1425/1425 1426/1426
f 1346/1346 1426/1426 1347/1347
f 1347/1347 1426/1426 1427/1427
f 1347/1347 1427/1427 1348/1348
f 1348/1348 1427/1427 1428/1428
f 1348/1348 1428/1428 1349/1349
f 1349/1349 1428/1428 1429/1429
f 1349/1349 1429/1429 1350/1350
f 1350/1350 1429/1429 1430/1430
f 1350/1350 1430/1430 1351/1351
f 1351/1351 1430/1430 1431/1431
f 1351/1351 1431/1431 1352/1352
f 1352/1352 1431/1431 1432/1432
f 1352/1352 1432/1432 1353/1353
f 1353/1353 1432/1432 1433/1433
f 1353/1353 1433/1433 1354/1354
f 1354/1354 1433/1433 1434/1434
f 1354/1354 1434/1434 1355/1355
f 1355/1355 1434/1434 1435/1435
f 1355/1355 1435/1435 1356/1356
f 1356/1356 1435/1435 1436/1436
f 1356/1356 1436/1436 1357/1357
f 1357/1357 1436/1436 1437/1437
f 1374/1374 1454/1454 1375/1375
f 1375/1375 1454/1454 1455/1455
f 1375/1375 1455/1455 1376/1376
f 1376/1376 1455/1455 1456/1456
f 1376/1376 1456/1456 1377/1377
f 1377/1377 1456/1456 1457/1457
f 1377/1377 1457/1457 1378/1378
f 1378/1378 1457/1457 1458/1458
f 1378/1378 1458/1458 1379/1379
f 1379/1379 1458/1458 1459/1459
f 1379/1379 1459/1459 1380/1380
f 1380/1380 1459/1459 1460/1460
f 1380/1380 1460/1460 1381/1381
f 1381/1381 1460/1460 1461/1461
f 1381/1381 1461/1461 1382/1382
f 1382/1382 1461/1461 1462/1462
f 1382/1382 1462/1462 1383/1383
f 1383/1383 1462/1462 1463/1463
f 1383/1383 1463/1463 1384/1384
f 1384/1384 1463/1463 1464/1464
f 1384/1384 1464/1464 1385/1385
f 1385/1385 1464/1464 1465/1465
f 1385/1385 1465/1465 1386/1386
f 1386/1386 1465/1465 1466/1466
f 1386/1386 1466/1466 1387/1387
f 1387/1387 1466/1466 1467/1467
f 1387/1387 1467/1467 1388/1388
f 1388/1388 1467/1467 1468/1468
f 1388/1388 1468/1468 1389/1389
f 1389/1389 1468/1468 1469/1469
f 1389/1389 1469/1469 1390/1390
f 1390/1390 1469/1469 1470/1470
f 1390/1390 1470/1470 1391/1391
f 1391/1391 1470/1470 1471/1471
f 1391/1391 1471/1471 1392/1392
f 1392/1392 1471/1471 1472/1472
f 1392/1392 1472/1472 1393/1393
f 1393/1393 1472/1472 1473/1473
f 1393/1393 1473/1473 1394/1394
f 1394/1394 1473/1473 1474/1474
f 1394/1394 1474/1474 1395/1395
f 1395/1395 1474/1474 1475/1475
f 1395/1395 1475/1475 1396/1396
f 1396/1396 1475/1475 1476/1476
f 1396/1396 1476/1476 1397/1397
f 1397/1397 1476/1476 1477/1477
f 1397/1397 1477/1477 1398/1398
f 1398/1398 1477/1477 1478/1478
f 1398/1398 1478/1478 1399/1399
f 1399/1399 1478/1478 1479/1479
f 1399/1399 1479/1479 1400/1400
f 1400/1400 1479/1479 1480/1480
f 1400/1400 1480/1480 1401/1401
f 1401/1401 1480/1480 1481/1481
f 1401/1401 1481/1481 1402/1402
f 1402/1402 1481/1481 1482/1482
f 1402/1402 1482/1482 1403/1403
f 1403/1403 1482/1482 1483/1483
f 1403/1403 1483/1483 1404/1404
f 1404/1404 1483/1483 1484/1484
f 1404/1404 1484/1484 1405/1405
f 1405/1405 1484/1484 1485/1485
f 1405/1405 1485/1485 1406/1406
f 1406/1406 1485/1485 1486/1486
f 1406/1406 1486/1486 1407/1407
f 1407/1407 1486/1486 1487/1487
f 1407/1407 1487/1487 1408/1408
f 1408/1408 1487/1487 1488/1488
f 1408/1408 1488/1488 1409/1409
f 1409/1409 1488/1488 1489/1489
f 1409/1409 1489/1489 1410/1410
f 1410/1410 1489/1489 1490/1490
f 1410/1410 1490/1490 1411/1411
f 1411/1411 1490/1490 1491/1491
f 1411/1411 1491/1491 1412/1412
f 1412/1412 1491/1491 1492/1492
f 1412/1412 1492/1492 1413/1413
f 1413/1413 1492/1492 1493/1493
f 1413/1413 1493/1493 1414/1414
f 1414/1414 1493/1493 1494/1494
f 1414/1414 1494/1494 1415/1415
f 1415/1415 1494/1494 1495/1495
f 1415/1415 1495/1495 1416/1416
f 1416/1416 1495/1495 1496/1496
f 1416/1416 1496/1496 1417/1417
f 1417/1417 1496/1496 1497/1497
f 1417/1417 1497/1497 1418/1418
f 1418/1418 1497/1497 1498/1498
f 1418/1418 1498/1498 1419/1419
f 1419/1419 1498/1498 1499/1499
f 1419/1419 1499/1499 1420/1420
f 1420/1420 1499/1499 1500/1500
f 1420/1420 1500/1500 1421/1421
f 1421/1421 1500/1500 1501/1501
f 1421/1421 1501/1501 1422/1422
f 1422/1422 1501/1501 1502/1502
f 1422/1422 1502/1502 1423/1423
f 1423/1423 1502/1502 1503/1503
f 1423/1423 1503/1503 1424/1424
f 1424/1424 1503/1503 1504/1504
f 1424/1424 1504/1504 1425/1425
f 1425/1425 1504/1504 1505/1505
f 1425/1425 1505/1505 1426/1426
f 1426/1426 1505/1505 1506/1506
f 1426/1426 1506/1506 1427/1427
f 1427/1427 1506/1506 1507/1507
f 1427/1427 1507/1507 1428/1428
f 1428/1428 1507/1507 1508/1508
f 1428/1428 1508/1508 1429/1429
f 1429/1429 1508/1508 1509/1509
f 1429/1429 1509/1509 1430/1430
f 1430/1430 1509/1509 1510/1510
f 1430/1430 1510/1510 1431/1431
f 1431/1431 1510/1510 1511/1511
f 1431/1431 1511/1511 1432/1432
f 1432/1432 1511/1511 1512/1512
f 1432/1432 1512/1512 1433/1433
f 1433/1433 1512/1512 1513/1513
f 1433/1433 1513/1513 1434/1434
f 1434/1434 1513/1513 1514/1514
f 1434/1434 1514/1514 1435/1435
f 1435/1435 1514/1514 1515/1515
f 1435/1435 1515/1515 1436/1436
f 1436/1436 1515/1515 1516/1516
f 1436/1436 1516/1516 1437/1437
f 1437/1437 1516/1516 1517/1517
f 1453/1453 1533/1533 1454/1454
f 1454/1454 1533/1533 1534/1534
f 1454/1454 1534/1534 1455/1455
f 1455/1455 1534/1534 1535/1535
f 1455/1455 1535/1535 1456/1456
f 1456/1456 1535/1535 1536/1536
f 1456/1456 1536/1536 1457/1457
f 1457/1457 1536/1536 1537/1537
f 1457/1457 1537/1537 1458/1458
f 1458/1458 1537/1537 1538/1538
f 1458/1458 1538/1538 1459/1459
f 1459/1459 1538/1538 1539/1539
f 1459/1459 1539/1539 1460/1460
f 1460/1460 1539/1539 1540/1540
f 1460/1460 1540/1540 1461/1461
f 1461/1461 1540/1540 1541/1541
f 1461/1461 1541/1541 1462/1462
f 1462/1462 1541/1541 1542/1542
f 1462/1462 1542/1542 1463/1463
f 1463/1463 1542/1542 1543/1543
f 1463/1463 1543/1543 1464/1464
f 1464/1464 1543/1543 1544/1544
f 1464/1464 1544/1544 1465/1465
f 1465/1465 1544/1544 1545/1545
f 1465/1465 1545/1545 1466/1466
f 1466/1466 1545/1545 1546/1546
f 1466/1466 1546/1546 1467/1467
f 1467/1467 1546/1546 1547/1547
f 1467/1467 1547/1547 1468/1468
f 1468/1468 1547/1547 1548/1548
f 1468/1468 1548/1548 1469/1469
f 1469/1469 1548/1548 1549/1549
f 1469/1469 1549/1549 1470/1470
f 1470/1470 1549/1549 1550/1550
f 1470/1470 1550/1550 1471/1471
f 1471/1471 1550/1550 1551/1551
f 1471/1471 1551/1551 1472/1472
f 1472/1472 1551/1551 1552/1552
f 1472/1472 1552/1552 1473/1473
f 1473/1473 1552/1552 1553/1553
f 1473/1473 1553/1553 1474/1474
f 1474/1474 1553/1553 1554/1554
f 1474/1474 1554/1554 1475/1475
f 1475/1475 1554/1554 1555/1555
f 1475/1475 1555/1555 1476/1476
f 1476/1476 1555/1555 1556/1556
f 1476/1476 1556/1556 1477/1477
f 1477/1477 1556/1556 1557/1557
f 1477/1477 1557/1557 1478/1478
f 1478/1478 1557/1557 1558/1558
f 1478/1478 1558/1558 1479/1479
f 1479/1479 1558/1558 1559/1559
f 1479/1479 1559/1559 1480/1480
f 1480/1480 1559/1559 1560/1560
f 1480/1480 1560/1560 1481/1481
f 1481/1481 1560/1560 1561/1561
f 1481/1481 1561/1561 1482/1482
f 1482/1482 1561/1561 1562/1562
f 1482/1482 1562/1562 1483/1483
f 1483/1483 1562/1562 1563/1563
f 1483/1483 1563/1563 1484/1484
f 1484/1484 1563/1563 1564/1564
f 1484/1484 1564/1564 1485/1485
f 1485/1485 1564/1564 1565/1565
f 1485/1485 1565/1565 1486/1486
f 1486/1486 1565/1565 1566/1566
f 1486/1486 1566/1566 1487/1487
f 1487/1487 1566/1566 1567/1567
f 1487/1487 1567/1567 1488/1488
f 1488/1488 1567/1567 1568/1568
f 1488/1488 1568/1568 1489/1489
f 1489/1489 1568/1568 1569/1569
f 1489/1489 1569/1569 1490/1490
f 1490/1490 1569/1569 1570/1570
f 1490/1490 1570/1570 1491/1491
f 1491/1491 1570/1570 1571/1571
f 1491/1491 1571/1571 1492/1492
f 1492/1492 1571/1571 1572/1572
f 1492/1492 1572/1572 1493/1493
f 1493/1493 1572/1572 1573/1573
f 1493/1493 1573/1573 1494/1494
f 1494/1494 1573/1573 1574/1574
f 1494/1494 1574/1574 1495/1495
f 1495/1495 1574/1574 1575/1575
f 1495/1495 1575/1575 1496/1496
f 1496/1496 1575/1575 1576/1576
f 1496/1496 1576/1576 1497/1497
f 1497/1497 1576/1576 1577/1577
f 1497/1497 1577/1577 1498/1498
f 1498/1498 1577/1577 1578/1578
f 1498/1498 1578/1578 1499/1499
f 1499/1499 1578/1578 1579/1579
f 1499/1499 1579/1579 1500/1500
f 1500/1500 1579/1579 1580/1580
f 1500/1500 1580/1580 1501/1501
f 1501/1501 1580/1580 1581/1581
f 1501/1501 1581/1581 1502/1502
f 1502/1502 1581/1581 1582/1582
f 1502/1502 1582/1582 1503/1503
f 1503/1503 1582/1582 1583/1583
f 1503/1503 1583/1583 1504/1504
f 1504/1504 1583/1583 1584/1584
f 1504/1504 1584/1584 1505/1505
f 1505/1505 1584/1584 1585/1585
f 1505/1505 1585/1585 1506/1506
f 1506/1506 1585/1585 1586/1586
f 1506/1506 1586/1586 1507/1507
f 1507/1507 1586/1586 1587/1587
f 1507/1507 1587/1587 1508/1508
f 1508/1508 1587/1587 1588/1588
f 1508/1508 1588/1588 1509/1509
f 1509/1509 1588/1588 1589/1589
f 1509/1509 1589/1589 1510/1510
f 1510/1510 1589/1589 1590/1590
f 1510/1510 1590/1590 1511/1511
f 1511/1511 1590/1590 1591/1591
f 1511/1511 1591/1591 1512/1512
f 1512/1512 1591/1591 1592/1592
f 1512/1512 1592/1592 1513/1513
f 1513/1513 1592/1592 1593/1593
f 1513/1513 1593/1593 1514/1514
f 1514/1514 1593/1593 1594/1594
f 1514/1514 1594/1594 1515/1515
f 1515/1515 1594/1594 1595/1595
f 1515/1515 1595/1595 1516/1516
f 1516/1516 1595/1595 1596/1596
f 1516/1516 1596/1596 1517/1517
f 1517/1517 1596/1596 1597/1597
f 1517/1517 1597/1597 1518/1518
f 1518/1518 1597/1597 1598/1598
f 1532/1532 1612/1612 1533/1533
f 1533/1533 1612/1612 1613/1613
f 1533/1533 1613/1613 1534/1534
f 1534/1534 1613/1613 1614/1614
f 1534/1534 1614/1614 1535/1535
f 1535/1535 1614/1614 1615/1615
f 1535/1535 1615/1615 1536/1536
f 1536/1536 1615/1615 1616/1616
f 1536/1536 1616/1616 1537/1537
f 1537/1537 1616/1616 1617/1617
f 1537/1537 1617/1617 1538/1538
f 1538/1538 1617/1617 1618/1618
f 1538/1538 1618/1618 1539/1539
f 1539/1539 1618/1618 1619/1619
f 1539/1539 1619/1619 1540/1540
f 1540/1540 1619/1619 1620/1620
f 1540/1540 1620/1620 1541/1541
f 1541/1541 1620/1620 1621/1621
f 1541/1541 1621/1621 1542/1542
f 1542/1542 1621/1621 1622/1622
f 1542/1542 1622/1622 1543/1543
f 1543/1543 1622/1622 1623/1623
f 1543/1543 1623/1623 1544/1544
f 1544/1544 1623/1623 1624/1624
f 1544/1544 1624/1624 1545/1545
f 1545/1545 1624/1624 1625/1625
f 1545/1545 1625/1625 1546/1546
f 1546/1546 1625/1625 1626/1626
f 1546/1546 1626/1626 1547/1547
f 1547/1547 1626/1626 1627/1627
f 1547/1547 1627/1627 1548/1548
f 1548/1548 1627/1627 1628/1628
f 1548/1548 1628/1628 1549/1549
f 1549/1549 1628/1628 1629/1629
f 1549/1549 1629/1629 1550/1550
f 1550/1550 1629/1629 1630/1630
f 1550/1550 1630/1630 1551/1551
f 1551/1551 1630/1630 1631/1631
f 1551/1551 1631/1631 1552/1552
f 1552/1552 1631/1631 1632/1632
f 1552/1552 1632/1632 1553/1553
f 1553/1553 1632/1632 1633/1633
f 1553/1553 1633/1633 1554/1554
f 1554/1554 1633/1633 1634/1634
f 1554/1554 1634/1634 1555/1555
f 1555/1555 1634/1634 1635/1635
f 1555/1555 1635/1635 1556/1556
f 1556/1556 1635/1635 1636/1636
f 1556/1556 1636/1636 1557/1557
f 1557/1557 1636/1636 1637/1637
f 1557/1557 1637/1637 1558/1558
f 1558/1558 1637/1637 1638/1638
f 1558/1558 1638/1638 1559/1559
f 1559/1559 1638/1638 1639/1639
f 1559/1559 1639/1639 1560/1560
f 1560/1560 1639/1639 1640/1640
f 1560/1560 1640/1640 1561/1561
f 1561/1561 1640/1640 1641/1641
f 1561/1561 1641/1641 1562/1562
f 1562/1562 1641/1641 1642/1642
f 1562/1562 1642/1642 1563/1563
f 1563/1563 1642/1642 1643/1643
f 1563/1563 1643/1643 1564/1564
f 1564/1564 1643/1643 1644/1644
f 1564/1564 1644/1644 1565/1565
f 1565/1565 1644/1644 1645/1645
f 1565/1565 1645/1645 1566/1566
f 1566/1566 1645/1645 1646/1646
f 1566/1566 1646/1646 1567/1567
f 1567/1567 1646/1646 1647/1647
f 1567/1567 1647/1647 1568/1568
f 1568/1568 1647/1647 1648/1648
f 1568/1568 1648/1648 1569/1569
f 1569/1569 1648/1648 1649/1649
f 1569/1569 1649/1649 1570/1570
f 1570/1570 1649/1649 1650/1650
f 1570/1570 1650/1650 1571/1571
f 1571/1571 1650/1650 1651/1651
f 1571/1571 1651/1651 1572/1572
f 1572/1572 1651/1651 1652/1652
f 1572/1572 1652/1652 1573/1573
f 1573/1573 1652/1652 1653/1653
f 1573/1573 1653/1653 1574/1574
f 1574/1574 1653/1653 1654/1654
f 1574/1574 1654/1654 1575/1575
f 1575/1575 1654/1654 1655/1655
f 1575/1575 1655/1655 1576/1576
f 1576/1576 1655/1655 1656/1656
f 1576/1576 1656/1656 1577/1577
f 1577/1577 1656/1656 1657/1657
f 1577/1577 1657/1657 1578/1578
f 1578/1578 1657/1657 1658/1658
f 1578/1578 1658/1658 1579/1579
f 1579/1579 1658/1658 1659/1659
f 1579/1579 1659/1659 1580/1580
f 1580/1580 1659/1659 1660/1660
f 1580/1580 1660/1660 1581/1581
f 1581/1581 1660/1660 1661/1661
f 1581/1581 1661/1661 1582/1582
f 1582/1582 1661/1661 1662/1662
f 1582/1582 1662/1662 1583/1583
f 1583/1583 1662/1662 1663/1663
f 1583/1583 1663/1663 1584/1584
f 1584/1584 1663/1663 1664/1664
f 1584/1584 1664/1664 1585/1585
f 1585/1585 1664/1664 1665/1665
f 1585/1585 1665/1665 1586/1586
f 1586/1586 1665/1665 1666/1666
f 1586/1586 1666/1666 1587/1587
f 1587/1587 1666/1666 1667/1667
f 1587/1587 1667/1667 1588/1588
f 1588/1588 1667/1667 1668/1668
f 1588/1588 1668/1668 1589/1589
f 1589/1589 1668/1668 1669/1669
f 1589/1589 1669/1669 1590/1590
f 1590/1590 1669/1669 1670/1670
f 1590/1590 1670/1670 1591/1591
f 1591/1591 1670/1670 1671/1671
f 1591/1591 1671/1671 1592/1592
f 1592/1592 1671/1671 1672/1672
f 1592/1592 1672/1672 1593/1593
f 1593/1593 1672/1672 1673/1673
f 1593/1593 1673/1673 1594/1594
f 1594/1594 1673/1673 1674/1674
f 1594/1594 1674/1674 1595/1595
f 1595/1595 1674/1674 1675/1675
f 1595/1595 1675/1675 1596/1596
f 1596/1596 1675/1675 1676/1676
f 1596/1596 1676/1676 1597/1597
f 1597/1597 1676/1676 1677/1677
f 1597/1597 1677/1677 1598/1598
f 1598/1598 1677/1677 1678/1678
f 1611/1611 1691/1691 1612/1612
f 1612/1612 1691/1691 1692/1692
f 1612/1612 1692/1692 1613/1613
f 1613/1613 1692/1692 1693/1693
f 1613/1613 1693/1693 1614/1614
f 1614/1614 1693/1693 1694/1694
f 1614/1614 1694/1694 1615/1615
f 1615/1615 1694/1694 1695/1695
f 1615/1615 1695/1695 1616/1616
f 1616/1616 1695/1695 1696/1696
f 1616/1616 1696/1696 1617/1617
f 1617/1617 1696/1696 1697/1697
f 1617/1617 1697/1697 1618/1618
f 1618/1618 1697/1697 1698/1698
f 1618/1618 1698/1698 1619/1619
f 1619/1619 1698/1698 1699/1699
f 1619/1619 1699/1699 1620/1620
f 1620/1620 1699/1699 1700/1700
f 1620/1620 1700/1700 1621/1621
f 1621/1621 1700/1700 1701/1701
f 1621/1621 1701/1701 1622/1622
f 1622/1622 1701/1701 1702/1702
f 1622/1622 1702/1702 1623/1623
f 1623/1623 1702/1702 1703/1703
f 1623/1623 1703/1703 1624/1624
f 1624/1624 1703/1703 1704/1704
f 1624/1624 1704/1704 1625/1625
f 1625/1625 1704/1704 1705/1705
f 1625/1625 1705/1705 1626/1626
f 1626/1626 1705/1705 1706/1706
f 1626/1626 1706/1706 1627/1627
f 1627/1627 1706/1706 1707/1707
f 1627/1627 1707/1707 1628/1628
f 1628/1628 1707/1707 1708/1708
f 1628/1628 1708/1708 1629/1629
f 1629/1629 1708/1708 1709/1709
f 1629/1629 1709/1709 1630/1630
f 1630/1630 1709/1709 1710/1710
f 1630/1630 1710/1710 1631/1631
f 1631/1631 1710/1710 1711/1711
f 1631/1631 1711/1711 1632/1632
f 1632/1632 1711/1711 1712/1712
f 1632/1632 1712/1712 1633/1633
f 1633/1633 1712/1712 1713/1713
f 1633/1633 1713/1713 1634/1634
f 1634/1634 1713/1713 1714/1714
f 1634/1634 1714/1714 1635/1635
f 1635/1635 1714/1714 1715/1715
f 1635/1635 1715/1715 1636/1636
f 1636/1636 1715/1715 1716/1716
f 1636/1636 1716/1716 1637/1637
f 1637/1637 1716/1716 1717/1717
f 1637/1637 1717/1717 1638/1638
f 1638/1638 1717/1717 1718/1718
f 1638/1638 1718/1718 1639/1639
f 1639/1639 1718/1718 1719/1719
f 1639/1639 1719/1719 1640/1640
f 1640/1640 1719/1719 1720/1720
f 1640/1640 1720/1720 1641/1641
f 1641/1641 1720/1720 1721/1721
f 1641/1641 1721/1721 1642/1642
f 1642/1642 1721/1721 1722/1722
f 1642/1642 1722/1722 1643/1643
f 1643/1643 1722/1722 1723/1723
f 1643/1643 1723/1723 1644/1644
f 1644/1644 1723/1723 1724/1724
f 1644/1644 1724/1724 1645/1645
f 1645/1645 1724/1724 1725/1725
f 1645/1645 1725/1725 1646/1646
f 1646/1646 1725/1725 1726/1726
f 1646/1646 1726/1726 1647/1647
f 1647/1647 1726/1726 1727/1727
f 1647/1647 1727/1727 1648/1648
f 1648/1648 1727/1727 1728/1728
f 1648/1648 1728/1728 1649/1649
f 1649/1649 1728/1728 1729/1729
f 1649/1649 1729/1729 1650/1650
f 1650/1650 1729/1729 1730/1730
f 1650/1650 1730/1730 1651/1651
f 1651/1651 1730/1730 1731/1731
f 1651/1651 1731/1731 1652/1652
f 1652/1652 1731/1731 1732/1732
f 1652/1652 1732/1732 1653/1653
f 1653/1653 1732/1732 1733/1733
f 1653/1653 1733/1733 1654/1654
f 1654/1654 1733/1733 1734/1734
f 1654/1654 1734/1734 1655/1655
f 1655/1655 1734/1734 1735/1735
f 1655/1655 1735/1735 1656/1656
f 1656/1656 1735/1735 1736/1736
f 1656/1656 1736/1736 1657/1657
f 1657/1657 1736/1736 1737/1737
f 1657/1657 1737/1737 1658/1658
f 1658/1658 1737/1737 1738/1738
f 1658/1658 1738/1738 1659/1659
f 1659/1659 1738/1738 1739/1739
f 1659/1659 1739/1739 1660/1660
f 1660/1660 1739/1739 1740/1740
f 1660/1660 1740/1740 1661/1661
f 1661/1661 1740/1740 1741/1741
f 1661/1661 1741/1741 1662/1662
f 1662/1662 1741/1741 1742/1742
f 1662/1662 1742/1742 1663/1663
f 1663/1663 1742/1742 1743/1743
f 1663/1663 1743/1743 1664/1664
f 1664/1664 1743/1743 1744/1744
f 1664/1664 1744/1744 1665/1665
f 1665/1665 1744/1744 1745/1745
f 1665/1665 1745/1745 1666/1666
f 1666/1666 1745/1745 1746/1746
f 1666/1666 1746/1746 1667/1667
f 1667/1667 1746/1746 1747/1747
f 1667/1667 1747/1747 1668/1668
f 1668/1668 1747/1747 1748/1748
f 1668/1668 1748/1748 1669/1669
f 1669/1669 1748/1748 1749/1749
f 1669/1669 1749/1749 1670/1670
f 1670/1670 1749/1749 1750/1750
f 1670/1670 1750/1750 1671/1671
f 1671/1671 1750/1750 1751/1751
f 1671/1671 1751/1751 1672/1672
f 1672/1672 1751/1751 1752/1752
f 1672/1672 1752/1752 1673/1673
f 1673/1673 1752/1752 1753/1753
f 1673/1673 1753/1753 1674/1674
f 1674/1674 1753/1753 1754/1754
f 1674/1674 1754/1754 1675/1675
f 1675/1675 1754/1754 1755/1755
f 1675/1675 1755/1755 1676/1676
f 1676/1676 1755/1755 1756/1756
f 1676/1676 1756/1756 1677/1677
f 1677/1677 1756/1756 1757/1757
f 1677/1677 1757/1757 1678/1678
f 1678/1678 1757/1757 1758/1758
f 1691/1691 1771/1771 1692/1692
f 1692/1692 1771/1771 1772/1772
f 1692/1692 1772/1772 1693/1693
f 1693/1693 1772/1772 1773/1773
f 1693/1693 1773/1773 1694/1694
f 1694/1694 1773/1773 1774/1774
f 1694/1694 1774/1774 1695/1695
f 1695/1695 1774/1774 1775/1775
f 1695/1695 1775/1775 1696/1696
f 1696/1696 1775/1775 1776/1776
f 1696/1696 1776/1776 1697/1697
f 1697/1697 1776/1776 1777/1777
f 1697/1697 1777/1777 1698/1698
f 1698/1698 1777/1777 1778/1778
f 1698/1698 1778/1778 1699/1699
f 1699/1699 1778/1778 1779/1779
f 1699/1699 1779/1779 1700/1700
f 1700/1700 1779/1779 1780/1780
f 1700/1700 1780/1780 1701/1701
f 1701/1701 1780/1780 1781/1781
f 1701/1701 1781/1781 1702/1702
f 1702/1702 1781/1781 1782/1782
f 1702/1702 1782/1782 1703/1703
f 1703/1703 1782/1782 1783/1783
f 1703/1703 1783/1783 1704/1704
f 1704/1704 1783/1783 1784/1784
f 1704/1704 1784/1784 1705/1705
f 1705/1705 1784/1784 1785/1785
f 1705/1705 1785/1785 1706/1706
f 1706/1706 1785/1785 1786/1786
f 1706/1706 1786/1786 1707/1707
f 1707/1707 1786/1786 1787/1787
f 1707/1707 1787/1787 1708/1708
f 1708/1708 1787/1787 1788/1788
f 1708/1708 1788/1788 1709/1709
f 1709/1709 1788/1788 1789/1789
f 1709/1709 1789/1789 1710/1710
f 1710/1710 1789/1789 1790/1790
f 1710/1710 1790/1790 1711/1711
f 1711/1711 1790/1790 1791/1791
f 1711/1711 1791/1791 1712/1712
f 1712/1712 1791/1791 1792/1792
f 1712/1712 1792/1792 1713/1713
f 1713/1713 1792/1792 1793/1793
f 1713/1713 1793/1793 1714/1714
f 1714/1714 1793/1793 1794/1794
f 1714/1714 1794/1794 1715/1715
f 1715/1715 1794/1794 1795/1795
f 1715/1715 1795/1795 1716/1716
f 1716/1716 1795/1795 1796/1796
f 1716/1716 1796/1796 1717/1717
f 1717/1717 1796/1796 1797/1797
f 1717/1717 1797/1797 1718/1718
f 1718/1718 1797/1797 1798/1798
f 1718/1718 1798/1798 1719/1719
f 1719/1719 1798/1798 1799/1799
f 1719/1719 1799/1799 1720/1720
f 1720/1720 1799/1799 1800/1800
f 1720/1720 1800/1800 1721/1721
f 1721/1721 1800/1800 1801/1801
f 1721/1721 1801/1801 1722/1722
f 1722/1722 1801/1801 1802/1802
f 1722/1722 1802/1802 1723/1723
f 1723/1723 1802/1802 1803/1803
f 1723/1723 1803/1803 1724/1724
f 1724/1724 1803/1803 1804/1804
f 1724/1724 1804/1804 1725/1725
f 1725/1725 1804/1804 1805/1805
f 1725/1725 1805/1805 1726/1726
f 1726/1726 1805/1805 1806/1806
f 1726/1726 1806/1806 1727/1727
f 1727/1727 1806/1806 1807/1807
f 1727/1727 1807/1807 1728/1728
f 1728/1728 1807/1807 1808/1808
f 1728/1728 1808/1808 1729/1729
f 1729/1729 1808/1808 1809/1809
f 1729/1729 1809/1809 1730/1730
f 1730/1730 1809/1809 1810/1810
f 1730/1730 1810/1810 1731/1731
f 1731/1731 1810/1810 1811/1811
f 1731/1731 1811/1811 1732/1732
f 1732/1732 1811/1811 1812/1812
f 1732/1732 1812/1812 1733/1733
f 1733/1733 1812/1812 1813/1813
f 1733/1733 1813/1813 1734/1734
f 1734/1734 1813/1813 1814/1814
f 1734/1734 1814/1814 1735/1735
f 1735/1735 1814/1814 1815/1815
f 1735/1735 1815/1815 1736/1736
f 1736/1736 1815/1815 1816/1816
f 1736/1736 1816/1816 1737/1737
f 1737/1737 1816/1816 1817/1817
f 1737/1737 1817/1817 1738/1738
f 1738/1738 1817/1817 1818/1818
f 1738/1738 1818/1818 1739/1739
f 1739/1739 1818/1818 1819/1819
f 1739/1739 1819/1819 1740/1740
f 1740/1740 1819/1819 1820/1820
f 1740/1740 1820/1820 1741/1741
f 1741/1741 1820/1820 1821/1821
f 1741/1741 1821/1821 1742/1742
f 1742/1742 1821/1821 1822/1822
f 1742/1742 1822/1822 1743/1743
f 1743/1743 1822/1822 1823/1823
f 1743/1743 1823/1823 1744/1744
f 1744/1744 1823/1823 1824/1824
f 1744/1744 1824/1824 1745/1745
f 1745/1745 1824/1824 1825/1825
f 1745/1745 1825/1825 1746/1746
f 1746/1746 1825/1825 1826/1826
f 1746/1746 1826/1826 1747/1747
f 1747/1747 1826/1826 1827/1827
f 1747/1747 1827/1827 1748/1748
f 1748/1748 1827/1827 1828/1828
f 1748/1748 1828/1828 1749/1749
f 1749/1749 1828/1828 1829/1829
f 1749/1749 1829/1829 1750/1750
f 1750/1750 1829/1829 1830/1830
f 1750/1750 1830/1830 1751/1751
f 1751/1751 1830/1830 1831/1831
f 1751/1751 1831/1831 1752/1752
f 1752/1752 1831/1831 1832/1832
f 1752/1752 1832/1832 1753/1753
f 1753/1753 1832/1832 1833/1833
f 1753/1753 1833/1833 1754/1754
f 1754/1754 1833/1833 1834/1834
f 1754/1754 1834/1834 1755/1755
f 1755/1755 1834/1834 1835/1835
f 1755/1755 1835/1835 1756/1756
f 1756/1756 1835/1835 1836/1836
f 1756/1756 1836/1836 1757/1757
f 1757/1757 1836/1836 1837/1837
f 1757/1757 1837/1837 1758/1758
f 1758/1758 1837/1837 1838/1838
f 1770/1770 1850/1850 1771/1771
f 1771/1771 1850/1850 1851/1851
f 1771/1771 1851/1851 1772/1772
f 1772/1772 1851/1851 1852/1852
f 1772/1772 1852/1852 1773/1773
f 1773/1773 1852/1852 1853/1853
f 1773/1773 1853/1853 1774/1774
f 1774/1774 1853/1853 1854/1854
f 1774/1774 1854/1854 1775/1775
f 1775/1775 1854/1854 1855/1855
f 1775/1775 1855/1855 1776/1776
f 1776/1776 1855/1855 1856/1856
f 1776/1776 1856/1856 1777/1777
f 1777/1777 1856/1856 1857/1857
f 1777/1777 1857/1857 1778/1778
f 1778/1778 1857/1857 1858/1858
f 1778/1778 1858/1858 1779/1779
f 1779/1779 1858/1858 1859/1859
f 1779/1779 1859/1859 1780/1780
f 1780/1780 1859/1859 1860/1860
f 1780/1780 1860/1860 1781/1781
f 1781/1781 1860/1860 1861/1861
f 1781/1781 1861/1861 1782/1782
f 1782/1782 1861/1861 1862/1862
f 1782/1782 1862/1862 1783/1783
f 1783/1783 1862/1862 1863/1863
f 1783/1783 1863/1863 1784/1784
f 1784/1784 1863/1863 1864/1864
f 1784/1784 1864/1864 1785/1785
f 1785/1785 1864/1864 1865/1865
f 1785/1785 1865/1865 1786/1786
f 1786/1786 1865/1865 1866/1866
f 1786/1786 1866/1866 1787/1787
f 1787/1787 1866/1866 1867/1867
f 1787/1787 1867/1867 1788/1788
f 1788/1788 1867/1867 1868/1868
f 1788/1788 1868/1868 1789/1789
f 1789/1789 1868/1868 1869/1869
f 1789/1789 1869/1869 1790/1790
f 1790/1790 1869/1869 1870/1870
f 1790/1790 1870/1870 1791/1791
f 1791/1791 1870/1870 1871/1871
f 1791/1791 1871/1871 1792/1792
f 1792/1792 1871/1871 1872/1872
f 1792/1792 1872/1872 1793/1793
f 1793/1793 1872/1872 1873/1873
f 1793/1793 1873/1873 1794/1794
f 1794/1794 1873/1873 1874/1874
f 1794/1794 1874/1874 1795/1795
f 1795/1795 1874/1874 1875/1875
f 1795/1795 1875/1875 1796/1796
f 1796/1796 1875/1875 1876/1876
f 1796/1796 1876/1876 1797/1797
f 1797/1797 1876/1876 1877/1877
f 1797/1797 1877/1877 1798/1798
f 1798/1798 1877/1877 1878/1878
f 1798/1798 1878/1878 1799/1799
f 1799/1799 1878/1878 1879/1879
f 1799/1799 1879/1879 1800/1800
f 1800/1800 1879/1879 1880/1880
f 1800/1800 1880/1880 1801/1801
f 1801/1801 1880/1880 1881/1881
f 1801/1801 1881/1881 1802/1802
f 1802/1802 1881/1881 1882/1882
f 1802/1802 1882/1882 1803/1803
f 1803/1803 1882/1882 1883/1883
f 1803/1803 1883/1883 1804/1804
f 1804/1804 1883/1883 1884/1884
f 1804/1804 1884/1884 1805/1805
f 1805/1805 1884/1884 1885/1885
f 1805/1805 1885/1885 1806/1806
f 1806/1806 1885/1885 1886/1886
f 1806/1806 1886/1886 1807/1807
f 1807/1807 1886/1886 1887/1887
f 1807/1807 1887/1887 1808/1808
f 1808/1808 1887/1887 1888/1888
f 1808/1808 1888/1888 1809/1809
f 1809/1809 1888/1888 1889/1889
f 1809/1809 1889/1889 1810/1810
f 1810/1810 1889/1889 1890/1890
f 1810/1810 1890/1890 1811/1811
f 1811/1811 1890/1890 1891/1891
f 1811/1811 1891/1891 1812/1812
f 1812/1812 1891/1891 1892/1892
f 1812/1812 1892/1892 1813/1813
f 1813/1813 1892/1892 1893/1893
f 1813/1813 1893/1893 1814/1814
f 1814/1814 1893/1893 1894/1894
f 1814/1814 1894/1894 1815/1815
f 1815/1815 1894/1894 1895/1895
f 1815/1815 1895/1895 1816/1816
f 1816/1816 1895/1895 1896/1896
f 1816/1816 1896/1896 1817/1817
f 1817/1817 1896/1896 1897/1897
f 1817/1817 1897/1897 1818/1818
f 1818/1818 1897/1897 1898/1898
f 1818/1818 1898/1898 1819/1819
f 1819/1819 1898/1898 1899/1899
f 1819/1819 1899/1899 1820/1820
f 1820/1820 1899/1899 1900/1900
f 1820/1820 1900/1900 1821/1821
f 1821/1821 1900/1900 1901/1901
f 1821/1821 1901/1901 1822/1822
f 1822/1822 1901/1901 1902/1902
f 1822/1822 1902/1902 1823/1823
f 1823/1823 1902/1902 1903/1903
f 1823/1823 1903/1903 1824/1824
f 1824/1824 1903/1903 1904/1904
f 1824/1824 1904/1904 1825/1825
f 1825/1825 1904/1904 1905/1905
f 1825/1825 1905/1905 1826/1826
f 1826/1826 1905/1905 1906/1906
f 1826/1826 1906/1906 1827/1827
f 1827/1827 1906/1906 1907/1907
f 1827/1827 1907/1907 1828/1828
f 1828/1828 1907/1907 1908/1908
f 1828/1828 1908/1908 1829/1829
f 1829/1829 1908/1908 1909/1909
f 1829/1829 1909/1909 1830/1830
f 1830/1830 1909/1909 1910/1910
f 1830/1830 1910/1910 1831/1831
f 1831/1831 1910/1910 1911/1911
f 1831/1831 1911/1911 1832/1832
f 1832/1832 1911/1911 1912/1912
f 1832/1832 1912/1912 1833/1833
f 1833/1833 1912/1912 1913/1913
f 1833/1833 1913/1913 1834/1834
f 1834/1834 1913/1913 1914/1914
f 1834/1834 1914/1914 1835/1835
f 1835/1835 1914/1914 1915/1915
f 1835/1835 1915/1915 1836/1836
f 1836/1836 1915/1915 1916/1916
f 1836/1836 1916/1916 1837/1837
f 1837/1837 1916/1916 1917/1917
f 1837/1837 1917/1917 1838/1838
f 1838/1838 1917/1917 1918/1918
f 1838/1838 1918/1918 1839/1839
f 1839/1839 1918/1918 1919/1919
f 1850/1850 1930/1930 1851/1851
f 1851/1851 1930/1930 1931/1931
f 1851/1851 1931/1931 1852/1852
f 1852/1852 1931/1931 1932/1932
f 1852/1852 1932/1932 1853/1853
f 1853/1853 1932/1932 1933/1933
f 1853/1853 1933/1933 1854/1854
f 1854/1854 1933/1933 1934/1934
f 1854/1854 1934/1934 1855/1855
f 1855/1855 1934/1934 1935/1935
f 1855/1855 1935/1935 1856/1856
f 1856/1856 1935/1935 1936/1936
f 1856/1856 1936/1936 1857/1857
f 1857/1857 1936/1936 1937/1937
f 1857/1857 1937/1937 1858/1858
f 1858/1858 1937/1937 1938/1938
f 1858/1858 1938/1938 1859/1859
f 1859/1859 1938/1938 1939/1939
f 1859/1859 1939/1939 1860/1860
f 1860/1860 1939/1939 1940/1940
f 1860/1860 1940/1940 1861/1861
f 1861/1861 1940/1940 1941/1941
f 1861/1861 1941/1941 1862/1862
f 1862/1862 1941/1941 1942/1942
f 1862/1862 1942/1942 1863/1863
f 1863/1863 1942/1942 1943/1943
f 1863/1863 1943/1943 1864/1864
f 1864/1864 1943/1943 1944/1944
f 1864/1864 1944/1944 1865/1865
f 1865/1865 1944/1944 1945/1945
f 1865/1865 1945/1945 1866/1866
f 1866/1866 1945/1945 1946/1946
f 1866/1866 1946/1946 1867/1867
f 1867/1867 1946/1946 1947/1947
f 1867/1867 1947/1947 1868/1868
f 1868/1868 1947/1947 1948/1948
f 1868/1868 1948/1948 1869/1869
f 1869/1869 1948/1948 1949/1949
f 1869/1869 1949/1949 1870/1870
f 1870/1870 1949/1949 1950/1950
f 1870/1870 1950/1950 1871/1871
f 1871/1871 1950/1950 1951/1951
f 1871/1871 1951/1951 1872/1872
f 1872/1872 1951/1951 1952/1952
f 1872/1872 1952/1952 1873/1873
f 1873/1873 1952/1952 1953/1953
f 1873/1873 1953/1953 1874/1874
f 1874/1874 1953/1953 1954/1954
f 1874/1874 1954/1954 1875/1875
f 1875/1875 1954/1954 1955/1955
f 1875/1875 1955/1955 1876/1876
f 1876/1876 1955/1955 1956/1956
f 1876/1876 1956/1956 1877/1877
f 1877/1877 1956/1956 1957/1957
f 1877/1877 1957/1957 1878/1878
f 1878/1878 1957/1957 1958/1958
f 1878/1878 1958/1958 1879/1879
f 1879/1879 1958/1958 1959/1959
f 1879/1879 1959/1959 1880/1880
f 1880/1880 1959/1959 1960/1960
f 1880/1880 1960/1960 1881/1881
f 1881/1881 1960/1960 1961/1961
f 1881/1881 1961/1961 1882/1882
f 1882/1882 1961/1961 1962/1962
f 1882/1882 1962/1962 1883/1883
f 1883/1883 1962/1962 1963/1963
f 1883/1883 1963/1963 1884/1884
f 1884/1884 1963/1963 1964/1964
f 1884/1884 1964/1964 1885/1885
f 1885/1885 1964/1964 1965/1965
f 1885/1885 1965/1965 1886/1886
f 1886/1886 1965/1965 1966/1966
f 1886/1886 1966/1966 1887/1887
f 1887/1887 1966/1966 1967/1967
f 1887/1887 1967/1967 1888/1888
f 1888/1888 1967/1967 1968/1968
f 1888/1888 1968/1968 1889/1889
f 1889/1889 1968/1968 1969/1969
f 1889/1889 1969/1969 1890/1890
f 1890/1890 1969/1969 1970/1970
f 1890/1890 1970/1970 1891/1891
f 1891/1891 1970/1970 1971/1971
f 1891/1891 1971/1971 1892/1892
f 1892/1892 1971/1971 1972/1972
f 1892/1892 1972/1972 1893/1893
f 1893/1893 1972/1972 1973/1973
f 1893/1893 1973/1973 1894/1894
f 1894/1894 1973/1973 1974/1974
f 1894/1894 1974/1974 1895/1895
f 1895/1895 1974/1974 1975/1975
f 1895/1895 1975/1975 1896/1896
f 1896/1896 1975/1975 1976/1976
f 1896/1896 1976/1976 1897/1897
f 1897/1897 1976/1976 1977/1977
f 1897/1897 1977/1977 1898/1898
f 1898/1898 1977/1977 1978/1978
f 1898/1898 1978/1978 1899/1899
f 1899/1899 1978/1978 1979/1979
f 1899/1899 1979/1979 1900/1900
f 1900/1900 1979/1979 1980/1980
f 1900/1900 1980/1980 1901/1901
f 1901/1901 1980/1980 1981/1981
f 1901/1901 1981/1981 1902/1902
f 1902/1902 1981/1981 1982/1982
f 1902/1902 1982/1982 1903/1903
f 1903/1903 1982/1982 1983/1983
f 1903/1903 1983/1983 1904/1904
f 1904/1904 1983/1983 1984/1984
f 1904/1904 1984/1984 1905/1905
f 1905/1905 1984/1984 1985/1985
f 1905/1905 1985/1985 1906/1906
f 1906/1906 1985/1985 1986/1986
f 1906/1906 1986/1986 1907/1907
f 1907/1907 1986/1986 1987/1987
f 1907/1907 1987/1987 1908/1908
f 1908/1908 1987/1987 1988/1988
f 1908/1908 1988/1988 1909/1909
f 1909/1909 1988/1988 1989/1989
f 1909/1909 1989/1989 1910/1910
f 1910/1910 1989/1989 1990/1990
f 1910/1910 1990/1990 1911/1911
f 1911/1911 1990/1990 1991/1991
f 1911/1911 1991/1991 1912/1912
f 1912/1912 1991/1991 1992/1992
f 1912/1912 1992/1992 1913/1913
f 1913/1913 1992/1992 1993/1993
f 1913/1913 1993/1993 1914/1914
f 1914/1914 1993/1993 1994/1994
f 1914/1914 1994/1994 1915/1915
f 1915/1915 1994/1994 1995/1995
f 1915/1915 1995/1995 1916/1916
f 1916/1916 1995/1995 1996/1996
f 1916/1916 1996/1996 1917/1917
f 1917/1917 1996/1996 1997/1997
f 1917/1917 1997/1997 1918/1918
f 1918/1918 1997/1997 1998/1998
f 1918/1918 1998/1998 1919/1919
f 1919/1919 1998/1998 1999/1999
f 1929/1929 2009/2009 1930/1930
f 1930/1930 2009/2009 2010/2010
f 1930/1930 2010/2010 1931/1931
f 1931/1931 2010/2010 2011/2011
f 1931/1931 2011/2011 1932/1932
f 1932/1932 2011/2011 2012/2012
f 1932/1932 2012/2012 1933/1933
f 1933/1933 2012/2012 2013/2013
f 1933/1933 2013/2013 1934/1934
f 1934/1934 2013/2013 2014/2014
f 1934/1934 2014/2014 1935/1935
f 1935/1935 2014/2014 2015/2015
f 1935/1935 2015/2015 1936/1936
f 1936/1936 2015/2015 2016/2016
f 1936/1936 2016/2016 1937/1937
f 1937/1937 2016/2016 2017/2017
f 1937/1937 2017/2017 1938/1938
f 1938/1938 2017/2017 2018/2018
f 1938/1938 2018/2018 1939/1939
f 1939/1939 2018/2018 2019/2019
f 1939/1939 2019/2019 1940/1940
f 1940/1940 2019/2019 2020/2020
f 1940/1940 2020/2020 1941/1941
f 1941/1941 2020/2020 2021/2021
f 1941/1941 2021/2021 1942/1942
f 1942/1942 2021/2021 2022/2022
f 1942/1942 2022/2022 1943/1943
f 1943/1943 2022/2022 2023/2023
f 1943/1943 2023/2023 1944/1944
f 1944/1944 2023/2023 2024/2024
f 1944/1944 2024/2024 1945/1945
f 1945/1945 2024/2024 2025/2025
f 1945/1945 2025/2025 1946/1946
f 1946/1946 2025/2025 2026/2026
f 1946/1946 2026/2026 1947/1947
f 1947/1947 2026/2026 2027/2027
f 1947/1947 2027/2027 1948/1948
f 1948/1948 2027/2027 2028/2028
f 1948/1948 2028/2028 1949/1949
f 1949/1949 2028/2028 2029/2029
f 1949/1949 2029/2029 1950/1950
f 1950/1950 2029/2029 2030/2030
f 1950/1950 2030/2030 1951/1951
f 1951/1951 2030/2030 2031/2031
f 1951/1951 2031/2031 1952/1952
f 1952/1952 2031/2031 2032/2032
f 1952/1952 2032/2032 1953/1953
f 1953/1953 2032/2032 2033/2033
f 1953/1953 2033/2033 1954/1954
f 1954/1954 2033/2033 2034/2034
f 1954/1954 2034/2034 1955/1955
f 1955/1955 2034/2034 2035/2035
f 1955/1955 2035/2035 1956/1956
f 1956/1956 2035/2035 2036/2036
f 1956/1956 2036/2036 1957/1957
f 1957/1957 2036/2036 2037/2037
f 1957/1957 2037/2037 1958/1958
f 1958/1958 2037/2037 2038/2038
f 1958/1958 2038/2038 1959/1959
f 1959/1959 2038/2038 2039/2039
f 1959/1959 2039/2039 1960/1960
f 1960/1960 2039/2039 2040/2040
f 1960/1960 2040/2040 1961/1961
f 1961/1961 2040/2040 2041/2041
f 1961/1961 2041/2041 1962/1962
f 1962/1962 2041/2041 2042/2042
f 1962/1962 2042/2042 1963/1963
f 1963/1963 2042/2042 2043/2043
f 1963/1963 2043/2043 1964/1964
f 1964/1964 2043/2043 2044/2044
f 1964/1964 2044/2044 1965/1965
f 1965/1965 2044/2044 2045/2045
f 1965/1965 2045/2045 1966/1966
f 1966/1966 2045/2045 2046/2046
f 1966/1966 2046/2046 1967/1967
f 1967/1967 2046/2046 2047/2047
f 1967/1967 2047/2047 1968/1968
f 1968/1968 2047/2047 2048/2048
f 1968/1968 2048/2048 1969/1969
f 1969/1969 2048/2048 2049/2049
f 1969/1969 2049/2049 1970/1970
f 1970/1970 2049/2049 2050/2050
f 1970/1970 2050/2050 1971/1971
f 1971/1971 2050/2050 2051/2051
f 1971/1971 2051/2051 1972/1972
f 1972/1972 2051/2051 2052/2052
f 1972/1972 2052/2052 1973/1973
f 1973/1973 2052/2052 2053/2053
f 1973/1973 2053/2053 1974/1974
f 1974/1974 2053/2053 2054/2054
f 1974/1974 2054/2054 1975/1975
f 1975/1975 2054/2054 2055/2055
f 1975/1975 2055/2055 1976/1976
f 1976/1976 2055/2055 2056/2056
f 1976/1976 2056/2056 1977/1977
f 1977/1977 2056/2056 2057/2057
f 1977/1977 2057/2057 1978/1978
f 1978/1978 2057/2057 2058/2058
f 1978/1978 2058/2058 1979/1979
f 1979/1979 2058/2058 2059/2059
f 1979/1979 2059/2059 1980/1980
f 1980/1980 2059/2059 2060/2060
f 1980/1980 2060/2060 1981/1981
f 1981/1981 2060/2060 2061/2061
f 1981/1981 2061/2061 1982/1982
f 1982/1982 2061/2061 2062/2062
f 1982/1982 2062/2062 1983/1983
f 1983/1983 2062/2062 2063/2063
f 1983/1983 2063/2063 1984/1984
f 1984/1984 2063/2063 2064/2064
f 1984/1984 2064/2064 1985/1985
f 1985/1985 2064/2064 2065/2065
f 1985/1985 2065/2065 1986/1986
f 1986/1986 2065/2065 2066/2066
f 1986/1986 2066/2066 1987/1987
f 1987/1987 2066/2066 2067/2067
f 1987/1987 2067/2067 1988/1988
f 1988/1988 2067/2067 2068/2068
f 1988/1988 2068/2068 1989/1989
f 1989/1989 2068/2068 2069/2069
f 1989/1989 2069/2069 1990/1990
f 1990/1990 2069/2069 2070/2070
f 1990/1990 2070/2070 1991/1991
f 1991/1991 2070/2070 2071/2071
f 1991/1991 2071/2071 1992/1992
f 1992/1992 2071/2071 2072/2072
f 1992/1992 2072/2072 1993/1993
f 1993/1993 2072/2072 2073/2073
f 1993/1993 2073/2073 1994/1994
f 1994/1994 2073/2073 2074/2074
f 1994/1994 2074/2074 1995/1995
f 1995/1995 2074/2074 2075/2075
f 1995/1995 2075/2075 1996/1996
f 1996/1996 2075/2075 2076/2076
f 1996/1996 2076/2076 1997/1997
f 1997/1997 2076/2076 2077/2077
f 1997/1997 2077/2077 1998/1998
f 1998/1998 2077/2077 2078/2078
f 1998/1998 2078/2078 1999/1999
f 1999/1999 2078/2078 2079/2079
f 2008/2008 2088/2088 2009/2009
f 2009/2009 2088/2088 2089/2089
f 2009/2009 2089/2089 2010/2010
f 2010/2010 2089/2089 2090/2090
f 2010/2010 2090/2090 2011/2011
f 2011/2011 2090/2090 2091/2091
f 2011/2011 2091/2091 2012/2012
f 2012/2012 2091/2091 2092/2092
f 2012/2012 2092/2092 2013/2013
f 2013/2013 2092/2092 2093/2093
f 2013/2013 2093/2093 2014/2014
f 2014/2014 2093/2093 2094/2094
f 2014/2014 2094/2094 2015/2015
f 2015/2015 2094/2094 2095/2095
f 2015/2015 2095/2095 2016/2016
f 2016/2016 2095/2095 2096/2096
f 2016/2016 2096/2096 2017/2017
f 2017/2017 2096/2096 2097/2097
f 2017/2017 2097/2097 2018/2018
f 2018/2018 2097/2097 2098/2098
f 2018/2018 2098/2098 2019/2019
f 2019/2019 2098/2098 2099/2099
f 2019/2019 2099/2099 2020/2020
f 2020/2020 2099/2099 2100/2100
f 2020/2020 2100/2100 2021/2021
f 2021/2021 2100/2100 2101/2101
f 2021/2021 2101/2101 2022/2022
f 2022/2022 2101/2101 2102/2102
f 2022/2022 2102/2102 2023/2023
f 2023/2023 2102/2102 2103/2103
f 2023/2023 2103/2103 2024/2024
f 2024/2024 2103/2103 2104/2104
f 2024/2024 2104/2104 2025/2025
f 2025/2025 2104/2104 2105/2105
f 2025/2025 2105/2105 2026/2026
f 2026/2026 2105/2105 2106/2106
f 2026/2026 2106/2106 2027/2027
f 2027/2027 2106/2106 2107/2107
f 2027/2027 2107/2107 2028/2028
f 2028/2028 2107/2107 2108/2108
f 2028/2028 2108/2108 2029/2029
f 2029/2029 2108/2108 2109/2109
f 2029/2029 2109/2109 2030/2030
f 2030/2030 2109/2109 2110/2110
f 2030/2030 2110/2110 2031/2031
f 2031/2031 2110/2110 2111/2111
f 2031/2031 2111/2111 2032/2032
f 2032/2032 2111/2111 2112/2112
f 2032/2032 2112/2112 2033/2033
f 2033/2033 2112/2112 2113/2113
f 2033/2033 2113/2113 2034/2034
f 2034/2034 2113/2113 2114/2114
f 2034/2034 2114/2114 2035/2035
f 2035/2035 2114/2114 2115/2115
f 2035/2035 2115/2115 2036/2036
f 2036/2036 2115/2115 2116/2116
f 2036/2036 2116/2116 2037/2037
f 2037/2037 2116/2116 2117/2117
f 2037/2037 2117/2117 2038/2038
f 2038/2038 2117/2117 2118/2118
f 2038/2038 2118/2118 2039/2039
f 2039/2039 2118/2118 2119/2119
f 2039/2039 2119/2119 2040/2040
f 2040/2040 2119/2119 2120/2120
f 2040/2040 2120/2120 2041/2041
f 2041/2041 2120/2120 2121/2121
f 2041/2041 2121/2121 2042/2042
f 2042/2042 2121/2121 2122/2122
f 2042/2042 2122/2122 2043/2043
f 2043/2043 2122/2122 2123/2123
f 2043/2043 2123/2123 2044/2044
f 2044/2044 2123/2123 2124/2124
f 2044/2044 2124/2124 2045/2045
f 2045/2045 2124/2124 2125/2125
f 2045/2045 2125/2125 2046/2046
f 2046/2046 2125/2125 2126/2126
f 2046/2046 2126/2126 2047/2047
f 2047/2047 2126/2126 2127/2127
f 2047/2047 2127/2127 2048/2048
f 2048/2048 2127/2127 2128/2128
f 2048/2048 2128/2128 2049/2049
f 2049/2049 2128/2128 2129/2129
f 2049/2049 2129/2129 2050/2050
f 2050/2050 2129/2129 2130/2130
f 2050/2050 2130/2130 2051/2051
f 2051/2051 2130/2130 2131/2131
f 2051/2051 2131/2131 2052/2052
f 2052/2052 2131/2131 2132/2132
f 2052/2052 2132/2132 2053/2053
f 2053/2053 2132/2132 2133/2133
f 2053/2053 2133/2133 2054/2054
f 2054/2054 2133/2133 2134/2134
f 2054/2054 2134/2134 2055/2055
f 2055/2055 2134/2134 2135/2135
f 2055/2055 2135/2135 2056/2056
f 2056/2056 2135/2135 2136/2136
f 2056/2056 2136/2136 2057/2057
f 2057/2057 2136/2136 2137/2137
f 2057/2057 2137/2137 2058/2058
f 2058/2058 2137/2137 2138/2138
f 2058/2058 2138/2138 2059/2059
f 2059/2059 2138/2138 2139/2139
f 2059/2059 2139/2139 2060/2060
f 2060/2060 2139/2139 2140/2140
f 2060/2060 2140/2140 2061/2061
f 2061/2061 2140/2140 2141/2141
f 2061/2061 2141/2141 2062/2062
f 2062/2062 2141/2141 2142/2142
f 2062/2062 2142/2142 2063/2063
f 2063/2063 2142/2142 2143/2143
f 2063/2063 2143/2143 2064/2064
f 2064/2064 2143/2143 2144/2144
f 2064/2064 2144/2144 2065/2065
f 2065/2065 2144/2144 2145/2145
f 2065/2065 2145/2145 2066/2066
f 2066/2066 2145/2145 2146/2146
f 2066/2066 2146/2146 2067/2067
f 2067/2067 2146/2146 2147/2147
f 2067/2067 2147/2147 2068/2068
f 2068/2068 2147/2147 2148/2148
f 2068/2068 2148/2148 2069/2069
f 2069/2069 2148/2148 2149/2149
f 2069/2069 2149/2149 2070/2070
f 2070/2070 2149/2149 2150/2150
f 2070/2070 2150/2150 2071/2071
f 2071/2071 2150/2150 2151/2151
f 2071/2071 2151/2151 2072/2072
f 2072/2072 2151/2151 2152/2152
f 2072/2072 2152/2152 2073/2073
f 2073/2073 2152/2152 2153/2153
f 2073/2073 2153/2153 2074/2074
f 2074/2074 2153/2153 2154/2154
f 2074/2074 2154/2154 2075/2075
f 2075/2075 2154/2154 2155/2155
f 2075/2075 2155/2155 2076/2076
f 2076/2076 2155/2155 2156/2156
f 2076/2076 2156/2156 2077/2077
f 2077/2077 2156/2156 2157/2157
f 2077/2077 2157/2157 2078/2078
f 2078/2078 2157/2157 2158/2158
f 2078/2078 2158/2158 2079/2079
f 2079/2079 2158/2158 2159/2159
f 2088/2088 2168/2168 2089/2089
f 2089/2089 2168/2168 2169/2169
f 2089/2089 2169/2169 2090/2090
f 2090/2090 2169/2169 2170/2170
f 2090/2090 2170/2170 2091/2091
f 2091/2091 2170/2170 2171/2171
f 2091/2091 2171/2171 2092/2092
f 2092/2092 2171/2171 2172/2172
f 2092/2092 2172/2172 2093/2093
f 2093/2093 2172/2172 2173/2173
f 2093/2093 2173/2173 2094/2094
f 2094/2094 2173/2173 2174/2174
f 2094/2094 2174/2174 2095/2095
f 2095/2095 2174/2174 2175/2175
f 2095/2095 2175/2175 2096/2096
f 2096/2096 2175/2175 2176/2176
f 2096/2096 2176/2176 2097/2097
f 2097/2097 2176/2176 2177/2177
f 2097/2097 2177/2177 2098/2098
f 2098/2098 2177/2177 2178/2178
f 2098/2098 2178/2178 2099/2099
f 2099/2099 2178/2178 2179/2179
f 2099/2099 2179/2179 2100/2100
f 2100/2100 2179/2179 2180/2180
f 2100/2100 2180/2180 2101/2101
f 2101/2101 2180/2180 2181/2181
f 2101/2101 2181/2181 2102/2102
f 2102/2102 2181/2181 2182/2182
f 2102/2102 2182/2182 2103/2103
f 2103/2103 2182/2182 2183/2183
f 2103/2103 2183/2183 2104/2104
f 2104/2104 2183/2183 2184/2184
f 2104/2104 2184/2184 2105/2105
f 2105/2105 2184/2184 2185/2185
f 2105/2105 2185/2185 2106/2106
f 2106/2106 2185/2185 2186/2186
f 2106/2106 2186/2186 2107/2107
f 2107/2107 2186/2186 2187/2187
f 2107/2107 2187/2187 2108/2108
f 2108/2108 2187/2187 2188/2188
f 2108/2108 2188/2188 2109/2109
f 2109/2109 2188/2188 2189/2189
f 2109/2109 2189/2189 2110/2110
f 2110/2110 2189/2189 2190/2190
f 2110/2110 2190/2190 2111/2111
f 2111/2111 2190/2190 2191/2191
f 2111/2111 2191/2191 2112/2112
f 2112/2112 2191/2191 2192/2192
f 2112/2112 2192/2192 2113/2113
f 2113/2113 2192/2192 2193/2193
f 2113/2113 2193/2193 2114/2114
f 2114/2114 2193/2193 2194/2194
f 2114/2114 2194/2194 2115/2115
f 2115/2115 2194/2194 2195/2195
f 2115/2115 2195/2195 2116/2116
f 2116/2116 2195/2195 2196/2196
f 2116/2116 2196/2196 2117/2117
f 2117/2117 2196/2196 2197/2197
f 2117/2117 2197/2197 2118/2118
f 2118/2118 2197/2197 2198/2198
f 2118/2118 2198/2198 2119/2119
f 2119/2119 2198/2198 2199/2199
f 2119/2119 2199/2199 2120/2120
f 2120/2120 2199/2199 2200/2200
f 2120/2120 2200/2200 2121/2121
f 2121/2121 2200/2200 2201/2201
f 2121/2121 2201/2201 2122/2122
f 2122/2122 2201/2201 2202/2202
f 2122/2122 2202/2202 2123/2123
f 2123/2123 2202/2202 2203/2203
f 2123/2123 2203/2203 2124/2124
f 2124/2124 2203/2203 2204/2204
f 2124/2124 2204/2204 2125/2125
f 2125/2125 2204/2204 2205/2205
f 2125/2125 2205/2205 2126/2126
f 2126/2126 2205/2205 2206/2206
f 2126/2126 2206/2206 2127/2127
f 2127/2127 2206/2206 2207/2207
f 2127/2127 2207/2207 2128/2128
f 2128/2128 2207/2207 2208/2208
f 2128/2128 2208/2208 2129/2129
f 2129/2129 2208/2208 2209/2209
f 2129/2129 2209/2209 2130/2130
f 2130/2130 2209/2209 2210/2210
f 2130/2130 2210/2210 2131/2131
f 2131/2131 2210/2210 2211/2211
f 2131/2131 2211/2211 2132/2132
f 2132/2132 2211/2211 2212/2212
f 2132/2132 2212/2212 2133/2133
f 2133/2133 2212/2212 2213/2213
f 2133/2133 2213/2213 2134/2134
f 2134/2134 2213/2213 2214/2214
f 2134/2134 2214/2214 2135/2135
f 2135/2135 2214/2214 2215/2215
f 2135/2135 2215/2215 2136/2136
f 2136/2136 2215/2215 2216/2216
f 2136/2136 2216/2216 2137/2137
f 2137/2137 2216/2216 2217/2217
f 2137/2137 2217/2217 2138/2138
f 2138/2138 2217/2217 2218/2218
f 2138/2138 2218/2218 2139/2139
f 2139/2139 2218/2218 2219/2219
f 2139/2139 2219/2219 2140/2140
f 2140/2140 2219/2219 2220/2220
f 2140/2140 2220/2220 2141/2141
f 2141/2141 2220/2220 2221/2221
f 2141/2141 2221/2221 2142/2142
f 2142/2142 2221/2221 2222/2222
f 2142/2142 2222/2222 2143/2143
f 2143/2143 2222/2222 2223/2223
f 2143/2143 2223/2223 2144/2144
f 2144/2144 2223/2223 2224/2224
f 2144/2144 2224/2224 2145/2145
f 2145/2145 2224/2224 2225/2225
f 2145/2145 2225/2225 2146/2146
f 2146/2146 2225/2225 2226/2226
f 2146/2146 2226/2226 2147/2147
f 2147/2147 2226/2226 2227/2227
f 2147/2147 2227/2227 2148/2148
f 2148/2148 2227/2227 2228/2228
f 2148/2148 2228/2228 2149/2149
f 2149/2149 2228/2228 2229/2229
f 2149/2149 2229/2229 2150/2150
f 2150/2150 2229/2229 2230/2230
f 2150/2150 2230/2230 2151/2151
f 2151/2151 2230/2230 2231/2231
f 2151/2151 2231/2231 2152/2152
f 2152/2152 2231/2231 2232/2232
f 2152/2152 2232/2232 2153/2153
f 2153/2153 2232/2232 2233/2233
f 2153/2153 2233/2233 2154/2154
f 2154/2154 2233/2233 2234/2234
f 2154/2154 2234/2234 2155/2155
f 2155/2155 2234/2234 2235/2235
f 2155/2155 2235/2235 2156/2156
f 2156/2156 2235/2235 2236/2236
f 2156/2156 2236/2236 2157/2157
f 2157/2157 2236/2236 2237/2237
f 2157/2157 2237/2237 2158/2158
f 2158/2158 2237/2237 2238/2238
f 2158/2158 2238/2238 2159/2159
f 2159/2159 2238/2238 2239/2239
f 2167/2167 2247/2247 2168/2168
f 2168/2168 2247/2247 2248/2248
f 2168/2168 2248/2248 2169/2169
f 2169/2169 2248/2248 2249/2249
f 2169/2169 2249/2249 2170/2170
f 2170/2170 2249/2249 2250/2250
f 2170/2170 2250/2250 2171/2171
f 2171/2171 2250/2250 2251/2251
f 2171/2171 2251/2251 2172/2172
f 2172/2172 2251/2251 2252/2252
f 2172/2172 2252/2252 2173/2173
f 2173/2173 2252/2252 2253/2253
f 2173/2173 2253/2253 2174/2174
f 2174/2174 2253/2253 2254/2254
f 2174/2174 2254/2254 2175/2175
f 2175/2175 2254/2254 2255/2255
f 2175/2175 2255/2255 2176/2176
f 2176/2176 2255/2255 2256/2256
f 2176/2176 2256/2256 2177/2177
f 2177/2177 2256/2256 2257/2257
f 2177/2177 2257/2257 2178/2178
f 2178/2178 2257/2257 2258/2258
f 2178/2178 2258/2258 2179/2179
f 2179/2179 2258/2258 2259/2259
f 2179/2179 2259/2259 2180/2180
f 2180/2180 2259/2259 2260/2260
f 2180/2180 2260/2260 2181/2181
f 2181/2181 2260/2260 2261/2261
f 2181/2181 2261/2261 2182/2182
f 2182/2182 2261/2261 2262/2262
f 2182/2182 2262/2262 2183/2183
f 2183/2183 2262/2262 2263/2263
f 2183/2183 2263/2263 2184/2184
f 2184/2184 2263/2263 2264/2264
f 2184/2184 2264/2264 2185/2185
f 2185/2185 2264/2264 2265/2265
f 2185/2185 2265/2265 2186/2186
f 2186/2186 2265/2265 2266/2266
f 2186/2186 2266/2266 2187/2187
f 2187/2187 2266/2266 2267/2267
f 2187/2187 2267/2267 2188/2188
f 2188/2188 2267/2267 2268/2268
f 2188/2188 2268/2268 2189/2189
f 2189/2189 2268/2268 2269/2269
f 2189/2189 2269/2269 2190/2190
f 2190/2190 2269/2269 2270/2270
f 2190/2190 2270/2270 2191/2191
f 2191/2191 2270/2270 2271/2271
f 2191/2191 2271/2271 2192/2192
f 2192/2192 2271/2271 2272/2272
f 2192/2192 2272/2272 2193/2193
f 2193/2193 2272/2272 2273/2273
f 2193/2193 2273/2273 2194/2194
f 2194/2194 2273/2273 2274/2274
f 2194/2194 2274/2274 2195/2195
f 2195/2195 2274/2274 2275/2275
f 2195/2195 2275/2275 2196/2196
f 2196/2196 2275/2275 2276/2276
f 2196/2196 2276/2276 2197/2197
f 2197/2197 2276/2276 2277/2277
f 2197/2197 2277/2277 2198/2198
f 2198/2198 2277/2277 2278/2278
f 2198/2198 2278/2278 2199/2199
f 2199/2199 2278/2278 2279/2279
f 2199/2199 2279/2279 2200/2200
f 2200/2200 2279/2279 2280/2280
f 2200/2200 2280/2280 2201/2201
f 2201/2201 2280/2280 2281/2281
f 2201/2201 2281/2281 2202/2202
f 2202/2202 2281/2281 2282/2282
f 2202/2202 2282/2282 2203/2203
f 2203/2203 2282/2282 2283/2283
f 2203/2203 2283/2283 2204/2204
f 2204/2204 2283/2283 2284/2284
f 2204/2204 2284/2284 2205/2205
f 2205/2205 2284/2284 2285/2285
f 2205/2205 2285/2285 2206/2206
f 2206/2206 2285/2285 2286/2286
f 2206/2206 2286/2286 2207/2207
f 2207/2207 2286/2286 2287/2287
f 2207/2207 2287/2287 2208/2208
f 2208/2208 2287/2287 2288/2288
f 2208/2208 2288/2288 2209/2209
f 2209/2209 2288/2288 2289/2289
f 2209/2209 2289/2289 2210/2210
f 2210/2210 2289/2289 2290/2290
f 2210/2210 2290/2290 2211/2211
f 2211/2211 2290/2290 2291/2291
f 2211/2211 2291/2291 2212/2212
f 2212/2212 2291/2291 2292/2292
f 2212/2212 2292/2292 2213/2213
f 2213/2213 2292/2292 2293/2293
f 2213/2213 2293/2293 2214/2214
f 2214/2214 2293/2293 2294/2294
f 2214/2214 2294/2294 2215/2215
f 2215/2215 2294/2294 2295/2295
f 2215/2215 2295/2295 2216/2216
f 2216/2216 2295/2295 2296/2296
f 2216/2216 2296/2296 2217/2217
f 2217/2217 2296/2296 2297/2297
f 2217/2217 2297/2297 2218/2218
f 2218/2218 2297/2297 2298/2298
f 2218/2218 2298/2298 2219/2219
f 2219/2219 2298/2298 2299/2299
f 2219/2219 2299/2299 2220/2220
f 2220/2220 2299/2299 2300/2300
f 2220/2220 2300/2300 2221/2221
f 2221/2221 2300/2300 2301/2301
f 2221/2221 2301/2301 2222/2222
f 2222/2222 2301/2301 2302/2302
f 2222/2222 2302/2302 2223/2223
f 2223/2223 2302/2302 2303/2303
f 2223/2223 2303/2303 2224/2224
f 2224/2224 2303/2303 2304/2304
f 2224/2224 2304/2304 2225/2225
f 2225/2225 2304/2304 2305/2305
f 2225/2225 2305/2305 2226/2226
f 2226/2226 2305/2305 2306/2306
f 2226/2226 2306/2306 2227/2227
f 2227/2227 2306/2306 2307/2307
f 2227/2227 2307/2307 2228/2228
f 2228/2228 2307/2307 2308/2308
f 2228/2228 2308/2308 2229/2229
f 2229/2229 2308/2308 2309/2309
f 2229/2229 2309/2309 2230/2230
f 2230/2230 2309/2309 2310/2310
f 2230/2230 2310/2310 2231/2231
f 2231/2231 2310/2310 2311/2311
f 2231/2231 2311/2311 2232/2232
f 2232/2232 2311/2311 2312/2312
f 2232/2232 2312/2312 2233/2233
f 2233/2233 2312/2312 2313/2313
f 2233/2233 2313/2313 2234/2234
f 2234/2234 2313/2313 2314/2314
f 2234/2234 2314/2314 2235/2235
f 2235/2235 2314/2314 2315/2315
f 2235/2235 2315/2315 2236/2236
f 2236/2236 2315/2315 2316/2316
f 2236/2236 2316/2316 2237/2237
f 2237/2237 2316/2316 2317/2317
f 2237/2237 2317/2317 2238/2238
f 2238/2238 2317/2317 2318/2318
f 2238/2238 2318/2318 2239/2239
f 2239/2239 2318/2318 2319/2319
f 2247/2247 2327/2327 2248/2248
f 2248/2248 2327/2327 2328/2328
f 2248/2248 2328/2328 2249/2249
f 2249/2249 2328/2328 2329/2329
f 2249/2249 2329/2329 2250/2250
f 2250/2250 2329/2329 2330/2330
f 2250/2250 2330/2330 2251/2251
f 2251/2251 2330/2330 2331/2331
f 2251/2251 2331/2331 2252/2252
f 2252/2252 2331/2331 2332/2332
f 2252/2252 2332/2332 2253/2253
f 2253/2253 2332/2332 2333/2333
f 2253/2253 2333/2333 2254/2254
f 2254/2254 2333/2333 2334/2334
f 2254/2254 2334/2334 2255/2255
f 2255/2255 2334/2334 2335/2335
f 2255/2255 2335/2335 2256/2256
f 2256/2256 2335/2335 2336/2336
f 2256/2256 2336/2336 2257/2257
f 2257/2257 2336/2336 2337/2337
f 2257/2257 2337/2337 2258/2258
f 2258/2258 2337/2337 2338/2338
f 2258/2258 2338/2338 2259/2259
f 2259/2259 2338/2338 2339/2339
f 2259/2259 2339/2339 2260/2260
f 2260/2260 2339/2339 2340/2340
f 2260/2260 2340/2340 2261/2261
f 2261/2261 2340/2340 2341/2341
f 2261/2261 2341/2341 2262/2262
f 2262/2262 2341/2341 2342/2342
f 2262/2262 2342/2342 2263/2263
f 2263/2263 2342/2342 2343/2343
f 2263/2263 2343/2343 2264/2264
f 2264/2264 2343/2343 2344/2344
f 2264/2264 2344/2344 2265/2265
f 2265/2265 2344/2344 2345/2345
f 2265/2265 2345/2345 2266/2266
f 2266/2266 2345/2345 2346/2346
f 2266/2266 2346/2346 2267/2267
f 2267/2267 2346/2346 2347/2347
f 2267/2267 2347/2347 2268/2268
f 2268/2268 2347/2347 2348/2348
f 2268/2268 2348/2348 2269/2269
f 2269/2269 2348/2348 2349/2349
f 2269/2269 2349/2349 2270/2270
f 2270/2270 2349/2349 2350/2350
f 2270/2270 2350/2350 2271/2271
f 2271/2271 2350/2350 2351/2351
f 2271/2271 2351/2351 2272/2272
f 2272/2272 2351/2351 2352/2352
f 2272/2272 2352/2352 2273/2273
f 2273/2273 2352/2352 2353/2353
f 2273/2273 2353/2353 2274/2274
f 2274/2274 2353/2353 2354/2354
f 2274/2274 2354/2354 2275/2275
f 2275/2275 2354/2354 2355/2355
f 2275/2275 2355/2355 2276/2276
f 2276/2276 2355/2355 2356/2356
f 2276/2276 2356/2356 2277/2277
f 2277/2277 2356/2356 2357/2357
f 2277/2277 2357/2357 2278/2278
f 2278/2278 2357/2357 2358/2358
f 2278/2278 2358/2358 2279/2279
f 2279/2279 2358/2358 2359/2359
f 2279/2279 2359/2359 2280/2280
f 2280/2280 2359/2359 2360/2360
f 2280/2280 2360/2360 2281/2281
f 2281/2281 2360/2360 2361/2361
f 2281/2281 2361/2361 2282/2282
f 2282/2282 2361/2361 2362/2362
f 2282/2282 2362/2362 2283/2283
f 2283/2283 2362/2362 2363/2363
f 2283/2283 2363/2363 2284/2284
f 2284/2284 2363/2363 2364/2364
f 2284/2284 2364/2364 2285/2285
f 2285/2285 2364/2364 2365/2365
f 2285/2285 2365/2365 2286/2286
f 2286/2286 2365/2365 2366/2366
f 2286/2286 2366/2366 2287/2287
f 2287/2287 2366/2366 2367/2367
f 2287/2287 2367/2367 2288/2288
f 2288/2288 2367/2367 2368/2368
f 2288/2288 2368/2368 2289/2289
f 2289/2289 2368/2368 2369/2369
f 2289/2289 2369/2369 2290/2290
f 2290/2290 2369/2369 2370/2370
f 2290/2290 2370/2370 2291/2291
f 2291/2291 2370/2370 2371/2371
f 2291/2291 2371/2371 2292/2292
f 2292/2292 2371/2371 2372/2372
f 2292/2292 2372/2372 2293/2293
f 2293/2293 2372/2372 2373/2373
f 2293/2293 2373/2373 2294/2294
f 2294/2294 2373/2373 2374/2374
f 2294/2294 2374/2374 2295/2295
f 2295/2295 2374/2374 2375/2375
f 2295/2295 2375/2375 2296/2296
f 2296/2296 2375/2375 2376/2376
f 2296/2296 2376/2376 2297/2297
f 2297/2297 2376/2376 2377/2377
f 2297/2297 2377/2377 2298/2298
f 2298/2298 2377/2377 2378/2378
f 2298/2298 2378/2378 2299/2299
f 2299/2299 2378/2378 2379/2379
f 2299/2299 2379/2379 2300/2300
f 2300/2300 2379/2379 2380/2380
f 2300/2300 2380/2380 2301/2301
f 2301/2301 2380/2380 2381/2381
f 2301/2301 2381/2381 2302/2302
f 2302/2302 2381/2381 2382/2382
f 2302/2302 2382/2382 2303/2303
f 2303/2303 2382/2382 2383/2383
f 2303/2303 2383/2383 2304/2304
f 2304/2304 2383/2383 2384/2384
f 2304/2304 2384/2384 2305/2305
f 2305/2305 2384/2384 2385/2385
f 2305/2305 2385/2385 2306/2306
f 2306/2306 2385/2385 2386/2386
f 2306/2306 2386/2386 2307/2307
f 2307/2307 2386/2386 2387/2387
f 2307/2307 2387/2387 2308/2308
f 2308/2308 2387/2387 2388/2388
f 2308/2308 2388/2388 2309/2309
f 2309/2309 2388/2388 2389/2389
f 2309/2309 2389/2389 2310/2310
f 2310/2310 2389/2389 2390/2390
f 2310/2310 2390/2390 2311/2311
f 2311/2311 2390/2390 2391/2391
f 2311/2311 2391/2391 2312/2312
f 2312/2312 2391/2391 2392/2392
f 2312/2312 2392/2392 2313/2313
f 2313/2313 2392/2392 2393/2393
f 2313/2313 2393/2393 2314/2314
f 2314/2314 2393/2393 2394/2394
f 2314/2314 2394/2394 2315/2315
f 2315/2315 2394/2394 2395/2395
f 2315/2315 2395/2395 2316/2316
f 2316/2316 2395/2395 2396/2396
f 2316/2316 2396/2396 2317/2317
f 2317/2317 2396/2396 2397/2397
f 2317/2317 2397/2397 2318/2318
f 2318/2318 2397/2397 2398/2398
f 2318/2318 2398/2398 2319/2319
f 2319/2319 2398/2398 2399/2399
f 2326/2326 2406/2406 2327/2327
f 2327/2327 2406/2406 2407/2407
f 2327/2327 2407/2407 2328/2328
f 2328/2328 2407/2407 2408/2408
f 2328/2328 2408/2408 2329/2329
f 2329/2329 2408/2408 2409/2409
f 2329/2329 2409/2409 2330/2330
f 2330/2330 2409/2409 2410/2410
f 2330/2330 2410/2410 2331/2331
f 2331/2331 2410/2410 2411/2411
f 2331/2331 2411/2411 2332/2332
f 2332/2332 2411/2411 2412/2412
f 2332/2332 2412/2412 2333/2333
f 2333/2333 2412/2412 2413/2413
f 2333/2333 2413/2413 2334/2334
f 2334/2334 2413/2413 2414/2414
f 2334/2334 2414/2414 2335/2335
f 2335/2335 2414/2414 2415/2415
f 2335/2335 2415/2415 2336/2336
f 2336/2336 2415/2415 2416/2416
f 2336/2336 2416/2416 2337/2337
f 2337/2337 2416/2416 2417/2417
f 2337/2337 2417/2417 2338/2338
f 2338/2338 2417/2417 2418/2418
f 2338/2338 2418/2418 2339/2339
f 2339/2339 2418/2418 2419/2419
f 2339/2339 2419/2419 2340/2340
f 2340/2340 2419/2419 2420/2420
f 2340/2340 2420/2420 2341/2341
f 2341/2341 2420/2420 2421/2421
f 2341/2341 2421/2421 2342/2342
f 2342/2342 2421/2421 2422/2422
f 2342/2342 2422/2422 2343/2343
f 2343/2343 2422/2422 2423/2423
f 2343/2343 2423/2423 2344/2344
f 2344/2344 2423/2423 2424/2424
f 2344/2344 2424/2424 2345/2345
f 2345/2345 2424/2424 2425/2425
f 2345/2345 2425/2425 2346/2346
f 2346/2346 2425/2425 2426/2426
f 2346/2346 2426/2426 2347/2347
f 2347/2347 2426/2426 2427/2427
f 2347/2347 2427/2427 2348/2348
f 2348/2348 2427/2427 2428/2428
f 2348/2348 2428/2428 2349/2349
f 2349/2349 2428/2428 2429/2429
f 2349/2349 2429/2429 2350/2350
f 2350/2350 2429/2429 2430/2430
f 2350/2350 2430/2430 2351/2351
f 2351/2351 2430/2430 2431/2431
f 2351/2351 2431/2431 2352/2352
f 2352/2352 2431/2431 2432/2432
f 2352/2352 2432/2432 2353/2353
f 2353/2353 2432/2432 2433/2433
f 2353/2353 2433/2433 2354/2354
f 2354/2354 2433/2433 2434/2434
f 2354/2354 2434/2434 2355/2355
f 2355/2355 2434/2434 2435/2435
f 2355/2355 2435/2435 2356/2356
f 2356/2356 2435/2435 2436/2436
f 2356/2356 2436/2436 2357/2357
f 2357/2357 2436/2436 2437/2437
f 2357/2357 2437/2437 2358/2358
f 2358/2358 2437/2437 2438/2438
f 2358/2358 2438/2438 2359/2359
f 2359/2359 2438/2438 2439/2439
f 2359/2359 2439/2439 2360/2360
f 2360/2360 2439/2439 2440/2440
f 2360/2360 2440/2440 2361/2361
f 2361/2361 2440/2440 2441/2441
f 2361/2361 2441/2441 2362/2362
f 2362/2362 2441/2441 2442/2442
f 2362/2362 2442/2442 2363/2363
f 2363/2363 2442/2442 2443/2443
f 2363/2363 2443/2443 2364/2364
f 2364/2364 2443/2443 2444/2444
f 2364/2364 2444/2444 2365/2365
f 2365/2365 2444/2444 2445/2445
f 2365/2365 2445/2445 2366/2366
f 2366/2366 2445/2445 2446/2446
f 2366/2366 2446/2446 2367/2367
f 2367/2367 2446/2446 2447/2447
f 2367/2367 2447/2447 2368/2368
f 2368/2368 2447/2447 2448/2448
f 2368/2368 2448/2448 2369/2369
f 2369/2369 2448/2448 2449/2449
f 2369/2369 2449/2449 2370/2370
f 2370/2370 2449/2449 2450/2450
f 2370/2370 2450/2450 2371/2371
f 2371/2371 2450/2450 2451/2451
f 2371/2371 2451/2451 2372/2372
f 2372/2372 2451/2451 2452/2452
f 2372/2372 2452/2452 2373/2373
f 2373/2373 2452/2452 2453/2453
f 2373/2373 2453/2453 2374/2374
f 2374/2374 2453/2453 2454/2454
f 2374/2374 2454/2454 2375/2375
f 2375/2375 2454/2454 2455/2455
f 2375/2375 2455/2455 2376/2376
f 2376/2376 2455/2455 2456/2456
f 2376/2376 2456/2456 2377/2377
f 2377/2377 2456/2456 2457/2457
f 2377/2377 2457/2457 2378/2378
f 2378/2378 2457/2457 2458/2458
f 2378/2378 2458/2458 2379/2379
f 2379/2379 2458/2458 2459/2459
f 2379/2379 2459/2459 2380/2380
f 2380/2380 2459/2459 2460/2460
f 2380/2380 2460/2460 2381/2381
f 2381/2381 2460/2460 2461/2461
f 2381/2381 2461/2461 2382/2382
f 2382/2382 2461/2461 2462/2462
f 2382/2382 2462/2462 2383/2383
f 2383/2383 2462/2462 2463/2463
f 2383/2383 2463/2463 2384/2384
f 2384/2384 2463/2463 2464/2464
f 2384/2384 2464/2464 2385/2385
f 2385/2385 2464/2464 2465/2465
f 2385/2385 2465/2465 2386/2386
f 2386/2386 2465/2465 2466/2466
f 2386/2386 2466/2466 2387/2387
f 2387/2387 2466/2466 2467/2467
f 2387/2387 2467/2467 2388/2388
f 2388/2388 2467/2467 2468/2468
f 2388/2388 2468/2468 2389/2389
f 2389/2389 2468/2468 2469/2469
f 2389/2389 2469/2469 2390/2390
f 2390/2390 2469/2469 2470/2470
f 2390/2390 2470/2470 2391/2391
f 2391/2391 2470/2470 2471/2471
f 2391/2391 2471/2471 2392/2392
f 2392/2392 2471/2471 2472/2472
f 2392/2392 2472/2472 2393/2393
f 2393/2393 2472/2472 2473/2473
f 2393/2393 2473/2473 2394/2394
f 2394/2394 2473/2473 2474/2474
f 2394/2394 2474/2474 2395/2395
f 2395/2395 2474/2474 2475/2475
f 2395/2395 2475/2475 2396/2396
f 2396/2396 2475/2475 2476/2476
f 2396/2396 2476/2476 2397/2397
f 2397/2397 2476/2476 2477/2477
f 2397/2397 2477/2477 2398/2398
f 2398/2398 2477/2477 2478/2478
f 2398/2398 2478/2478 2399/2399
f 2399/2399 2478/2478 2479/2479
f 2406/2406 2486/2486 2407/2407
f 2407/2407 2486/2486 2487/2487
f 2407/2407 2487/2487 2408/2408
f 2408/2408 2487/2487 2488/2488
f 2408/2408 2488/2488 2409/2409
f 2409/2409 2488/2488 2489/2489
f 2409/2409 2489/2489 2410/2410
f 2410/2410 2489/2489 2490/2490
f 2410/2410 2490/2490 2411/2411
f 2411/2411 2490/2490 2491/2491
f 2411/2411 2491/2491 2412/2412
f 2412/2412 2491/2491 2492/2492
f 2412/2412 2492/2492 2413/2413
f 2413/2413 2492/2492 2493/2493
f 2413/2413 2493/2493 2414/2414
f 2414/2414 2493/2493 2494/2494
f 2414/2414 2494/2494 2415/2415
f 2415/2415 2494/2494 2495/2495
f 2415/2415 2495/2495 2416/2416
f 2416/2416 2495/2495 2496/2496
f 2416/2416 2496/2496 2417/2417
f 2417/2417 2496/2496 2497/2497
f 2417/2417 2497/2497 2418/2418
f 2418/2418 2497/2497 2498/2498
f 2418/2418 2498/2498 2419/2419
f 2419/2419 2498/2498 2499/2499
f 2419/2419 2499/2499 2420/2420
f 2420/2420 2499/2499 2500/2500
f 2420/2420 2500/2500 2421/2421
f 2421/2421 2500/2500 2501/2501
f 2421/2421 2501/2501 2422/2422
f 2422/2422 2501/2501 2502/2502
f 2422/2422 2502/2502 2423/2423
f 2423/2423 2502/2502 2503/2503
f 2423/2423 2503/2503 2424/2424
f 2424/2424 2503/2503 2504/2504
f 2424/2424 2504/2504 2425/2425
f 2425/2425 2504/2504 2505/2505
f 2425/2425 2505/2505 2426/2426
f 2426/2426 2505/2505 2506/2506
f 2426/2426 2506/2506 2427/2427
f 2427/2427 2506/2506 2507/2507
f 2427/2427 2507/2507 2428/2428
f 2428/2428 2507/2507 2508/2508
f 2428/2428 2508/2508 2429/2429
f 2429/2429 2508/2508 2509/2509
f 2429/2429 2509/2509 2430/2430
f 2430/2430 2509/2509 2510/2510
f 2430/2430 2510/2510 2431/2431
f 2431/2431 2510/2510 2511/2511
f 2431/2431 2511/2511 2432/2432
f 2432/2432 2511/2511 2512/2512
f 2432/2432 2512/2512 2433/2433
f 2433/2433 2512/2512 2513/2513
f 2433/2433 2513/2513 2434/2434
f 2434/2434 2513/2513 2514/2514
f 2434/2434 2514/2514 2435/2435
f 2435/2435 2514/2514 2515/2515
f 2435/2435 2515/2515 2436/2436
f 2436/2436 2515/2515 2516/2516
f 2436/2436 2516/2516 2437/2437
f 2437/2437 2516/2516 2517/2517
f 2437/2437 2517/2517 2438/2438
f 2438/2438 2517/2517 2518/2518
f 2438/2438 2518/2518 2439/2439
f 2439/2439 2518/2518 2519/2519
f 2439/2439 2519/2519 2440/2440
f 2440/2440 2519/2519 2520/2520
f 2440/2440 2520/2520 2441/2441
f 2441/2441 2520/2520 2521/2521
f 2441/2441 2521/2521 2442/2442
f 2442/2442 2521/2521 2522/2522
f 2442/2442 2522/2522 2443/2443
f 2443/2443 2522/2522 2523/2523
f 2443/2443 2523/2523 2444/2444
f 2444/2444 2523/2523 2524/2524
f 2444/2444 2524/2524 2445/2445
f 2445/2445 2524/2524 2525/2525
f 2445/2445 2525/2525 2446/2446
f 2446/2446 2525/2525 2526/2526
f 2446/2446 2526/2526 2447/2447
f 2447/2447 2526/2526 2527/2527
f 2447/2447 2527/2527 2448/2448
f 2448/2448 2527/2527 2528/2528
f 2448/2448 2528/2528 2449/2449
f 2449/2449 2528/2528 2529/2529
f 2449/2449 2529/2529 2450/2450
f 2450/2450 2529/2529 2530/2530
f 2450/2450 2530/2530 2451/2451
f 2451/2451 2530/2530 2531/2531
f 2451/2451 2531/2531 2452/2452
f 2452/2452 2531/2531 2532/2532
f 2452/2452 2532/2532 2453/2453
f 2453/2453 2532/2532 2533/2533
f 2453/2453 2533/2533 2454/2454
f 2454/2454 2533/2533 2534/2534
f 2454/2454 2534/2534 2455/2455
f 2455/2455 2534/2534 2535/2535
f 2455/2455 2535/2535 2456/2456
f 2456/2456 2535/2535 2536/2536
f 2456/2456 2536/2536 2457/2457
f 2457/2457 2536/2536 2537/2537
f 2457/2457 2537/2537 2458/2458
f 2458/2458 2537/2537 2538/2538
f 2458/2458 2538/2538 2459/2459
f 2459/2459 2538/2538 2539/2539
f 2459/2459 2539/2539 2460/2460
f 2460/2460 2539/2539 2540/2540
f 2460/2460 2540/2540 2461/2461
f 2461/2461 2540/2540 2541/2541
f 2461/2461 2541/2541 2462/2462
f 2462/2462 2541/2541 2542/2542
f 2462/2462 2542/2542 2463/2463
f 2463/2463 2542/2542 2543/2543
f 2463/2463 2543/2543 2464/2464
f 2464/2464 2543/2543 2544/2544
f 2464/2464 2544/2544 2465/2465
f 2465/2465 2544/2544 2545/2545
f 2465/2465 2545/2545 2466/2466
f 2466/2466 2545/2545 2546/2546
f 2466/2466 2546/2546 2467/2467
f 2467/2467 2546/2546 2547/2547
f 2467/2467 2547/2547 2468/2468
f 2468/2468 2547/2547 2548/2548
f 2468/2468 2548/2548 2469/2469
f 2469/2469 2548/2548 2549/2549
f 2469/2469 2549/2549 2470/2470
f 2470/2470 2549/2549 2550/2550
f 2470/2470 2550/2550 2471/2471
f 2471/2471 2550/2550 2551/2551
f 2471/2471 2551/2551 2472/2472
f 2472/2472 2551/2551 2552/2552
f 2472/2472 2552/2552 2473/2473
f 2473/2473 2552/2552 2553/2553
f 2473/2473 2553/2553 2474/2474
f 2474/2474 2553/2553 2554/2554
f 2474/2474 2554/2554 2475/2475
f 2475/2475 2554/2554 2555/2555
f 2475/2475 2555/2555 2476/2476
f 2476/2476 2555/2555 2556/2556
f 2476/2476 2556/2556 2477/2477
f 2477/2477 2556/2556 2557/2557
f 2477/2477 2557/2557 2478/2478
f 2478/2478 2557/2557 2558/2558
f 2478/2478 2558/2558 2479/2479
f 2479/2479 2558/2558 2559/2559
f 2485/2485 2565/2565 2486/2486
f 2486/2486 2565/2565 2566/2566
f 2486/2486 2566/2566 2487/2487
f 2487/2487 2566/2566 2567/2567
f 2487/2487 2567/2567 2488/2488
f 2488/2488 2567/2567 2568/2568
f 2488/2488 2568/2568 2489/2489
f 2489/2489 2568/2568 2569/2569
f 2489/2489 2569/2569 2490/2490
f 2490/2490 2569/2569 2570/2570
f 2490/2490 2570/2570 2491/2491
f 2491/2491 2570/2570 2571/2571
f 2491/2491 2571/2571 2492/2492
f 2492/2492 2571/2571 2572/2572
f 2492/2492 2572/2572 2493/2493
f 2493/2493 2572/2572 2573/2573
f 2493/2493 2573/2573 2494/2494
f 2494/2494 2573/2573 2574/2574
f 2494/2494 2574/2574 2495/2495
f 2495/2495 2574/2574 2575/2575
f 2495/2495 2575/2575 2496/2496
f 2496/2496 2575/2575 2576/2576
f 2496/2496 2576/2576 2497/2497
f 2497/2497 2576/2576 2577/2577
f 2497/2497 2577/2577 2498/2498
f 2498/2498 2577/2577 2578/2578
f 2498/2498 2578/2578 2499/2499
f 2499/2499 2578/2578 2579/2579
f 2499/2499 2579/2579 2500/2500
f 2500/2500 2579/2579 2580/2580
f 2500/2500 2580/2580 2501/2501
f 2501/2501 2580/2580 2581/2581
f 2501/2501 2581/2581 2502/2502
f 2502/2502 2581/2581 2582/2582
f 2502/2502 2582/2582 2503/2503
f 2503/2503 2582/2582 2583/2583
f 2503/2503 2583/2583 2504/2504
f 2504/2504 2583/2583 2584/2584
f 2504/2504 2584/2584 2505/2505
f 2505/2505 2584/2584 2585/2585
f 2505/2505 2585/2585 2506/2506
f 2506/2506 2585/2585 2586/2586
f 2506/2506 2586/2586 2507/2507
f 2507/2507 2586/2586 2587/2587
f 2507/2507 2587/2587 2508/2508
f 2508/2508 2587/2587 2588/2588
f 2508/2508 2588/2588 2509/2509
f 2509/2509 2588/2588 2589/2589
f 2509/2509 2589/2589 2510/2510
f 2510/2510 2589/2589 2590/2590
f 2510/2510 2590/2590 2511/2511
f 2511/2511 2590/2590 2591/2591
f 2511/2511 2591/2591 2512/2512
f 2512/2512 2591/2591 2592/2592
f 2512/2512 2592/2592 2513/2513
f 2513/2513 2592/2592 2593/2593
f 2513/2513 2593/2593 2514/2514
f 2514/2514 2593/2593 2594/2594
f 2514/2514 2594/2594 2515/2515
f 2515/2515 2594/2594 2595/2595
f 2515/2515 2595/2595 2516/2516
f 2516/2516 2595/2595 2596/2596
f 2516/2516 2596/2596 2517/2517
f 2517/2517 2596/2596 2597/2597
f 2517/2517 2597/2597 2518/2518
f 2518/2518 2597/2597 2598/2598
f 2518/2518 2598/2598 2519/2519
f 2519/2519 2598/2598 2599/2599
f 2519/2519 2599/2599 2520/2520
f 2520/2520 2599/2599 2600/2600
f 2520/2520 2600/2600 2521/2521
f 2521/2521 2600/2600 2601/2601
f 2521/2521 2601/2601 2522/2522
f 2522/2522 2601/2601 2602/2602
f 2522/2522 2602/2602 2523/2523
f 2523/2523 2602/2602 2603/2603
f 2523/2523 2603/2603 2524/2524
f 2524/2524 2603/2603 2604/2604
f 2524/2524 2604/2604 2525/2525
f 2525/2525 2604/2604 2605/2605
f 2525/2525 2605/2605 2526/2526
f 2526/2526 2605/2605 2606/2606
f 2526/2526 2606/2606 2527/2527
f 2527/2527 2606/2606 2607/2607
f 2527/2527 2607/2607 2528/2528
f 2528/2528 2607/2607 2608/2608
f 2528/2528 2608/2608 2529/2529
f 2529/2529 2608/2608 2609/2609
f 2529/2529 2609/2609 2530/2530
f 2530/2530 2609/2609 2610/2610
f 2530/2530 2610/2610 2531/2531
f 2531/2531 2610/2610 2611/2611
f 2531/2531 2611/2611 2532/2532
f 2532/2532 2611/2611 2612/2612
f 2532/2532 2612/2612 2533/2533
f 2533/2533 2612/2612 2613/2613
f 2533/2533 2613/2613 2534/2534
f 2534/2534 2613/2613 2614/2614
f 2534/2534 2614/2614 2535/2535
f 2535/2535 2614/2614 2615/2615
f 2535/2535 2615/2615 2536/2536
f 2536/2536 2615/2615 2616/2616
f 2536/2536 2616/2616 2537/2537
f 2537/2537 2616/2616 2617/2617
f 2537/2537 2617/2617 2538/2538
f 2538/2538 2617/2617 2618/2618
f 2538/2538 2618/2618 2539/2539
f 2539/2539 2618/2618 2619/2619
f 2539/2539 2619/2619 2540/2540
f 2540/2540 2619/2619 2620/2620
f 2540/2540 2620/2620 2541/2541
f 2541/2541 2620/2620 2621/2621
f 2541/2541 2621/2621 2542/2542
f 2542/2542 2621/2621 2622/2622
f 2542/2542 2622/2622 2543/2543
f 2543/2543 2622/2622 2623/2623
f 2543/2543 2623/2623 2544/2544
f 2544/2544 2623/2623 2624/2624
f 2544/2544 2624/2624 2545/2545
f 2545/2545 2624/2624 2625/2625
f 2545/2545 2625/2625 2546/2546
f 2546/2546 2625/2625 2626/2626
f 2546/2546 2626/2626 2547/2547
f 2547/2547 2626/2626 2627/2627
f 2547/2547 2627/2627 2548/2548
f 2548/2548 2627/2627 2628/2628
f 2548/2548 2628/2628 2549/2549
f 2549/2549 2628/2628 2629/2629
f 2549/2549 2629/2629 2550/2550
f 2550/2550 2629/2629 2630/2630
f 2550/2550 2630/2630 2551/2551
f 2551/2551 2630/2630 2631/2631
f 2551/2551 2631/2631 2552/2552
f 2552/2552 2631/2631 2632/2632
f 2552/2552 2632/2632 2553/2553
f 2553/2553 2632/2632 2633/2633
f 2553/2553 2633/2633 2554/2554
f 2554/2554 2633/2633 2634/2634
f 2554/2554 2634/2634 2555/2555
f 2555/2555 2634/2634 2635/2635
f 2555/2555 2635/2635 2556/2556
f 2556/2556 2635/2635 2636/2636
f 2556/2556 2636/2636 2557/2557
f 2557/2557 2636/2636 2637/2637
f 2557/2557 2637/2637 2558/2558
f 2558/2558 2637/2637 2638/2638
f 2558/2558 2638/2638 2559/2559
f 2559/2559 2638/2638 2639/2639
f 2564/2564 2644/2644 2565/2565
f 2565/2565 2644/2644 2645/2645
f 2565/2565 2645/2645 2566/2566
f 2566/2566 2645/2645 2646/2646
f 2566/2566 2646/2646 2567/2567
f 2567/2567 2646/2646 2647/2647
f 2567/2567 2647/2647 2568/2568
f 2568/2568 2647/2647 2648/2648
f 2568/2568 2648/2648 2569/2569
f 2569/2569 2648/2648 2649/2649
f 2569/2569 2649/2649 2570/2570
f 2570/2570 2649/2649 2650/2650
f 2570/2570 2650/2650 2571/2571
f 2571/2571 2650/2650 2651/2651
f 2571/2571 2651/2651 2572/2572
f 2572/2572 2651/2651 2652/2652
f 2572/2572 2652/2652 2573/2573
f 2573/2573 2652/2652 2653/2653
f 2573/2573 2653/2653 2574/2574
f 2574/2574 2653/2653 2654/2654
f 2574/2574 2654/2654 2575/2575
f 2575/2575 2654/2654 2655/2655
f 2575/2575 2655/2655 2576/2576
f 2576/2576 2655/2655 2656/2656
f 2576/2576 2656/2656 2577/2577
f 2577/2577 2656/2656 2657/2657
f 2577/2577 2657/2657 2578/2578
f 2578/2578 2657/2657 2658/2658
f 2578/2578 2658/2658 2579/2579
f 2579/2579 2658/2658 2659/2659
f 2579/2579 2659/2659 2580/2580
f 2580/2580 2659/2659 2660/2660
f 2580/2580 2660/2660 2581/2581
f 2581/2581 2660/2660 2661/2661
f 2581/2581 2661/2661 2582/2582
f 2582/2582 2661/2661 2662/2662
f 2582/2582 2662/2662 2583/2583
f 2583/2583 2662/2662 2663/2663
f 2583/2583 2663/2663 2584/2584
f 2584/2584 2663/2663 2664/2664
f 2584/2584 2664/2664 2585/2585
f 2585/2585 2664/2664 2665/2665
f 2585/2585 2665/2665 2586/2586
f 2586/2586 2665/2665 2666/2666
f 2586/2586 2666/2666 2587/2587
f 2587/2587 2666/2666 2667/2667
f 2587/2587 2667/2667 2588/2588
f 2588/2588 2667/2667 2668/2668
f 2588/2588 2668/2668 2589/2589
f 2589/2589 2668/2668 2669/2669
f 2589/2589 2669/2669 2590/2590
f 2590/2590 2669/2669 2670/2670
f 2590/2590 2670/2670 2591/2591
f 2591/2591 2670/2670 2671/2671
f 2591/2591 2671/2671 2592/2592
f 2592/2592 2671/2671 2672/2672
f 2592/2592 2672/2672 2593/2593
f 2593/2593 2672/2672 2673/2673
f 2593/2593 2673/2673 2594/2594
f 2594/2594 2673/2673 2674/2674
f 2594/2594 2674/2674 2595/2595
f 2595/2595 2674/2674 2675/2675
f 2595/2595 2675/2675 2596/2596
f 2596/2596 2675/2675 2676/2676
f 2596/2596 2676/2676 2597/2597
f 2597/2597 2676/2676 2677/2677
f 2597/2597 2677/2677 2598/2598
f 2598/2598 2677/2677 2678/2678
f 2598/2598 2678/2678 2599/2599
f 2599/2599 2678/2678 2679/2679
f 2599/2599 2679/2679 2600/2600
f 2600/2600 2679/2679 2680/2680
f 2600/2600 2680/2680 2601/2601
f 2601/2601 2680/2680 2681/2681
f 2601/2601 2681/2681 2602/2602
f 2602/2602 2681/2681 2682/2682
f 2602/2602 2682/2682 2603/2603
f 2603/2603 2682/2682 2683/2683
f 2603/2603 2683/2683 2604/2604
f 2604/2604 2683/2683 2684/2684
f 2604/2604 2684/2684 2605/2605
f 2605/2605 2684/2684 2685/2685
f 2605/2605 2685/2685 2606/2606
f 2606/2606 2685/2685 2686/2686
f 2606/2606 2686/2686 2607/2607
f 2607/2607 2686/2686 2687/2687
f 2607/2607 2687/2687 2608/2608
f 2608/2608 2687/2687 2688/2688
f 2608/2608 2688/2688 2609/2609
f 2609/2609 2688/2688 2689/2689
f 2609/2609 2689/2689 2610/2610
f 2610/2610 2689/2689 2690/2690
f 2610/2610 2690/2690 2611/2611
f 2611/2611 2690/2690 2691/2691
f 2611/2611 2691/2691 2612/2612
f 2612/2612 2691/2691 2692/2692
f 2612/2612 2692/2692 2613/2613
f 2613/2613 2692/2692 2693/2693
f 2613/2613 2693/2693 2614/2614
f 2614/2614 2693/2693 2694/2694
f 2614/2614 2694/2694 2615/2615
f 2615/2615 2694/2694 2695/2695
f 2615/2615 2695/2695 2616/2616
f 2616/2616 2695/2695 2696/2696
f 2616/2616 2696/2696 2617/2617
f 2617/2617 2696/2696 2697/2697
f 2617/2617 2697/2697 2618/2618
f 2618/2618 2697/2697 2698/2698
f 2618/2618 2698/2698 2619/2619
f 2619/2619 2698/2698 2699/2699
f 2619/2619 2699/2699 2620/2620
f 2620/2620 2699/2699 2700/2700
f 2620/2620 2700/2700 2621/2621
f 2621/2621 2700/2700 2701/2701
f 2621/2621 2701/2701 2622/2622
f 2622/2622 2701/2701 2702/2702
f 2622/2622 2702/2702 2623/2623
f 2623/2623 2702/2702 2703/2703
f 2623/2623 2703/2703 2624/2624
f 2624/2624 2703/2703 2704/2704
f 2624/2624 2704/2704 2625/2625
f 2625/2625 2704/2704 2705/2705
f 2625/2625 2705/2705 2626/2626
f 2626/2626 2705/2705 2706/2706
f 2626/2626 2706/2706 2627/2627
f 2627/2627 2706/2706 2707/2707
f 2627/2627 2707/2707 2628/2628
f 2628/2628 2707/2707 2708/2708
f 2628/2628 2708/2708 2629/2629
f 2629/2629 2708/2708 2709/2709
f 2629/2629 2709/2709 2630/2630
f 2630/2630 2709/2709 2710/2710
f 2630/2630 2710/2710 2631/2631
f 2631/2631 2710/2710 2711/2711
f 2631/2631 2711/2711 2632/2632
f 2632/2632 2711/2711 2712/2712
f 2632/2632 2712/2712 2633/2633
f 2633/2633 2712/2712 2713/2713
f 2633/2633 2713/2713 2634/2634
f 2634/2634 2713/2713 2714/2714
f 2634/2634 2714/2714 2635/2635
f 2635/2635 2714/2714 2715/2715
f 2635/2635 2715/2715 2636/2636
f 2636/2636 2715/2715 2716/2716
f 2636/2636 2716/2716 2637/2637
f 2637/2637 2716/2716 2717/2717
f 2637/2637 2717/2717 2638/2638
f 2638/2638 2717/2717 2718/2718
f 2638/2638 2718/2718 2639/2639
f 2639/2639 2718/2718 2719/2719
f 2644/2644 2724/2724 2645/2645
f 2645/2645 2724/2724 2725/2725
f 2645/2645 2725/2725 2646/2646
f 2646/2646 2725/2725 2726/2726
f 2646/2646 2726/2726 2647/2647
f 2647/2647 2726/2726 2727/2727
f 2647/2647 2727/2727 2648/2648
f 2648/2648 2727/2727 2728/2728
f 2648/2648 2728/2728 2649/2649
f 2649/2649 2728/2728 2729/2729
f 2649/2649 2729/2729 2650/2650
f 2650/2650 2729/2729 2730/2730
f 2650/2650 2730/2730 2651/2651
f 2651/2651 2730/2730 2731/2731
f 2651/2651 2731/2731 2652/2652
f 2652/2652 2731/2731 2732/2732
f 2652/2652 2732/2732 2653/2653
f 2653/2653 2732/2732 2733/2733
f 2653/2653 2733/2733 2654/2654
f 2654/2654 2733/2733 2734/2734
f 2654/2654 2734/2734 2655/2655
f 2655/2655 2734/2734 2735/2735
f 2655/2655 2735/2735 2656/2656
f 2656/2656 2735/2735 2736/2736
f 2656/2656 2736/2736 2657/2657
f 2657/2657 2736/2736 2737/2737
f 2657/2657 2737/2737 2658/2658
f 2658/2658 2737/2737 2738/2738
f 2658/2658 2738/2738 2659/2659
f 2659/2659 2738/2738 2739/2739
f 2659/2659 2739/2739 2660/2660
f 2660/2660 2739/2739 2740/2740
f 2660/2660 2740/2740 2661/2661
f 2661/2661 2740/2740 2741/2741
f 2661/2661 2741/2741 2662/2662
f 2662/2662 2741/2741 2742/2742
f 2662/2662 2742/2742 2663/2663
f 2663/2663 2742/2742 2743/2743
f 2663/2663 2743/2743 2664/2664
f 2664/2664 2743/2743 2744/2744
f 2664/2664 2744/2744 2665/2665
f 2665/2665 2744/2744 2745/2745
f 2665/2665 2745/2745 2666/2666
f 2666/2666 2745/2745 2746/2746
f 2666/2666 2746/2746 2667/2667
f 2667/2667 2746/2746 2747/2747
f 2667/2667 2747/2747 2668/2668
f 2668/2668 2747/2747 2748/2748
f 2668/2668 2748/2748 2669/2669
f 2669/2669 2748/2748 2749/2749
f 2669/2669 2749/2749 2670/2670
f 2670/2670 2749/2749 2750/2750
f 2670/2670 2750/2750 2671/2671
f 2671/2671 2750/2750 2751/2751
f 2671/2671 2751/2751 2672/2672
f 2672/2672 2751/2751 2752/2752
f 2672/2672 2752/2752 2673/2673
f 2673/2673 2752/2752 2753/2753
f 2673/2673 2753/2753 2674/2674
f 2674/2674 2753/2753 2754/2754
f 2674/2674 2754/2754 2675/2675
f 2675/2675 2754/2754 2755/2755
f 2675/2675 2755/2755 2676/2676
f 2676/2676 2755/2755 2756/2756
f 2676/2676 2756/2756 2677/2677
f 2677/2677 2756/2756 2757/2757
f 2677/2677 2757/2757 2678/2678
f 2678/2678 2757/2757 2758/2758
f 2678/2678 2758/2758 2679/2679
f 2679/2679 2758/2758 2759/2759
f 2679/2679 2759/2759 2680/2680
f 2680/2680 2759/2759 2760/2760
f 2680/2680 2760/2760 2681/2681
f 2681/2681 2760/2760 2761/2761
f 2681/2681 2761/2761 2682/2682
f 2682/2682 2761/2761 2762/2762
f 2682/2682 2762/2762 2683/2683
f 2683/2683 2762/2762 2763/2763
f 2683/2683 2763/2763 2684/2684
f 2684/2684 2763/2763 2764/2764
f 2684/2684 2764/2764 2685/2685
f 2685/2685 2764/2764 2765/2765
f 2685/2685 2765/2765 2686/2686
f 2686/2686 2765/2765 2766/2766
f 2686/2686 2766/2766 2687/2687
f 2687/2687 2766/2766 2767/2767
f 2687/2687 2767/2767 2688/2688
f 2688/2688 2767/2767 2768/2768
f 2688/2688 2768/2768 2689/2689
f 2689/2689 2768/2768 2769/2769
f 2689/2689 2769/2769 2690/2690
f 2690/2690 2769/2769 2770/2770
f 2690/2690 2770/2770 2691/2691
f 2691/2691 2770/2770 2771/2771
f 2691/2691 2771/2771 2692/2692
f 2692/2692 2771/2771 2772/2772
f 2692/2692 2772/2772 2693/2693
f 2693/2693 2772/2772 2773/2773
f 2693/2693 2773/2773 2694/2694
f 2694/2694 2773/2773 2774/2774
f 2694/2694 2774/2774 2695/2695
f 2695/2695 2774/2774 2775/2775
f 2695/2695 2775/2775 2696/2696
f 2696/2696 2775/2775 2776/2776
f 2696/2696 2776/2776 2697/2697
f 2697/2697 2776/2776 2777/2777
f 2697/2697 2777/2777 2698/2698
f 2698/2698 2777/2777 2778/2778
f 2698/2698 2778/2778 2699/2699
f 2699/2699 2778/2778 2779/2779
f 2699/2699 2779/2779 2700/2700
f 2700/2700 2779/2779 2780/2780
f 2700/2700 2780/2780 2701/2701
f 2701/2701 2780/2780 2781/2781
f 2701/2701 2781/2781 2702/2702
f 2702/2702 2781/2781 2782/2782
f 2702/2702 2782/2782 2703/2703
f 2703/2703 2782/2782 2783/2783
f 2703/2703 2783/2783 2704/2704
f 2704/2704 2783/2783 2784/2784
f 2704/2704 2784/2784 2705/2705
f 2705/2705 2784/2784 2785/2785
f 2705/2705 2785/2785 2706/2706
f 2706/2706 2785/2785 2786/2786
f 2706/2706 2786/2786 2707/2707
f 2707/2707 2786/2786 2787/2787
f 2707/2707 2787/2787 2708/2708
f 2708/2708 2787/2787 2788/2788
f 2708/2708 2788/2788 2709/2709
f 2709/2709 2788/2788 2789/2789
f 2709/2709 2789/2789 2710/2710
f 2710/2710 2789/2789 2790/2790
f 2710/2710 2790/2790 2711/2711
f 2711/2711 2790/2790 2791/2791
f 2711/2711 2791/2791 2712/2712
f 2712/2712 2791/2791 2792/2792
f 2712/2712 2792/2792 2713/2713
f 2713/2713 2792/2792 2793/2793
f 2713/2713 2793/2793 2714/2714
f 2714/2714 2793/2793 2794/2794
f 2714/2714 2794/2794 2715/2715
f 2715/2715 2794/2794 2795/2795
f 2715/2715 2795/2795 2716/2716
f 2716/2716 2795/2795 2796/2796
f 2716/2716 2796/2796 2717/2717
f 2717/2717 2796/2796 2797/2797
f 2717/2717 2797/2797 2718/2718
f 2718/2718 2797/2797 2798/2798
f 2718/2718 2798/2798 2719/2719
f 2719/2719 2798/2798 2799/2799
f 2724/2724 2804/2804 2725/2725
f 2725/2725 2804/2804 2805/2805
f 2725/2725 2805/2805 2726/2726
f 2726/2726 2805/2805 2806/2806
f 2726/2726 2806/2806 2727/2727
f 2727/2727 2806/2806 2807/2807
f 2727/2727 2807/2807 2728/2728
f 2728/2728 2807/2807 2808/2808
f 2728/2728 2808/2808 2729/2729
f 2729/2729 2808/2808 2809/2809
f 2729/2729 2809/2809 2730/2730
f 2730/2730 2809/2809 2810/2810
f 2730/2730 2810/2810 2731/2731
f 2731/2731 2810/2810 2811/2811
f 2731/2731 2811/2811 2732/2732
f 2732/2732 2811/2811 2812/2812
f 2732/2732 2812/2812 2733/2733
f 2733/2733 2812/2812 2813/2813
f 2733/2733 2813/2813 2734/2734
f 2734/2734 2813/2813 2814/2814
f 2734/2734 2814/2814 2735/2735
f 2735/2735 2814/2814 2815/2815
f 2735/2735 2815/2815 2736/2736
f 2736/2736 2815/2815 2816/2816
f 2736/2736 2816/2816 2737/2737
f 2737/2737 2816/2816 2817/2817
f 2737/2737 2817/2817 2738/2738
f 2738/2738 2817/2817 2818/2818
f 2738/2738 2818/2818 2739/2739
f 2739/2739 2818/2818 2819/2819
f 2739/2739 2819/2819 2740/2740
f 2740/2740 2819/2819 2820/2820
f 2740/2740 2820/2820 2741/2741
f 2741/2741 2820/2820 2821/2821
f 2741/2741 2821/2821 2742/2742
f 2742/2742 2821/2821 2822/2822
f 2742/2742 2822/2822 2743/2743
f 2743/2743 2822/2822 2823/2823
f 2743/2743 2823/2823 2744/2744
f 2744/2744 2823/2823 2824/2824
f 2744/2744 2824/2824 2745/2745
f 2745/2745 2824/2824 2825/2825
f 2745/2745 2825/2825 2746/2746
f 2746/2746 2825/2825 2826/2826
f 2746/2746 2826/2826 2747/2747
f 2747/2747 2826/2826 2827/2827
f 2747/2747 2827/2827 2748/2748
f 2748/2748 2827/2827 2828/2828
f 2748/2748 2828/2828 2749/2749
f 2749/2749 2828/2828 2829/2829
f 2749/2749 2829/2829 2750/2750
f 2750/2750 2829/2829 2830/2830
f 2750/2750 2830/2830 2751/2751
f 2751/2751 2830/2830 2831/2831
f 2751/2751 2831/2831 2752/2752
f 2752/2752 2831/2831 2832/2832
f 2752/2752 2832/2832 2753/2753
f 2753/2753 2832/2832 2833/2833
f 2753/2753 2833/2833 2754/2754
f 2754/2754 2833/2833 2834/2834
f 2754/2754 2834/2834 2755/2755
f 2755/2755 2834/2834 2835/2835
f 2755/2755 2835/2835 2756/2756
f 2756/2756 2835/2835 2836/2836
f 2756/2756 2836/2836 2757/2757
f 2757/2757 2836/2836 2837/2837
f 2757/2757 2837/2837 2758/2758
f 2758/2758 2837/2837 2838/2838
f 2758/2758 2838/2838 2759/2759
f 2759/2759 2838/2838 2839/2839
f 2759/2759 2839/2839 2760/2760
f 2760/2760 2839/2839 2840/2840
f 2760/2760 2840/2840 2761/2761
f 2761/2761 2840/2840 2841/2841
f 2761/2761 2841/2841 2762/2762
f 2762/2762 2841/2841 2842/2842
f 2762/2762 2842/2842 2763/2763
f 2763/2763 2842/2842 2843/2843
f 2763/2763 2843/2843 2764/2764
f 2764/2764 2843/2843 2844/2844
f 2764/2764 2844/2844 2765/2765
f 2765/2765 2844/2844 2845/2845
f 2765/2765 2845/2845 2766/2766
f 2766/2766 2845/2845 2846/2846
f 2766/2766 2846/2846 2767/2767
f 2767/2767 2846/2846 2847/2847
f 2767/2767 2847/2847 2768/2768
f 2768/2768 2847/2847 2848/2848
f 2768/2768 2848/2848 2769/2769
f 2769/2769 2848/2848 2849/2849
f 2769/2769 2849/2849 2770/2770
f 2770/2770 2849/2849 2850/2850
f 2770/2770 2850/2850 2771/2771
f 2771/2771 2850/2850 2851/2851
f 2771/2771 2851/2851 2772/2772
f 2772/2772 2851/2851 2852/2852
f 2772/2772 2852/2852 2773/2773
f 2773/2773 2852/2852 2853/2853
f 2773/2773 2853/2853 2774/2774
f 2774/2774 2853/2853 2854/2854
f 2774/2774 2854/2854 2775/2775
f 2775/2775 2854/2854 2855/2855
f 2775/2775 2855/2855 2776/2776
f 2776/2776 2855/2855 2856/2856
f 2776/2776 2856/2856 2777/2777
f 2777/2777 2856/2856 2857/2857
f 2777/2777 2857/2857 2778/2778
f 2778/2778 2857/2857 2858/2858
f 2778/2778 2858/2858 2779/2779
f 2779/2779 2858/2858 2859/2859
f 2779/2779 2859/2859 2780/2780
f 2780/2780 2859/2859 2860/2860
f 2780/2780 2860/2860 2781/2781
f 2781/2781 2860/2860 2861/2861
f 2781/2781 2861/2861 2782/2782
f 2782/2782 2861/2861 2862/2862
f 2782/2782 2862/2862 2783/2783
f 2783/2783 2862/2862 2863/2863
f 2783/2783 2863/2863 2784/2784
f 2784/2784 2863/2863 2864/2864
f 2784/2784 2864/2864 2785/2785
f 2785/2785 2864/2864 2865/2865
f 2785/2785 2865/2865 2786/2786
f 2786/2786 2865/2865 2866/2866
f 2786/2786 2866/2866 2787/2787
f 2787/2787 2866/2866 2867/2867
f 2787/2787 2867/2867 2788/2788
f 2788/2788 2867/2867 2868/2868
f 2788/2788 2868/2868 2789/2789
f 2789/2789 2868/2868 2869/2869
f 2789/2789 2869/2869 2790/2790
f 2790/2790 2869/2869 2870/2870
f 2790/2790 2870/2870 2791/2791
f 2791/2791 2870/2870 2871/2871
f 2791/2791 2871/2871 2792/2792
f 2792/2792 2871/2871 2872/2872
f 2792/2792 2872/2872 2793/2793
f 2793/2793 2872/2872 2873/2873
f 2793/2793 2873/2873 2794/2794
f 2794/2794 2873/2873 2874/2874
f 2794/2794 2874/2874 2795/2795
f 2795/2795 2874/2874 2875/2875
f 2795/2795 2875/2875 2796/2796
f 2796/2796 2875/2875 2876/2876
f 2796/2796 2876/2876 2797/2797
f 2797/2797 2876/2876 2877/2877
f 2797/2797 2877/2877 2798/2798
f 2798/2798 2877/2877 2878/2878
f 2798/2798 2878/2878 2799/2799
f 2799/2799 2878/2878 2879/2879
f 2803/2803 2883/2883 2804/2804
f 2804/2804 2883/2883 2884/2884
f 2804/2804 2884/2884 2805/2805
f 2805/2805 2884/2884 2885/2885
f 2805/2805 2885/2885 2806/2806
f 2806/2806 2885/2885 2886/2886
f 2806/2806 2886/2886 2807/2807
f 2807/2807 2886/2886 2887/2887
f 2807/2807 2887/2887 2808/2808
f 2808/2808 2887/2887 2888/2888
f 2808/2808 2888/2888 2809/2809
f 2809/2809 2888/2888 2889/2889
f 2809/2809 2889/2889 2810/2810
f 2810/2810 2889/2889 2890/2890
f 2810/2810 2890/2890 2811/2811
f 2811/2811 2890/2890 2891/2891
f 2811/2811 2891/2891 2812/2812
f 2812/2812 2891/2891 2892/2892
f 2812/2812 2892/2892 2813/2813
f 2813/2813 2892/2892 2893/2893
f 2813/2813 2893/2893 2814/2814
f 2814/2814 2893/2893 2894/2894
f 2814/2814 2894/2894 2815/2815
f 2815/2815 2894/2894 2895/2895
f 2815/2815 2895/2895 2816/2816
f 2816/2816 2895/2895 2896/2896
f 2816/2816 2896/2896 2817/2817
f 2817/2817 2896/2896 2897/2897
f 2817/2817 2897/2897 2818/2818
f 2818/2818 2897/2897 2898/2898
f 2818/2818 2898/2898 2819/2819
f 2819/2819 2898/2898 2899/2899
f 2819/2819 2899/2899 2820/2820
f 2820/2820 2899/2899 2900/2900
f 2820/2820 2900/2900 2821/2821
f 2821/2821 2900/2900 2901/2901
f 2821/2821 2901/2901 2822/2822
f 2822/2822 2901/2901 2902/2902
f 2822/2822 2902/2902 2823/2823
f 2823/2823 2902/2902 2903/2903
f 2823/2823 2903/2903 2824/2824
f 2824/2824 2903/2903 2904/2904
f 2824/2824 2904/2904 2825/2825
f 2825/2825 2904/2904 2905/2905
f 2825/2825 2905/2905 2826/2826
f 2826/2826 2905/2905 2906/2906
f 2826/2826 2906/2906 2827/2827
f 2827/2827 2906/2906 2907/2907
f 2827/2827 2907/2907 2828/2828
f 2828/2828 2907/2907 2908/2908
f 2828/2828 2908/2908 2829/2829
f 2829/2829 2908/2908 2909/2909
f 2829/2829 2909/2909 2830/2830
f 2830/2830 2909/2909 2910/2910
f 2830/2830 2910/2910 2831/2831
f 2831/2831 2910/2910 2911/2911
f 2831/2831 2911/2911 2832/2832
f 2832/2832 2911/2911 2912/2912
f 2832/2832 2912/2912 2833/2833
f 2833/2833 2912/2912 2913/2913
f 2833/2833 2913/2913 2834/2834
f 2834/2834 2913/2913 2914/2914
f 2834/2834 2914/2914 2835/2835
f 2835/2835 2914/2914 2915/2915
f 2835/2835 2915/2915 2836/2836
f 2836/2836 2915/2915 2916/2916
f 2836/2836 2916/2916 2837/2837
f 2837/2837 2916/2916 2917/2917
f 2837/2837 2917/2917 2838/2838
f 2838/2838 2917/2917 2918/2918
f 2838/2838 2918/2918 2839/2839
f 2839/2839 2918/2918 2919/2919
f 2839/2839 2919/2919 2840/2840
f 2840/2840 2919/2919 2920/2920
f 2840/2840 2920/2920 2841/2841
f 2841/2841 2920/2920 2921/2921
f 2841/2841 2921/2921 2842/2842
f 2842/2842 2921/2921 2922/2922
f 2842/2842 2922/2922 2843/2843
f 2843/2843 2922/2922 2923/2923
f 2843/2843 2923/2923 2844/2844
f 2844/2844 2923/2923 2924/2924
f 2844/2844 2924/2924 2845/2845
f 2845/2845 2924/2924 2925/2925
f 2845/2845 2925/2925 2846/2846
f 2846/2846 2925/2925 2926/2926
f 2846/2846 2926/2926 2847/2847
f 2847/2847 2926/2926 2927/2927
f 2847/2847 2927/2927 2848/2848
f 2848/2848 2927/2927 2928/2928
f 2848/2848 2928/2928 2849/2849
f 2849/2849 2928/2928 2929/2929
f 2849/2849 2929/2929 2850/2850
f 2850/2850 2929/2929 2930/2930
f 2850/2850 2930/2930 2851/2851
f 2851/2851 2930/2930 2931/2931
f 2851/2851 2931/2931 2852/2852
f 2852/2852 2931/2931 2932/2932
f 2852/2852 2932/2932 2853/2853
f 2853/2853 2932/2932 2933/2933
f 2853/2853 2933/2933 2854/2854
f 2854/2854 2933/2933 2934/2934
f 2854/2854 2934/2934 2855/2855
f 2855/2855 2934/2934 2935/2935
f 2855/2855 2935/2935 2856/2856
f 2856/2856 2935/2935 2936/2936
f 2856/2856 2936/2936 2857/2857
f 2857/2857 2936/2936 2937/2937
f 2857/2857 2937/2937 2858/2858
f 2858/2858 2937/2937 2938/2938
f 2858/2858 2938/2938 2859/2859
f 2859/2859 2938/2938 2939/2939
f 2859/2859 2939/2939 2860/2860
f 2860/2860 2939/2939 2940/2940
f 2860/2860 2940/2940 2861/2861
f 2861/2861 2940/2940 2941/2941
f 2861/2861 2941/2941 2862/2862
f 2862/2862 2941/2941 2942/2942
f 2862/2862 2942/2942 2863/2863
f 2863/2863 2942/2942 2943/2943
f 2863/2863 2943/2943 2864/2864
f 2864/2864 2943/2943 2944/2944
f 2864/2864 2944/2944 2865/2865
f 2865/2865 2944/2944 2945/2945
f 2865/2865 2945/2945 2866/2866
f 2866/2866 2945/2945 2946/2946
f 2866/2866 2946/2946 2867/2867
f 2867/2867 2946/2946 2947/2947
f 2867/2867 2947/2947 2868/2868
f 2868/2868 2947/2947 2948/2948
f 2868/2868 2948/2948 2869/2869
f 2869/2869 2948/2948 2949/2949
f 2869/2869 2949/2949 2870/2870
f 2870/2870 2949/2949 2950/2950
f 2870/2870 2950/2950 2871/2871
f 2871/2871 2950/2950 2951/2951
f 2871/2871 2951/2951 2872/2872
f 2872/2872 2951/2951 2952/2952
f 2872/2872 2952/2952 2873/2873
f 2873/2873 2952/2952 2953/2953
f 2873/2873 2953/2953 2874/2874
f 2874/2874 2953/2953 2954/2954
f 2874/2874 2954/2954 2875/2875
f 2875/2875 2954/2954 2955/2955
f 2875/2875 2955/2955 2876/2876
f 2876/2876 2955/2955 2956/2956
f 2876/2876 2956/2956 2877/2877
f 2877/2877 2956/2956 2957/2957
f 2877/2877 2957/2957 2878/2878
f 2878/2878 2957/2957 2958/2958
f 2878/2878 2958/2958 2879/2879
f 2879/2879 2958/2958 2959/2959
f 2883/2883 2963/2963 2884/2884
f 2884/2884 2963/2963 2964/2964
f 2884/2884 2964/2964 2885/2885
f 2885/2885 2964/2964 2965/2965
f 2885/2885 2965/2965 2886/2886
f 2886/2886 2965/2965 2966/2966
f 2886/2886 2966/2966 2887/2887
f 2887/2887 2966/2966 2967/2967
f 2887/2887 2967/2967 2888/2888
f 2888/2888 2967/2967 2968/2968
f 2888/2888 2968/2968 2889/2889
f 2889/2889 2968/2968 2969/2969
f 2889/2889 2969/2969 2890/2890
f 2890/2890 2969/2969 2970/2970
f 2890/2890 2970/2970 2891/2891
f 2891/2891 2970/2970 2971/2971
f 2891/2891 2971/2971 2892/2892
f 2892/2892 2971/2971 2972/2972
f 2892/2892 2972/2972 2893/2893
f 2893/2893 2972/2972 2973/2973
f 2893/2893 2973/2973 2894/2894
f 2894/2894 2973/2973 2974/2974
f 2894/2894 2974/2974 2895/2895
f 2895/2895 2974/2974 2975/2975
f 2895/2895 2975/2975 2896/2896
f 2896/2896 2975/2975 2976/2976
f 2896/2896 2976/2976 2897/2897
f 2897/2897 2976/2976 2977/2977
f 2897/2897 2977/2977 2898/2898
f 2898/2898 2977/2977 2978/2978
f 2898/2898 2978/2978 2899/2899
f 2899/2899 2978/2978 2979/2979
f 2899/2899 2979/2979 2900/2900
f 2900/2900 2979/2979 2980/2980
f 2900/2900 2980/2980 2901/2901
f 2901/2901 2980/2980 2981/2981
f 2901/2901 2981/2981 2902/2902
f 2902/2902 2981/2981 2982/2982
f 2902/2902 2982/2982 2903/2903
f 2903/2903 2982/2982 2983/2983
f 2903/2903 2983/2983 2904/2904
f 2904/2904 2983/2983 2984/2984
f 2904/2904 2984/2984 2905/2905
f 2905/2905 2984/2984 2985/2985
f 2905/2905 2985/2985 2906/2906
f 2906/2906 2985/2985 2986/2986
f 2906/2906 2986/2986 2907/2907
f 2907/2907 2986/2986 2987/2987
f 2907/2907 2987/2987 2908/2908
f 2908/2908 2987/2987 2988/2988
f 2908/2908 2988/2988 2909/2909
f 2909/2909 2988/2988 2989/2989
f 2909/2909 2989/2989 2910/2910
f 2910/2910 2989/2989 2990/2990
f 2910/2910 2990/2990 2911/2911
f 2911/2911 2990/2990 2991/2991
f 2911/2911 2991/2991 2912/2912
f 2912/2912 2991/2991 2992/2992
f 2912/2912 2992/2992 2913/2913
f 2913/2913 2992/2992 2993/2993
f 2913/2913 2993/2993 2914/2914
f 2914/2914 2993/2993 2994/2994
f 2914/2914 2994/2994 2915/2915
f 2915/2915 2994/2994 2995/2995
f 2915/2915 2995/2995 2916/2916
f 2916/2916 2995/2995 2996/2996
f 2916/2916 2996/2996 2917/2917
f 2917/2917 2996/2996 2997/2997
f 2917/2917 2997/2997 2918/2918
f 2918/2918 2997/2997 2998/2998
f 2918/2918 2998/2998 2919/2919
f 2919/2919 2998/2998 2999/2999
f 2919/2919 2999/2999 2920/2920
f 2920/2920 2999/2999 3000/3000
f 2920/2920 3000/3000 2921/2921
f 2921/2921 3000/3000 3001/3001
f 2921/2921 3001/3001 2922/2922
f 2922/2922 3001/3001 3002/3002
f 2922/2922 3002/3002 2923/2923
f 2923/2923 3002/3002 3003/3003
f 2923/2923 3003/3003 2924/2924
f 2924/2924 3003/3003 3004/3004
f 2924/2924 3004/3004 2925/2925
f 2925/2925 3004/3004 3005/3005
f 2925/2925 3005/3005 2926/2926
f 2926/2926 3005/3005 3006/3006
f 2926/2926 3006/3006 2927/2927
f 2927/2927 3006/3006 3007/3007
f 2927/2927 3007/3007 2928/2928
f 2928/2928 3007/3007 3008/3008
f 2928/2928 3008/3008 2929/2929
f 2929/2929 3008/3008 3009/3009
f 2929/2929 3009/3009 2930/2930
f 2930/2930 3009/3009 3010/3010
f 2930/2930 3010/3010 2931/2931
f 2931/2931 3010/3010 3011/3011
f 2931/2931 3011/3011 2932/2932
f 2932/2932 3011/3011 3012/3012
f 2932/2932 3012/3012 2933/2933
f 2933/2933 3012/3012 3013/3013
f 2933/2933 3013/3013 2934/2934
f 2934/2934 3013/3013 3014/3014
f 2934/2934 3014/3014 2935/2935
f 2935/2935 3014/3014 3015/3015
f 2935/2935 3015/3015 2936/2936
f 2936/2936 3015/3015 3016/3016
f 2936/2936 3016/3016 2937/2937
f 2937/2937 3016/3016 3017/3017
f 2937/2937 3017/3017 2938/2938
f 2938/2938 3017/3017 3018/3018
f 2938/2938 3018/3018 2939/2939
f 2939/2939 3018/3018 3019/3019
f 2939/2939 3019/3019 2940/2940
f 2940/2940 3019/3019 3020/3020
f 2940/2940 3020/3020 2941/2941
f 2941/2941 3020/3020 3021/3021
f 2941/2941 3021/3021 2942/2942
f 2942/2942 3021/3021 3022/3022
f 2942/2942 3022/3022 2943/2943
f 2943/2943 3022/3022 3023/3023
f 2943/2943 3023/3023 2944/2944
f 2944/2944 3023/3023 3024/3024
f 2944/2944 3024/3024 2945/2945
f 2945/2945 3024/3024 3025/3025
f 2945/2945 3025/3025 2946/2946
f 2946/2946 3025/3025 3026/3026
f 2946/2946 3026/3026 2947/2947
f 2947/2947 3026/3026 3027/3027
f 2947/2947 3027/3027 2948/2948
f 2948/2948 3027/3027 3028/3028
f 2948/2948 3028/3028 2949/2949
f 2949/2949 3028/3028 3029/3029
f 2949/2949 3029/3029 2950/2950
f 2950/2950 3029/3029 3030/3030
f 2950/2950 3030/3030 2951/2951
f 2951/2951 3030/3030 3031/3031
f 2951/2951 3031/3031 2952/2952
f 2952/2952 3031/3031 3032/3032
f 2952/2952 3032/3032 2953/2953
f 2953/2953 3032/3032 3033/3033
f 2953/2953 3033/3033 2954/2954
f 2954/2954 3033/3033 3034/3034
f 2954/2954 3034/3034 2955/2955
f 2955/2955 3034/3034 3035/3035
f 2955/2955 3035/3035 2956/2956
f 2956/2956 3035/3035 3036/3036
f 2956/2956 3036/3036 2957/2957
f 2957/2957 3036/3036 3037/3037
f 2957/2957 3037/3037 2958/2958
f 2958/2958 3037/3037 3038/3038
f 2958/2958 3038/3038 2959/2959
f 2959/2959 3038/3038 3039/3039
f 2962/2962 3042/3042 2963/2963
f 2963/2963 3042/3042 3043/3043
f 2963/2963 3043/3043 2964/2964
f 2964/2964 3043/3043 3044/3044
f 2964/2964 3044/3044 2965/2965
f 2965/2965 3044/3044 3045/3045
f 2965/2965 3045/3045 2966/2966
f 2966/2966 3045/3045 3046/3046
f 2966/2966 3046/3046 2967/2967
f 2967/2967 3046/3046 3047/3047
f 2967/2967 3047/3047 2968/2968
f 2968/2968 3047/3047 3048/3048
f 2968/2968 3048/3048 2969/2969
f 2969/2969 3048/3048 3049/3049
f 2969/2969 3049/3049 2970/2970
f 2970/2970 3049/3049 3050/3050
f 2970/2970 3050/3050 2971/2971
f 2971/2971 3050/3050 3051/3051
f 2971/2971 3051/3051 2972/2972
f 2972/2972 3051/3051 3052/3052
f 2972/2972 3052/3052 2973/2973
f 2973/2973 3052/3052 3053/3053
f 2973/2973 3053/3053 2974/2974
f 2974/2974 3053/3053 3054/3054
f 2974/2974 3054/3054 2975/2975
f 2975/2975 3054/3054 3055/3055
f 2975/2975 3055/3055 2976/2976
f 2976/2976 3055/3055 3056/3056
f 2976/2976 3056/3056 2977/2977
f 2977/2977 3056/3056 3057/3057
f 2977/2977 3057/3057 2978/2978
f 2978/2978 3057/3057 3058/3058
f 2978/2978 3058/3058 2979/2979
f 2979/2979 3058/3058 3059/3059
f 2979/2979 3059/3059 2980/2980
f 2980/2980 3059/3059 3060/3060
f 2980/2980 3060/3060 2981/2981
f 2981/2981 3060/3060 3061/3061
f 2981/2981 3061/3061 2982/2982
f 2982/2982 3061/3061 3062/3062
f 2982/2982 3062/3062 2983/2983
f 2983/2983 3062/3062 3063/3063
f 2983/2983 3063/3063 2984/2984
f 2984/2984 3063/3063 3064/3064
f 2984/2984 3064/3064 2985/2985
f 2985/2985 3064/3064 3065/3065
f 2985/2985 3065/3065 2986/2986
f 2986/2986 3065/3065 3066/3066
f 2986/2986 3066/3066 2987/2987
f 2987/2987 3066/3066 3067/3067
f 2987/2987 3067/3067 2988/2988
f 2988/2988 3067/3067 3068/3068
f 2988/2988 3068/3068 2989/2989
f 2989/2989 3068/3068 3069/3069
f 2989/2989 3069/3069 2990/2990
f 2990/2990 3069/3069 3070/3070
f 2990/2990 3070/3070 2991/2991
f 2991/2991 3070/3070 3071/3071
f 2991/2991 3071/3071 2992/2992
f 2992/2992 3071/3071 3072/3072
f 2992/2992 3072/3072 2993/2993
f 2993/2993 3072/3072 3073/3073
f 2993/2993 3073/3073 2994/2994
f 2994/2994 3073/3073 3074/3074
f 2994/2994 3074/3074 2995/2995
f 2995/2995 3074/3074 3075/3075
f 2995/2995 3075/3075 2996/2996
f 2996/2996 3075/3075 3076/3076
f 2996/2996 3076/3076 2997/2997
f 2997/2997 3076/3076 3077/3077
f 2997/2997 3077/3077 2998/2998
f 2998/2998 3077/3077 3078/3078
f 2998/2998 3078/3078 2999/2999
f 2999/2999 3078/3078 3079/3079
f 2999/2999 3079/3079 3000/3000
f 3000/3000 3079/3079 3080/3080
f 3000/3000 3080/3080 3001/3001
f 3001/3001 3080/3080 3081/3081
f 3001/3001 3081/3081 3002/3002
f 3002/3002 3081/3081 3082/3082
f 3002/3002 3082/3082 3003/3003
f 3003/3003 3082/3082 3083/3083
f 3003/3003 3083/3083 3004/3004
f 3004/3004 3083/3083 3084/3084
f 3004/3004 3084/3084 3005/3005
f 3005/3005 3084/3084 3085/3085
f 3005/3005 3085/3085 3006/3006
f 3006/3006 3085/3085 3086/3086
f 3006/3006 3086/3086 3007/3007
f 3007/3007 3086/3086 3087/3087
f 3007/3007 3087/3087 3008/3008
f 3008/3008 3087/3087 3088/3088
f 3008/3008 3088/3088 3009/3009
f 3009/3009 3088/3088 3089/3089
f 3009/3009 3089/3089 3010/3010
f 3010/3010 3089/3089 3090/3090
f 3010/3010 3090/3090 3011/3011
f 3011/3011 3090/3090 3091/3091
f 3011/3011 3091/3091 3012/3012
f 3012/3012 3091/3091 3092/3092
f 3012/3012 3092/3092 3013/3013
f 3013/3013 3092/3092 3093/3093
f 3013/3013 3093/3093 3014/3014
f 3014/3014 3093/3093 3094/3094
f 3014/3014 3094/3094 3015/3015
f 3015/3015 3094/3094 3095/3095
f 3015/3015 3095/3095 3016/3016
f 3016/3016 3095/3095 3096/3096
f 3016/3016 3096/3096 3017/3017
f 3017/3017 3096/3096 3097/3097
f 3017/3017 3097/3097 3018/3018
f 3018/3018 3097/3097 3098/3098
f 3018/3018 3098/3098 3019/3019
f 3019/3019 3098/3098 3099/3099
f 3019/3019 3099/3099 3020/3020
f 3020/3020 3099/3099 3100/3100
f 3020/3020 3100/3100 3021/3021
f 3021/3021 3100/3100 3101/3101
f 3021/3021 3101/3101 3022/3022
f 3022/3022 3101/3101 3102/3102
f 3022/3022 3102/3102 3023/3023
f 3023/3023 3102/3102 3103/3103
f 3023/3023 3103/3103 3024/3024
f 3024/3024 3103/3103 3104/3104
f 3024/3024 3104/3104 3025/3025
f 3025/3025 3104/3104 3105/3105
f 3025/3025 3105/3105 3026/3026
f 3026/3026 3105/3105 3106/3106
f 3026/3026 3106/3106 3027/3027
f 3027/3027 3106/3106 3107/3107
f 3027/3027 3107/3107 3028/3028
f 3028/3028 3107/3107 3108/3108
f 3028/3028 3108/3108 3029/3029
f 3029/3029 3108/3108 3109/3109
f 3029/3029 3109/3109 3030/3030
f 3030/3030 3109/3109 3110/3110
f 3030/3030 3110/3110 3031/3031
f 3031/3031 3110/3110 3111/3111
f 3031/3031 3111/3111 3032/3032
f 3032/3032 3111/3111 3112/3112
f 3032/3032 3112/3112 3033/3033
f 3033/3033 3112/3112 3113/3113
f 3033/3033 3113/3113 3034/3034
f 3034/3034 3113/3113 3114/3114
f 3034/3034 3114/3114 3035/3035
f 3035/3035 3114/3114 3115/3115
f 3035/3035 3115/3115 3036/3036
f 3036/3036 3115/3115 3116/3116
f 3036/3036 3116/3116 3037/3037
f 3037/3037 3116/3116 3117/3117
f 3037/3037 3117/3117 3038/3038
f 3038/3038 3117/3117 3118/3118
f 3038/3038 3118/3118 3039/3039
f 3039/3039 3118/3118 3119/3119
f 3042/3042 3122/3122 3043/3043
f 3043/3043 3122/3122 3123/3123
f 3043/3043 3123/3123 3044/3044
f 3044/3044 3123/3123 3124/3124
f 3044/3044 3124/3124 3045/3045
f 3045/3045 3124/3124 3125/3125
f 3045/3045 3125/3125 3046/3046
f 3046/3046 3125/3125 3126/3126
f 3046/3046 3126/3126 3047/3047
f 3047/3047 3126/3126 3127/3127
f 3047/3047 3127/3127 3048/3048
f 3048/3048 3127/3127 3128/3128
f 3048/3048 3128/3128 3049/3049
f 3049/3049 3128/3128 3129/3129
f 3049/3049 3129/3129 3050/3050
f 3050/3050 3129/3129 3130/3130
f 3050/3050 3130/3130 3051/3051
f 3051/3051 3130/3130 3131/3131
f 3051/3051 3131/3131 3052/3052
f 3052/3052 3131/3131 3132/3132
f 3052/3052 3132/3132 3053/3053
f 3053/3053 3132/3132 3133/3133
f 3053/3053 3133/3133 3054/3054
f 3054/3054 3133/3133 3134/3134
f 3054/3054 3134/3134 3055/3055
f 3055/3055 3134/3134 3135/3135
f 3055/3055 3135/3135 3056/3056
f 3056/3056 3135/3135 3136/3136
f 3056/3056 3136/3136 3057/3057
f 3057/3057 3136/3136 3137/3137
f 3057/3057 3137/3137 3058/3058
f 3058/3058 3137/3137 3138/3138
f 3058/3058 3138/3138 3059/3059
f 3059/3059 3138/3138 3139/3139
f 3059/3059 3139/3139 3060/3060
f 3060/3060 3139/3139 3140/3140
f 3060/3060 3140/3140 3061/3061
f 3061/3061 3140/3140 3141/3141
f 3061/3061 3141/3141 3062/3062
f 3062/3062 3141/3141 3142/3142
f 3062/3062 3142/3142 3063/3063
f 3063/3063 3142/3142 3143/3143
f 3063/3063 3143/3143 3064/3064
f 3064/3064 3143/3143 3144/3144
f 3064/3064 3144/3144 3065/3065
f 3065/3065 3144/3144 3145/3145
f 3065/3065 3145/3145 3066/3066
f 3066/3066 3145/3145 3146/3146
f 3066/3066 3146/3146 3067/3067
f 3067/3067 3146/3146 3147/3147
f 3067/3067 3147/3147 3068/3068
f 3068/3068 3147/3147 3148/3148
f 3068/3068 3148/3148 3069/3069
f 3069/3069 3148/3148 3149/3149
f 3069/3069 3149/3149 3070/3070
f 3070/3070 3149/3149 3150/3150
f 3070/3070 3150/3150 3071/3071
f 3071/3071 3150/3150 3151/3151
f 3071/3071 3151/3151 3072/3072
f 3072/3072 3151/3151 3152/3152
f 3072/3072 3152/3152 3073/3073
f 3073/3073 3152/3152 3153/3153
f 3073/3073 3153/3153 3074/3074
f 3074/3074 3153/3153 3154/3154
f 3074/3074 3154/3154 3075/3075
f 3075/3075 3154/3154 3155/3155
f 3075/3075 3155/3155 3076/3076
f 3076/3076 3155/3155 3156/3156
f 3076/3076 3156/3156 3077/3077
f 3077/3077 3156/3156 3157/3157
f 3077/3077 3157/3157 3078/3078
f 3078/3078 3157/3157 3158/3158
f 3078/3078 3158/3158 3079/3079
f 3079/3079 3158/3158 3159/3159
f 3079/3079 3159/3159 3080/3080
f 3080/3080 3159/3159 3160/3160
f 3080/3080 3160/3160 3081/3081
f 3081/3081 3160/3160 3161/3161
f 3081/3081 3161/3161 3082/3082
f 3082/3082 3161/3161 3162/3162
f 3082/3082 3162/3162 3083/3083
f 3083/3083 3162/3162 3163/3163
f 3083/3083 3163/3163 3084/3084
f 3084/3084 3163/3163 3164/3164
f 3084/3084 3164/3164 3085/3085
f 3085/3085 3164/3164 3165/3165
f 3085/3085 3165/3165 3086/3086
f 3086/3086 3165/3165 3166/3166
f 3086/3086 3166/3166 3087/3087
f 3087/3087 3166/3166 3167/3167
f 3087/3087 3167/3167 3088/3088
f 3088/3088 3167/3167 3168/3168
f 3088/3088 3168/3168 3089/3089
f 3089/3089 3168/3168 3169/3169
f 3089/3089 3169/3169 3090/3090
f 3090/3090 3169/3169 3170/3170
f 3090/3090 3170/3170 3091/3091
f 3091/3091 3170/3170 3171/3171
f 3091/3091 3171/3171 3092/3092
f 3092/3092 3171/3171 3172/3172
f 3092/3092 3172/3172 3093/3093
f 3093/3093 3172/3172 3173/3173
f 3093/3093 3173/3173 3094/3094
f 3094/3094 3173/3173 3174/3174
f 3094/3094 3174/3174 3095/3095
f 3095/3095 3174/3174 3175/3175
f 3095/3095 3175/3175 3096/3096
f 3096/3096 3175/3175 3176/3176
f 3096/3096 3176/3176 3097/3097
f 3097/3097 3176/3176 3177/3177
f 3097/3097 3177/3177 3098/3098
f 3098/3098 3177/3177 3178/3178
f 3098/3098 3178/3178 3099/3099
f 3099/3099 3178/3178 3179/3179
f 3099/3099 3179/3179 3100/3100
f 3100/3100 3179/3179 3180/3180
f 3100/3100 3180/3180 3101/3101
f 3101/3101 3180/3180 3181/3181
f 3101/3101 3181/3181 3102/3102
f 3102/3102 3181/3181 3182/3182
f 3102/3102 3182/3182 3103/3103
f 3103/3103 3182/3182 3183/3183
f 3103/3103 3183/3183 3104/3104
f 3104/3104 3183/3183 3184/3184
f 3104/3104 3184/3184 3105/3105
f 3105/3105 3184/3184 3185/3185
f 3105/3105 3185/3185 3106/3106
f 3106/3106 3185/3185 3186/3186
f 3106/3106 3186/3186 3107/3107
f 3107/3107 3186/3186 3187/3187
f 3107/3107 3187/3187 3108/3108
f 3108/3108 3187/3187 3188/3188
f 3108/3108 3188/3188 3109/3109
f 3109/3109 3188/3188 3189/3189
f 3109/3109 3189/3189 3110/3110
f 3110/3110 3189/3189 3190/3190
f 3110/3110 3190/3190 3111/3111
f 3111/3111 3190/3190 3191/3191
f 3111/3111 3191/3191 3112/3112
f 3112/3112 3191/3191 3192/3192
f 3112/3112 3192/3192 3113/3113
f 3113/3113 3192/3192 3193/3193
f 3113/3113 3193/3193 3114/3114
f 3114/3114 3193/3193 3194/3194
f 3114/3114 3194/3194 3115/3115
f 3115/3115 3194/3194 3195/3195
f 3115/3115 3195/3195 3116/3116
f 3116/3116 3195/3195 3196/3196
f 3116/3116 3196/3196 3117/3117
f 3117/3117 3196/3196 3197/3197
f 3117/3117 3197/3197 3118/3118
f 3118/3118 3197/3197 3198/3198
f 3118/3118 3198/3198 3119/3119
f 3119/3119 3198/3198 3199/3199
f 3122/3122 3202/3202 3123/3123
f 3123/3123 3202/3202 3203/3203
f 3123/3123 3203/3203 3124/3124
f 3124/3124 3203/3203 3204/3204
f 3124/3124 3204/3204 3125/3125
f 3125/3125 3204/3204 3205/3205
f 3125/3125 3205/3205 3126/3126
f 3126/3126 3205/3205 3206/3206
f 3126/3126 3206/3206 3127/3127
f 3127/3127 3206/3206 3207/3207
f 3127/3127 3207/3207 3128/3128
f 3128/3128 3207/3207 3208/3208
f 3128/3128 3208/3208 3129/3129
f 3129/3129 3208/3208 3209/3209
f 3129/3129 3209/3209 3130/3130
f 3130/3130 3209/3209 3210/3210
f 3130/3130 3210/3210 3131/3131
f 3131/3131 3210/3210 3211/3211
f 3131/3131 3211/3211 3132/3132
f 3132/3132 3211/3211 3212/3212
f 3132/3132 3212/3212 3133/3133
f 3133/3133 3212/3212 3213/3213
f 3133/3133 3213/3213 3134/3134
f 3134/3134 3213/3213 3214/3214
f 3134/3134 3214/3214 3135/3135
f 3135/3135 3214/3214 3215/3215
f 3135/3135 3215/3215 3136/3136
f 3136/3136 3215/3215 3216/3216
f 3136/3136 3216/3216 3137/3137
f 3137/3137 3216/3216 3217/3217
f 3137/3137 3217/3217 3138/3138
f 3138/3138 3217/3217 3218/3218
f 3138/3138 3218/3218 3139/3139
f 3139/3139 3218/3218 3219/3219
f 3139/3139 3219/3219 3140/3140
f 3140/3140 3219/3219 3220/3220
f 3140/3140 3220/3220 3141/3141
f 3141/3141 3220/3220 3221/3221
f 3141/3141 3221/3221 3142/3142
f 3142/3142 3221/3221 3222/3222
f 3142/3142 3222/3222 3143/3143
f 3143/3143 3222/3222 3223/3223
f 3143/3143 3223/3223 3144/3144
f 3144/3144 3223/3223 3224/3224
f 3144/3144 3224/3224 3145/3145
f 3145/3145 3224/3224 3225/3225
f 3145/3145 3225/3225 3146/3146
f 3146/3146 3225/3225 3226/3226
f 3146/3146 3226/3226 3147/3147
f 3147/3147 3226/3226 3227/3227
f 3147/3147 3227/3227 3148/3148
f 3148/3148 3227/3227 3228/3228
f 3148/3148 3228/3228 3149/3149
f 3149/3149 3228/3228 3229/3229
f 3149/3149 3229/3229 3150/3150
f 3150/3150 3229/3229 3230/3230
f 3150/3150 3230/3230 3151/3151
f 3151/3151 3230/3230 3231/3231
f 3151/3151 3231/3231 3152/3152
f 3152/3152 3231/3231 3232/3232
f 3152/3152 3232/3232 3153/3153
f 3153/3153 3232/3232 3233/3233
f 3153/3153 3233/3233 3154/3154
f 3154/3154 3233/3233 3234/3234
f 3154/3154 3234/3234 3155/3155
f 3155/3155 3234/3234 3235/3235
f 3155/3155 3235/3235 3156/3156
f 3156/3156 3235/3235 3236/3236
f 3156/3156 3236/3236 3157/3157
f 3157/3157 3236/3236 3237/3237
f 3157/3157 3237/3237 3158/3158
f 3158/3158 3237/3237 3238/3238
f 3158/3158 3238/3238 3159/3159
f 3159/3159 3238/3238 3239/3239
f 3159/3159 3239/3239 3160/3160
f 3160/3160 3239/3239 3240/3240
f 3160/3160 3240/3240 3161/3161
f 3161/3161 3240/3240 3241/3241
f 3161/3161 3241/3241 3162/3162
f 3162/3162 3241/3241 3242/3242
f 3162/3162 3242/3242 3163/3163
f 3163/3163 3242/3242 3243/3243
f 3163/3163 3243/3243 3164/3164
f 3164/3164 3243/3243 3244/3244
f 3164/3164 3244/3244 3165/3165
f 3165/3165 3244/3244 3245/3245
f 3165/3165 3245/3245 3166/3166
f 3166/3166 3245/3245 3246/3246
f 3166/3166 3246/3246 3167/3167
f 3167/3167 3246/3246 3247/3247
f 3167/3167 3247/3247 3168/3168
f 3168/3168 3247/3247 3248/3248
f 3168/3168 3248/3248 3169/3169
f 3169/3169 3248/3248 3249/3249
f 3169/3169 3249/3249 3170/3170
f 3170/3170 3249/3249 3250/3250
f 3170/3170 3250/3250 3171/3171
f 3171/3171 3250/3250 3251/3251
f 3171/3171 3251/3251 3172/3172
f 3172/3172 3251/3251 3252/3252
f 3172/3172 3252/3252 3173/3173
f 3173/3173 3252/3252 3253/3253
f 3173/3173 3253/3253 3174/3174
f 3174/3174 3253/3253 3254/3254
f 3174/3174 3254/3254 3175/3175
f 3175/3175 3254/3254 3255/3255
f 3175/3175 3255/3255 3176/3176
f 3176/3176 3255/3255 3256/3256
f 3176/3176 3256/3256 3177/3177
f 3177/3177 3256/3256 3257/3257
f 3177/3177 3257/3257 3178/3178
f 3178/3178 3257/3257 3258/3258
f 3178/3178 3258/3258 3179/3179
f 3179/3179 3258/3258 3259/3259
f 3179/3179 3259/3259 3180/3180
f 3180/3180 3259/3259 3260/3260
f 3180/3180 3260/3260 3181/3181
f 3181/3181 3260/3260 3261/3261
f 3181/3181 3261/3261 3182/3182
f 3182/3182 3261/3261 3262/3262
f 3182/3182 3262/3262 3183/3183
f 3183/3183 3262/3262 3263/3263
f 3183/3183 3263/3263 3184/3184
f 3184/3184 3263/3263 3264/3264
f 3184/3184 3264/3264 3185/3185
f 3185/3185 3264/3264 3265/3265
f 3185/3185 3265/3265 3186/3186
f 3186/3186 3265/3265 3266/3266
f 3186/3186 3266/3266 3187/3187
f 3187/3187 3266/3266 3267/3267
f 3187/3187 3267/3267 3188/3188
f 3188/3188 3267/3267 3268/3268
f 3188/3188 3268/3268 3189/3189
f 3189/3189 3268/3268 3269/3269
f 3189/3189 3269/3269 3190/3190
f 3190/3190 3269/3269 3270/3270
f 3190/3190 3270/3270 3191/3191
f 3191/3191 3270/3270 3271/3271
f 3191/3191 3271/3271 3192/3192
f 3192/3192 3271/3271 3272/3272
f 3192/3192 3272/3272 3193/3193
f 3193/3193 3272/3272 3273/3273
f 3193/3193 3273/3273 3194/3194
f 3194/3194 3273/3273 3274/3274
f 3194/3194 3274/3274 3195/3195
f 3195/3195 3274/3274 3275/3275
f 3195/3195 3275/3275 3196/3196
f 3196/3196 3275/3275 3276/3276
f 3196/3196 3276/3276 3197/3197
f 3197/3197 3276/3276 3277/3277
f 3197/3197 3277/3277 3198/3198
f 3198/3198 3277/3277 3278/3278
f 3198/3198 3278/3278 3199/3199
f 3199/3199 3278/3278 3279/3279
f 3202/3202 3282/3282 3203/3203
f 3203/3203 3282/3282 3283/3283
f 3203/3203 3283/3283 3204/3204
f 3204/3204 3283/3283 3284/3284
f 3204/3204 3284/3284 3205/3205
f 3205/3205 3284/3284 3285/3285
f 3205/3205 3285/3285 3206/3206
f 3206/3206 3285/3285 3286/3286
f 3206/3206 3286/3286 3207/3207
f 3207/3207 3286/3286 3287/3287
f 3207/3207 3287/3287 3208/3208
f 3208/3208 3287/3287 3288/3288
f 3208/3208 3288/3288 3209/3209
f 3209/3209 3288/3288 3289/3289
f 3209/3209 3289/3289 3210/3210
f 3210/3210 3289/3289 3290/3290
f 3210/3210 3290/3290 3211/3211
f 3211/3211 3290/3290 3291/3291
f 3211/3211 3291/3291 3212/3212
f 3212/3212 3291/3291 3292/3292
f 3212/3212 3292/3292 3213/3213
f 3213/3213 3292/3292 3293/3293
f 3213/3213 3293/3293 3214/3214
f 3214/3214 3293/3293 3294/3294
f 3214/3214 3294/3294 3215/3215
f 3215/3215 3294/3294 3295/3295
f 3215/3215 3295/3295 3216/3216
f 3216/3216 3295/3295 3296/3296
f 3216/3216 3296/3296 3217/3217
f 3217/3217 3296/3296 3297/3297
f 3217/3217 3297/3297 3218/3218
f 3218/3218 3297/3297 3298/3298
f 3218/3218 3298/3298 3219/3219
f 3219/3219 3298/3298 3299/3299
f 3219/3219 3299/3299 3220/3220
f 3220/3220 3299/3299 3300/3300
f 3220/3220 3300/3300 3221/3221
f 3221/3221 3300/3300 3301/3301
f 3221/3221 3301/3301 3222/3222
f 3222/3222 3301/3301 3302/3302
f 3222/3222 3302/3302 3223/3223
f 3223/3223 3302/3302 3303/3303
f 3223/3223 3303/3303 3224/3224
f 3224/3224 3303/3303 3304/3304
f 3224/3224 3304/3304 3225/3225
f 3225/3225 3304/3304 3305/3305
f 3225/3225 3305/3305 3226/3226
f 3226/3226 3305/3305 3306/3306
f 3226/3226 3306/3306 3227/3227
f 3227/3227 3306/3306 3307/3307
f 3227/3227 3307/3307 3228/3228
f 3228/3228 3307/3307 3308/3308
f 3228/3228 3308/3308 3229/3229
f 3229/3229 3308/3308 3309/3309
f 3229/3229 3309/3309 3230/3230
f 3230/3230 3309/3309 3310/3310
f 3230/3230 3310/3310 3231/3231
f 3231/3231 3310/3310 3311/3311
f 3231/3231 3311/3311 3232/3232
f 3232/3232 3311/3311 3312/3312
f 3232/3232 3312/3312 3233/3233
f 3233/3233 3312/3312 3313/3313
f 3233/3233 3313/3313 3234/3234
f 3234/3234 3313/3313 3314/3314
f 3234/3234 3314/3314 3235/3235
f 3235/3235 3314/3314 3315/3315
f 3235/3235 3315/3315 3236/3236
f 3236/3236 3315/3315 3316/3316
f 3236/3236 3316/3316 3237/3237
f 3237/3237 3316/3316 3317/3317
f 3237/3237 3317/3317 3238/3238
f 3238/3238 3317/3317 3318/3318
f 3238/3238 3318/3318 3239/3239
f 3239/3239 3318/3318 3319/3319
f 3239/3239 3319/3319 3240/3240
f 3240/3240 3319/3319 3320/3320
f 3240/3240 3320/3320 3241/3241
f 3241/3241 3320/3320 3321/3321
f 3241/3241 3321/3321 3242/3242
f 3242/3242 3321/3321 3322/3322
f 3242/3242 3322/3322 3243/3243
f 3243/3243 3322/3322 3323/3323
f 3243/3243 3323/3323 3244/3244
f 3244/3244 3323/3323 3324/3324
f 3244/3244 3324/3324 3245/3245
f 3245/3245 3324/3324 3325/3325
f 3245/3245 3325/3325 3246/3246
f 3246/3246 3325/3325 3326/3326
f 3246/3246 3326/3326 3247/3247
f 3247/3247 3326/3326 3327/3327
f 3247/3247 3327/3327 3248/3248
f 3248/3248 3327/3327 3328/3328
f 3248/3248 3328/3328 3249/3249
f 3249/3249 3328/3328 3329/3329
f 3249/3249 3329/3329 3250/3250
f 3250/3250 3329/3329 3330/3330
f 3250/3250 3330/3330 3251/3251
f 3251/3251 3330/3330 3331/3331
f 3251/3251 3331/3331 3252/3252
f 3252/3252 3331/3331 3332/3332
f 3252/3252 3332/3332 3253/3253
f 3253/3253 3332/3332 3333/3333
f 3253/3253 3333/3333 3254/3254
f 3254/3254 3333/3333 3334/3334
f 3254/3254 3334/3334 3255/3255
f 3255/3255 3334/3334 3335/3335
f 3255/3255 3335/3335 3256/3256
f 3256/3256 3335/3335 3336/3336
f 3256/3256 3336/3336 3257/3257
f 3257/3257 3336/3336 3337/3337
f 3257/3257 3337/3337 3258/3258
f 3258/3258 3337/3337 3338/3338
f 3258/3258 3338/3338 3259/3259
f 3259/3259 3338/3338 3339/3339
f 3259/3259 3339/3339 3260/3260
f 3260/3260 3339/3339 3340/3340
f 3260/3260 3340/3340 3261/3261
f 3261/3261 3340/3340 3341/3341
f 3261/3261 3341/3341 3262/3262
f 3262/3262 3341/3341 3342/3342
f 3262/3262 3342/3342 3263/3263
f 3263/3263 3342/3342 3343/3343
f 3263/3263 3343/3343 3264/3264
f 3264/3264 3343/3343 3344/3344
f 3264/3264 3344/3344 3265/3265
f 3265/3265 3344/3344 3345/3345
f 3265/3265 3345/3345 3266/3266
f 3266/3266 3345/3345 3346/3346
f 3266/3266 3346/3346 3267/3267
f 3267/3267 3346/3346 3347/3347
f 3267/3267 3347/3347 3268/3268
f 3268/3268 3347/3347 3348/3348
f 3268/3268 3348/3348 3269/3269
f 3269/3269 3348/3348 3349/3349
f 3269/3269 3349/3349 3270/3270
f 3270/3270 3349/3349 3350/3350
f 3270/3270 3350/3350 3271/3271
f 3271/3271 3350/3350 3351/3351
f 3271/3271 3351/3351 3272/3272
f 3272/3272 3351/3351 3352/3352
f 3272/3272 3352/3352 3273/3273
f 3273/3273 3352/3352 3353/3353
f 3273/3273 3353/3353 3274/3274
f 3274/3274 3353/3353 3354/3354
f 3274/3274 3354/3354 3275/3275
f 3275/3275 3354/3354 3355/3355
f 3275/3275 3355/3355 3276/3276
f 3276/3276 3355/3355 3356/3356
f 3276/3276 3356/3356 3277/3277
f 3277/3277 3356/3356 3357/3357
f 3277/3277 3357/3357 3278/3278
f 3278/3278 3357/3357 3358/3358
f 3278/3278 3358/3358 3279/3279
f 3279/3279 3358/3358 3359/3359
f 3282/3282 3362/3362 3283/3283
f 3283/3283 3362/3362 3363/3363
f 3283/3283 3363/3363 3284/3284
f 3284/3284 3363/3363 3364/3364
f 3284/3284 3364/3364 3285/3285
f 3285/3285 3364/3364 3365/3365
f 3285/3285 3365/3365 3286/3286
f 3286/3286 3365/3365 3366/3366
f 3286/3286 3366/3366 3287/3287
f 3287/3287 3366/3366 3367/3367
f 3287/3287 3367/3367 3288/3288
f 3288/3288 3367/3367 3368/3368
f 3288/3288 3368/3368 3289/3289
f 3289/3289 3368/3368 3369/3369
f 3289/3289 3369/3369 3290/3290
f 3290/3290 3369/3369 3370/3370
f 3290/3290 3370/3370 3291/3291
f 3291/3291 3370/3370 3371/3371
f 3291/3291 3371/3371 3292/3292
f 3292/3292 3371/3371 3372/3372
f 3292/3292 3372/3372 3293/3293
f 3293/3293 3372/3372 3373/3373
f 3293/3293 3373/3373 3294/3294
f 3294/3294 3373/3373 3374/3374
f 3294/3294 3374/3374 3295/3295
f 3295/3295 3374/3374 3375/3375
f 3295/3295 3375/3375 3296/3296
f 3296/3296 3375/3375 3376/3376
f 3296/3296 3376/3376 3297/3297
f 3297/3297 3376/3376 3377/3377
f 3297/3297 3377/3377 3298/3298
f 3298/3298 3377/3377 3378/3378
f 3298/3298 3378/3378 3299/3299
f 3299/3299 3378/3378 3379/3379
f 3299/3299 3379/3379 3300/3300
f 3300/3300 3379/3379 3380/3380
f 3300/3300 3380/3380 3301/3301
f 3301/3301 3380/3380 3381/3381
f 3301/3301 3381/3381 3302/3302
f 3302/3302 3381/3381 3382/3382
f 3302/3302 3382/3382 3303/3303
f 3303/3303 3382/3382 3383/3383
f 3303/3303 3383/3383 3304/3304
f 3304/3304 3383/3383 3384/3384
f 3304/3304 3384/3384 3305/3305
f 3305/3305 3384/3384 3385/3385
f 3305/3305 3385/3385 3306/3306
f 3306/3306 3385/3385 3386/3386
f 3306/3306 3386/3386 3307/3307
f 3307/3307 3386/3386 3387/3387
f 3307/3307 3387/3387 3308/3308
f 3308/3308 3387/3387 3388/3388
f 3308/3308 3388/3388 3309/3309
f 3309/3309 3388/3388 3389/3389
f 3309/3309 3389/3389 3310/3310
f 3310/3310 3389/3389 3390/3390
f 3310/3310 3390/3390 3311/3311
f 3311/3311 3390/3390 3391/3391
f 3311/3311 3391/3391 3312/3312
f 3312/3312 3391/3391 3392/3392
f 3312/3312 3392/3392 3313/3313
f 3313/3313 3392/3392 3393/3393
f 3313/3313 3393/3393 3314/3314
f 3314/3314 3393/3393 3394/3394
f 3314/3314 3394/3394 3315/3315
f 3315/3315 3394/3394 3395/3395
f 3315/3315 3395/3395 3316/3316
f 3316/3316 3395/3395 3396/3396
f 3316/3316 3396/3396 3317/3317
f 3317/3317 3396/3396 3397/3397
f 3317/3317 3397/3397 3318/3318
f 3318/3318 3397/3397 3398/3398
f 3318/3318 3398/3398 3319/3319
f 3319/3319 3398/3398 3399/3399
f 3319/3319 3399/3399 3320/3320
f 3320/3320 3399/3399 3400/3400
f 3320/3320 3400/3400 3321/3321
f 3321/3321 3400/3400 3401/3401
f 3321/3321 3401/3401 3322/3322
f 3322/3322 3401/3401 3402/3402
f 3322/3322 3402/3402 3323/3323
f 3323/3323 3402/3402 3403/3403
f 3323/3323 3403/3403 3324/3324
f 3324/3324 3403/3403 3404/3404
f 3324/3324 3404/3404 3325/3325
f 3325/3325 3404/3404 3405/3405
f 3325/3325 3405/3405 3326/3326
f 3326/3326 3405/3405 3406/3406
f 3326/3326 3406/3406 3327/3327
f 3327/3327 3406/3406 3407/3407
f 3327/3327 3407/3407 3328/3328
f 3328/3328 3407/3407 3408/3408
f 3328/3328 3408/3408 3329/3329
f 3329/3329 3408/3408 3409/3409
f 3329/3329 3409/3409 3330/3330
f 3330/3330 3409/3409 3410/3410
f 3330/3330 3410/3410 3331/3331
f 3331/3331 3410/3410 3411/3411
f 3331/3331 3411/3411 3332/3332
f 3332/3332 3411/3411 3412/3412
f 3332/3332 3412/3412 3333/3333
f 3333/3333 3412/3412 3413/3413
f 3333/3333 3413/3413 3334/3334
f 3334/3334 3413/3413 3414/3414
f 3334/3334 3414/3414 3335/3335
f 3335/3335 3414/3414 3415/3415
f 3335/3335 3415/3415 3336/3336
f 3336/3336 3415/3415 3416/3416
f 3336/3336 3416/3416 3337/3337
f 3337/3337 3416/3416 3417/3417
f 3337/3337 3417/3417 3338/3338
f 3338/3338 3417/3417 3418/3418
f 3338/3338 3418/3418 3339/3339
f 3339/3339 3418/3418 3419/3419
f 3339/3339 3419/3419 3340/3340
f 3340/3340 3419/3419 3420/3420
f 3340/3340 3420/3420 3341/3341
f 3341/3341 3420/3420 3421/3421
f 3341/3341 3421/3421 3342/3342
f 3342/3342 3421/3421 3422/3422
f 3342/3342 3422/3422 3343/3343
f 3343/3343 3422/3422 3423/3423
f 3343/3343 3423/3423 3344/3344
f 3344/3344 3423/3423 3424/3424
f 3344/3344 3424/3424 3345/3345
f 3345/3345 3424/3424 3425/3425
f 3345/3345 3425/3425 3346/3346
f 3346/3346 3425/3425 3426/3426
f 3346/3346 3426/3426 3347/3347
f 3347/3347 3426/3426 3427/3427
f 3347/3347 3427/3427 3348/3348
f 3348/3348 3427/3427 3428/3428
f 3348/3348 3428/3428 3349/3349
f 3349/3349 3428/3428 3429/3429
f 3349/3349 3429/3429 3350/3350
f 3350/3350 3429/3429 3430/3430
f 3350/3350 3430/3430 3351/3351
f 3351/3351 3430/3430 3431/3431
f 3351/3351 3431/3431 3352/3352
f 3352/3352 3431/3431 3432/3432
f 3352/3352 3432/3432 3353/3353
f 3353/3353 3432/3432 3433/3433
f 3353/3353 3433/3433 3354/3354
f 3354/3354 3433/3433 3434/3434
f 3354/3354 3434/3434 3355/3355
f 3355/3355 3434/3434 3435/3435
f 3355/3355 3435/3435 3356/3356
f 3356/3356 3435/3435 3436/3436
f 3356/3356 3436/3436 3357/3357
f 3357/3357 3436/3436 3437/3437
f 3357/3357 3437/3437 3358/3358
f 3358/3358 3437/3437 3438/3438
f 3358/3358 3438/3438 3359/3359
f 3359/3359 3438/3438 3439/3439
f 3362/3362 3442/3442 3363/3363
f 3363/3363 3442/3442 3443/3443
f 3363/3363 3443/3443 3364/3364
f 3364/3364 3443/3443 3444/3444
f 3364/3364 3444/3444 3365/3365
f 3365/3365 3444/3444 3445/3445
f 3365/3365 3445/3445 3366/3366
f 3366/3366 3445/3445 3446/3446
f 3366/3366 3446/3446 3367/3367
f 3367/3367 3446/3446 3447/3447
f 3367/3367 3447/3447 3368/3368
f 3368/3368 3447/3447 3448/3448
f 3368/3368 3448/3448 3369/3369
f 3369/3369 3448/3448 3449/3449
f 3369/3369 3449/3449 3370/3370
f 3370/3370 3449/3449 3450/3450
f 3370/3370 3450/3450 3371/3371
f 3371/3371 3450/3450 3451/3451
f 3371/3371 3451/3451 3372/3372
f 3372/3372 3451/3451 3452/3452
f 3372/3372 3452/3452 3373/3373
f 3373/3373 3452/3452 3453/3453
f 3373/3373 3453/3453 3374/3374
f 3374/3374 3453/3453 3454/3454
f 3374/3374 3454/3454 3375/3375
f 3375/3375 3454/3454 3455/3455
f 3375/3375 3455/3455 3376/3376
f 3376/3376 3455/3455 3456/3456
f 3376/3376 3456/3456 3377/3377
f 3377/3377 3456/3456 3457/3457
f 3377/3377 3457/3457 3378/3378
f 3378/3378 3457/3457 3458/3458
f 3378/3378 3458/3458 3379/3379
f 3379/3379 3458/3458 3459/3459
f 3379/3379 3459/3459 3380/3380
f 3380/3380 3459/3459 3460/3460
f 3380/3380 3460/3460 3381/3381
f 3381/3381 3460/3460 3461/3461
f 3381/3381 3461/3461 3382/3382
f 3382/3382 3461/3461 3462/3462
f 3382/3382 3462/3462 3383/3383
f 3383/3383 3462/3462 3463/3463
f 3383/3383 3463/3463 3384/3384
f 3384/3384 3463/3463 3464/3464
f 3384/3384 3464/3464 3385/3385
f 3385/3385 3464/3464 3465/3465
f 3385/3385 3465/3465 3386/3386
f 3386/3386 3465/3465 3466/3466
f 3386/3386 3466/3466 3387/3387
f 3387/3387 3466/3466 3467/3467
f 3387/3387 3467/3467 3388/3388
f 3388/3388 3467/3467 3468/3468
f 3388/3388 3468/3468 3389/3389
f 3389/3389 3468/3468 3469/3469
f 3389/3389 3469/3469 3390/3390
f 3390/3390 3469/3469 3470/3470
f 3390/3390 3470/3470 3391/3391
f 3391/3391 3470/3470 3471/3471
f 3391/3391 3471/3471 3392/3392
f 3392/3392 3471/3471 3472/3472
f 3392/3392 3472/3472 3393/3393
f 3393/3393 3472/3472 3473/3473
f 3393/3393 3473/3473 3394/3394
f 3394/3394 3473/3473 3474/3474
f 3394/3394 3474/3474 3395/3395
f 3395/3395 3474/3474 3475/3475
f 3395/3395 3475/3475 3396/3396
f 3396/3396 3475/3475 3476/3476
f 3396/3396 3476/3476 3397/3397
f 3397/3397 3476/3476 3477/3477
f 3397/3397 3477/3477 3398/3398
f 3398/3398 3477/3477 3478/3478
f 3398/3398 3478/3478 3399/3399
f 3399/3399 3478/3478 3479/3479
f 3399/3399 3479/3479 3400/3400
f 3400/3400 3479/3479 3480/3480
f 3400/3400 3480/3480 3401/3401
f 3401/3401 3480/3480 3481/3481
f 3401/3401 3481/3481 3402/3402
f 3402/3402 3481/3481 3482/3482
f 3402/3402 3482/3482 3403/3403
f 3403/3403 3482/3482 3483/3483
f 3403/3403 3483/3483 3404/3404
f 3404/3404 3483/3483 3484/3484
f 3404/3404 3484/3484 3405/3405
f 3405/3405 3484/3484 3485/3485
f 3405/3405 3485/3485 3406/3406
f 3406/3406 3485/3485 3486/3486
f 3406/3406 3486/3486 3407/3407
f 3407/3407 3486/3486 3487/3487
f 3407/3407 3487/3487 3408/3408
f 3408/3408 3487/3487 3488/3488
f 3408/3408 3488/3488 3409/3409
f 3409/3409 3488/3488 3489/3489
f 3409/3409 3489/3489 3410/3410
f 3410/3410 3489/3489 3490/3490
f 3410/3410 3490/3490 3411/3411
f 3411/3411 3490/3490 3491/3491
f 3411/3411 3491/3491 3412/3412
f 3412/3412 3491/3491 3492/3492
f 3412/3412 3492/3492 3413/3413
f 3413/3413 3492/3492 3493/3493
f 3413/3413 3493/3493 3414/3414
f 3414/3414 3493/3493 3494/3494
f 3414/3414 3494/3494 3415/3415
f 3415/3415 3494/3494 3495/3495
f 3415/3415 3495/3495 3416/3416
f 3416/3416 3495/3495 3496/3496
f 3416/3416 3496/3496 3417/3417
f 3417/3417 3496/3496 3497/3497
f 3417/3417 3497/3497 3418/3418
f 3418/3418 3497/3497 3498/3498
f 3418/3418 3498/3498 3419/3419
f 3419/3419 3498/3498 3499/3499
f 3419/3419 3499/3499 3420/3420
f 3420/3420 3499/3499 3500/3500
f 3420/3420 3500/3500 3421/3421
f 3421/3421 3500/3500 3501/3501
f 3421/3421 3501/3501 3422/3422
f 3422/3422 3501/3501 3502/3502
f 3422/3422 3502/3502 3423/3423
f 3423/3423 3502/3502 3503/3503
f 3423/3423 3503/3503 3424/3424
f 3424/3424 3503/3503 3504/3504
f 3424/3424 3504/3504 3425/3425
f 3425/3425 3504/3504 3505/3505
f 3425/3425 3505/3505 3426/3426
f 3426/3426 3505/3505 3506/3506
f 3426/3426 3506/3506 3427/3427
f 3427/3427 3506/3506 3507/3507
f 3427/3427 3507/3507 3428/3428
f 3428/3428 3507/3507 3508/3508
f 3428/3428 3508/3508 3429/3429
f 3429/3429 3508/3508 3509/3509
f 3429/3429 3509/3509 3430/3430
f 3430/3430 3509/3509 3510/3510
f 3430/3430 3510/3510 3431/3431
f 3431/3431 3510/3510 3511/3511
f 3431/3431 3511/3511 3432/3432
f 3432/3432 3511/3511 3512/3512
f 3432/3432 3512/3512 3433/3433
f 3433/3433 3512/3512 3513/3513
f 3433/3433 3513/3513 3434/3434
f 3434/3434 3513/3513 3514/3514
f 3434/3434 3514/3514 3435/3435
f 3435/3435 3514/3514 3515/3515
f 3435/3435 3515/3515 3436/3436
f 3436/3436 3515/3515 3516/3516
f 3436/3436 3516/3516 3437/3437
f 3437/3437 3516/3516 3517/3517
f 3437/3437 3517/3517 3438/3438
f 3438/3438 3517/3517 3518/3518
f 3438/3438 3518/3518 3439/3439
f 3439/3439 3518/3518 3519/3519
f 3442/3442 3522/3522 3443/3443
f 3443/3443 3522/3522 3523/3523
f 3443/3443 3523/3523 3444/3444
f 3444/3444 3523/3523 3524/3524
f 3444/3444 3524/3524 3445/3445
f 3445/3445 3524/3524 3525/3525
f 3445/3445 3525/3525 3446/3446
f 3446/3446 3525/3525 3526/3526
f 3446/3446 3526/3526 3447/3447
f 3447/3447 3526/3526 3527/3527
f 3447/3447 3527/3527 3448/3448
f 3448/3448 3527/3527 3528/3528
f 3448/3448 3528/3528 3449/3449
f 3449/3449 3528/3528 3529/3529
f 3449/3449 3529/3529 3450/3450
f 3450/3450 3529/3529 3530/3530
f 3450/3450 3530/3530 3451/3451
f 3451/3451 3530/3530 3531/3531
f 3451/3451 3531/3531 3452/3452
f 3452/3452 3531/3531 3532/3532
f 3452/3452 3532/3532 3453/3453
f 3453/3453 3532/3532 3533/3533
f 3453/3453 3533/3533 3454/3454
f 3454/3454 3533/3533 3534/3534
f 3454/3454 3534/3534 3455/3455
f 3455/3455 3534/3534 3535/3535
f 3455/3455 3535/3535 3456/3456
f 3456/3456 3535/3535 3536/3536
f 3456/3456 3536/3536 3457/3457
f 3457/3457 3536/3536 3537/3537
f 3457/3457 3537/3537 3458/3458
f 3458/3458 3537/3537 3538/3538
f 3458/3458 3538/3538 3459/3459
f 3459/3459 3538/3538 3539/3539
f 3459/3459 3539/3539 3460/3460
f 3460/3460 3539/3539 3540/3540
f 3460/3460 3540/3540 3461/3461
f 3461/3461 3540/3540 3541/3541
f 3461/3461 3541/3541 3462/3462
f 3462/3462 3541/3541 3542/3542
f 3462/3462 3542/3542 3463/3463
f 3463/3463 3542/3542 3543/3543
f 3463/3463 3543/3543 3464/3464
f 3464/3464 3543/3543 3544/3544
f 3464/3464 3544/3544 3465/3465
f 3465/3465 3544/3544 3545/3545
f 3465/3465 3545/3545 3466/3466
f 3466/3466 3545/3545 3546/3546
f 3466/3466 3546/3546 3467/3467
f 3467/3467 3546/3546 3547/3547
f 3467/3467 3547/3547 3468/3468
f 3468/3468 3547/3547 3548/3548
f 3468/3468 3548/3548 3469/3469
f 3469/3469 3548/3548 3549/3549
f 3469/3469 3549/3549 3470/3470
f 3470/3470 3549/3549 3550/3550
f 3470/3470 3550/3550 3471/3471
f 3471/3471 3550/3550 3551/3551
f 3471/3471 3551/3551 3472/3472
f 3472/3472 3551/3551 3552/3552
f 3472/3472 3552/3552 3473/3473
f 3473/3473 3552/3552 3553/3553
f 3473/3473 3553/3553 3474/3474
f 3474/3474 3553/3553 3554/3554
f 3474/3474 3554/3554 3475/3475
f 3475/3475 3554/3554 3555/3555
f 3475/3475 3555/3555 3476/3476
f 3476/3476 3555/3555 3556/3556
f 3476/3476 3556/3556 3477/3477
f 3477/3477 3556/3556 3557/3557
f 3477/3477 3557/3557 3478/3478
f 3478/3478 3557/3557 3558/3558
f 3478/3478 3558/3558 3479/3479
f 3479/3479 3558/3558 3559/3559
f 3479/3479 3559/3559 3480/3480
f 3480/3480 3559/3559 3560/3560
f 3480/3480 3560/3560 3481/3481
f 3481/3481 3560/3560 3561/3561
f 3481/3481 3561/3561 3482/3482
f 3482/3482 3561/3561 3562/3562
f 3482/3482 3562/3562 3483/3483
f 3483/3483 3562/3562 3563/3563
f 3483/3483 3563/3563 3484/3484
f 3484/3484 3563/3563 3564/3564
f 3484/3484 3564/3564 3485/3485
f 3485/3485 3564/3564 3565/3565
f 3485/3485 3565/3565 3486/3486
f 3486/3486 3565/3565 3566/3566
f 3486/3486 3566/3566 3487/3487
f 3487/3487 3566/3566 3567/3567
f 3487/3487 3567/3567 3488/3488
f 3488/3488 3567/3567 3568/3568
f 3488/3488 3568/3568 3489/3489
f 3489/3489 3568/3568 3569/3569
f 3489/3489 3569/3569 3490/3490
f 3490/3490 3569/3569 3570/3570
f 3490/3490 3570/3570 3491/3491
f 3491/3491 3570/3570 3571/3571
f 3491/3491 3571/3571 3492/3492
f 3492/3492 3571/3571 3572/3572
f 3492/3492 3572/3572 3493/3493
f 3493/3493 3572/3572 3573/3573
f 3493/3493 3573/3573 3494/3494
f 3494/3494 3573/3573 3574/3574
f 3494/3494 3574/3574 3495/3495
f 3495/3495 3574/3574 3575/3575
f 3495/3495 3575/3575 3496/3496
f 3496/3496 3575/3575 3576/3576
f 3496/3496 3576/3576 3497/3497
f 3497/3497 3576/3576 3577/3577
f 3497/3497 3577/3577 3498/3498
f 3498/3498 3577/3577 3578/3578
f 3498/3498 3578/3578 3499/3499
f 3499/3499 3578/3578 3579/3579
f 3499/3499 3579/3579 3500/3500
f 3500/3500 3579/3579 3580/3580
f 3500/3500 3580/3580 3501/3501
f 3501/3501 3580/3580 3581/3581
f 3501/3501 3581/3581 3502/3502
f 3502/3502 3581/3581 3582/3582
f 3502/3502 3582/3582 3503/3503
f 3503/3503 3582/3582 3583/3583
f 3503/3503 3583/3583 3504/3504
f 3504/3504 3583/3583 3584/3584
f 3504/3504 3584/3584 3505/3505
f 3505/3505 3584/3584 3585/3585
f 3505/3505 3585/3585 3506/3506
f 3506/3506 3585/3585 3586/3586
f 3506/3506 3586/3586 3507/3507
f 3507/3507 3586/3586 3587/3587
f 3507/3507 3587/3587 3508/3508
f 3508/3508 3587/3587 3588/3588
f 3508/3508 3588/3588 3509/3509
f 3509/3509 3588/3588 3589/3589
f 3509/3509 3589/3589 3510/3510
f 3510/3510 3589/3589 3590/3590
f 3510/3510 3590/3590 3511/3511
f 3511/3511 3590/3590 3591/3591
f 3511/3511 3591/3591 3512/3512
f 3512/3512 3591/3591 3592/3592
f 3512/3512 3592/3592 3513/3513
f 3513/3513 3592/3592 3593/3593
f 3513/3513 3593/3593 3514/3514
f 3514/3514 3593/3593 3594/3594
f 3514/3514 3594/3594 3515/3515
f 3515/3515 3594/3594 3595/3595
f 3515/3515 3595/3595 3516/3516
f 3516/3516 3595/3595 3596/3596
f 3516/3516 3596/3596 3517/3517
f 3517/3517 3596/3596 3597/3597
f 3517/3517 3597/3597 3518/3518
f 3518/3518 3597/3597 3598/3598
f 3522/3522 3602/3602 3523/3523
f 3523/3523 3602/3602 3603/3603
f 3523/3523 3603/3603 3524/3524
f 3524/3524 3603/3603 3604/3604
f 3524/3524 3604/3604 3525/3525
f 3525/3525 3604/3604 3605/3605
f 3525/3525 3605/3605 3526/3526
f 3526/3526 3605/3605 3606/3606
f 3526/3526 3606/3606 3527/3527
f 3527/3527 3606/3606 3607/3607
f 3527/3527 3607/3607 3528/3528
f 3528/3528 3607/3607 3608/3608
f 3528/3528 3608/3608 3529/3529
f 3529/3529 3608/3608 3609/3609
f 3529/3529 3609/3609 3530/3530
f 3530/3530 3609/3609 3610/3610
f 3530/3530 3610/3610 3531/3531
f 3531/3531 3610/3610 3611/3611
f 3531/3531 3611/3611 3532/3532
f 3532/3532 3611/3611 3612/3612
f 3532/3532 3612/3612 3533/3533
f 3533/3533 3612/3612 3613/3613
f 3533/3533 3613/3613 3534/3534
f 3534/3534 3613/3613 3614/3614
f 3534/3534 3614/3614 3535/3535
f 3535/3535 3614/3614 3615/3615
f 3535/3535 3615/3615 3536/3536
f 3536/3536 3615/3615 3616/3616
f 3536/3536 3616/3616 3537/3537
f 3537/3537 3616/3616 3617/3617
f 3537/3537 3617/3617 3538/3538
f 3538/3538 3617/3617 3618/3618
f 3538/3538 3618/3618 3539/3539
f 3539/3539 3618/3618 3619/3619
f 3539/3539 3619/3619 3540/3540
f 3540/3540 3619/3619 3620/3620
f 3540/3540 3620/3620 3541/3541
f 3541/3541 3620/3620 3621/3621
f 3541/3541 3621/3621 3542/3542
f 3542/3542 3621/3621 3622/3622
f 3542/3542 3622/3622 3543/3543
f 3543/3543 3622/3622 3623/3623
f 3543/3543 3623/3623 3544/3544
f 3544/3544 3623/3623 3624/3624
f 3544/3544 3624/3624 3545/3545
f 3545/3545 3624/3624 3625/3625
f 3545/3545 3625/3625 3546/3546
f 3546/3546 3625/3625 3626/3626
f 3546/3546 3626/3626 3547/3547
f 3547/3547 3626/3626 3627/3627
f 3547/3547 3627/3627 3548/3548
f 3548/3548 3627/3627 3628/3628
f 3548/3548 3628/3628 3549/3549
f 3549/3549 3628/3628 3629/3629
f 3549/3549 3629/3629 3550/3550
f 3550/3550 3629/3629 3630/3630
f 3550/3550 3630/3630 3551/3551
f 3551/3551 3630/3630 3631/3631
f 3551/3551 3631/3631 3552/3552
f 3552/3552 3631/3631 3632/3632
f 3552/3552 3632/3632 3553/3553
f 3553/3553 3632/3632 3633/3633
f 3553/3553 3633/3633 3554/3554
f 3554/3554 3633/3633 3634/3634
f 3554/3554 3634/3634 3555/3555
f 3555/3555 3634/3634 3635/3635
f 3555/3555 3635/3635 3556/3556
f 3556/3556 3635/3635 3636/3636
f 3556/3556 3636/3636 3557/3557
f 3557/3557 3636/3636 3637/3637
f 3557/3557 3637/3637 3558/3558
f 3558/3558 3637/3637 3638/3638
f 3558/3558 3638/3638 3559/3559
f 3559/3559 3638/3638 3639/3639
f 3559/3559 3639/3639 3560/3560
f 3560/3560 3639/3639 3640/3640
f 3560/3560 3640/3640 3561/3561
f 3561/3561 3640/3640 3641/3641
f 3561/3561 3641/3641 3562/3562
f 3562/3562 3641/3641 3642/3642
f 3562/3562 3642/3642 3563/3563
f 3563/3563 3642/3642 3643/3643
f 3563/3563 3643/3643 3564/3564
f 3564/3564 3643/3643 3644/3644
f 3564/3564 3644/3644 3565/3565
f 3565/3565 3644/3644 3645/3645
f 3565/3565 3645/3645 3566/3566
f 3566/3566 3645/3645 3646/3646
f 3566/3566 3646/3646 3567/3567
f 3567/3567 3646/3646 3647/3647
f 3567/3567 3647/3647 3568/3568
f 3568/3568 3647/3647 3648/3648
f 3568/3568 3648/3648 3569/3569
f 3569/3569 3648/3648 3649/3649
f 3569/3569 3649/3649 3570/3570
f 3570/3570 3649/3649 3650/3650
f 3570/3570 3650/3650 3571/3571
f 3571/3571 3650/3650 3651/3651
f 3571/3571 3651/3651 3572/3572
f 3572/3572 3651/3651 3652/3652
f 3572/3572 3652/3652 3573/3573
f 3573/3573 3652/3652 3653/3653
f 3573/3573 3653/3653 3574/3574
f 3574/3574 3653/3653 3654/3654
f 3574/3574 3654/3654 3575/3575
f 3575/3575 3654/3654 3655/3655
f 3575/3575 3655/3655 3576/3576
f 3576/3576 3655/3655 3656/3656
f 3576/3576 3656/3656 3577/3577
f 3577/3577 3656/3656 3657/3657
f 3577/3577 3657/3657 3578/3578
f 3578/3578 3657/3657 3658/3658
f 3578/3578 3658/3658 3579/3579
f 3579/3579 3658/3658 3659/3659
f 3579/3579 3659/3659 3580/3580
f 3580/3580 3659/3659 3660/3660
f 3580/3580 3660/3660 3581/3581
f 3581/3581 3660/3660 3661/3661
f 3581/3581 3661/3661 3582/3582
f 3582/3582 3661/3661 3662/3662
f 3582/3582 3662/3662 3583/3583
f 3583/3583 3662/3662 3663/3663
f 3583/3583 3663/3663 3584/3584
f 3584/3584 3663/3663 3664/3664
f 3584/3584 3664/3664 3585/3585
f 3585/3585 3664/3664 3665/3665
f 3585/3585 3665/3665 3586/3586
f 3586/3586 3665/3665 3666/3666
f 3586/3586 3666/3666 3587/3587
f 3587/3587 3666/3666 3667/3667
f 3587/3587 3667/3667 3588/3588
f 3588/3588 3667/3667 3668/3668
f 3588/3588 3668/3668 3589/3589
f 3589/3589 3668/3668 3669/3669
f 3589/3589 3669/3669 3590/3590
f 3590/3590 3669/3669 3670/3670
f 3590/3590 3670/3670 3591/3591
f 3591/3591 3670/3670 3671/3671
f 3591/3591 3671/3671 3592/3592
f 3592/3592 3671/3671 3672/3672
f 3592/3592 3672/3672 3593/3593
f 3593/3593 3672/3672 3673/3673
f 3593/3593 3673/3673 3594/3594
f 3594/3594 3673/3673 3674/3674
f 3594/3594 3674/3674 3595/3595
f 3595/3595 3674/3674 3675/3675
f 3595/3595 3675/3675 3596/3596
f 3596/3596 3675/3675 3676/3676
f 3596/3596 3676/3676 3597/3597
f 3597/3597 3676/3676 3677/3677
f 3597/3597 3677/3677 3598/3598
f 3598/3598 3677/3677 3678/3678
f 3602/3602 3682/3682 3603/3603
f 3603/3603 3682/3682 3683/3683
f 3603/3603 3683/3683 3604/3604
f 3604/3604 3683/3683 3684/3684
f 3604/3604 3684/3684 3605/3605
f 3605/3605 3684/3684 3685/3685
f 3605/3605 3685/3685 3606/3606
f 3606/3606 3685/3685 3686/3686
f 3606/3606 3686/3686 3607/3607
f 3607/3607 3686/3686 3687/3687
f 3607/3607 3687/3687 3608/3608
f 3608/3608 3687/3687 3688/3688
f 3608/3608 3688/3688 3609/3609
f 3609/3609 3688/3688 3689/3689
f 3609/3609 3689/3689 3610/3610
f 3610/3610 3689/3689 3690/3690
f 3610/3610 3690/3690 3611/3611
f 3611/3611 3690/3690 3691/3691
f 3611/3611 3691/3691 3612/3612
f 3612/3612 3691/3691 3692/3692
f 3612/3612 3692/3692 3613/3613
f 3613/3613 3692/3692 3693/3693
f 3613/3613 3693/3693 3614/3614
f 3614/3614 3693/3693 3694/3694
f 3614/3614 3694/3694 3615/3615
f 3615/3615 3694/3694 3695/3695
f 3615/3615 3695/3695 3616/3616
f 3616/3616 3695/3695 3696/3696
f 3616/3616 3696/3696 3617/3617
f 3617/3617 3696/3696 3697/3697
f 3617/3617 3697/3697 3618/3618
f 3618/3618 3697/3697 3698/3698
f 3618/3618 3698/3698 3619/3619
f 3619/3619 3698/3698 3699/3699
f 3619/3619 3699/3699 3620/3620
f 3620/3620 3699/3699 3700/3700
f 3620/3620 3700/3700 3621/3621
f 3621/3621 3700/3700 3701/3701
f 3621/3621 3701/3701 3622/3622
f 3622/3622 3701/3701 3702/3702
f 3622/3622 3702/3702 3623/3623
f 3623/3623 3702/3702 3703/3703
f 3623/3623 3703/3703 3624/3624
f 3624/3624 3703/3703 3704/3704
f 3624/3624 3704/3704 3625/3625
f 3625/3625 3704/3704 3705/3705
f 3625/3625 3705/3705 3626/3626
f 3626/3626 3705/3705 3706/3706
f 3626/3626 3706/3706 3627/3627
f 3627/3627 3706/3706 3707/3707
f 3627/3627 3707/3707 3628/3628
f 3628/3628 3707/3707 3708/3708
f 3628/3628 3708/3708 3629/3629
f 3629/3629 3708/3708 3709/3709
f 3629/3629 3709/3709 3630/3630
f 3630/3630 3709/3709 3710/3710
f 3630/3630 3710/3710 3631/3631
f 3631/3631 3710/3710 3711/3711
f 3631/3631 3711/3711 3632/3632
f 3632/3632 3711/3711 3712/3712
f 3632/3632 3712/3712 3633/3633
f 3633/3633 3712/3712 3713/3713
f 3633/3633 3713/3713 3634/3634
f 3634/3634 3713/3713 3714/3714
f 3634/3634 3714/3714 3635/3635
f 3635/3635 3714/3714 3715/3715
f 3635/3635 3715/3715 3636/3636
f 3636/3636 3715/3715 3716/3716
f 3636/3636 3716/3716 3637/3637
f 3637/3637 3716/3716 3717/3717
f 3637/3637 3717/3717 3638/3638
f 3638/3638 3717/3717 3718/3718
f 3638/3638 3718/3718 3639/3639
f 3639/3639 3718/3718 3719/3719
f 3639/3639 3719/3719 3640/3640
f 3640/3640 3719/3719 3720/3720
f 3640/3640 3720/3720 3641/3641
f 3641/3641 3720/3720 3721/3721
f 3641/3641 3721/3721 3642/3642
f 3642/3642 3721/3721 3722/3722
f 3642/3642 3722/3722 3643/3643
f 3643/3643 3722/3722 3723/3723
f 3643/3643 3723/3723 3644/3644
f 3644/3644 3723/3723 3724/3724
f 3644/3644 3724/3724 3645/3645
f 3645/3645 3724/3724 3725/3725
f 3645/3645 3725/3725 3646/3646
f 3646/3646 3725/3725 3726/3726
f 3646/3646 3726/3726 3647/3647
f 3647/3647 3726/3726 3727/3727
f 3647/3647 3727/3727 3648/3648
f 3648/3648 3727/3727 3728/3728
f 3648/3648 3728/3728 3649/3649
f 3649/3649 3728/3728 3729/3729
f 3649/3649 3729/3729 3650/3650
f 3650/3650 3729/3729 3730/3730
f 3650/3650 3730/3730 3651/3651
f 3651/3651 3730/3730 3731/3731
f 3651/3651 3731/3731 3652/3652
f 3652/3652 3731/3731 3732/3732
f 3652/3652 3732/3732 3653/3653
f 3653/3653 3732/3732 3733/3733
f 3653/3653 3733/3733 3654/3654
f 3654/3654 3733/3733 3734/3734
f 3654/3654 3734/3734 3655/3655
f 3655/3655 3734/3734 3735/3735
f 3655/3655 3735/3735 3656/3656
f 3656/3656 3735/3735 3736/3736
f 3656/3656 3736/3736 3657/3657
f 3657/3657 3736/3736 3737/3737
f 3657/3657 3737/3737 3658/3658
f 3658/3658 3737/3737 3738/3738
f 3658/3658 3738/3738 3659/3659
f 3659/3659 3738/3738 3739/3739
f 3659/3659 3739/3739 3660/3660
f 3660/3660 3739/3739 3740/3740
f 3660/3660 3740/3740 3661/3661
f 3661/3661 3740/3740 3741/3741
f 3661/3661 3741/3741 3662/3662
f 3662/3662 3741/3741 3742/3742
f 3662/3662 3742/3742 3663/3663
f 3663/3663 3742/3742 3743/3743
f 3663/3663 3743/3743 3664/3664
f 3664/3664 3743/3743 3744/3744
f 3664/3664 3744/3744 3665/3665
f 3665/3665 3744/3744 3745/3745
f 3665/3665 3745/3745 3666/3666
f 3666/3666 3745/3745 3746/3746
f 3666/3666 3746/3746 3667/3667
f 3667/3667 3746/3746 3747/3747
f 3667/3667 3747/3747 3668/3668
f 3668/3668 3747/3747 3748/3748
f 3668/3668 3748/3748 3669/3669
f 3669/3669 3748/3748 3749/3749
f 3669/3669 3749/3749 3670/3670
f 3670/3670 3749/3749 3750/3750
f 3670/3670 3750/3750 3671/3671
f 3671/3671 3750/3750 3751/3751
f 3671/3671 3751/3751 3672/3672
f 3672/3672 3751/3751 3752/3752
f 3672/3672 3752/3752 3673/3673
f 3673/3673 3752/3752 3753/3753
f 3673/3673 3753/3753 3674/3674
f 3674/3674 3753/3753 3754/3754
f 3674/3674 3754/3754 3675/3675
f 3675/3675 3754/3754 3755/3755
f 3675/3675 3755/3755 3676/3676
f 3676/3676 3755/3755 3756/3756
f 3676/3676 3756/3756 3677/3677
f 3677/3677 3756/3756 3757/3757
f 3677/3677 3757/3757 3678/3678
f 3678/3678 3757/3757 3758/3758
f 3682/3682 3762/3762 3683/3683
f 3683/3683 3762/3762 3763/3763
f 3683/3683 3763/3763 3684/3684
f 3684/3684 3763/3763 3764/3764
f 3684/3684 3764/3764 3685/3685
f 3685/3685 3764/3764 3765/3765
f 3685/3685 3765/3765 3686/3686
f 3686/3686 3765/3765 3766/3766
f 3686/3686 3766/3766 3687/3687
f 3687/3687 3766/3766 3767/3767
f 3687/3687 3767/3767 3688/3688
f 3688/3688 3767/3767 3768/3768
f 3688/3688 3768/3768 3689/3689
f 3689/3689 3768/3768 3769/3769
f 3689/3689 3769/3769 3690/3690
f 3690/3690 3769/3769 3770/3770
f 3690/3690 3770/3770 3691/3691
f 3691/3691 3770/3770 3771/3771
f 3691/3691 3771/3771 3692/3692
f 3692/3692 3771/3771 3772/3772
f 3692/3692 3772/3772 3693/3693
f 3693/3693 3772/3772 3773/3773
f 3693/3693 3773/3773 3694/3694
f 3694/3694 3773/3773 3774/3774
f 3694/3694 3774/3774 3695/3695
f 3695/3695 3774/3774 3775/3775
f 3695/3695 3775/3775 3696/3696
f 3696/3696 3775/3775 3776/3776
f 3696/3696 3776/3776 3697/3697
f 3697/3697 3776/3776 3777/3777
f 3697/3697 3777/3777 3698/3698
f 3698/3698 3777/3777 3778/3778
f 3698/3698 3778/3778 3699/3699
f 3699/3699 3778/3778 3779/3779
f 3699/3699 3779/3779 3700/3700
f 3700/3700 3779/3779 3780/3780
f 3700/3700 3780/3780 3701/3701
f 3701/3701 3780/3780 3781/3781
f 3701/3701 3781/3781 3702/3702
f 3702/3702 3781/3781 3782/3782
f 3702/3702 3782/3782 3703/3703
f 3703/3703 3782/3782 3783/3783
f 3703/3703 3783/3783 3704/3704
f 3704/3704 3783/3783 3784/3784
f 3704/3704 3784/3784 3705/3705
f 3705/3705 3784/3784 3785/3785
f 3705/3705 3785/3785 3706/3706
f 3706/3706 3785/3785 3786/3786
f 3706/3706 3786/3786 3707/3707
f 3707/3707 3786/3786 3787/3787
f 3707/3707 3787/3787 3708/3708
f 3708/3708 3787/3787 3788/3788
f 3708/3708 3788/3788 3709/3709
f 3709/3709 3788/3788 3789/3789
f 3709/3709 3789/3789 3710/3710
f 3710/3710 3789/3789 3790/3790
f 3710/3710 3790/3790 3711/3711
f 3711/3711 3790/3790 3791/3791
f 3711/3711 3791/3791 3712/3712
f 3712/3712 3791/3791 3792/3792
f 3712/3712 3792/3792 3713/3713
f 3713/3713 3792/3792 3793/3793
f 3713/3713 3793/3793 3714/3714
f 3714/3714 3793/3793 3794/3794
f 3714/3714 3794/3794 3715/3715
f 3715/3715 3794/3794 3795/3795
f 3715/3715 3795/3795 3716/3716
f 3716/3716 3795/3795 3796/3796
f 3716/3716 3796/3796 3717/3717
f 3717/3717 3796/3796 3797/3797
f 3717/3717 3797/3797 3718/3718
f 3718/3718 3797/3797 3798/3798
f 3718/3718 3798/3798 3719/3719
f 3719/3719 3798/3798 3799/3799
f 3719/3719 3799/3799 3720/3720
f 3720/3720 3799/3799 3800/3800
f 3720/3720 3800/3800 3721/3721
f 3721/3721 3800/3800 3801/3801
f 3721/3721 3801/3801 3722/3722
f 3722/3722 3801/3801 3802/3802
f 3722/3722 3802/3802 3723/3723
f 3723/3723 3802/3802 3803/3803
f 3723/3723 3803/3803 3724/3724
f 3724/3724 3803/3803 3804/3804
f 3724/3724 3804/3804 3725/3725
f 3725/3725 3804/3804 3805/3805
f 3725/3725 3805/3805 3726/3726
f 3726/3726 3805/3805 3806/3806
f 3726/3726 3806/3806 3727/3727
f 3727/3727 3806/3806 3807/3807
f 3727/3727 3807/3807 3728/3728
f 3728/3728 3807/3807 3808/3808
f 3728/3728 3808/3808 3729/3729
f 3729/3729 3808/3808 3809/3809
f 3729/3729 3809/3809 3730/3730
f 3730/3730 3809/3809 3810/3810
f 3730/3730 3810/3810 3731/3731
f 3731/3731 3810/3810 3811/3811
f 3731/3731 3811/3811 3732/3732
f 3732/3732 3811/3811 3812/3812
f 3732/3732 3812/3812 3733/3733
f 3733/3733 3812/3812 3813/3813
f 3733/3733 3813/3813 3734/3734
f 3734/3734 3813/3813 3814/3814
f 3734/3734 3814/3814 3735/3735
f 3735/3735 3814/3814 3815/3815
f 3735/3735 3815/3815 3736/3736
f 3736/3736 3815/3815 3816/3816
f 3736/3736 3816/3816 3737/3737
f 3737/3737 3816/3816 3817/3817
f 3737/3737 3817/3817 3738/3738
f 3738/3738 3817/3817 3818/3818
f 3738/3738 3818/3818 3739/3739
f 3739/3739 3818/3818 3819/3819
f 3739/3739 3819/3819 3740/3740
f 3740/3740 3819/3819 3820/3820
f 3740/3740 3820/3820 3741/3741
f 3741/3741 3820/3820 3821/3821
f 3741/3741 3821/3821 3742/3742
f 3742/3742 3821/3821 3822/3822
f 3742/3742 3822/3822 3743/3743
f 3743/3743 3822/3822 3823/3823
f 3743/3743 3823/3823 3744/3744
f 3744/3744 3823/3823 3824/3824
f 3744/3744 3824/3824 3745/3745
f 3745/3745 3824/3824 3825/3825
f 3745/3745 3825/3825 3746/3746
f 3746/3746 3825/3825 3826/3826
f 3746/3746 3826/3826 3747/3747
f 3747/3747 3826/3826 3827/3827
f 3747/3747 3827/3827 3748/3748
f 3748/3748 3827/3827 3828/3828
f 3748/3748 3828/3828 3749/3749
f 3749/3749 3828/3828 3829/3829
f 3749/3749 3829/3829 3750/3750
f 3750/3750 3829/3829 3830/3830
f 3750/3750 3830/3830 3751/3751
f 3751/3751 3830/3830 3831/3831
f 3751/3751 3831/3831 3752/3752
f 3752/3752 3831/3831 3832/3832
f 3752/3752 3832/3832 3753/3753
f 3753/3753 3832/3832 3833/3833
f 3753/3753 3833/3833 3754/3754
f 3754/3754 3833/3833 3834/3834
f 3754/3754 3834/3834 3755/3755
f 3755/3755 3834/3834 3835/3835
f 3755/3755 3835/3835 3756/3756
f 3756/3756 3835/3835 3836/3836
f 3756/3756 3836/3836 3757/3757
f 3757/3757 3836/3836 3837/3837
f 3757/3757 3837/3837 3758/3758
f 3758/3758 3837/3837 3838/3838
f 3762/3762 3842/3842 3763/3763
f 3763/3763 3842/3842 3843/3843
f 3763/3763 3843/3843 3764/3764
f 3764/3764 3843/3843 3844/3844
f 3764/3764 3844/3844 3765/3765
f 3765/3765 3844/3844 3845/3845
f 3765/3765 3845/3845 3766/3766
f 3766/3766 3845/3845 3846/3846
f 3766/3766 3846/3846 3767/3767
f 3767/3767 3846/3846 3847/3847
f 3767/3767 3847/3847 3768/3768
f 3768/3768 3847/3847 3848/3848
f 3768/3768 3848/3848 3769/3769
f 3769/3769 3848/3848 3849/3849
f 3769/3769 3849/3849 3770/3770
f 3770/3770 3849/3849 3850/3850
f 3770/3770 3850/3850 3771/3771
f 3771/3771 3850/3850 3851/3851
f 3771/3771 3851/3851 3772/3772
f 3772/3772 3851/3851 3852/3852
f 3772/3772 3852/3852 3773/3773
f 3773/3773 3852/3852 3853/3853
f 3773/3773 3853/3853 3774/3774
f 3774/3774 3853/3853 3854/3854
f 3774/3774 3854/3854 3775/3775
f 3775/3775 3854/3854 3855/3855
f 3775/3775 3855/3855 3776/3776
f 3776/3776 3855/3855 3856/3856
f 3776/3776 3856/3856 3777/3777
f 3777/3777 3856/3856 3857/3857
f 3777/3777 3857/3857 3778/3778
f 3778/3778 3857/3857 3858/3858
f 3778/3778 3858/3858 3779/3779
f 3779/3779 3858/3858 3859/3859
f 3779/3779 3859/3859 3780/3780
f 3780/3780 3859/3859 3860/3860
f 3780/3780 3860/3860 3781/3781
f 3781/3781 3860/3860 3861/3861
f 3781/3781 3861/3861 3782/3782
f 3782/3782 3861/3861 3862/3862
f 3782/3782 3862/3862 3783/3783
f 3783/3783 3862/3862 3863/3863
f 3783/3783 3863/3863 3784/3784
f 3784/3784 3863/3863 3864/3864
f 3784/3784 3864/3864 3785/3785
f 3785/3785 3864/3864 3865/3865
f 3785/3785 3865/3865 3786/3786
f 3786/3786 3865/3865 3866/3866
f 3786/3786 3866/3866 3787/3787
f 3787/3787 3866/3866 3867/3867
f 3787/3787 3867/3867 3788/3788
f 3788/3788 3867/3867 3868/3868
f 3788/3788 3868/3868 3789/3789
f 3789/3789 3868/3868 3869/3869
f 3789/3789 3869/3869 3790/3790
f 3790/3790 3869/3869 3870/3870
f 3790/3790 3870/3870 3791/3791
f 3791/3791 3870/3870 3871/3871
f 3791/3791 3871/3871 3792/3792
f 3792/3792 3871/3871 3872/3872
f 3792/3792 3872/3872 3793/3793
f 3793/3793 3872/3872 3873/3873
f 3793/3793 3873/3873 3794/3794
f 3794/3794 3873/3873 3874/3874
f 3794/3794 3874/3874 3795/3795
f 3795/3795 3874/3874 3875/3875
f 3795/3795 3875/3875 3796/3796
f 3796/3796 3875/3875 3876/3876
f 3796/3796 3876/3876 3797/3797
f 3797/3797 3876/3876 3877/3877
f 3797/3797 3877/3877 3798/3798
f 3798/3798 3877/3877 3878/3878
f 3798/3798 3878/3878 3799/3799
f 3799/3799 3878/3878 3879/3879
f 3799/3799 3879/3879 3800/3800
f 3800/3800 3879/3879 3880/3880
f 3800/3800 3880/3880 3801/3801
f 3801/3801 3880/3880 3881/3881
f 3801/3801 3881/3881 3802/3802
f 3802/3802 3881/3881 3882/3882
f 3802/3802 3882/3882 3803/3803
f 3803/3803 3882/3882 3883/3883
f 3803/3803 3883/3883 3804/3804
f 3804/3804 3883/3883 3884/3884
f 3804/3804 3884/3884 3805/3805
f 3805/3805 3884/3884 3885/3885
f 3805/3805 3885/3885 3806/3806
f 3806/3806 3885/3885 3886/3886
f 3806/3806 3886/3886 3807/3807
f 3807/3807 3886/3886 3887/3887
f 3807/3807 3887/3887 3808/3808
f 3808/3808 3887/3887 3888/3888
f 3808/3808 3888/3888 3809/3809
f 3809/3809 3888/3888 3889/3889
f 3809/3809 3889/3889 3810/3810
f 3810/3810 3889/3889 3890/3890
f 3810/3810 3890/3890 3811/3811
f 3811/3811 3890/3890 3891/3891
f 3811/3811 3891/3891 3812/3812
f 3812/3812 3891/3891 3892/3892
f 3812/3812 3892/3892 3813/3813
f 3813/3813 3892/3892 3893/3893
f 3813/3813 3893/3893 3814/3814
f 3814/3814 3893/3893 3894/3894
f 3814/3814 3894/3894 3815/3815
f 3815/3815 3894/3894 3895/3895
f 3815/3815 3895/3895 3816/3816
f 3816/3816 3895/3895 3896/3896
f 3816/3816 3896/3896 3817/3817
f 3817/3817 3896/3896 3897/3897
f 3817/3817 3897/3897 3818/3818
f 3818/3818 3897/3897 3898/3898
f 3818/3818 3898/3898 3819/3819
f 3819/3819 3898/3898 3899/3899
f 3819/3819 3899/3899 3820/3820
f 3820/3820 3899/3899 3900/3900
f 3820/3820 3900/3900 3821/3821
f 3821/3821 3900/3900 3901/3901
f 3821/3821 3901/3901 3822/3822
f 3822/3822 3901/3901 3902/3902
f 3822/3822 3902/3902 3823/3823
f 3823/3823 3902/3902 3903/3903
f 3823/3823 3903/3903 3824/3824
f 3824/3824 3903/3903 3904/3904
f 3824/3824 3904/3904 3825/3825
f 3825/3825 3904/3904 3905/3905
f 3825/3825 3905/3905 3826/3826
f 3826/3826 3905/3905 3906/3906
f 3826/3826 3906/3906 3827/3827
f 3827/3827 3906/3906 3907/3907
f 3827/3827 3907/3907 3828/3828
f 3828/3828 3907/3907 3908/3908
f 3828/3828 3908/3908 3829/3829
f 3829/3829 3908/3908 3909/3909
f 3829/3829 3909/3909 3830/3830
f 3830/3830 3909/3909 3910/3910
f 3830/3830 3910/3910 3831/3831
f 3831/3831 3910/3910 3911/3911
f 3831/3831 3911/3911 3832/3832
f 3832/3832 3911/3911 3912/3912
f 3832/3832 3912/3912 3833/3833
f 3833/3833 3912/3912 3913/3913
f 3833/3833 3913/3913 3834/3834
f 3834/3834 3913/3913 3914/3914
f 3834/3834 3914/3914 3835/3835
f 3835/3835 3914/3914 3915/3915
f 3835/3835 3915/3915 3836/3836
f 3836/3836 3915/3915 3916/3916
f 3836/3836 3916/3916 3837/3837
f 3837/3837 3916/3916 3917/3917
f 3843/3843 3923/3923 3844/3844
f 3844/3844 3923/3923 3924/3924
f 3844/3844 3924/3924 3845/3845
f 3845/3845 3924/3924 3925/3925
f 3845/3845 3925/3925 3846/3846
f 3846/3846 3925/3925 3926/3926
f 3846/3846 3926/3926 3847/3847
f 3847/3847 3926/3926 3927/3927
f 3847/3847 3927/3927 3848/3848
f 3848/3848 3927/3927 3928/3928
f 3848/3848 3928/3928 3849/3849
f 3849/3849 3928/3928 3929/3929
f 3849/3849 3929/3929 3850/3850
f 3850/3850 3929/3929 3930/3930
f 3850/3850 3930/3930 3851/3851
f 3851/3851 3930/3930 3931/3931
f 3851/3851 3931/3931 3852/3852
f 3852/3852 3931/3931 3932/3932
f 3852/3852 3932/3932 3853/3853
f 3853/3853 3932/3932 3933/3933
f 3853/3853 3933/3933 3854/3854
f 3854/3854 3933/3933 3934/3934
f 3854/3854 3934/3934 3855/3855
f 3855/3855 3934/3934 3935/3935
f 3855/3855 3935/3935 3856/3856
f 3856/3856 3935/3935 3936/3936
f 3856/3856 3936/3936 3857/3857
f 3857/3857 3936/3936 3937/3937
f 3857/3857 3937/3937 3858/3858
f 3858/3858 3937/3937 3938/3938
f 3858/3858 3938/3938 3859/3859
f 3859/3859 3938/3938 3939/3939
f 3859/3859 3939/3939 3860/3860
f 3860/3860 3939/3939 3940/3940
f 3860/3860 3940/3940 3861/3861
f 3861/3861 3940/3940 3941/3941
f 3861/3861 3941/3941 3862/3862
f 3862/3862 3941/3941 3942/3942
f 3862/3862 3942/3942 3863/3863
f 3863/3863 3942/3942 3943/3943
f 3863/3863 3943/3943 3864/3864
f 3864/3864 3943/3943 3944/3944
f 3864/3864 3944/3944 3865/3865
f 3865/3865 3944/3944 3945/3945
f 3865/3865 3945/3945 3866/3866
f 3866/3866 3945/3945 3946/3946
f 3866/3866 3946/3946 3867/3867
f 3867/3867 3946/3946 3947/3947
f 3867/3867 3947/3947 3868/3868
f 3868/3868 3947/3947 3948/3948
f 3868/3868 3948/3948 3869/3869
f 3869/3869 3948/3948 3949/3949
f 3869/3869 3949/3949 3870/3870
f 3870/3870 3949/3949 3950/3950
f 3870/3870 3950/3950 3871/3871
f 3871/3871 3950/3950 3951/3951
f 3871/3871 3951/3951 3872/3872
f 3872/3872 3951/3951 3952/3952
f 3872/3872 3952/3952 3873/3873
f 3873/3873 3952/3952 3953/3953
f 3873/3873 3953/3953 3874/3874
f 3874/3874 3953/3953 3954/3954
f 3874/3874 3954/3954 3875/3875
f 3875/3875 3954/3954 3955/3955
f 3875/3875 3955/3955 3876/3876
f 3876/3876 3955/3955 3956/3956
f 3876/3876 3956/3956 3877/3877
f 3877/3877 3956/3956 3957/3957
f 3877/3877 3957/3957 3878/3878
f 3878/3878 3957/3957 3958/3958
f 3878/3878 3958/3958 3879/3879
f 3879/3879 3958/3958 3959/3959
f 3879/3879 3959/3959 3880/3880
f 3880/3880 3959/3959 3960/3960
f 3880/3880 3960/3960 3881/3881
f 3881/3881 3960/3960 3961/3961
f 3881/3881 3961/3961 3882/3882
f 3882/3882 3961/3961 3962/3962
f 3882/3882 3962/3962 3883/3883
f 3883/3883 3962/3962 3963/3963
f 3883/3883 3963/3963 3884/3884
f 3884/3884 3963/3963 3964/3964
f 3884/3884 3964/3964 3885/3885
f 3885/3885 3964/3964 3965/3965
f 3885/3885 3965/3965 3886/3886
f 3886/3886 3965/3965 3966/3966
f 3886/3886 3966/3966 3887/3887
f 3887/3887 3966/3966 3967/3967
f 3887/3887 3967/3967 3888/3888
f 3888/3888 3967/3967 3968/3968
f 3888/3888 3968/3968 3889/3889
f 3889/3889 3968/3968 3969/3969
f 3889/3889 3969/3969 3890/3890
f 3890/3890 3969/3969 3970/3970
f 3890/3890 3970/3970 3891/3891
f 3891/3891 3970/3970 3971/3971
f 3891/3891 3971/3971 3892/3892
f 3892/3892 3971/3971 3972/3972
f 3892/3892 3972/3972 3893/3893
f 3893/3893 3972/3972 3973/3973
f 3893/3893 3973/3973 3894/3894
f 3894/3894 3973/3973 3974/3974
f 3894/3894 3974/3974 3895/3895
f 3895/3895 3974/3974 3975/3975
f 3895/3895 3975/3975 3896/3896
f 3896/3896 3975/3975 3976/3976
f 3896/3896 3976/3976 3897/3897
f 3897/3897 3976/3976 3977/3977
f 3897/3897 3977/3977 3898/3898
f 3898/3898 3977/3977 3978/3978
f 3898/3898 3978/3978 3899/3899
f 3899/3899 3978/3978 3979/3979
f 3899/3899 3979/3979 3900/3900
f 3900/3900 3979/3979 3980/3980
f 3900/3900 3980/3980 3901/3901
f 3901/3901 3980/3980 3981/3981
f 3901/3901 3981/3981 3902/3902
f 3902/3902 3981/3981 3982/3982
f 3902/3902 3982/3982 3903/3903
f 3903/3903 3982/3982 3983/3983
f 3903/3903 3983/3983 3904/3904
f 3904/3904 3983/3983 3984/3984
f 3904/3904 3984/3984 3905/3905
f 3905/3905 3984/3984 3985/3985
f 3905/3905 3985/3985 3906/3906
f 3906/3906 3985/3985 3986/3986
f 3906/3906 3986/3986 3907/3907
f 3907/3907 3986/3986 3987/3987
f 3907/3907 3987/3987 3908/3908
f 3908/3908 3987/3987 3988/3988
f 3908/3908 3988/3988 3909/3909
f 3909/3909 3988/3988 3989/3989
f 3909/3909 3989/3989 3910/3910
f 3910/3910 3989/3989 3990/3990
f 3910/3910 3990/3990 3911/3911
f 3911/3911 3990/3990 3991/3991
f 3911/3911 3991/3991 3912/3912
f 3912/3912 3991/3991 3992/3992
f 3912/3912 3992/3992 3913/3913
f 3913/3913 3992/3992 3993/3993
f 3913/3913 3993/3993 3914/3914
f 3914/3914 3993/3993 3994/3994
f 3914/3914 3994/3994 3915/3915
f 3915/3915 3994/3994 3995/3995
f 3915/3915 3995/3995 3916/3916
f 3916/3916 3995/3995 3996/3996
f 3916/3916 3996/3996 3917/3917
f 3917/3917 3996/3996 3997/3997
f 3923/3923 4003/4003 3924/3924
f 3924/3924 4003/4003 4004/4004
f 3924/3924 4004/4004 3925/3925
f 3925/3925 4004/4004 4005/4005
f 3925/3925 4005/4005 3926/3926
f 3926/3926 4005/4005 4006/4006
f 3926/3926 4006/4006 3927/3927
f 3927/3927 4006/4006 4007/4007
f 3927/3927 4007/4007 3928/3928
f 3928/3928 4007/4007 4008/4008
f 3928/3928 4008/4008 3929/3929
f 3929/3929 4008/4008 4009/4009
f 3929/3929 4009/4009 3930/3930
f 3930/3930 4009/4009 4010/4010
f 3930/3930 4010/4010 3931/3931
f 3931/3931 4010/4010 4011/4011
f 3931/3931 4011/4011 3932/3932
f 3932/3932 4011/4011 4012/4012
f 3932/3932 4012/4012 3933/3933
f 3933/3933 4012/4012 4013/4013
f 3933/3933 4013/4013 3934/3934
f 3934/3934 4013/4013 4014/4014
f 3934/3934 4014/4014 3935/3935
f 3935/3935 4014/4014 4015/4015
f 3935/3935 4015/4015 3936/3936
f 3936/3936 4015/4015 4016/4016
f 3936/3936 4016/4016 3937/3937
f 3937/3937 4016/4016 4017/4017
f 3937/3937 4017/4017 3938/3938
f 3938/3938 4017/4017 4018/4018
f 3938/3938 4018/4018 3939/3939
f 3939/3939 4018/4018 4019/4019
f 3939/3939 4019/4019 3940/3940
f 3940/3940 4019/4019 4020/4020
f 3940/3940 4020/4020 3941/3941
f 3941/3941 4020/4020 4021/4021
f 3941/3941 4021/4021 3942/3942
f 3942/3942 4021/4021 4022/4022
f 3942/3942 4022/4022 3943/3943
f 3943/3943 4022/4022 4023/4023
f 3943/3943 4023/4023 3944/3944
f 3944/3944 4023/4023 4024/4024
f 3944/3944 4024/4024 3945/3945
f 3945/3945 4024/4024 4025/4025
f 3945/3945 4025/4025 3946/3946
f 3946/3946 4025/4025 4026/4026
f 3946/3946 4026/4026 3947/3947
f 3947/3947 4026/4026 4027/4027
f 3947/3947 4027/4027 3948/3948
f 3948/3948 4027/4027 4028/4028
f 3948/3948 4028/4028 3949/3949
f 3949/3949 4028/4028 4029/4029
f 3949/3949 4029/4029 3950/3950
f 3950/3950 4029/4029 4030/4030
f 3950/3950 4030/4030 3951/3951
f 3951/3951 4030/4030 4031/4031
f 3951/3951 4031/4031 3952/3952
f 3952/3952 4031/4031 4032/4032
f 3952/3952 4032/4032 3953/3953
f 3953/3953 4032/4032 4033/4033
f 3953/3953 4033/4033 3954/3954
f 3954/3954 4033/4033 4034/4034
f 3954/3954 4034/4034 3955/3955
f 3955/3955 4034/4034 4035/4035
f 3955/3955 4035/4035 3956/3956
f 3956/3956 4035/4035 4036/4036
f 3956/3956 4036/4036 3957/3957
f 3957/3957 4036/4036 4037/4037
f 3957/3957 4037/4037 3958/3958
f 3958/3958 4037/4037 4038/4038
f 3958/3958 4038/4038 3959/3959
f 3959/3959 4038/4038 4039/4039
f 3959/3959 4039/4039 3960/3960
f 3960/3960 4039/4039 4040/4040
f 3960/3960 4040/4040 3961/3961
f 3961/3961 4040/4040 4041/4041
f 3961/3961 4041/4041 3962/3962
f 3962/3962 4041/4041 4042/4042
f 3962/3962 4042/4042 3963/3963
f 3963/3963 4042/4042 4043/4043
f 3963/3963 4043/4043 3964/3964
f 3964/3964 4043/4043 4044/4044
f 3964/3964 4044/4044 3965/3965
f 3965/3965 4044/4044 4045/4045
f 3965/3965 4045/4045 3966/3966
f 3966/3966 4045/4045 4046/4046
f 3966/3966 4046/4046 3967/3967
f 3967/3967 4046/4046 4047/4047
f 3967/3967 4047/4047 3968/3968
f 3968/3968 4047/4047 4048/4048
f 3968/3968 4048/4048 3969/3969
f 3969/3969 4048/4048 4049/4049
f 3969/3969 4049/4049 3970/3970
f 3970/3970 4049/4049 4050/4050
f 3970/3970 4050/4050 3971/3971
f 3971/3971 4050/4050 4051/4051
f 3971/3971 4051/4051 3972/3972
f 3972/3972 4051/4051 4052/4052
f 3972/3972 4052/4052 3973/3973
f 3973/3973 4052/4052 4053/4053
f 3973/3973 4053/4053 3974/3974
f 3974/3974 4053/4053 4054/4054
f 3974/3974 4054/4054 3975/3975
f 3975/3975 4054/4054 4055/4055
f 3975/3975 4055/4055 3976/3976
f 3976/3976 4055/4055 4056/4056
f 3976/3976 4056/4056 3977/3977
f 3977/3977 4056/4056 4057/4057
f 3977/3977 4057/4057 3978/3978
f 3978/3978 4057/4057 4058/4058
f 3978/3978 4058/4058 3979/3979
f 3979/3979 4058/4058 4059/4059
f 3979/3979 4059/4059 3980/3980
f 3980/3980 4059/4059 4060/4060
f 3980/3980 4060/4060 3981/3981
f 3981/3981 4060/4060 4061/4061
f 3981/3981 4061/4061 3982/3982
f 3982/3982 4061/4061 4062/4062
f 3982/3982 4062/4062 3983/3983
f 3983/3983 4062/4062 4063/4063
f 3983/3983 4063/4063 3984/3984
f 3984/3984 4063/4063 4064/4064
f 3984/3984 4064/4064 3985/3985
f 3985/3985 4064/4064 4065/4065
f 3985/3985 4065/4065 3986/3986
f 3986/3986 4065/4065 4066/4066
f 3986/3986 4066/4066 3987/3987
f 3987/3987 4066/4066 4067/4067
f 3987/3987 4067/4067 3988/3988
f 3988/3988 4067/4067 4068/4068
f 3988/3988 4068/4068 3989/3989
f 3989/3989 4068/4068 4069/4069
f 3989/3989 4069/4069 3990/3990
f 3990/3990 4069/4069 4070/4070
f 3990/3990 4070/4070 3991/3991
f 3991/3991 4070/4070 4071/4071
f 3991/3991 4071/4071 3992/3992
f 3992/3992 4071/4071 4072/4072
f 3992/3992 4072/4072 3993/3993
f 3993/3993 4072/4072 4073/4073
f 3993/3993 4073/4073 3994/3994
f 3994/3994 4073/4073 4074/4074
f 3994/3994 4074/4074 3995/3995
f 3995/3995 4074/4074 4075/4075
f 3995/3995 4075/4075 3996/3996
f 3996/3996 4075/4075 4076/4076
f 3996/3996 4076/4076 3997/3997
f 3997/3997 4076/4076 4077/4077
f 4003/4003 4083/4083 4004/4004
f 4004/4004 4083/4083 4084/4084
f 4004/4004 4084/4084 4005/4005
f 4005/4005 4084/4084 4085/4085
f 4005/4005 4085/4085 4006/4006
f 4006/4006 4085/4085 4086/4086
f 4006/4006 4086/4086 4007/4007
f 4007/4007 4086/4086 4087/4087
f 4007/4007 4087/4087 4008/4008
f 4008/4008 4087/4087 4088/4088
f 4008/4008 4088/4088 4009/4009
f 4009/4009 4088/4088 4089/4089
f 4009/4009 4089/4089 4010/4010
f 4010/4010 4089/4089 4090/4090
f 4010/4010 4090/4090 4011/4011
f 4011/4011 4090/4090 4091/4091
f 4011/4011 4091/4091 4012/4012
f 4012/4012 4091/4091 4092/4092
f 4012/4012 4092/4092 4013/4013
f 4013/4013 4092/4092 4093/4093
f 4013/4013 4093/4093 4014/4014
f 4014/4014 4093/4093 4094/4094
f 4014/4014 4094/4094 4015/4015
f 4015/4015 4094/4094 4095/4095
f 4015/4015 4095/4095 4016/4016
f 4016/4016 4095/4095 4096/4096
f 4016/4016 4096/4096 4017/4017
f 4017/4017 4096/4096 4097/4097
f 4017/4017 4097/4097 4018/4018
f 4018/4018 4097/4097 4098/4098
f 4018/4018 4098/4098 4019/4019
f 4019/4019 4098/4098 4099/4099
f 4019/4019 4099/4099 4020/4020
f 4020/4020 4099/4099 4100/4100
f 4020/4020 4100/4100 4021/4021
f 4021/4021 4100/4100 4101/4101
f 4021/4021 4101/4101 4022/4022
f 4022/4022 4101/4101 4102/4102
f 4022/4022 4102/4102 4023/4023
f 4023/4023 4102/4102 4103/4103
f 4023/4023 4103/4103 4024/4024
f 4024/4024 4103/4103 4104/4104
f 4024/4024 4104/4104 4025/4025
f 4025/4025 4104/4104 4105/4105
f 4025/4025 4105/4105 4026/4026
f 4026/4026 4105/4105 4106/4106
f 4026/4026 4106/4106 4027/4027
f 4027/4027 4106/4106 4107/4107
f 4027/4027 4107/4107 4028/4028
f 4028/4028 4107/4107 4108/4108
f 4028/4028 4108/4108 4029/4029
f 4029/4029 4108/4108 4109/4109
f 4029/4029 4109/4109 4030/4030
f 4030/4030 4109/4109 4110/4110
f 4030/4030 4110/4110 4031/4031
f 4031/4031 4110/4110 4111/4111
f 4031/4031 4111/4111 4032/4032
f 4032/4032 4111/4111 4112/4112
f 4032/4032 4112/4112 4033/4033
f 4033/4033 4112/4112 4113/4113
f 4033/4033 4113/4113 4034/4034
f 4034/4034 4113/4113 4114/4114
f 4034/4034 4114/4114 4035/4035
f 4035/4035 4114/4114 4115/4115
f 4035/4035 4115/4115 4036/4036
f 4036/4036 4115/4115 4116/4116
f 4036/4036 4116/4116 4037/4037
f 4037/4037 4116/4116 4117/4117
f 4037/4037 4117/4117 4038/4038
f 4038/4038 4117/4117 4118/4118
f 4038/4038 4118/4118 4039/4039
f 4039/4039 4118/4118 4119/4119
f 4039/4039 4119/4119 4040/4040
f 4040/4040 4119/4119 4120/4120
f 4040/4040 4120/4120 4041/4041
f 4041/4041 4120/4120 4121/4121
f 4041/4041 4121/4121 4042/4042
f 4042/4042 4121/4121 4122/4122
f 4042/4042 4122/4122 4043/4043
f 4043/4043 4122/4122 4123/4123
f 4043/4043 4123/4123 4044/4044
f 4044/4044 4123/4123 4124/4124
f 4044/4044 4124/4124 4045/4045
f 4045/4045 4124/4124 4125/4125
f 4045/4045 4125/4125 4046/4046
f 4046/4046 4125/4125 4126/4126
f 4046/4046 4126/4126 4047/4047
f 4047/4047 4126/4126 4127/4127
f 4047/4047 4127/4127 4048/4048
f 4048/4048 4127/4127 4128/4128
f 4048/4048 4128/4128 4049/4049
f 4049/4049 4128/4128 4129/4129
f 4049/4049 4129/4129 4050/4050
f 4050/4050 4129/4129 4130/4130
f 4050/4050 4130/4130 4051/4051
f 4051/4051 4130/4130 4131/4131
f 4051/4051 4131/4131 4052/4052
f 4052/4052 4131/4131 4132/4132
f 4052/4052 4132/4132 4053/4053
f 4053/4053 4132/4132 4133/4133
f 4053/4053 4133/4133 4054/4054
f 4054/4054 4133/4133 4134/4134
f 4054/4054 4134/4134 4055/4055
f 4055/4055 4134/4134 4135/4135
f 4055/4055 4135/4135 4056/4056
f 4056/4056 4135/4135 4136/4136
f 4056/4056 4136/4136 4057/4057
f 4057/4057 4136/4136 4137/4137
f 4057/4057 4137/4137 4058/4058
f 4058/4058 4137/4137 4138/4138
f 4058/4058 4138/4138 4059/4059
f 4059/4059 4138/4138 4139/4139
f 4059/4059 4139/4139 4060/4060
f 4060/4060 4139/4139 4140/4140
f 4060/4060 4140/4140 4061/4061
f 4061/4061 4140/4140 4141/4141
f 4061/4061 4141/4141 4062/4062
f 4062/4062 4141/4141 4142/4142
f 4062/4062 4142/4142 4063/4063
f 4063/4063 4142/4142 4143/4143
f 4063/4063 4143/4143 4064/4064
f 4064/4064 4143/4143 4144/4144
f 4064/4064 4144/4144 4065/4065
f 4065/4065 4144/4144 4145/4145
f 4065/4065 4145/4145 4066/4066
f 4066/4066 4145/4145 4146/4146
f 4066/4066 4146/4146 4067/4067
f 4067/4067 4146/4146 4147/4147
f 4067/4067 4147/4147 4068/4068
f 4068/4068 4147/4147 4148/4148
f 4068/4068 4148/4148 4069/4069
f 4069/4069 4148/4148 4149/4149
f 4069/4069 4149/4149 4070/4070
f 4070/4070 4149/4149 4150/4150
f 4070/4070 4150/4150 4071/4071
f 4071/4071 4150/4150 4151/4151
f 4071/4071 4151/4151 4072/4072
f 4072/4072 4151/4151 4152/4152
f 4072/4072 4152/4152 4073/4073
f 4073/4073 4152/4152 4153/4153
f 4073/4073 4153/4153 4074/4074
f 4074/4074 4153/4153 4154/4154
f 4074/4074 4154/4154 4075/4075
f 4075/4075 4154/4154 4155/4155
f 4075/4075 4155/4155 4076/4076
f 4076/4076 4155/4155 4156/4156
f 4076/4076 4156/4156 4077/4077
f 4077/4077 4156/4156 4157/4157
f 4084/4084 4164/4164 4085/4085
f 4085/4085 4164/4164 4165/4165
f 4085/4085 4165/4165 4086/4086
f 4086/4086 4165/4165 4166/4166
f 4086/4086 4166/4166 4087/4087
f 4087/4087 4166/4166 4167/4167
f 4087/4087 4167/4167 4088/4088
f 4088/4088 4167/4167 4168/4168
f 4088/4088 4168/4168 4089/4089
f 4089/4089 4168/4168 4169/4169
f 4089/4089 4169/4169 4090/4090
f 4090/4090 4169/4169 4170/4170
f 4090/4090 4170/4170 4091/4091
f 4091/4091 4170/4170 4171/4171
f 4091/4091 4171/4171 4092/4092
f 4092/4092 4171/4171 4172/4172
f 4092/4092 4172/4172 4093/4093
f 4093/4093 4172/4172 4173/4173
f 4093/4093 4173/4173 4094/4094
f 4094/4094 4173/4173 4174/4174
f 4094/4094 4174/4174 4095/4095
f 4095/4095 4174/4174 4175/4175
f 4095/4095 4175/4175 4096/4096
f 4096/4096 4175/4175 4176/4176
f 4096/4096 4176/4176 4097/4097
f 4097/4097 4176/4176 4177/4177
f 4097/4097 4177/4177 4098/4098
f 4098/4098 4177/4177 4178/4178
f 4098/4098 4178/4178 4099/4099
f 4099/4099 4178/4178 4179/4179
f 4099/4099 4179/4179 4100/4100
f 4100/4100 4179/4179 4180/4180
f 4100/4100 4180/4180 4101/4101
f 4101/4101 4180/4180 4181/4181
f 4101/4101 4181/4181 4102/4102
f 4102/4102 4181/4181 4182/4182
f 4102/4102 4182/4182 4103/4103
f 4103/4103 4182/4182 4183/4183
f 4103/4103 4183/4183 4104/4104
f 4104/4104 4183/4183 4184/4184
f 4104/4104 4184/4184 4105/4105
f 4105/4105 4184/4184 4185/4185
f 4105/4105 4185/4185 4106/4106
f 4106/4106 4185/4185 4186/4186
f 4106/4106 4186/4186 4107/4107
f 4107/4107 4186/4186 4187/4187
f 4107/4107 4187/4187 4108/4108
f 4108/4108 4187/4187 4188/4188
f 4108/4108 4188/4188 4109/4109
f 4109/4109 4188/4188 4189/4189
f 4109/4109 4189/4189 4110/4110
f 4110/4110 4189/4189 4190/4190
f 4110/4110 4190/4190 4111/4111
f 4111/4111 4190/4190 4191/4191
f 4111/4111 4191/4191 4112/4112
f 4112/4112 4191/4191 4192/4192
f 4112/4112 4192/4192 4113/4113
f 4113/4113 4192/4192 4193/4193
f 4113/4113 4193/4193 4114/4114
f 4114/4114 4193/4193 4194/4194
f 4114/4114 4194/4194 4115/4115
f 4115/4115 4194/4194 4195/4195
f 4115/4115 4195/4195 4116/4116
f 4116/4116 4195/4195 4196/4196
f 4116/4116 4196/4196 4117/4117
f 4117/4117 4196/4196 4197/4197
f 4117/4117 4197/4197 4118/4118
f 4118/4118 4197/4197 4198/4198
f 4118/4118 4198/4198 4119/4119
f 4119/4119 4198/4198 4199/4199
f 4119/4119 4199/4199 4120/4120
f 4120/4120 4199/4199 4200/4200
f 4120/4120 4200/4200 4121/4121
f 4121/4121 4200/4200 4201/4201
f 4121/4121 4201/4201 4122/4122
f 4122/4122 4201/4201 4202/4202
f 4122/4122 4202/4202 4123/4123
f 4123/4123 4202/4202 4203/4203
f 4123/4123 4203/4203 4124/4124
f 4124/4124 4203/4203 4204/4204
f 4124/4124 4204/4204 4125/4125
f 4125/4125 4204/4204 4205/4205
f 4125/4125 4205/4205 4126/4126
f 4126/4126 4205/4205 4206/4206
f 4126/4126 4206/4206 4127/4127
f 4127/4127 4206/4206 4207/4207
f 4127/4127 4207/4207 4128/4128
f 4128/4128 4207/4207 4208/4208
f 4128/4128 4208/4208 4129/4129
f 4129/4129 4208/4208 4209/4209
f 4129/4129 4209/4209 4130/4130
f 4130/4130 4209/4209 4210/4210
f 4130/4130 4210/4210 4131/4131
f 4131/4131 4210/4210 4211/4211
f 4131/4131 4211/4211 4132/4132
f 4132/4132 4211/4211 4212/4212
f 4132/4132 4212/4212 4133/4133
f 4133/4133 4212/4212 4213/4213
f 4133/4133 4213/4213 4134/4134
f 4134/4134 4213/4213 4214/4214
f 4134/4134 4214/4214 4135/4135
f 4135/4135 4214/4214 4215/4215
f 4135/4135 4215/4215 4136/4136
f 4136/4136 4215/4215 4216/4216
f 4136/4136 4216/4216 4137/4137
f 4137/4137 4216/4216 4217/4217
f 4137/4137 4217/4217 4138/4138
f 4138/4138 4217/4217 4218/4218
f 4138/4138 4218/4218 4139/4139
f 4139/4139 4218/4218 4219/4219
f 4139/4139 4219/4219 4140/4140
f 4140/4140 4219/4219 4220/4220
f 4140/4140 4220/4220 4141/4141
f 4141/4141 4220/4220 4221/4221
f 4141/4141 4221/4221 4142/4142
f 4142/4142 4221/4221 4222/4222
f 4142/4142 4222/4222 4143/4143
f 4143/4143 4222/4222 4223/4223
f 4143/4143 4223/4223 4144/4144
f 4144/4144 4223/4223 4224/4224
f 4144/4144 4224/4224 4145/4145
f 4145/4145 4224/4224 4225/4225
f 4145/4145 4225/4225 4146/4146
f 4146/4146 4225/4225 4226/4226
f 4146/4146 4226/4226 4147/4147
f 4147/4147 4226/4226 4227/4227
f 4147/4147 4227/4227 4148/4148
f 4148/4148 4227/4227 4228/4228
f 4148/4148 4228/4228 4149/4149
f 4149/4149 4228/4228 4229/4229
f 4149/4149 4229/4229 4150/4150
f 4150/4150 4229/4229 4230/4230
f 4150/4150 4230/4230 4151/4151
f 4151/4151 4230/4230 4231/4231
f 4151/4151 4231/4231 4152/4152
f 4152/4152 4231/4231 4232/4232
f 4152/4152 4232/4232 4153/4153
f 4153/4153 4232/4232 4233/4233
f 4153/4153 4233/4233 4154/4154
f 4154/4154 4233/4233 4234/4234
f 4154/4154 4234/4234 4155/4155
f 4155/4155 4234/4234 4235/4235
f 4155/4155 4235/4235 4156/4156
f 4156/4156 4235/4235 4236/4236
f 4164/4164 4244/4244 4165/4165
f 4165/4165 4244/4244 4245/4245
f 4165/4165 4245/4245 4166/4166
f 4166/4166 4245/4245 4246/4246
f 4166/4166 4246/4246 4167/4167
f 4167/4167 4246/4246 4247/4247
f 4167/4167 4247/4247 4168/4168
f 4168/4168 4247/4247 4248/4248
f 4168/4168 4248/4248 4169/4169
f 4169/4169 4248/4248 4249/4249
f 4169/4169 4249/4249 4170/4170
f 4170/4170 4249/4249 4250/4250
f 4170/4170 4250/4250 4171/4171
f 4171/4171 4250/4250 4251/4251
f 4171/4171 4251/4251 4172/4172
f 4172/4172 4251/4251 4252/4252
f 4172/4172 4252/4252 4173/4173
f 4173/4173 4252/4252 4253/4253
f 4173/4173 4253/4253 4174/4174
f 4174/4174 4253/4253 4254/4254
f 4174/4174 4254/4254 4175/4175
f 4175/4175 4254/4254 4255/4255
f 4175/4175 4255/4255 4176/4176
f 4176/4176 4255/4255 4256/4256
f 4176/4176 4256/4256 4177/4177
f 4177/4177 4256/4256 4257/4257
f 4177/4177 4257/4257 4178/4178
f 4178/4178 4257/4257 4258/4258
f 4178/4178 4258/4258 4179/4179
f 4179/4179 4258/4258 4259/4259
f 4179/4179 4259/4259 4180/4180
f 4180/4180 4259/4259 4260/4260
f 4180/4180 4260/4260 4181/4181
f 4181/4181 4260/4260 4261/4261
f 4181/4181 4261/4261 4182/4182
f 4182/4182 4261/4261 4262/4262
f 4182/4182 4262/4262 4183/4183
f 4183/4183 4262/4262 4263/4263
f 4183/4183 4263/4263 4184/4184
f 4184/4184 4263/4263 4264/4264
f 4184/4184 4264/4264 4185/4185
f 4185/4185 4264/4264 4265/4265
f 4185/4185 4265/4265 4186/4186
f 4186/4186 4265/4265 4266/4266
f 4186/4186 4266/4266 4187/4187
f 4187/4187 4266/4266 4267/4267
f 4187/4187 4267/4267 4188/4188
f 4188/4188 4267/4267 4268/4268
f 4188/4188 4268/4268 4189/4189
f 4189/4189 4268/4268 4269/4269
f 4189/4189 4269/4269 4190/4190
f 4190/4190 4269/4269 4270/4270
f 4190/4190 4270/4270 4191/4191
f 4191/4191 4270/4270 4271/4271
f 4191/4191 4271/4271 4192/4192
f 4192/4192 4271/4271 4272/4272
f 4192/4192 4272/4272 4193/4193
f 4193/4193 4272/4272 4273/4273
f 4193/4193 4273/4273 4194/4194
f 4194/4194 4273/4273 4274/4274
f 4194/4194 4274/4274 4195/4195
f 4195/4195 4274/4274 4275/4275
f 4195/4195 4275/4275 4196/4196
f 4196/4196 4275/4275 4276/4276
f 4196/4196 4276/4276 4197/4197
f 4197/4197 4276/4276 4277/4277
f 4197/4197 4277/4277 4198/4198
f 4198/4198 4277/4277 4278/4278
f 4198/4198 4278/4278 4199/4199
f 4199/4199 4278/4278 4279/4279
f 4199/4199 4279/4279 4200/4200
f 4200/4200 4279/4279 4280/4280
f 4200/4200 4280/4280 4201/4201
f 4201/4201 4280/4280 4281/4281
f 4201/4201 4281/4281 4202/4202
f 4202/4202 4281/4281 4282/4282
f 4202/4202 4282/4282 4203/4203
f 4203/4203 4282/4282 4283/4283
f 4203/4203 4283/4283 4204/4204
f 4204/4204 4283/4283 4284/4284
f 4204/4204 4284/4284 4205/4205
f 4205/4205 4284/4284 4285/4285
f 4205/4205 4285/4285 4206/4206
f 4206/4206 4285/4285 4286/4286
f 4206/4206 4286/4286 4207/4207
f 4207/4207 4286/4286 4287/4287
f 4207/4207 4287/4287 4208/4208
f 4208/4208 4287/4287 4288/4288
f 4208/4208 4288/4288 4209/4209
f 4209/4209 4288/4288 4289/4289
f 4209/4209 4289/4289 4210/4210
f 4210/4210 4289/4289 4290/4290
f 4210/4210 4290/4290 4211/4211
f 4211/4211 4290/4290 4291/4291
f 4211/4211 4291/4291 4212/4212
f 4212/4212 4291/4291 4292/4292
f 4212/4212 4292/4292 4213/4213
f 4213/4213 4292/4292 4293/4293
f 4213/4213 4293/4293 4214/4214
f 4214/4214 4293/4293 4294/4294
f 4214/4214 4294/4294 4215/4215
f 4215/4215 4294/4294 4295/4295
f 4215/4215 4295/4295 4216/4216
f 4216/4216 4295/4295 4296/4296
f 4216/4216 4296/4296 4217/4217
f 4217/4217 4296/4296 4297/4297
f 4217/4217 4297/4297 4218/4218
f 4218/4218 4297/4297 4298/4298
f 4218/4218 4298/4298 4219/4219
f 4219/4219 4298/4298 4299/4299
f 4219/4219 4299/4299 4220/4220
f 4220/4220 4299/4299 4300/4300
f 4220/4220 4300/4300 4221/4221
f 4221/4221 4300/4300 4301/4301
f 4221/4221 4301/4301 4222/4222
f 4222/4222 4301/4301 4302/4302
f 4222/4222 4302/4302 4223/4223
f 4223/4223 4302/4302 4303/4303
f 4223/4223 4303/4303 4224/4224
f 4224/4224 4303/4303 4304/4304
f 4224/4224 4304/4304 4225/4225
f 4225/4225 4304/4304 4305/4305
f 4225/4225 4305/4305 4226/4226
f 4226/4226 4305/4305 4306/4306
f 4226/4226 4306/4306 4227/4227
f 4227/4227 4306/4306 4307/4307
f 4227/4227 4307/4307 4228/4228
f 4228/4228 4307/4307 4308/4308
f 4228/4228 4308/4308 4229/4229
f 4229/4229 4308/4308 4309/4309
f 4229/4229 4309/4309 4230/4230
f 4230/4230 4309/4309 4310/4310
f 4230/4230 4310/4310 4231/4231
f 4231/4231 4310/4310 4311/4311
f 4231/4231 4311/4311 4232/4232
f 4232/4232 4311/4311 4312/4312
f 4232/4232 4312/4312 4233/4233
f 4233/4233 4312/4312 4313/4313
f 4233/4233 4313/4313 4234/4234
f 4234/4234 4313/4313 4314/4314
f 4234/4234 4314/4314 4235/4235
f 4235/4235 4314/4314 4315/4315
f 4235/4235 4315/4315 4236/4236
f 4236/4236 4315/4315 4316/4316
f 4245/4245 4325/4325 4246/4246
f 4246/4246 4325/4325 4326/4326
f 4246/4246 4326/4326 4247/4247
f 4247/4247 4326/4326 4327/4327
f 4247/4247 4327/4327 4248/4248
f 4248/4248 4327/4327 4328/4328
f 4248/4248 4328/4328 4249/4249
f 4249/4249 4328/4328 4329/4329
f 4249/4249 4329/4329 4250/4250
f 4250/4250 4329/4329 4330/4330
f 4250/4250 4330/4330 4251/4251
f 4251/4251 4330/4330 4331/4331
f 4251/4251 4331/4331 4252/4252
f 4252/4252 4331/4331 4332/4332
f 4252/4252 4332/4332 4253/4253
f 4253/4253 4332/4332 4333/4333
f 4253/4253 4333/4333 4254/4254
f 4254/4254 4333/4333 4334/4334
f 4254/4254 4334/4334 4255/4255
f 4255/4255 4334/4334 4335/4335
f 4255/4255 4335/4335 4256/4256
f 4256/4256 4335/4335 4336/4336
f 4256/4256 4336/4336 4257/4257
f 4257/4257 4336/4336 4337/4337
f 4257/4257 4337/4337 4258/4258
f 4258/4258 4337/4337 4338/4338
f 4258/4258 4338/4338 4259/4259
f 4259/4259 4338/4338 4339/4339
f 4259/4259 4339/4339 4260/4260
f 4260/4260 4339/4339 4340/4340
f 4260/4260 4340/4340 4261/4261
f 4261/4261 4340/4340 4341/4341
f 4261/4261 4341/4341 4262/4262
f 4262/4262 4341/4341 4342/4342
f 4262/4262 4342/4342 4263/4263
f 4263/4263 4342/4342 4343/4343
f 4263/4263 4343/4343 4264/4264
f 4264/4264 4343/4343 4344/4344
f 4264/4264 4344/4344 4265/4265
f 4265/4265 4344/4344 4345/4345
f 4265/4265 4345/4345 4266/4266
f 4266/4266 4345/4345 4346/4346
f 4266/4266 4346/4346 4267/4267
f 4267/4267 4346/4346 4347/4347
f 4267/4267 4347/4347 4268/4268
f 4268/4268 4347/4347 4348/4348
f 4268/4268 4348/4348 4269/4269
f 4269/4269 4348/4348 4349/4349
f 4269/4269 4349/4349 4270/4270
f 4270/4270 4349/4349 4350/4350
f 4270/4270 4350/4350 4271/4271
f 4271/4271 4350/4350 4351/4351
f 4271/4271 4351/4351 4272/4272
f 4272/4272 4351/4351 4352/4352
f 4272/4272 4352/4352 4273/4273
f 4273/4273 4352/4352 4353/4353
f 4273/4273 4353/4353 4274/4274
f 4274/4274 4353/4353 4354/4354
f 4274/4274 4354/4354 4275/4275
f 4275/4275 4354/4354 4355/4355
f 4275/4275 4355/4355 4276/4276
f 4276/4276 4355/4355 4356/4356
f 4276/4276 4356/4356 4277/4277
f 4277/4277 4356/4356 4357/4357
f 4277/4277 4357/4357 4278/4278
f 4278/4278 4357/4357 4358/4358
f 4278/4278 4358/4358 4279/4279
f 4279/4279 4358/4358 4359/4359
f 4279/4279 4359/4359 4280/4280
f 4280/4280 4359/4359 4360/4360
f 4280/4280 4360/4360 4281/4281
f 4281/4281 4360/4360 4361/4361
f 4281/4281 4361/4361 4282/4282
f 4282/4282 4361/4361 4362/4362
f 4282/4282 4362/4362 4283/4283
f 4283/4283 4362/4362 4363/4363
f 4283/4283 4363/4363 4284/4284
f 4284/4284 4363/4363 4364/4364
f 4284/4284 4364/4364 4285/4285
f 4285/4285 4364/4364 4365/4365
f 4285/4285 4365/4365 4286/4286
f 4286/4286 4365/4365 4366/4366
f 4286/4286 4366/4366 4287/4287
f 4287/4287 4366/4366 4367/4367
f 4287/4287 4367/4367 4288/4288
f 4288/4288 4367/4367 4368/4368
f 4288/4288 4368/4368 4289/4289
f 4289/4289 4368/4368 4369/4369
f 4289/4289 4369/4369 4290/4290
f 4290/4290 4369/4369 4370/4370
f 4290/4290 4370/4370 4291/4291
f 4291/4291 4370/4370 4371/4371
f 4291/4291 4371/4371 4292/4292
f 4292/4292 4371/4371 4372/4372
f 4292/4292 4372/4372 4293/4293
f 4293/4293 4372/4372 4373/4373
f 4293/4293 4373/4373 4294/4294
f 4294/4294 4373/4373 4374/4374
f 4294/4294 4374/4374 4295/4295
f 4295/4295 4374/4374 4375/4375
f 4295/4295 4375/4375 4296/4296
f 4296/4296 4375/4375 4376/4376
f 4296/4296 4376/4376 4297/4297
f 4297/4297 4376/4376 4377/4377
f 4297/4297 4377/4377 4298/4298
f 4298/4298 4377/4377 4378/4378
f 4298/4298 4378/4378 4299/4299
f 4299/4299 4378/4378 4379/4379
f 4299/4299 4379/4379 4300/4300
f 4300/4300 4379/4379 4380/4380
f 4300/4300 4380/4380 4301/4301
f 4301/4301 4380/4380 4381/4381
f 4301/4301 4381/4381 4302/4302
f 4302/4302 4381/4381 4382/4382
f 4302/4302 4382/4382 4303/4303
f 4303/4303 4382/4382 4383/4383
f 4303/4303 4383/4383 4304/4304
f 4304/4304 4383/4383 4384/4384
f 4304/4304 4384/4384 4305/4305
f 4305/4305 4384/4384 4385/4385
f 4305/4305 4385/4385 4306/4306
f 4306/4306 4385/4385 4386/4386
f 4306/4306 4386/4386 4307/4307
f 4307/4307 4386/4386 4387/4387
f 4307/4307 4387/4387 4308/4308
f 4308/4308 4387/4387 4388/4388
f 4308/4308 4388/4388 4309/4309
f 4309/4309 4388/4388 4389/4389
f 4309/4309 4389/4389 4310/4310
f 4310/4310 4389/4389 4390/4390
f 4310/4310 4390/4390 4311/4311
f 4311/4311 4390/4390 4391/4391
f 4311/4311 4391/4391 4312/4312
f 4312/4312 4391/4391 4392/4392
f 4312/4312 4392/4392 4313/4313
f 4313/4313 4392/4392 4393/4393
f 4313/4313 4393/4393 4314/4314
f 4314/4314 4393/4393 4394/4394
f 4314/4314 4394/4394 4315/4315
f 4315/4315 4394/4394 4395/4395
f 4315/4315 4395/4395 4316/4316
f 4316/4316 4395/4395 4396/4396
f 4326/4326 4406/4406 4327/4327
f 4327/4327 4406/4406 4407/4407
f 4327/4327 4407/4407 4328/4328
f 4328/4328 4407/4407 4408/4408
f 4328/4328 4408/4408 4329/4329
f 4329/4329 4408/4408 4409/4409
f 4329/4329 4409/4409 4330/4330
f 4330/4330 4409/4409 4410/4410
f 4330/4330 4410/4410 4331/4331
f 4331/4331 4410/4410 4411/4411
f 4331/4331 4411/4411 4332/4332
f 4332/4332 4411/4411 4412/4412
f 4332/4332 4412/4412 4333/4333
f 4333/4333 4412/4412 4413/4413
f 4333/4333 4413/4413 4334/4334
f 4334/4334 4413/4413 4414/4414
f 4334/4334 4414/4414 4335/4335
f 4335/4335 4414/4414 4415/4415
f 4335/4335 4415/4415 4336/4336
f 4336/4336 4415/4415 4416/4416
f 4336/4336 4416/4416 4337/4337
f 4337/4337 4416/4416 4417/4417
f 4337/4337 4417/4417 4338/4338
f 4338/4338 4417/4417 4418/4418
f 4338/4338 4418/4418 4339/4339
f 4339/4339 4418/4418 4419/4419
f 4339/4339 4419/4419 4340/4340
f 4340/4340 4419/4419 4420/4420
f 4340/4340 4420/4420 4341/4341
f 4341/4341 4420/4420 4421/4421
f 4341/4341 4421/4421 4342/4342
f 4342/4342 4421/4421 4422/4422
f 4342/4342 4422/4422 4343/4343
f 4343/4343 4422/4422 4423/4423
f 4343/4343 4423/4423 4344/4344
f 4344/4344 4423/4423 4424/4424
f 4344/4344 4424/4424 4345/4345
f 4345/4345 4424/4424 4425/4425
f 4345/4345 4425/4425 4346/4346
f 4346/4346 4425/4425 4426/4426
f 4346/4346 4426/4426 4347/4347
f 4347/4347 4426/4426 4427/4427
f 4347/4347 4427/4427 4348/4348
f 4348/4348 4427/4427 4428/4428
f 4348/4348 4428/4428 4349/4349
f 4349/4349 4428/4428 4429/4429
f 4349/4349 4429/4429 4350/4350
f 4350/4350 4429/4429 4430/4430
f 4350/4350 4430/4430 4351/4351
f 4351/4351 4430/4430 4431/4431
f 4351/4351 4431/4431 4352/4352
f 4352/4352 4431/4431 4432/4432
f 4352/4352 4432/4432 4353/4353
f 4353/4353 4432/4432 4433/4433
f 4353/4353 4433/4433 4354/4354
f 4354/4354 4433/4433 4434/4434
f 4354/4354 4434/4434 4355/4355
f 4355/4355 4434/4434 4435/4435
f 4355/4355 4435/4435 4356/4356
f 4356/4356 4435/4435 4436/4436
f 4356/4356 4436/4436 4357/4357
f 4357/4357 4436/4436 4437/4437
f 4357/4357 4437/4437 4358/4358
f 4358/4358 4437/4437 4438/4438
f 4358/4358 4438/4438 4359/4359
f 4359/4359 4438/4438 4439/4439
f 4359/4359 4439/4439 4360/4360
f 4360/4360 4439/4439 4440/4440
f 4360/4360 4440/4440 4361/4361
f 4361/4361 4440/4440 4441/4441
f 4361/4361 4441/4441 4362/4362
f 4362/4362 4441/4441 4442/4442
f 4362/4362 4442/4442 4363/4363
f 4363/4363 4442/4442 4443/4443
f 4363/4363 4443/4443 4364/4364
f 4364/4364 4443/4443 4444/4444
f 4364/4364 4444/4444 4365/4365
f 4365/4365 4444/4444 4445/4445
f 4365/4365 4445/4445 4366/4366
f 4366/4366 4445/4445 4446/4446
f 4366/4366 4446/4446 4367/4367
f 4367/4367 4446/4446 4447/4447
f 4367/4367 4447/4447 4368/4368
f 4368/4368 4447/4447 4448/4448
f 4368/4368 4448/4448 4369/4369
f 4369/4369 4448/4448 4449/4449
f 4369/4369 4449/4449 4370/4370
f 4370/4370 4449/4449 4450/4450
f 4370/4370 4450/4450 4371/4371
f 4371/4371 4450/4450 4451/4451
f 4371/4371 4451/4451 4372/4372
f 4372/4372 4451/4451 4452/4452
f 4372/4372 4452/4452 4373/4373
f 4373/4373 4452/4452 4453/4453
f 4373/4373 4453/4453 4374/4374
f 4374/4374 4453/4453 4454/4454
f 4374/4374 4454/4454 4375/4375
f 4375/4375 4454/4454 4455/4455
f 4375/4375 4455/4455 4376/4376
f 4376/4376 4455/4455 4456/4456
f 4376/4376 4456/4456 4377/4377
f 4377/4377 4456/4456 4457/4457
f 4377/4377 4457/4457 4378/4378
f 4378/4378 4457/4457 4458/4458
f 4378/4378 4458/4458 4379/4379
f 4379/4379 4458/4458 4459/4459
f 4379/4379 4459/4459 4380/4380
f 4380/4380 4459/4459 4460/4460
f 4380/4380 4460/4460 4381/4381
f 4381/4381 4460/4460 4461/4461
f 4381/4381 4461/4461 4382/4382
f 4382/4382 4461/4461 4462/4462
f 4382/4382 4462/4462 4383/4383
f 4383/4383 4462/4462 4463/4463
f 4383/4383 4463/4463 4384/4384
f 4384/4384 4463/4463 4464/4464
f 4384/4384 4464/4464 4385/4385
f 4385/4385 4464/4464 4465/4465
f 4385/4385 4465/4465 4386/4386
f 4386/4386 4465/4465 4466/4466
f 4386/4386 4466/4466 4387/4387
f 4387/4387 4466/4466 4467/4467
f 4387/4387 4467/4467 4388/4388
f 4388/4388 4467/4467 4468/4468
f 4388/4388 4468/4468 4389/4389
f 4389/4389 4468/4468 4469/4469
f 4389/4389 4469/4469 4390/4390
f 4390/4390 4469/4469 4470/4470
f 4390/4390 4470/4470 4391/4391
f 4391/4391 4470/4470 4471/4471
f 4391/4391 4471/4471 4392/4392
f 4392/4392 4471/4471 4472/4472
f 4392/4392 4472/4472 4393/4393
f 4393/4393 4472/4472 4473/4473
f 4393/4393 4473/4473 4394/4394
f 4394/4394 4473/4473 4474/4474
f 4394/4394 4474/4474 4395/4395
f 4395/4395 4474/4474 4475/4475
f 4395/4395 4475/4475 4396/4396
f 4396/4396 4475/4475 4476/4476
f 4406/4406 4486/4486 4407/4407
f 4407/4407 4486/4486 4487/4487
f 4407/4407 4487/4487 4408/4408
f 4408/4408 4487/4487 4488/4488
f 4408/4408 4488/4488 4409/4409
f 4409/4409 4488/4488 4489/4489
f 4409/4409 4489/4489 4410/4410
f 4410/4410 4489/4489 4490/4490
f 4410/4410 4490/4490 4411/4411
f 4411/4411 4490/4490 4491/4491
f 4411/4411 4491/4491 4412/4412
f 4412/4412 4491/4491 4492/4492
f 4412/4412 4492/4492 4413/4413
f 4413/4413 4492/4492 4493/4493
f 4413/4413 4493/4493 4414/4414
f 4414/4414 4493/4493 4494/4494
f 4414/4414 4494/4494 4415/4415
f 4415/4415 4494/4494 4495/4495
f 4415/4415 4495/4495 4416/4416
f 4416/4416 4495/4495 4496/4496
f 4416/4416 4496/4496 4417/4417
f 4417/4417 4496/4496 4497/4497
f 4417/4417 4497/4497 4418/4418
f 4418/4418 4497/4497 4498/4498
f 4418/4418 4498/4498 4419/4419
f 4419/4419 4498/4498 4499/4499
f 4419/4419 4499/4499 4420/4420
f 4420/4420 4499/4499 4500/4500
f 4420/4420 4500/4500 4421/4421
f 4421/4421 4500/4500 4501/4501
f 4421/4421 4501/4501 4422/4422
f 4422/4422 4501/4501 4502/4502
f 4422/4422 4502/4502 4423/4423
f 4423/4423 4502/4502 4503/4503
f 4423/4423 4503/4503 4424/4424
f 4424/4424 4503/4503 4504/4504
f 4424/4424 4504/4504 4425/4425
f 4425/4425 4504/4504 4505/4505
f 4425/4425 4505/4505 4426/4426
f 4426/4426 4505/4505 4506/4506
f 4426/4426 4506/4506 4427/4427
f 4427/4427 4506/4506 4507/4507
f 4427/4427 4507/4507 4428/4428
f 4428/4428 4507/4507 4508/4508
f 4428/4428 4508/4508 4429/4429
f 4429/4429 4508/4508 4509/4509
f 4429/4429 4509/4509 4430/4430
f 4430/4430 4509/4509 4510/4510
f 4430/4430 4510/4510 4431/4431
f 4431/4431 4510/4510 4511/4511
f 4431/4431 4511/4511 4432/4432
f 4432/4432 4511/4511 4512/4512
f 4432/4432 4512/4512 4433/4433
f 4433/4433 4512/4512 4513/4513
f 4433/4433 4513/4513 4434/4434
f 4434/4434 4513/4513 4514/4514
f 4434/4434 4514/4514 4435/4435
f 4435/4435 4514/4514 4515/4515
f 4435/4435 4515/4515 4436/4436
f 4436/4436 4515/4515 4516/4516
f 4436/4436 4516/4516 4437/4437
f 4437/4437 4516/4516 4517/4517
f 4437/4437 4517/4517 4438/4438
f 4438/4438 4517/4517 4518/4518
f 4438/4438 4518/4518 4439/4439
f 4439/4439 4518/4518 4519/4519
f 4439/4439 4519/4519 4440/4440
f 4440/4440 4519/4519 4520/4520
f 4440/4440 4520/4520 4441/4441
f 4441/4441 4520/4520 4521/4521
f 4441/4441 4521/4521 4442/4442
f 4442/4442 4521/4521 4522/4522
f 4442/4442 4522/4522 4443/4443
f 4443/4443 4522/4522 4523/4523
f 4443/4443 4523/4523 4444/4444
f 4444/4444 4523/4523 4524/4524
f 4444/4444 4524/4524 4445/4445
f 4445/4445 4524/4524 4525/4525
f 4445/4445 4525/4525 4446/4446
f 4446/4446 4525/4525 4526/4526
f 4446/4446 4526/4526 4447/4447
f 4447/4447 4526/4526 4527/4527
f 4447/4447 4527/4527 4448/4448
f 4448/4448 4527/4527 4528/4528
f 4448/4448 4528/4528 4449/4449
f 4449/4449 4528/4528 4529/4529
f 4449/4449 4529/4529 4450/4450
f 4450/4450 4529/4529 4530/4530
f 4450/4450 4530/4530 4451/4451
f 4451/4451 4530/4530 4531/4531
f 4451/4451 4531/4531 4452/4452
f 4452/4452 4531/4531 4532/4532
f 4452/4452 4532/4532 4453/4453
f 4453/4453 4532/4532 4533/4533
f 4453/4453 4533/4533 4454/4454
f 4454/4454 4533/4533 4534/4534
f 4454/4454 4534/4534 4455/4455
f 4455/4455 4534/4534 4535/4535
f 4455/4455 4535/4535 4456/4456
f 4456/4456 4535/4535 4536/4536
f 4456/4456 4536/4536 4457/4457
f 4457/4457 4536/4536 4537/4537
f 4457/4457 4537/4537 4458/4458
f 4458/4458 4537/4537 4538/4538
f 4458/4458 4538/4538 4459/4459
f 4459/4459 4538/4538 4539/4539
f 4459/4459 4539/4539 4460/4460
f 4460/4460 4539/4539 4540/4540
f 4460/4460 4540/4540 4461/4461
f 4461/4461 4540/4540 4541/4541
f 4461/4461 4541/4541 4462/4462
f 4462/4462 4541/4541 4542/4542
f 4462/4462 4542/4542 4463/4463
f 4463/4463 4542/4542 4543/4543
f 4463/4463 4543/4543 4464/4464
f 4464/4464 4543/4543 4544/4544
f 4464/4464 4544/4544 4465/4465
f 4465/4465 4544/4544 4545/4545
f 4465/4465 4545/4545 4466/4466
f 4466/4466 4545/4545 4546/4546
f 4466/4466 4546/4546 4467/4467
f 4467/4467 4546/4546 4547/4547
f 4467/4467 4547/4547 4468/4468
f 4468/4468 4547/4547 4548/4548
f 4468/4468 4548/4548 4469/4469
f 4469/4469 4548/4548 4549/4549
f 4469/4469 4549/4549 4470/4470
f 4470/4470 4549/4549 4550/4550
f 4470/4470 4550/4550 4471/4471
f 4471/4471 4550/4550 4551/4551
f 4471/4471 4551/4551 4472/4472
f 4472/4472 4551/4551 4552/4552
f 4472/4472 4552/4552 4473/4473
f 4473/4473 4552/4552 4553/4553
f 4473/4473 4553/4553 4474/4474
f 4474/4474 4553/4553 4554/4554
f 4474/4474 4554/4554 4475/4475
f 4475/4475 4554/4554 4555/4555
f 4487/4487 4567/4567 4488/4488
f 4488/4488 4567/4567 4568/4568
f 4488/4488 4568/4568 4489/4489
f 4489/4489 4568/4568 4569/4569
f 4489/4489 4569/4569 4490/4490
f 4490/4490 4569/4569 4570/4570
f 4490/4490 4570/4570 4491/4491
f 4491/4491 4570/4570 4571/4571
f 4491/4491 4571/4571 4492/4492
f 4492/4492 4571/4571 4572/4572
f 4492/4492 4572/4572 4493/4493
f 4493/4493 4572/4572 4573/4573
f 4493/4493 4573/4573 4494/4494
f 4494/4494 4573/4573 4574/4574
f 4494/4494 4574/4574 4495/4495
f 4495/4495 4574/4574 4575/4575
f 4495/4495 4575/4575 4496/4496
f 4496/4496 4575/4575 4576/4576
f 4496/4496 4576/4576 4497/4497
f 4497/4497 4576/4576 4577/4577
f 4497/4497 4577/4577 4498/4498
f 4498/4498 4577/4577 4578/4578
f 4498/4498 4578/4578 4499/4499
f 4499/4499 4578/4578 4579/4579
f 4499/4499 4579/4579 4500/4500
f 4500/4500 4579/4579 4580/4580
f 4500/4500 4580/4580 4501/4501
f 4501/4501 4580/4580 4581/4581
f 4501/4501 4581/4581 4502/4502
f 4502/4502 4581/4581 4582/4582
f 4502/4502 4582/4582 4503/4503
f 4503/4503 4582/4582 4583/4583
f 4503/4503 4583/4583 4504/4504
f 4504/4504 4583/4583 4584/4584
f 4504/4504 4584/4584 4505/4505
f 4505/4505 4584/4584 4585/4585
f 4505/4505 4585/4585 4506/4506
f 4506/4506 4585/4585 4586/4586
f 4506/4506 4586/4586 4507/4507
f 4507/4507 4586/4586 4587/4587
f 4507/4507 4587/4587 4508/4508
f 4508/4508 4587/4587 4588/4588
f 4508/4508 4588/4588 4509/4509
f 4509/4509 4588/4588 4589/4589
f 4509/4509 4589/4589 4510/4510
f 4510/4510 4589/4589 4590/4590
f 4510/4510 4590/4590 4511/4511
f 4511/4511 4590/4590 4591/4591
f 4511/4511 4591/4591 4512/4512
f 4512/4512 4591/4591 4592/4592
f 4512/4512 4592/4592 4513/4513
f 4513/4513 4592/4592 4593/4593
f 4513/4513 4593/4593 4514/4514
f 4514/4514 4593/4593 4594/4594
f 4514/4514 4594/4594 4515/4515
f 4515/4515 4594/4594 4595/4595
f 4515/4515 4595/4595 4516/4516
f 4516/4516 4595/4595 4596/4596
f 4516/4516 4596/4596 4517/4517
f 4517/4517 4596/4596 4597/4597
f 4517/4517 4597/4597 4518/4518
f 4518/4518 4597/4597 4598/4598
f 4518/4518 4598/4598 4519/4519
f 4519/4519 4598/4598 4599/4599
f 4519/4519 4599/4599 4520/4520
f 4520/4520 4599/4599 4600/4600
f 4520/4520 4600/4600 4521/4521
f 4521/4521 4600/4600 4601/4601
f 4521/4521 4601/4601 4522/4522
f 4522/4522 4601/4601 4602/4602
f 4522/4522 4602/4602 4523/4523
f 4523/4523 4602/4602 4603/4603
f 4523/4523 4603/4603 4524/4524
f 4524/4524 4603/4603 4604/4604
f 4524/4524 4604/4604 4525/4525
f 4525/4525 4604/4604 4605/4605
f 4525/4525 4605/4605 4526/4526
f 4526/4526 4605/4605 4606/4606
f 4526/4526 4606/4606 4527/4527
f 4527/4527 4606/4606 4607/4607
f 4527/4527 4607/4607 4528/4528
f 4528/4528 4607/4607 4608/4608
f 4528/4528 4608/4608 4529/4529
f 4529/4529 4608/4608 4609/4609
f 4529/4529 4609/4609 4530/4530
f 4530/4530 4609/4609 4610/4610
f 4530/4530 4610/4610 4531/4531
f 4531/4531 4610/4610 4611/4611
f 4531/4531 4611/4611 4532/4532
f 4532/4532 4611/4611 4612/4612
f 4532/4532 4612/4612 4533/4533
f 4533/4533 4612/4612 4613/4613
f 4533/4533 4613/4613 4534/4534
f 4534/4534 4613/4613 4614/4614
f 4534/4534 4614/4614 4535/4535
f 4535/4535 4614/4614 4615/4615
f 4535/4535 4615/4615 4536/4536
f 4536/4536 4615/4615 4616/4616
f 4536/4536 4616/4616 4537/4537
f 4537/4537 4616/4616 4617/4617
f 4537/4537 4617/4617 4538/4538
f 4538/4538 4617/4617 4618/4618
f 4538/4538 4618/4618 4539/4539
f 4539/4539 4618/4618 4619/4619
f 4539/4539 4619/4619 4540/4540
f 4540/4540 4619/4619 4620/4620
f 4540/4540 4620/4620 4541/4541
f 4541/4541 4620/4620 4621/4621
f 4541/4541 4621/4621 4542/4542
f 4542/4542 4621/4621 4622/4622
f 4542/4542 4622/4622 4543/4543
f 4543/4543 4622/4622 4623/4623
f 4543/4543 4623/4623 4544/4544
f 4544/4544 4623/4623 4624/4624
f 4544/4544 4624/4624 4545/4545
f 4545/4545 4624/4624 4625/4625
f 4545/4545 4625/4625 4546/4546
f 4546/4546 4625/4625 4626/4626
f 4546/4546 4626/4626 4547/4547
f 4547/4547 4626/4626 4627/4627
f 4547/4547 4627/4627 4548/4548
f 4548/4548 4627/4627 4628/4628
f 4548/4548 4628/4628 4549/4549
f 4549/4549 4628/4628 4629/4629
f 4549/4549 4629/4629 4550/4550
f 4550/4550 4629/4629 4630/4630
f 4550/4550 4630/4630 4551/4551
f 4551/4551 4630/4630 4631/4631
f 4551/4551 4631/4631 4552/4552
f 4552/4552 4631/4631 4632/4632
f 4552/4552 4632/4632 4553/4553
f 4553/4553 4632/4632 4633/4633
f 4553/4553 4633/4633 4554/4554
f 4554/4554 4633/4633 4634/4634
f 4554/4554 4634/4634 4555/4555
f 4555/4555 4634/4634 4635/4635
f 4567/4567 4647/4647 4568/4568
f 4568/4568 4647/4647 4648/4648
f 4568/4568 4648/4648 4569/4569
f 4569/4569 4648/4648 4649/4649
f 4569/4569 4649/4649 4570/4570
f 4570/4570 4649/4649 4650/4650
f 4570/4570 4650/4650 4571/4571
f 4571/4571 4650/4650 4651/4651
f 4571/4571 4651/4651 4572/4572
f 4572/4572 4651/4651 4652/4652
f 4572/4572 4652/4652 4573/4573
f 4573/4573 4652/4652 4653/4653
f 4573/4573 4653/4653 4574/4574
f 4574/4574 4653/4653 4654/4654
f 4574/4574 4654/4654 4575/4575
f 4575/4575 4654/4654 4655/4655
f 4575/4575 4655/4655 4576/4576
f 4576/4576 4655/4655 4656/4656
f 4576/4576 4656/4656 4577/4577
f 4577/4577 4656/4656 4657/4657
f 4577/4577 4657/4657 4578/4578
f 4578/4578 4657/4657 4658/4658
f 4578/4578 4658/4658 4579/4579
f 4579/4579 4658/4658 4659/4659
f 4579/4579 4659/4659 4580/4580
f 4580/4580 4659/4659 4660/4660
f 4580/4580 4660/4660 4581/4581
f 4581/4581 4660/4660 4661/4661
f 4581/4581 4661/4661 4582/4582
f 4582/4582 4661/4661 4662/4662
f 4582/4582 4662/4662 4583/4583
f 4583/4583 4662/4662 4663/4663
f 4583/4583 4663/4663 4584/4584
f 4584/4584 4663/4663 4664/4664
f 4584/4584 4664/4664 4585/4585
f 4585/4585 4664/4664 4665/4665
f 4585/4585 4665/4665 4586/4586
f 4586/4586 4665/4665 4666/4666
f 4586/4586 4666/4666 4587/4587
f 4587/4587 4666/4666 4667/4667
f 4587/4587 4667/4667 4588/4588
f 4588/4588 4667/4667 4668/4668
f 4588/4588 4668/4668 4589/4589
f 4589/4589 4668/4668 4669/4669
f 4589/4589 4669/4669 4590/4590
f 4590/4590 4669/4669 4670/4670
f 4590/4590 4670/4670 4591/4591
f 4591/4591 4670/4670 4671/4671
f 4591/4591 4671/4671 4592/4592
f 4592/4592 4671/4671 4672/4672
f 4592/4592 4672/4672 4593/4593
f 4593/4593 4672/4672 4673/4673
f 4593/4593 4673/4673 4594/4594
f 4594/4594 4673/4673 4674/4674
f 4594/4594 4674/4674 4595/4595
f 4595/4595 4674/4674 4675/4675
f 4595/4595 4675/4675 4596/4596
f 4596/4596 4675/4675 4676/4676
f 4596/4596 4676/4676 4597/4597
f 4597/4597 4676/4676 4677/4677
f 4597/4597 4677/4677 4598/4598
f 4598/4598 4677/4677 4678/4678
f 4598/4598 4678/4678 4599/4599
f 4599/4599 4678/4678 4679/4679
f 4599/4599 4679/4679 4600/4600
f 4600/4600 4679/4679 4680/4680
f 4600/4600 4680/4680 4601/4601
f 4601/4601 4680/4680 4681/4681
f 4601/4601 4681/4681 4602/4602
f 4602/4602 4681/4681 4682/4682
f 4602/4602 4682/4682 4603/4603
f 4603/4603 4682/4682 4683/4683
f 4603/4603 4683/4683 4604/4604
f 4604/4604 4683/4683 4684/4684
f 4604/4604 4684/4684 4605/4605
f 4605/4605 4684/4684 4685/4685
f 4605/4605 4685/4685 4606/4606
f 4606/4606 4685/4685 4686/4686
f 4606/4606 4686/4686 4607/4607
f 4607/4607 4686/4686 4687/4687
f 4607/4607 4687/4687 4608/4608
f 4608/4608 4687/4687 4688/4688
f 4608/4608 4688/4688 4609/4609
f 4609/4609 4688/4688 4689/4689
f 4609/4609 4689/4689 4610/4610
f 4610/4610 4689/4689 4690/4690
f 4610/4610 4690/4690 4611/4611
f 4611/4611 4690/4690 4691/4691
f 4611/4611 4691/4691 4612/4612
f 4612/4612 4691/4691 4692/4692
f 4612/4612 4692/4692 4613/4613
f 4613/4613 4692/4692 4693/4693
f 4613/4613 4693/4693 4614/4614
f 4614/4614 4693/4693 4694/4694
f 4614/4614 4694/4694 4615/4615
f 4615/4615 4694/4694 4695/4695
f 4615/4615 4695/4695 4616/4616
f 4616/4616 4695/4695 4696/4696
f 4616/4616 4696/4696 4617/4617
f 4617/4617 4696/4696 4697/4697
f 4617/4617 4697/4697 4618/4618
f 4618/4618 4697/4697 4698/4698
f 4618/4618 4698/4698 4619/4619
f 4619/4619 4698/4698 4699/4699
f 4619/4619 4699/4699 4620/4620
f 4620/4620 4699/4699 4700/4700
f 4620/4620 4700/4700 4621/4621
f 4621/4621 4700/4700 4701/4701
f 4621/4621 4701/4701 4622/4622
f 4622/4622 4701/4701 4702/4702
f 4622/4622 4702/4702 4623/4623
f 4623/4623 4702/4702 4703/4703
f 4623/4623 4703/4703 4624/4624
f 4624/4624 4703/4703 4704/4704
f 4624/4624 4704/4704 4625/4625
f 4625/4625 4704/4704 4705/4705
f 4625/4625 4705/4705 4626/4626
f 4626/4626 4705/4705 4706/4706
f 4626/4626 4706/4706 4627/4627
f 4627/4627 4706/4706 4707/4707
f 4627/4627 4707/4707 4628/4628
f 4628/4628 4707/4707 4708/4708
f 4628/4628 4708/4708 4629/4629
f 4629/4629 4708/4708 4709/4709
f 4629/4629 4709/4709 4630/4630
f 4630/4630 4709/4709 4710/4710
f 4630/4630 4710/4710 4631/4631
f 4631/4631 4710/4710 4711/4711
f 4631/4631 4711/4711 4632/4632
f 4632/4632 4711/4711 4712/4712
f 4632/4632 4712/4712 4633/4633
f 4633/4633 4712/4712 4713/4713
f 4633/4633 4713/4713 4634/4634
f 4634/4634 4713/4713 4714/4714
f 4634/4634 4714/4714 4635/4635
f 4635/4635 4714/4714 4715/4715
f 4648/4648 4728/4728 4649/4649
f 4649/4649 4728/4728 4729/4729
f 4649/4649 4729/4729 4650/4650
f 4650/4650 4729/4729 4730/4730
f 4650/4650 4730/4730 4651/4651
f 4651/4651 4730/4730 4731/4731
f 4651/4651 4731/4731 4652/4652
f 4652/4652 4731/4731 4732/4732
f 4652/4652 4732/4732 4653/4653
f 4653/4653 4732/4732 4733/4733
f 4653/4653 4733/4733 4654/4654
f 4654/4654 4733/4733 4734/4734
f 4654/4654 4734/4734 4655/4655
f 4655/4655 4734/4734 4735/4735
f 4655/4655 4735/4735 4656/4656
f 4656/4656 4735/4735 4736/4736
f 4656/4656 4736/4736 4657/4657
f 4657/4657 4736/4736 4737/4737
f 4657/4657 4737/4737 4658/4658
f 4658/4658 4737/4737 4738/4738
f 4658/4658 4738/4738 4659/4659
f 4659/4659 4738/4738 4739/4739
f 4659/4659 4739/4739 4660/4660
f 4660/4660 4739/4739 4740/4740
f 4660/4660 4740/4740 4661/4661
f 4661/4661 4740/4740 4741/4741
f 4661/4661 4741/4741 4662/4662
f 4662/4662 4741/4741 4742/4742
f 4662/4662 4742/4742 4663/4663
f 4663/4663 4742/4742 4743/4743
f 4663/4663 4743/4743 4664/4664
f 4664/4664 4743/4743 4744/4744
f 4664/4664 4744/4744 4665/4665
f 4665/4665 4744/4744 4745/4745
f 4665/4665 4745/4745 4666/4666
f 4666/4666 4745/4745 4746/4746
f 4666/4666 4746/4746 4667/4667
f 4667/4667 4746/4746 4747/4747
f 4667/4667 4747/4747 4668/4668
f 4668/4668 4747/4747 4748/4748
f 4668/4668 4748/4748 4669/4669
f 4669/4669 4748/4748 4749/4749
f 4669/4669 4749/4749 4670/4670
f 4670/4670 4749/4749 4750/4750
f 4670/4670 4750/4750 4671/4671
f 4671/4671 4750/4750 4751/4751
f 4671/4671 4751/4751 4672/4672
f 4672/4672 4751/4751 4752/4752
f 4672/4672 4752/4752 4673/4673
f 4673/4673 4752/4752 4753/4753
f 4673/4673 4753/4753 4674/4674
f 4674/4674 4753/4753 4754/4754
f 4674/4674 4754/4754 4675/4675
f 4675/4675 4754/4754 4755/4755
f 4675/4675 4755/4755 4676/4676
f 4676/4676 4755/4755 4756/4756
f 4676/4676 4756/4756 4677/4677
f 4677/4677 4756/4756 4757/4757
f 4677/4677 4757/4757 4678/4678
f 4678/4678 4757/4757 4758/4758
f 4678/4678 4758/4758 4679/4679
f 4679/4679 4758/4758 4759/4759
f 4679/4679 4759/4759 4680/4680
f 4680/4680 4759/4759 4760/4760
f 4680/4680 4760/4760 4681/4681
f 4681/4681 4760/4760 4761/4761
f 4681/4681 4761/4761 4682/4682
f 4682/4682 4761/4761 4762/4762
f 4682/4682 4762/4762 4683/4683
f 4683/4683 4762/4762 4763/4763
f 4683/4683 4763/4763 4684/4684
f 4684/4684 4763/4763 4764/4764
f 4684/4684 4764/4764 4685/4685
f 4685/4685 4764/4764 4765/4765
f 4685/4685 4765/4765 4686/4686
f 4686/4686 4765/4765 4766/4766
f 4686/4686 4766/4766 4687/4687
f 4687/4687 4766/4766 4767/4767
f 4687/4687 4767/4767 4688/4688
f 4688/4688 4767/4767 4768/4768
f 4688/4688 4768/4768 4689/4689
f 4689/4689 4768/4768 4769/4769
f 4689/4689 4769/4769 4690/4690
f 4690/4690 4769/4769 4770/4770
f 4690/4690 4770/4770 4691/4691
f 4691/4691 4770/4770 4771/4771
f 4691/4691 4771/4771 4692/4692
f 4692/4692 4771/4771 4772/4772
f 4692/4692 4772/4772 4693/4693
f 4693/4693 4772/4772 4773/4773
f 4693/4693 4773/4773 4694/4694
f 4694/4694 4773/4773 4774/4774
f 4694/4694 4774/4774 4695/4695
f 4695/4695 4774/4774 4775/4775
f 4695/4695 4775/4775 4696/4696
f 4696/4696 4775/4775 4776/4776
f 4696/4696 4776/4776 4697/4697
f 4697/4697 4776/4776 4777/4777
f 4697/4697 4777/4777 4698/4698
f 4698/4698 4777/4777 4778/4778
f 4698/4698 4778/4778 4699/4699
f 4699/4699 4778/4778 4779/4779
f 4699/4699 4779/4779 4700/4700
f 4700/4700 4779/4779 4780/4780
f 4700/4700 4780/4780 4701/4701
f 4701/4701 4780/4780 4781/4781
f 4701/4701 4781/4781 4702/4702
f 4702/4702 4781/4781 4782/4782
f 4702/4702 4782/4782 4703/4703
f 4703/4703 4782/4782 4783/4783
f 4703/4703 4783/4783 4704/4704
f 4704/4704 4783/4783 4784/4784
f 4704/4704 4784/4784 4705/4705
f 4705/4705 4784/4784 4785/4785
f 4705/4705 4785/4785 4706/4706
f 4706/4706 4785/4785 4786/4786
f 4706/4706 4786/4786 4707/4707
f 4707/4707 4786/4786 4787/4787
f 4707/4707 4787/4787 4708/4708
f 4708/4708 4787/4787 4788/4788
f 4708/4708 4788/4788 4709/4709
f 4709/4709 4788/4788 4789/4789
f 4709/4709 4789/4789 4710/4710
f 4710/4710 4789/4789 4790/4790
f 4710/4710 4790/4790 4711/4711
f 4711/4711 4790/4790 4791/4791
f 4711/4711 4791/4791 4712/4712
f 4712/4712 4791/4791 4792/4792
f 4712/4712 4792/4792 4713/4713
f 4713/4713 4792/4792 4793/4793
f 4713/4713 4793/4793 4714/4714
f 4714/4714 4793/4793 4794/4794
f 4714/4714 4794/4794 4715/4715
f 4715/4715 4794/4794 4795/4795
f 4728/4728 4808/4808 4729/4729
f 4729/4729 4808/4808 4809/4809
f 4729/4729 4809/4809 4730/4730
f 4730/4730 4809/4809 4810/4810
f 4730/4730 4810/4810 4731/4731
f 4731/4731 4810/4810 4811/4811
f 4731/4731 4811/4811 4732/4732
f 4732/4732 4811/4811 4812/4812
f 4732/4732 4812/4812 4733/4733
f 4733/4733 4812/4812 4813/4813
f 4733/4733 4813/4813 4734/4734
f 4734/4734 4813/4813 4814/4814
f 4734/4734 4814/4814 4735/4735
f 4735/4735 4814/4814 4815/4815
f 4735/4735 4815/4815 4736/4736
f 4736/4736 4815/4815 4816/4816
f 4736/4736 4816/4816 4737/4737
f 4737/4737 4816/4816 4817/4817
f 4737/4737 4817/4817 4738/4738
f 4738/4738 4817/4817 4818/4818
f 4738/4738 4818/4818 4739/4739
f 4739/4739 4818/4818 4819/4819
f 4739/4739 4819/4819 4740/4740
f 4740/4740 4819/4819 4820/4820
f 4740/4740 4820/4820 4741/4741
f 4741/4741 4820/4820 4821/4821
f 4741/4741 4821/4821 4742/4742
f 4742/4742 4821/4821 4822/4822
f 4742/4742 4822/4822 4743/4743
f 4743/4743 4822/4822 4823/4823
f 4743/4743 4823/4823 4744/4744
f 4744/4744 4823/4823 4824/4824
f 4744/4744 4824/4824 4745/4745
f 4745/4745 4824/4824 4825/4825
f 4745/4745 4825/4825 4746/4746
f 4746/4746 4825/4825 4826/4826
f 4746/4746 4826/4826 4747/4747
f 4747/4747 4826/4826 4827/4827
f 4747/4747 4827/4827 4748/4748
f 4748/4748 4827/4827 4828/4828
f 4748/4748 4828/4828 4749/4749
f 4749/4749 4828/4828 4829/4829
f 4749/4749 4829/4829 4750/4750
f 4750/4750 4829/4829 4830/4830
f 4750/4750 4830/4830 4751/4751
f 4751/4751 4830/4830 4831/4831
f 4751/4751 4831/4831 4752/4752
f 4752/4752 4831/4831 4832/4832
f 4752/4752 4832/4832 4753/4753
f 4753/4753 4832/4832 4833/4833
f 4753/4753 4833/4833 4754/4754
f 4754/4754 4833/4833 4834/4834
f 4754/4754 4834/4834 4755/4755
f 4755/4755 4834/4834 4835/4835
f 4755/4755 4835/4835 4756/4756
f 4756/4756 4835/4835 4836/4836
f 4756/4756 4836/4836 4757/4757
f 4757/4757 4836/4836 4837/4837
f 4757/4757 4837/4837 4758/4758
f 4758/4758 4837/4837 4838/4838
f 4758/4758 4838/4838 4759/4759
f 4759/4759 4838/4838 4839/4839
f 4759/4759 4839/4839 4760/4760
f 4760/4760 4839/4839 4840/4840
f 4760/4760 4840/4840 4761/4761
f 4761/4761 4840/4840 4841/4841
f 4761/4761 4841/4841 4762/4762
f 4762/4762 4841/4841 4842/4842
f 4762/4762 4842/4842 4763/4763
f 4763/4763 4842/4842 4843/4843
f 4763/4763 4843/4843 4764/4764
f 4764/4764 4843/4843 4844/4844
f 4764/4764 4844/4844 4765/4765
f 4765/4765 4844/4844 4845/4845
f 4765/4765 4845/4845 4766/4766
f 4766/4766 4845/4845 4846/4846
f 4766/4766 4846/4846 4767/4767
f 4767/4767 4846/4846 4847/4847
f 4767/4767 4847/4847 4768/4768
f 4768/4768 4847/4847 4848/4848
f 4768/4768 4848/4848 4769/4769
f 4769/4769 4848/4848 4849/4849
f 4769/4769 4849/4849 4770/4770
f 4770/4770 4849/4849 4850/4850
f 4770/4770 4850/4850 4771/4771
f 4771/4771 4850/4850 4851/4851
f 4771/4771 4851/4851 4772/4772
f 4772/4772 4851/4851 4852/4852
f 4772/4772 4852/4852 4773/4773
f 4773/4773 4852/4852 4853/4853
f 4773/4773 4853/4853 4774/4774
f 4774/4774 4853/4853 4854/4854
f 4774/4774 4854/4854 4775/4775
f 4775/4775 4854/4854 4855/4855
f 4775/4775 4855/4855 4776/4776
f 4776/4776 4855/4855 4856/4856
f 4776/4776 4856/4856 4777/4777
f 4777/4777 4856/4856 4857/4857
f 4777/4777 4857/4857 4778/4778
f 4778/4778 4857/4857 4858/4858
f 4778/4778 4858/4858 4779/4779
f 4779/4779 4858/4858 4859/4859
f 4779/4779 4859/4859 4780/4780
f 4780/4780 4859/4859 4860/4860
f 4780/4780 4860/4860 4781/4781
f 4781/4781 4860/4860 4861/4861
f 4781/4781 4861/4861 4782/4782
f 4782/4782 4861/4861 4862/4862
f 4782/4782 4862/4862 4783/4783
f 4783/4783 4862/4862 4863/4863
f 4783/4783 4863/4863 4784/4784
f 4784/4784 4863/4863 4864/4864
f 4784/4784 4864/4864 4785/4785
f 4785/4785 4864/4864 4865/4865
f 4785/4785 4865/4865 4786/4786
f 4786/4786 4865/4865 4866/4866
f 4786/4786 4866/4866 4787/4787
f 4787/4787 4866/4866 4867/4867
f 4787/4787 4867/4867 4788/4788
f 4788/4788 4867/4867 4868/4868
f 4788/4788 4868/4868 4789/4789
f 4789/4789 4868/4868 4869/4869
f 4789/4789 4869/4869 4790/4790
f 4790/4790 4869/4869 4870/4870
f 4790/4790 4870/4870 4791/4791
f 4791/4791 4870/4870 4871/4871
f 4791/4791 4871/4871 4792/4792
f 4792/4792 4871/4871 4872/4872
f 4792/4792 4872/4872 4793/4793
f 4793/4793 4872/4872 4873/4873
f 4793/4793 4873/4873 4794/4794
f 4794/4794 4873/4873 4874/4874
f 4809/4809 4889/4889 4810/4810
f 4810/4810 4889/4889 4890/4890
f 4810/4810 4890/4890 4811/4811
f 4811/4811 4890/4890 4891/4891
f 4811/4811 4891/4891 4812/4812
f 4812/4812 4891/4891 4892/4892
f 4812/4812 4892/4892 4813/4813
f 4813/4813 4892/4892 4893/4893
f 4813/4813 4893/4893 4814/4814
f 4814/4814 4893/4893 4894/4894
f 4814/4814 4894/4894 4815/4815
f 4815/4815 4894/4894 4895/4895
f 4815/4815 4895/4895 4816/4816
f 4816/4816 4895/4895 4896/4896
f 4816/4816 4896/4896 4817/4817
f 4817/4817 4896/4896 4897/4897
f 4817/4817 4897/4897 4818/4818
f 4818/4818 4897/4897 4898/4898
f 4818/4818 4898/4898 4819/4819
f 4819/4819 4898/4898 4899/4899
f 4819/4819 4899/4899 4820/4820
f 4820/4820 4899/4899 4900/4900
f 4820/4820 4900/4900 4821/4821
f 4821/4821 4900/4900 4901/4901
f 4821/4821 4901/4901 4822/4822
f 4822/4822 4901/4901 4902/4902
f 4822/4822 4902/4902 4823/4823
f 4823/4823 4902/4902 4903/4903
f 4823/4823 4903/4903 4824/4824
f 4824/4824 4903/4903 4904/4904
f 4824/4824 4904/4904 4825/4825
f 4825/4825 4904/4904 4905/4905
f 4825/4825 4905/4905 4826/4826
f 4826/4826 4905/4905 4906/4906
f 4826/4826 4906/4906 4827/4827
f 4827/4827 4906/4906 4907/4907
f 4827/4827 4907/4907 4828/4828
f 4828/4828 4907/4907 4908/4908
f 4828/4828 4908/4908 4829/4829
f 4829/4829 4908/4908 4909/4909
f 4829/4829 4909/4909 4830/4830
f 4830/4830 4909/4909 4910/4910
f 4830/4830 4910/4910 4831/4831
f 4831/4831 4910/4910 4911/4911
f 4831/4831 4911/4911 4832/4832
f 4832/4832 4911/4911 4912/4912
f 4832/4832 4912/4912 4833/4833
f 4833/4833 4912/4912 4913/4913
f 4833/4833 4913/4913 4834/4834
f 4834/4834 4913/4913 4914/4914
f 4834/4834 4914/4914 4835/4835
f 4835/4835 4914/4914 4915/4915
f 4835/4835 4915/4915 4836/4836
f 4836/4836 4915/4915 4916/4916
f 4836/4836 4916/4916 4837/4837
f 4837/4837 4916/4916 4917/4917
f 4837/4837 4917/4917 4838/4838
f 4838/4838 4917/4917 4918/4918
f 4838/4838 4918/4918 4839/4839
f 4839/4839 4918/4918 4919/4919
f 4839/4839 4919/4919 4840/4840
f 4840/4840 4919/4919 4920/4920
f 4840/4840 4920/4920 4841/4841
f 4841/4841 4920/4920 4921/4921
f 4841/4841 4921/4921 4842/4842
f 4842/4842 4921/4921 4922/4922
f 4842/4842 4922/4922 4843/4843
f 4843/4843 4922/4922 4923/4923
f 4843/4843 4923/4923 4844/4844
f 4844/4844 4923/4923 4924/4924
f 4844/4844 4924/4924 4845/4845
f 4845/4845 4924/4924 4925/4925
f 4845/4845 4925/4925 4846/4846
f 4846/4846 4925/4925 4926/4926
f 4846/4846 4926/4926 4847/4847
f 4847/4847 4926/4926 4927/4927
f 4847/4847 4927/4927 4848/4848
f 4848/4848 4927/4927 4928/4928
f 4848/4848 4928/4928 4849/4849
f 4849/4849 4928/4928 4929/4929
f 4849/4849 4929/4929 4850/4850
f 4850/4850 4929/4929 4930/4930
f 4850/4850 4930/4930 4851/4851
f 4851/4851 4930/4930 4931/4931
f 4851/4851 4931/4931 4852/4852
f 4852/4852 4931/4931 4932/4932
f 4852/4852 4932/4932 4853/4853
f 4853/4853 4932/4932 4933/4933
f 4853/4853 4933/4933 4854/4854
f 4854/4854 4933/4933 4934/4934
f 4854/4854 4934/4934 4855/4855
f 4855/4855 4934/4934 4935/4935
f 4855/4855 4935/4935 4856/4856
f 4856/4856 4935/4935 4936/4936
f 4856/4856 4936/4936 4857/4857
f 4857/4857 4936/4936 4937/4937
f 4857/4857 4937/4937 4858/4858
f 4858/4858 4937/4937 4938/4938
f 4858/4858 4938/4938 4859/4859
f 4859/4859 4938/4938 4939/4939
f 4859/4859 4939/4939 4860/4860
f 4860/4860 4939/4939 4940/4940
f 4860/4860 4940/4940 4861/4861
f 4861/4861 4940/4940 4941/4941
f 4861/4861 4941/4941 4862/4862
f 4862/4862 4941/4941 4942/4942
f 4862/4862 4942/4942 4863/4863
f 4863/4863 4942/4942 4943/4943
f 4863/4863 4943/4943 4864/4864
f 4864/4864 4943/4943 4944/4944
f 4864/4864 4944/4944 4865/4865
f 4865/4865 4944/4944 4945/4945
f 4865/4865 4945/4945 4866/4866
f 4866/4866 4945/4945 4946/4946
f 4866/4866 4946/4946 4867/4867
f 4867/4867 4946/4946 4947/4947
f 4867/4867 4947/4947 4868/4868
f 4868/4868 4947/4947 4948/4948
f 4868/4868 4948/4948 4869/4869
f 4869/4869 4948/4948 4949/4949
f 4869/4869 4949/4949 4870/4870
f 4870/4870 4949/4949 4950/4950
f 4870/4870 4950/4950 4871/4871
f 4871/4871 4950/4950 4951/4951
f 4871/4871 4951/4951 4872/4872
f 4872/4872 4951/4951 4952/4952
f 4872/4872 4952/4952 4873/4873
f 4873/4873 4952/4952 4953/4953
f 4873/4873 4953/4953 4874/4874
f 4874/4874 4953/4953 4954/4954
f 4889/4889 4969/4969 4890/4890
f 4890/4890 4969/4969 4970/4970
f 4890/4890 4970/4970 4891/4891
f 4891/4891 4970/4970 4971/4971
f 4891/4891 4971/4971 4892/4892
f 4892/4892 4971/4971 4972/4972
f 4892/4892 4972/4972 4893/4893
f 4893/4893 4972/4972 4973/4973
f 4893/4893 4973/4973 4894/4894
f 4894/4894 4973/4973 4974/4974
f 4894/4894 4974/4974 4895/4895
f 4895/4895 4974/4974 4975/4975
f 4895/4895 4975/4975 4896/4896
f 4896/4896 4975/4975 4976/4976
f 4896/4896 4976/4976 4897/4897
f 4897/4897 4976/4976 4977/4977
f 4897/4897 4977/4977 4898/4898
f 4898/4898 4977/4977 4978/4978
f 4898/4898 4978/4978 4899/4899
f 4899/4899 4978/4978 4979/4979
f 4899/4899 4979/4979 4900/4900
f 4900/4900 4979/4979 4980/4980
f 4900/4900 4980/4980 4901/4901
f 4901/4901 4980/4980 4981/4981
f 4901/4901 4981/4981 4902/4902
f 4902/4902 4981/4981 4982/4982
f 4902/4902 4982/4982 4903/4903
f 4903/4903 4982/4982 4983/4983
f 4903/4903 4983/4983 4904/4904
f 4904/4904 4983/4983 4984/4984
f 4904/4904 4984/4984 4905/4905
f 4905/4905 4984/4984 4985/4985
f 4905/4905 4985/4985 4906/4906
f 4906/4906 4985/4985 4986/4986
f 4906/4906 4986/4986 4907/4907
f 4907/4907 4986/4986 4987/4987
f 4907/4907 4987/4987 4908/4908
f 4908/4908 4987/4987 4988/4988
f 4908/4908 4988/4988 4909/4909
f 4909/4909 4988/4988 4989/4989
f 4909/4909 4989/4989 4910/4910
f 4910/4910 4989/4989 4990/4990
f 4910/4910 4990/4990 4911/4911
f 4911/4911 4990/4990 4991/4991
f 4911/4911 4991/4991 4912/4912
f 4912/4912 4991/4991 4992/4992
f 4912/4912 4992/4992 4913/4913
f 4913/4913 4992/4992 4993/4993
f 4913/4913 4993/4993 4914/4914
f 4914/4914 4993/4993 4994/4994
f 4914/4914 4994/4994 4915/4915
f 4915/4915 4994/4994 4995/4995
f 4915/4915 4995/4995 4916/4916
f 4916/4916 4995/4995 4996/4996
f 4916/4916 4996/4996 4917/4917
f 4917/4917 4996/4996 4997/4997
f 4917/4917 4997/4997 4918/4918
f 4918/4918 4997/4997 4998/4998
f 4918/4918 4998/4998 4919/4919
f 4919/4919 4998/4998 4999/4999
f 4919/4919 4999/4999 4920/4920
f 4920/4920 4999/4999 5000/5000
f 4920/4920 5000/5000 4921/4921
f 4921/4921 5000/5000 5001/5001
f 4921/4921 5001/5001 4922/4922
f 4922/4922 5001/5001 5002/5002
f 4922/4922 5002/5002 4923/4923
f 4923/4923 5002/5002 5003/5003
f 4923/4923 5003/5003 4924/4924
f 4924/4924 5003/5003 5004/5004
f 4924/4924 5004/5004 4925/4925
f 4925/4925 5004/5004 5005/5005
f 4925/4925 5005/5005 4926/4926
f 4926/4926 5005/5005 5006/5006
f 4926/4926 5006/5006 4927/4927
f 4927/4927 5006/5006 5007/5007
f 4927/4927 5007/5007 4928/4928
f 4928/4928 5007/5007 5008/5008
f 4928/4928 5008/5008 4929/4929
f 4929/4929 5008/5008 5009/5009
f 4929/4929 5009/5009 4930/4930
f 4930/4930 5009/5009 5010/5010
f 4930/4930 5010/5010 4931/4931
f 4931/4931 5010/5010 5011/5011
f 4931/4931 5011/5011 4932/4932
f 4932/4932 5011/5011 5012/5012
f 4932/4932 5012/5012 4933/4933
f 4933/4933 5012/5012 5013/5013
f 4933/4933 5013/5013 4934/4934
f 4934/4934 5013/5013 5014/5014
f 4934/4934 5014/5014 4935/4935
f 4935/4935 5014/5014 5015/5015
f 4935/4935 5015/5015 4936/4936
f 4936/4936 5015/5015 5016/5016
f 4936/4936 5016/5016 4937/4937
f 4937/4937 5016/5016 5017/5017
f 4937/4937 5017/5017 4938/4938
f 4938/4938 5017/5017 5018/5018
f 4938/4938 5018/5018 4939/4939
f 4939/4939 5018/5018 5019/5019
f 4939/4939 5019/5019 4940/4940
f 4940/4940 5019/5019 5020/5020
f 4940/4940 5020/5020 4941/4941
f 4941/4941 5020/5020 5021/5021
f 4941/4941 5021/5021 4942/4942
f 4942/4942 5021/5021 5022/5022
f 4942/4942 5022/5022 4943/4943
f 4943/4943 5022/5022 5023/5023
f 4943/4943 5023/5023 4944/4944
f 4944/4944 5023/5023 5024/5024
f 4944/4944 5024/5024 4945/4945
f 4945/4945 5024/5024 5025/5025
f 4945/4945 5025/5025 4946/4946
f 4946/4946 5025/5025 5026/5026
f 4946/4946 5026/5026 4947/4947
f 4947/4947 5026/5026 5027/5027
f 4947/4947 5027/5027 4948/4948
f 4948/4948 5027/5027 5028/5028
f 4948/4948 5028/5028 4949/4949
f 4949/4949 5028/5028 5029/5029
f 4949/4949 5029/5029 4950/4950
f 4950/4950 5029/5029 5030/5030
f 4950/4950 5030/5030 4951/4951
f 4951/4951 5030/5030 5031/5031
f 4951/4951 5031/5031 4952/4952
f 4952/4952 5031/5031 5032/5032
f 4952/4952 5032/5032 4953/4953
f 4953/4953 5032/5032 5033/5033
f 4970/4970 5050/5050 4971/4971
f 4971/4971 5050/5050 5051/5051
f 4971/4971 5051/5051 4972/4972
f 4972/4972 5051/5051 5052/5052
f 4972/4972 5052/5052 4973/4973
f 4973/4973 5052/5052 5053/5053
f 4973/4973 5053/5053 4974/4974
f 4974/4974 5053/5053 5054/5054
f 4974/4974 5054/5054 4975/4975
f 4975/4975 5054/5054 5055/5055
f 4975/4975 5055/5055 4976/4976
f 4976/4976 5055/5055 5056/5056
f 4976/4976 5056/5056 4977/4977
f 4977/4977 5056/5056 5057/5057
f 4977/4977 5057/5057 4978/4978
f 4978/4978 5057/5057 5058/5058
f 4978/4978 5058/5058 4979/4979
f 4979/4979 5058/5058 5059/5059
f 4979/4979 5059/5059 4980/4980
f 4980/4980 5059/5059 5060/5060
f 4980/4980 5060/5060 4981/4981
f 4981/4981 5060/5060 5061/5061
f 4981/4981 5061/5061 4982/4982
f 4982/4982 5061/5061 5062/5062
f 4982/4982 5062/5062 4983/4983
f 4983/4983 5062/5062 5063/5063
f 4983/4983 5063/5063 4984/4984
f 4984/4984 5063/5063 5064/5064
f 4984/4984 5064/5064 4985/4985
f 4985/4985 5064/5064 5065/5065
f 4985/4985 5065/5065 4986/4986
f 4986/4986 5065/5065 5066/5066
f 4986/4986 5066/5066 4987/4987
f 4987/4987 5066/5066 5067/5067
f 4987/4987 5067/5067 4988/4988
f 4988/4988 5067/5067 5068/5068
f 4988/4988 5068/5068 4989/4989
f 4989/4989 5068/5068 5069/5069
f 4989/4989 5069/5069 4990/4990
f 4990/4990 5069/5069 5070/5070
f 4990/4990 5070/5070 4991/4991
f 4991/4991 5070/5070 5071/5071
f 4991/4991 5071/5071 4992/4992
f 4992/4992 5071/5071 5072/5072
f 4992/4992 5072/5072 4993/4993
f 4993/4993 5072/5072 5073/5073
f 4993/4993 5073/5073 4994/4994
f 4994/4994 5073/5073 5074/5074
f 4994/4994 5074/5074 4995/4995
f 4995/4995 5074/5074 5075/5075
f 4995/4995 5075/5075 4996/4996
f 4996/4996 5075/5075 5076/5076
f 4996/4996 5076/5076 4997/4997
f 4997/4997 5076/5076 5077/5077
f 4997/4997 5077/5077 4998/4998
f 4998/4998 5077/5077 5078/5078
f 4998/4998 5078/5078 4999/4999
f 4999/4999 5078/5078 5079/5079
f 4999/4999 5079/5079 5000/5000
f 5000/5000 5079/5079 5080/5080
f 5000/5000 5080/5080 5001/5001
f 5001/5001 5080/5080 5081/5081
f 5001/5001 5081/5081 5002/5002
f 5002/5002 5081/5081 5082/5082
f 5002/5002 5082/5082 5003/5003
f 5003/5003 5082/5082 5083/5083
f 5003/5003 5083/5083 5004/5004
f 5004/5004 5083/5083 5084/5084
f 5004/5004 5084/5084 5005/5005
f 5005/5005 5084/5084 5085/5085
f 5005/5005 5085/5085 5006/5006
f 5006/5006 5085/5085 5086/5086
f 5006/5006 5086/5086 5007/5007
f 5007/5007 5086/5086 5087/5087
f 5007/5007 5087/5087 5008/5008
f 5008/5008 5087/5087 5088/5088
f 5008/5008 5088/5088 5009/5009
f 5009/5009 5088/5088 5089/5089
f 5009/5009 5089/5089 5010/5010
f 5010/5010 5089/5089 5090/5090
f 5010/5010 5090/5090 5011/5011
f 5011/5011 5090/5090 5091/5091
f 5011/5011 5091/5091 5012/5012
f 5012/5012 5091/5091 5092/5092
f 5012/5012 5092/5092 5013/5013
f 5013/5013 5092/5092 5093/5093
f 5013/5013 5093/5093 5014/5014
f 5014/5014 5093/5093 5094/5094
f 5014/5014 5094/5094 5015/5015
f 5015/5015 5094/5094 5095/5095
f 5015/5015 5095/5095 5016/5016
f 5016/5016 5095/5095 5096/5096
f 5016/5016 5096/5096 5017/5017
f 5017/5017 5096/5096 5097/5097
f 5017/5017 5097/5097 5018/5018
f 5018/5018 5097/5097 5098/5098
f 5018/5018 5098/5098 5019/5019
f 5019/5019 5098/5098 5099/5099
f 5019/5019 5099/5099 5020/5020
f 5020/5020 5099/5099 5100/5100
f 5020/5020 5100/5100 5021/5021
f 5021/5021 5100/5100 5101/5101
f 5021/5021 5101/5101 5022/5022
f 5022/5022 5101/5101 5102/5102
f 5022/5022 5102/5102 5023/5023
f 5023/5023 5102/5102 5103/5103
f 5023/5023 5103/5103 5024/5024
f 5024/5024 5103/5103 5104/5104
f 5024/5024 5104/5104 5025/5025
f 5025/5025 5104/5104 5105/5105
f 5025/5025 5105/5105 5026/5026
f 5026/5026 5105/5105 5106/5106
f 5026/5026 5106/5106 5027/5027
f 5027/5027 5106/5106 5107/5107
f 5027/5027 5107/5107 5028/5028
f 5028/5028 5107/5107 5108/5108
f 5028/5028 5108/5108 5029/5029
f 5029/5029 5108/5108 5109/5109
f 5029/5029 5109/5109 5030/5030
f 5030/5030 5109/5109 5110/5110
f 5030/5030 5110/5110 5031/5031
f 5031/5031 5110/5110 5111/5111
f 5031/5031 5111/5111 5032/5032
f 5032/5032 5111/5111 5112/5112
f 5051/5051 5131/5131 5052/5052
f 5052/5052 5131/5131 5132/5132
f 5052/5052 5132/5132 5053/5053
f 5053/5053 5132/5132 5133/5133
f 5053/5053 5133/5133 5054/5054
f 5054/5054 5133/5133 5134/5134
f 5054/5054 5134/5134 5055/5055
f 5055/5055 5134/5134 5135/5135
f 5055/5055 5135/5135 5056/5056
f 5056/5056 5135/5135 5136/5136
f 5056/5056 5136/5136 5057/5057
f 5057/5057 5136/5136 5137/5137
f 5057/5057 5137/5137 5058/5058
f 5058/5058 5137/5137 5138/5138
f 5058/5058 5138/5138 5059/5059
f 5059/5059 5138/5138 5139/5139
f 5059/5059 5139/5139 5060/5060
f 5060/5060 5139/5139 5140/5140
f 5060/5060 5140/5140 5061/5061
f 5061/5061 5140/5140 5141/5141
f 5061/5061 5141/5141 5062/5062
f 5062/5062 5141/5141 5142/5142
f 5062/5062 5142/5142 5063/5063
f 5063/5063 5142/5142 5143/5143
f 5063/5063 5143/5143 5064/5064
f 5064/5064 5143/5143 5144/5144
f 5064/5064 5144/5144 5065/5065
f 5065/5065 5144/5144 5145/5145
f 5065/5065 5145/5145 5066/5066
f 5066/5066 5145/5145 5146/5146
f 5066/5066 5146/5146 5067/5067
f 5067/5067 5146/5146 5147/5147
f 5067/5067 5147/5147 5068/5068
f 5068/5068 5147/5147 5148/5148
f 5068/5068 5148/5148 5069/5069
f 5069/5069 5148/5148 5149/5149
f 5069/5069 5149/5149 5070/5070
f 5070/5070 5149/5149 5150/5150
f 5070/5070 5150/5150 5071/5071
f 5071/5071 5150/5150 5151/5151
f 5071/5071 5151/5151 5072/5072
f 5072/5072 5151/5151 5152/5152
f 5072/5072 5152/5152 5073/5073
f 5073/5073 5152/5152 5153/5153
f 5073/5073 5153/5153 5074/5074
f 5074/5074 5153/5153 5154/5154
f 5074/5074 5154/5154 5075/5075
f 5075/5075 5154/5154 5155/5155
f 5075/5075 5155/5155 5076/5076
f 5076/5076 5155/5155 5156/5156
f 5076/5076 5156/5156 5077/5077
f 5077/5077 5156/5156 5157/5157
f 5077/5077 5157/5157 5078/5078
f 5078/5078 5157/5157 5158/5158
f 5078/5078 5158/5158 5079/5079
f 5079/5079 5158/5158 5159/5159
f 5079/5079 5159/5159 5080/5080
f 5080/5080 5159/5159 5160/5160
f 5080/5080 5160/5160 5081/5081
f 5081/5081 5160/5160 5161/5161
f 5081/5081 5161/5161 5082/5082
f 5082/5082 5161/5161 5162/5162
f 5082/5082 5162/5162 5083/5083
f 5083/5083 5162/5162 5163/5163
f 5083/5083 5163/5163 5084/5084
f 5084/5084 5163/5163 5164/5164
f 5084/5084 5164/5164 5085/5085
f 5085/5085 5164/5164 5165/5165
f 5085/5085 5165/5165 5086/5086
f 5086/5086 5165/5165 5166/5166
f 5086/5086 5166/5166 5087/5087
f 5087/5087 5166/5166 5167/5167
f 5087/5087 5167/5167 5088/5088
f 5088/5088 5167/5167 5168/5168
f 5088/5088 5168/5168 5089/5089
f 5089/5089 5168/5168 5169/5169
f 5089/5089 5169/5169 5090/5090
f 5090/5090 5169/5169 5170/5170
f 5090/5090 5170/5170 5091/5091
f 5091/5091 5170/5170 5171/5171
f 5091/5091 5171/5171 5092/5092
f 5092/5092 5171/5171 5172/5172
f 5092/5092 5172/5172 5093/5093
f 5093/5093 5172/5172 5173/5173
f 5093/5093 5173/5173 5094/5094
f 5094/5094 5173/5173 5174/5174
f 5094/5094 5174/5174 5095/5095
f 5095/5095 5174/5174 5175/5175
f 5095/5095 5175/5175 5096/5096
f 5096/5096 5175/5175 5176/5176
f 5096/5096 5176/5176 5097/5097
f 5097/5097 5176/5176 5177/5177
f 5097/5097 5177/5177 5098/5098
f 5098/5098 5177/5177 5178/5178
f 5098/5098 5178/5178 5099/5099
f 5099/5099 5178/5178 5179/5179
f 5099/5099 5179/5179 5100/5100
f 5100/5100 5179/5179 5180/5180
f 5100/5100 5180/5180 5101/5101
f 5101/5101 5180/5180 5181/5181
f 5101/5101 5181/5181 5102/5102
f 5102/5102 5181/5181 5182/5182
f 5102/5102 5182/5182 5103/5103
f 5103/5103 5182/5182 5183/5183
f 5103/5103 5183/5183 5104/5104
f 5104/5104 5183/5183 5184/5184
f 5104/5104 5184/5184 5105/5105
f 5105/5105 5184/5184 5185/5185
f 5105/5105 5185/5185 5106/5106
f 5106/5106 5185/5185 5186/5186
f 5106/5106 5186/5186 5107/5107
f 5107/5107 5186/5186 5187/5187
f 5107/5107 5187/5187 5108/5108
f 5108/5108 5187/5187 5188/5188
f 5108/5108 5188/5188 5109/5109
f 5109/5109 5188/5188 5189/5189
f 5109/5109 5189/5189 5110/5110
f 5110/5110 5189/5189 5190/5190
f 5110/5110 5190/5190 5111/5111
f 5111/5111 5190/5190 5191/5191
f 5131/5131 5211/5211 5132/5132
f 5132/5132 5211/5211 5212/5212
f 5132/5132 5212/5212 5133/5133
f 5133/5133 5212/5212 5213/5213
f 5133/5133 5213/5213 5134/5134
f 5134/5134 5213/5213 5214/5214
f 5134/5134 5214/5214 5135/5135
f 5135/5135 5214/5214 5215/5215
f 5135/5135 5215/5215 5136/5136
f 5136/5136 5215/5215 5216/5216
f 5136/5136 5216/5216 5137/5137
f 5137/5137 5216/5216 5217/5217
f 5137/5137 5217/5217 5138/5138
f 5138/5138 5217/5217 5218/5218
f 5138/5138 5218/5218 5139/5139
f 5139/5139 5218/5218 5219/5219
f 5139/5139 5219/5219 5140/5140
f 5140/5140 5219/5219 5220/5220
f 5140/5140 5220/5220 5141/5141
f 5141/5141 5220/5220 5221/5221
f 5141/5141 5221/5221 5142/5142
f 5142/5142 5221/5221 5222/5222
f 5142/5142 5222/5222 5143/5143
f 5143/5143 5222/5222 5223/5223
f 5143/5143 5223/5223 5144/5144
f 5144/5144 5223/5223 5224/5224
f 5144/5144 5224/5224 5145/5145
f 5145/5145 5224/5224 5225/5225
f 5145/5145 5225/5225 5146/5146
f 5146/5146 5225/5225 5226/5226
f 5146/5146 5226/5226 5147/5147
f 5147/5147 5226/5226 5227/5227
f 5147/5147 5227/5227 5148/5148
f 5148/5148 5227/5227 5228/5228
f 5148/5148 5228/5228 5149/5149
f 5149/5149 5228/5228 5229/5229
f 5149/5149 5229/5229 5150/5150
f 5150/5150 5229/5229 5230/5230
f 5150/5150 5230/5230 5151/5151
f 5151/5151 5230/5230 5231/5231
f 5151/5151 5231/5231 5152/5152
f 5152/5152 5231/5231 5232/5232
f 5152/5152 5232/5232 5153/5153
f 5153/5153 5232/5232 5233/5233
f 5153/5153 5233/5233 5154/5154
f 5154/5154 5233/5233 5234/5234
f 5154/5154 5234/5234 5155/5155
f 5155/5155 5234/5234 5235/5235
f 5155/5155 5235/5235 5156/5156
f 5156/5156 5235/5235 5236/5236
f 5156/5156 5236/5236 5157/5157
f 5157/5157 5236/5236 5237/5237
f 5157/5157 5237/5237 5158/5158
f 5158/5158 5237/5237 5238/5238
f 5158/5158 5238/5238 5159/5159
f 5159/5159 5238/5238 5239/5239
f 5159/5159 5239/5239 5160/5160
f 5160/5160 5239/5239 5240/5240
f 5160/5160 5240/5240 5161/5161
f 5161/5161 5240/5240 5241/5241
f 5161/5161 5241/5241 5162/5162
f 5162/5162 5241/5241 5242/5242
f 5162/5162 5242/5242 5163/5163
f 5163/5163 5242/5242 5243/5243
f 5163/5163 5243/5243 5164/5164
f 5164/5164 5243/5243 5244/5244
f 5164/5164 5244/5244 5165/5165
f 5165/5165 5244/5244 5245/5245
f 5165/5165 5245/5245 5166/5166
f 5166/5166 5245/5245 5246/5246
f 5166/5166 5246/5246 5167/5167
f 5167/5167 5246/5246 5247/5247
f 5167/5167 5247/5247 5168/5168
f 5168/5168 5247/5247 5248/5248
f 5168/5168 5248/5248 5169/5169
f 5169/5169 5248/5248 5249/5249
f 5169/5169 5249/5249 5170/5170
f 5170/5170 5249/5249 5250/5250
f 5170/5170 5250/5250 5171/5171
f 5171/5171 5250/5250 5251/5251
f 5171/5171 5251/5251 5172/5172
f 5172/5172 5251/5251 5252/5252
f 5172/5172 5252/5252 5173/5173
f 5173/5173 5252/5252 5253/5253
f 5173/5173 5253/5253 5174/5174
f 5174/5174 5253/5253 5254/5254
f 5174/5174 5254/5254 5175/5175
f 5175/5175 5254/5254 5255/5255
f 5175/5175 5255/5255 5176/5176
f 5176/5176 5255/5255 5256/5256
f 5176/5176 5256/5256 5177/5177
f 5177/5177 5256/5256 5257/5257
f 5177/5177 5257/5257 5178/5178
f 5178/5178 5257/5257 5258/5258
f 5178/5178 5258/5258 5179/5179
f 5179/5179 5258/5258 5259/5259
f 5179/5179 5259/5259 5180/5180
f 5180/5180 5259/5259 5260/5260
f 5180/5180 5260/5260 5181/5181
f 5181/5181 5260/5260 5261/5261
f 5181/5181 5261/5261 5182/5182
f 5182/5182 5261/5261 5262/5262
f 5182/5182 5262/5262 5183/5183
f 5183/5183 5262/5262 5263/5263
f 5183/5183 5263/5263 5184/5184
f 5184/5184 5263/5263 5264/5264
f 5184/5184 5264/5264 5185/5185
f 5185/5185 5264/5264 5265/5265
f 5185/5185 5265/5265 5186/5186
f 5186/5186 5265/5265 5266/5266
f 5186/5186 5266/5266 5187/5187
f 5187/5187 5266/5266 5267/5267
f 5187/5187 5267/5267 5188/5188
f 5188/5188 5267/5267 5268/5268
f 5188/5188 5268/5268 5189/5189
f 5189/5189 5268/5268 5269/5269
f 5189/5189 5269/5269 5190/5190
f 5190/5190 5269/5269 5270/5270
f 5212/5212 5292/5292 5213/5213
f 5213/5213 5292/5292 5293/5293
f 5213/5213 5293/5293 5214/5214
f 5214/5214 5293/5293 5294/5294
f 5214/5214 5294/5294 5215/5215
f 5215/5215 5294/5294 5295/5295
f 5215/5215 5295/5295 5216/5216
f 5216/5216 5295/5295 5296/5296
f 5216/5216 5296/5296 5217/5217
f 5217/5217 5296/5296 5297/5297
f 5217/5217 5297/5297 5218/5218
f 5218/5218 5297/5297 5298/5298
f 5218/5218 5298/5298 5219/5219
f 5219/5219 5298/5298 5299/5299
f 5219/5219 5299/5299 5220/5220
f 5220/5220 5299/5299 5300/5300
f 5220/5220 5300/5300 5221/5221
f 5221/5221 5300/5300 5301/5301
f 5221/5221 5301/5301 5222/5222
f 5222/5222 5301/5301 5302/5302
f 5222/5222 5302/5302 5223/5223
f 5223/5223 5302/5302 5303/5303
f 5223/5223 5303/5303 5224/5224
f 5224/5224 5303/5303 5304/5304
f 5224/5224 5304/5304 5225/5225
f 5225/5225 5304/5304 5305/5305
f 5225/5225 5305/5305 5226/5226
f 5226/5226 5305/5305 5306/5306
f 5226/5226 5306/5306 5227/5227
f 5227/5227 5306/5306 5307/5307
f 5227/5227 5307/5307 5228/5228
f 5228/5228 5307/5307 5308/5308
f 5228/5228 5308/5308 5229/5229
f 5229/5229 5308/5308 5309/5309
f 5229/5229 5309/5309 5230/5230
f 5230/5230 5309/5309 5310/5310
f 5230/5230 5310/5310 5231/5231
f 5231/5231 5310/5310 5311/5311
f 5231/5231 5311/5311 5232/5232
f 5232/5232 5311/5311 5312/5312
f 5232/5232 5312/5312 5233/5233
f 5233/5233 5312/5312 5313/5313
f 5233/5233 5313/5313 5234/5234
f 5234/5234 5313/5313 5314/5314
f 5234/5234 5314/5314 5235/5235
f 5235/5235 5314/5314 5315/5315
f 5235/5235 5315/5315 5236/5236
f 5236/5236 5315/5315 5316/5316
f 5236/5236 5316/5316 5237/5237
f 5237/5237 5316/5316 5317/5317
f 5237/5237 5317/5317 5238/5238
f 5238/5238 5317/5317 5318/5318
f 5238/5238 5318/5318 5239/5239
f 5239/5239 5318/5318 5319/5319
f 5239/5239 5319/5319 5240/5240
f 5240/5240 5319/5319 5320/5320
f 5240/5240 5320/5320 5241/5241
f 5241/5241 5320/5320 5321/5321
f 5241/5241 5321/5321 5242/5242
f 5242/5242 5321/5321 5322/5322
f 5242/5242 5322/5322 5243/5243
f 5243/5243 5322/5322 5323/5323
f 5243/5243 5323/5323 5244/5244
f 5244/5244 5323/5323 5324/5324
f 5244/5244 5324/5324 5245/5245
f 5245/5245 5324/5324 5325/5325
f 5245/5245 5325/5325 5246/5246
f 5246/5246 5325/5325 5326/5326
f 5246/5246 5326/5326 5247/5247
f 5247/5247 5326/5326 5327/5327
f 5247/5247 5327/5327 5248/5248
f 5248/5248 5327/5327 5328/5328
f 5248/5248 5328/5328 5249/5249
f 5249/5249 5328/5328 5329/5329
f 5249/5249 5329/5329 5250/5250
f 5250/5250 5329/5329 5330/5330
f 5250/5250 5330/5330 5251/5251
f 5251/5251 5330/5330 5331/5331
f 5251/5251 5331/5331 5252/5252
f 5252/5252 5331/5331 5332/5332
f 5252/5252 5332/5332 5253/5253
f 5253/5253 5332/5332 5333/5333
f 5253/5253 5333/5333 5254/5254
f 5254/5254 5333/5333 5334/5334
f 5254/5254 5334/5334 5255/5255
f 5255/5255 5334/5334 5335/5335
f 5255/5255 5335/5335 5256/5256
f 5256/5256 5335/5335 5336/5336
f 5256/5256 5336/5336 5257/5257
f 5257/5257 5336/5336 5337/5337
f 5257/5257 5337/5337 5258/5258
f 5258/5258 5337/5337 5338/5338
f 5258/5258 5338/5338 5259/5259
f 5259/5259 5338/5338 5339/5339
f 5259/5259 5339/5339 5260/5260
f 5260/5260 5339/5339 5340/5340
f 5260/5260 5340/5340 5261/5261
f 5261/5261 5340/5340 5341/5341
f 5261/5261 5341/5341 5262/5262
f 5262/5262 5341/5341 5342/5342
f 5262/5262 5342/5342 5263/5263
f 5263/5263 5342/5342 5343/5343
f 5263/5263 5343/5343 5264/5264
f 5264/5264 5343/5343 5344/5344
f 5264/5264 5344/5344 5265/5265
f 5265/5265 5344/5344 5345/5345
f 5265/5265 5345/5345 5266/5266
f 5266/5266 5345/5345 5346/5346
f 5266/5266 5346/5346 5267/5267
f 5267/5267 5346/5346 5347/5347
f 5267/5267 5347/5347 5268/5268
f 5268/5268 5347/5347 5348/5348
f 5268/5268 5348/5348 5269/5269
f 5269/5269 5348/5348 5349/5349
f 5293/5293 5373/5373 5294/5294
f 5294/5294 5373/5373 5374/5374
f 5294/5294 5374/5374 5295/5295
f 5295/5295 5374/5374 5375/5375
f 5295/5295 5375/5375 5296/5296
f 5296/5296 5375/5375 5376/5376
f 5296/5296 5376/5376 5297/5297
f 5297/5297 5376/5376 5377/5377
f 5297/5297 5377/5377 5298/5298
f 5298/5298 5377/5377 5378/5378
f 5298/5298 5378/5378 5299/5299
f 5299/5299 5378/5378 5379/5379
f 5299/5299 5379/5379 5300/5300
f 5300/5300 5379/5379 5380/5380
f 5300/5300 5380/5380 5301/5301
f 5301/5301 5380/5380 5381/5381
f 5301/5301 5381/5381 5302/5302
f 5302/5302 5381/5381 5382/5382
f 5302/5302 5382/5382 5303/5303
f 5303/5303 5382/5382 5383/5383
f 5303/5303 5383/5383 5304/5304
f 5304/5304 5383/5383 5384/5384
f 5304/5304 5384/5384 5305/5305
f 5305/5305 5384/5384 5385/5385
f 5305/5305 5385/5385 5306/5306
f 5306/5306 5385/5385 5386/5386
f 5306/5306 5386/5386 5307/5307
f 5307/5307 5386/5386 5387/5387
f 5307/5307 5387/5387 5308/5308
f 5308/5308 5387/5387 5388/5388
f 5308/5308 5388/5388 5309/5309
f 5309/5309 5388/5388 5389/5389
f 5309/5309 5389/5389 5310/5310
f 5310/5310 5389/5389 5390/5390
f 5310/5310 5390/5390 5311/5311
f 5311/5311 5390/5390 5391/5391
f 5311/5311 5391/5391 5312/5312
f 5312/5312 5391/5391 5392/5392
f 5312/5312 5392/5392 5313/5313
f 5313/5313 5392/5392 5393/5393
f 5313/5313 5393/5393 5314/5314
f 5314/5314 5393/5393 5394/5394
f 5314/5314 5394/5394 5315/5315
f 5315/5315 5394/5394 5395/5395
f 5315/5315 5395/5395 5316/5316
f 5316/5316 5395/5395 5396/5396
f 5316/5316 5396/5396 5317/5317
f 5317/5317 5396/5396 5397/5397
f 5317/5317 5397/5397 5318/5318
f 5318/5318 5397/5397 5398/5398
f 5318/5318 5398/5398 5319/5319
f 5319/5319 5398/5398 5399/5399
f 5319/5319 5399/5399 5320/5320
f 5320/5320 5399/5399 5400/5400
f 5320/5320 5400/5400 5321/5321
f 5321/5321 5400/5400 5401/5401
f 5321/5321 5401/5401 5322/5322
f 5322/5322 5401/5401 5402/5402
f 5322/5322 5402/5402 5323/5323
f 5323/5323 5402/5402 5403/5403
f 5323/5323 5403/5403 5324/5324
f 5324/5324 5403/5403 5404/5404
f 5324/5324 5404/5404 5325/5325
f 5325/5325 5404/5404 5405/5405
f 5325/5325 5405/5405 5326/5326
f 5326/5326 5405/5405 5406/5406
f 5326/5326 5406/5406 5327/5327
f 5327/5327 5406/5406 5407/5407
f 5327/5327 5407/5407 5328/5328
f 5328/5328 5407/5407 5408/5408
f 5328/5328 5408/5408 5329/5329
f 5329/5329 5408/5408 5409/5409
f 5329/5329 5409/5409 5330/5330
f 5330/5330 5409/5409 5410/5410
f 5330/5330 5410/5410 5331/5331
f 5331/5331 5410/5410 5411/5411
f 5331/5331 5411/5411 5332/5332
f 5332/5332 5411/5411 5412/5412
f 5332/5332 5412/5412 5333/5333
f 5333/5333 5412/5412 5413/5413
f 5333/5333 5413/5413 5334/5334
f 5334/5334 5413/5413 5414/5414
f 5334/5334 5414/5414 5335/5335
f 5335/5335 5414/5414 5415/5415
f 5335/5335 5415/5415 5336/5336
f 5336/5336 5415/5415 5416/5416
f 5336/5336 5416/5416 5337/5337
f 5337/5337 5416/5416 5417/5417
f 5337/5337 5417/5417 5338/5338
f 5338/5338 5417/5417 5418/5418
f 5338/5338 5418/5418 5339/5339
f 5339/5339 5418/5418 5419/5419
f 5339/5339 5419/5419 5340/5340
f 5340/5340 5419/5419 5420/5420
f 5340/5340 5420/5420 5341/5341
f 5341/5341 5420/5420 5421/5421
f 5341/5341 5421/5421 5342/5342
f 5342/5342 5421/5421 5422/5422
f 5342/5342 5422/5422 5343/5343
f 5343/5343 5422/5422 5423/5423
f 5343/5343 5423/5423 5344/5344
f 5344/5344 5423/5423 5424/5424
f 5344/5344 5424/5424 5345/5345
f 5345/5345 5424/5424 5425/5425
f 5345/5345 5425/5425 5346/5346
f 5346/5346 5425/5425 5426/5426
f 5346/5346 5426/5426 5347/5347
f 5347/5347 5426/5426 5427/5427
f 5347/5347 5427/5427 5348/5348
f 5348/5348 5427/5427 5428/5428
f 5374/5374 5454/5454 5375/5375
f 5375/5375 5454/5454 5455/5455
f 5375/5375 5455/5455 5376/5376
f 5376/5376 5455/5455 5456/5456
f 5376/5376 5456/5456 5377/5377
f 5377/5377 5456/5456 5457/5457
f 5377/5377 5457/5457 5378/5378
f 5378/5378 5457/5457 5458/5458
f 5378/5378 5458/5458 5379/5379
f 5379/5379 5458/5458 5459/5459
f 5379/5379 5459/5459 5380/5380
f 5380/5380 5459/5459 5460/5460
f 5380/5380 5460/5460 5381/5381
f 5381/5381 5460/5460 5461/5461
f 5381/5381 5461/5461 5382/5382
f 5382/5382 5461/5461 5462/5462
f 5382/5382 5462/5462 5383/5383
f 5383/5383 5462/5462 5463/5463
f 5383/5383 5463/5463 5384/5384
f 5384/5384 5463/5463 5464/5464
f 5384/5384 5464/5464 5385/5385
f 5385/5385 5464/5464 5465/5465
f 5385/5385 5465/5465 5386/5386
f 5386/5386 5465/5465 5466/5466
f 5386/5386 5466/5466 5387/5387
f 5387/5387 5466/5466 5467/5467
f 5387/5387 5467/5467 5388/5388
f 5388/5388 5467/5467 5468/5468
f 5388/5388 5468/5468 5389/5389
f 5389/5389 5468/5468 5469/5469
f 5389/5389 5469/5469 5390/5390
f 5390/5390 5469/5469 5470/5470
f 5390/5390 5470/5470 5391/5391
f 5391/5391 5470/5470 5471/5471
f 5391/5391 5471/5471 5392/5392
f 5392/5392 5471/5471 5472/5472
f 5392/5392 5472/5472 5393/5393
f 5393/5393 5472/5472 5473/5473
f 5393/5393 5473/5473 5394/5394
f 5394/5394 5473/5473 5474/5474
f 5394/5394 5474/5474 5395/5395
f 5395/5395 5474/5474 5475/5475
f 5395/5395 5475/5475 5396/5396
f 5396/5396 5475/5475 5476/5476
f 5396/5396 5476/5476 5397/5397
f 5397/5397 5476/5476 5477/5477
f 5397/5397 5477/5477 5398/5398
f 5398/5398 5477/5477 5478/5478
f 5398/5398 5478/5478 5399/5399
f 5399/5399 5478/5478 5479/5479
f 5399/5399 5479/5479 5400/5400
f 5400/5400 5479/5479 5480/5480
f 5400/5400 5480/5480 5401/5401
f 5401/5401 5480/5480 5481/5481
f 5401/5401 5481/5481 5402/5402
f 5402/5402 5481/5481 5482/5482
f 5402/5402 5482/5482 5403/5403
f 5403/5403 5482/5482 5483/5483
f 5403/5403 5483/5483 5404/5404
f 5404/5404 5483/5483 5484/5484
f 5404/5404 5484/5484 5405/5405
f 5405/5405 5484/5484 5485/5485
f 5405/5405 5485/5485 5406/5406
f 5406/5406 5485/5485 5486/5486
f 5406/5406 5486/5486 5407/5407
f 5407/5407 5486/5486 5487/5487
f 5407/5407 5487/5487 5408/5408
f 5408/5408 5487/5487 5488/5488
f 5408/5408 5488/5488 5409/5409
f 5409/5409 5488/5488 5489/5489
f 5409/5409 5489/5489 5410/5410
f 5410/5410 5489/5489 5490/5490
f 5410/5410 5490/5490 5411/5411
f 5411/5411 5490/5490 5491/5491
f 5411/5411 5491/5491 5412/5412
f 5412/5412 5491/5491 5492/5492
f 5412/5412 5492/5492 5413/5413
f 5413/5413 5492/5492 5493/5493
f 5413/5413 5493/5493 5414/5414
f 5414/5414 5493/5493 5494/5494
f 5414/5414 5494/5494 5415/5415
f 5415/5415 5494/5494 5495/5495
f 5415/5415 5495/5495 5416/5416
f 5416/5416 5495/5495 5496/5496
f 5416/5416 5496/5496 5417/5417
f 5417/5417 5496/5496 5497/5497
f 5417/5417 5497/5497 5418/5418
f 5418/5418 5497/5497 5498/5498
f 5418/5418 5498/5498 5419/5419
f 5419/5419 5498/5498 5499/5499
f 5419/5419 5499/5499 5420/5420
f 5420/5420 5499/5499 5500/5500
f 5420/5420 5500/5500 5421/5421
f 5421/5421 5500/5500 5501/5501
f 5421/5421 5501/5501 5422/5422
f 5422/5422 5501/5501 5502/5502
f 5422/5422 5502/5502 5423/5423
f 5423/5423 5502/5502 5503/5503
f 5423/5423 5503/5503 5424/5424
f 5424/5424 5503/5503 5504/5504
f 5424/5424 5504/5504 5425/5425
f 5425/5425 5504/5504 5505/5505
f 5425/5425 5505/5505 5426/5426
f 5426/5426 5505/5505 5506/5506
f 5455/5455 5535/5535 5456/5456
f 5456/5456 5535/5535 5536/5536
f 5456/5456 5536/5536 5457/5457
f 5457/5457 5536/5536 5537/5537
f 5457/5457 5537/5537 5458/5458
f 5458/5458 5537/5537 5538/5538
f 5458/5458 5538/5538 5459/5459
f 5459/5459 5538/5538 5539/5539
f 5459/5459 5539/5539 5460/5460
f 5460/5460 5539/5539 5540/5540
f 5460/5460 5540/5540 5461/5461
f 5461/5461 5540/5540 5541/5541
f 5461/5461 5541/5541 5462/5462
f 5462/5462 5541/5541 5542/5542
f 5462/5462 5542/5542 5463/5463
f 5463/5463 5542/5542 5543/5543
f 5463/5463 5543/5543 5464/5464
f 5464/5464 5543/5543 5544/5544
f 5464/5464 5544/5544 5465/5465
f 5465/5465 5544/5544 5545/5545
f 5465/5465 5545/5545 5466/5466
f 5466/5466 5545/5545 5546/5546
f 5466/5466 5546/5546 5467/5467
f 5467/5467 5546/5546 5547/5547
f 5467/5467 5547/5547 5468/5468
f 5468/5468 5547/5547 5548/5548
f 5468/5468 5548/5548 5469/5469
f 5469/5469 5548/5548 5549/5549
f 5469/5469 5549/5549 5470/5470
f 5470/5470 5549/5549 5550/5550
f 5470/5470 5550/5550 5471/5471
f 5471/5471 5550/5550 5551/5551
f 5471/5471 5551/5551 5472/5472
f 5472/5472 5551/5551 5552/5552
f 5472/5472 5552/5552 5473/5473
f 5473/5473 5552/5552 5553/5553
f 5473/5473 5553/5553 5474/5474
f 5474/5474 5553/5553 5554/5554
f 5474/5474 5554/5554 5475/5475
f 5475/5475 5554/5554 5555/5555
f 5475/5475 5555/5555 5476/5476
f 5476/5476 5555/5555 5556/5556
f 5476/5476 5556/5556 5477/5477
f 5477/5477 5556/5556 5557/5557
f 5477/5477 5557/5557 5478/5478
f 5478/5478 5557/5557 5558/5558
f 5478/5478 5558/5558 5479/5479
f 5479/5479 5558/5558 5559/5559
f 5479/5479 5559/5559 5480/5480
f 5480/5480 5559/5559 5560/5560
f 5480/5480 5560/5560 5481/5481
f 5481/5481 5560/5560 5561/5561
f 5481/5481 5561/5561 5482/5482
f 5482/5482 5561/5561 5562/5562
f 5482/5482 5562/5562 5483/5483
f 5483/5483 5562/5562 5563/5563
f 5483/5483 5563/5563 5484/5484
f 5484/5484 5563/5563 5564/5564
f 5484/5484 5564/5564 5485/5485
f 5485/5485 5564/5564 5565/5565
f 5485/5485 5565/5565 5486/5486
f 5486/5486 5565/5565 5566/5566
f 5486/5486 5566/5566 5487/5487
f 5487/5487 5566/5566 5567/5567
f 5487/5487 5567/5567 5488/5488
f 5488/5488 5567/5567 5568/5568
f 5488/5488 5568/5568 5489/5489
f 5489/5489 5568/5568 5569/5569
f 5489/5489 5569/5569 5490/5490
f 5490/5490 5569/5569 5570/5570
f 5490/5490 5570/5570 5491/5491
f 5491/5491 5570/5570 5571/5571
f 5491/5491 5571/5571 5492/5492
f 5492/5492 5571/5571 5572/5572
f 5492/5492 5572/5572 5493/5493
f 5493/5493 5572/5572 5573/5573
f 5493/5493 5573/5573 5494/5494
f 5494/5494 5573/5573 5574/5574
f 5494/5494 5574/5574 5495/5495
f 5495/5495 5574/5574 5575/5575
f 5495/5495 5575/5575 5496/5496
f 5496/5496 5575/5575 5576/5576
f 5496/5496 5576/5576 5497/5497
f 5497/5497 5576/5576 5577/5577
f 5497/5497 5577/5577 5498/5498
f 5498/5498 5577/5577 5578/5578
f 5498/5498 5578/5578 5499/5499
f 5499/5499 5578/5578 5579/5579
f 5499/5499 5579/5579 5500/5500
f 5500/5500 5579/5579 5580/5580
f 5500/5500 5580/5580 5501/5501
f 5501/5501 5580/5580 5581/5581
f 5501/5501 5581/5581 5502/5502
f 5502/5502 5581/5581 5582/5582
f 5502/5502 5582/5582 5503/5503
f 5503/5503 5582/5582 5583/5583
f 5503/5503 5583/5583 5504/5504
f 5504/5504 5583/5583 5584/5584
f 5504/5504 5584/5584 5505/5505
f 5505/5505 5584/5584 5585/5585
f 5536/5536 5616/5616 5537/5537
f 5537/5537 5616/5616 5617/5617
f 5537/5537 5617/5617 5538/5538
f 5538/5538 5617/5617 5618/5618
f 5538/5538 5618/5618 5539/5539
f 5539/5539 5618/5618 5619/5619
f 5539/5539 5619/5619 5540/5540
f 5540/5540 5619/5619 5620/5620
f 5540/5540 5620/5620 5541/5541
f 5541/5541 5620/5620 5621/5621
f 5541/5541 5621/5621 5542/5542
f 5542/5542 5621/5621 5622/5622
f 5542/5542 5622/5622 5543/5543
f 5543/5543 5622/5622 5623/5623
f 5543/5543 5623/5623 5544/5544
f 5544/5544 5623/5623 5624/5624
f 5544/5544 5624/5624 5545/5545
f 5545/5545 5624/5624 5625/5625
f 5545/5545 5625/5625 5546/5546
f 5546/5546 5625/5625 5626/5626
f 5546/5546 5626/5626 5547/5547
f 5547/5547 5626/5626 5627/5627
f 5547/5547 5627/5627 5548/5548
f 5548/5548 5627/5627 5628/5628
f 5548/5548 5628/5628 5549/5549
f 5549/5549 5628/5628 5629/5629
f 5549/5549 5629/5629 5550/5550
f 5550/5550 5629/5629 5630/5630
f 5550/5550 5630/5630 5551/5551
f 5551/5551 5630/5630 5631/5631
f 5551/5551 5631/5631 5552/5552
f 5552/5552 5631/5631 5632/5632
f 5552/5552 5632/5632 5553/5553
f 5553/5553 5632/5632 5633/5633
f 5553/5553 5633/5633 5554/5554
f 5554/5554 5633/5633 5634/5634
f 5554/5554 5634/5634 5555/5555
f 5555/5555 5634/5634 5635/5635
f 5555/5555 5635/5635 5556/5556
f 5556/5556 5635/5635 5636/5636
f 5556/5556 5636/5636 5557/5557
f 5557/5557 5636/5636 5637/5637
f 5557/5557 5637/5637 5558/5558
f 5558/5558 5637/5637 5638/5638
f 5558/5558 5638/5638 5559/5559
f 5559/5559 5638/5638 5639/5639
f 5559/5559 5639/5639 5560/5560
f 5560/5560 5639/5639 5640/5640
f 5560/5560 5640/5640 5561/5561
f 5561/5561 5640/5640 5641/5641
f 5561/5561 5641/5641 5562/5562
f 5562/5562 5641/5641 5642/5642
f 5562/5562 5642/5642 5563/5563
f 5563/5563 5642/5642 5643/5643
f 5563/5563 5643/5643 5564/5564
f 5564/5564 5643/5643 5644/5644
f 5564/5564 5644/5644 5565/5565
f 5565/5565 5644/5644 5645/5645
f 5565/5565 5645/5645 5566/5566
f 5566/5566 5645/5645 5646/5646
f 5566/5566 5646/5646 5567/5567
f 5567/5567 5646/5646 5647/5647
f 5567/5567 5647/5647 5568/5568
f 5568/5568 5647/5647 5648/5648
f 5568/5568 5648/5648 5569/5569
f 5569/5569 5648/5648 5649/5649
f 5569/5569 5649/5649 5570/5570
f 5570/5570 5649/5649 5650/5650
f 5570/5570 5650/5650 5571/5571
f 5571/5571 5650/5650 5651/5651
f 5571/5571 5651/5651 5572/5572
f 5572/5572 5651/5651 5652/5652
f 5572/5572 5652/5652 5573/5573
f 5573/5573 5652/5652 5653/5653
f 5573/5573 5653/5653 5574/5574
f 5574/5574 5653/5653 5654/5654
f 5574/5574 5654/5654 5575/5575
f 5575/5575 5654/5654 5655/5655
f 5575/5575 5655/5655 5576/5576
f 5576/5576 5655/5655 5656/5656
f 5576/5576 5656/5656 5577/5577
f 5577/5577 5656/5656 5657/5657
f 5577/5577 5657/5657 5578/5578
f 5578/5578 5657/5657 5658/5658
f 5578/5578 5658/5658 5579/5579
f 5579/5579 5658/5658 5659/5659
f 5579/5579 5659/5659 5580/5580
f 5580/5580 5659/5659 5660/5660
f 5580/5580 5660/5660 5581/5581
f 5581/5581 5660/5660 5661/5661
f 5581/5581 5661/5661 5582/5582
f 5582/5582 5661/5661 5662/5662
f 5582/5582 5662/5662 5583/5583
f 5583/5583 5662/5662 5663/5663
f 5617/5617 5697/5697 5618/5618
f 5618/5618 5697/5697 5698/5698
f 5618/5618 5698/5698 5619/5619
f 5619/5619 5698/5698 5699/5699
f 5619/5619 5699/5699 5620/5620
f 5620/5620 5699/5699 5700/5700
f 5620/5620 5700/5700 5621/5621
f 5621/5621 5700/5700 5701/5701
f 5621/5621 5701/5701 5622/5622
f 5622/5622 5701/5701 5702/5702
f 5622/5622 5702/5702 5623/5623
f 5623/5623 5702/5702 5703/5703
f 5623/5623 5703/5703 5624/5624
f 5624/5624 5703/5703 5704/5704
f 5624/5624 5704/5704 5625/5625
f 5625/5625 5704/5704 5705/5705
f 5625/5625 5705/5705 5626/5626
f 5626/5626 5705/5705 5706/5706
f 5626/5626 5706/5706 5627/5627
f 5627/5627 5706/5706 5707/5707
f 5627/5627 5707/5707 5628/5628
f 5628/5628 5707/5707 5708/5708
f 5628/5628 5708/5708 5629/5629
f 5629/5629 5708/5708 5709/5709
f 5629/5629 5709/5709 5630/5630
f 5630/5630 5709/5709 5710/5710
f 5630/5630 5710/5710 5631/5631
f 5631/5631 5710/5710 5711/5711
f 5631/5631 5711/5711 5632/5632
f 5632/5632 5711/5711 5712/5712
f 5632/5632 5712/5712 5633/5633
f 5633/5633 5712/5712 5713/5713
f 5633/5633 5713/5713 5634/5634
f 5634/5634 5713/5713 5714/5714
f 5634/5634 5714/5714 5635/5635
f 5635/5635 5714/5714 5715/5715
f 5635/5635 5715/5715 5636/5636
f 5636/5636 5715/5715 5716/5716
f 5636/5636 5716/5716 5637/5637
f 5637/5637 5716/5716 5717/5717
f 5637/5637 5717/5717 5638/5638
f 5638/5638 5717/5717 5718/5718
f 5638/5638 5718/5718 5639/5639
f 5639/5639 5718/5718 5719/5719
f 5639/5639 5719/5719 5640/5640
f 5640/5640 5719/5719 5720/5720
f 5640/5640 5720/5720 5641/5641
f 5641/5641 5720/5720 5721/5721
f 5641/5641 5721/5721 5642/5642
f 5642/5642 5721/5721 5722/5722
f 5642/5642 5722/5722 5643/5643
f 5643/5643 5722/5722 5723/5723
f 5643/5643 5723/5723 5644/5644
f 5644/5644 5723/5723 5724/5724
f 5644/5644 5724/5724 5645/5645
f 5645/5645 5724/5724 5725/5725
f 5645/5645 5725/5725 5646/5646
f 5646/5646 5725/5725 5726/5726
f 5646/5646 5726/5726 5647/5647
f 5647/5647 5726/5726 5727/5727
f 5647/5647 5727/5727 5648/5648
f 5648/5648 5727/5727 5728/5728
f 5648/5648 5728/5728 5649/5649
f 5649/5649 5728/5728 5729/5729
f 5649/5649 5729/5729 5650/5650
f 5650/5650 5729/5729 5730/5730
f 5650/5650 5730/5730 5651/5651
f 5651/5651 5730/5730 5731/5731
f 5651/5651 5731/5731 5652/5652
f 5652/5652 5731/5731 5732/5732
f 5652/5652 5732/5732 5653/5653
f 5653/5653 5732/5732 5733/5733
f 5653/5653 5733/5733 5654/5654
f 5654/5654 5733/5733 5734/5734
f 5654/5654 5734/5734 5655/5655
f 5655/5655 5734/5734 5735/5735
f 5655/5655 5735/5735 5656/5656
f 5656/5656 5735/5735 5736/5736
f 5656/5656 5736/5736 5657/5657
f 5657/5657 5736/5736 5737/5737
f 5657/5657 5737/5737 5658/5658
f 5658/5658 5737/5737 5738/5738
f 5658/5658 5738/5738 5659/5659
f 5659/5659 5738/5738 5739/5739
f 5659/5659 5739/5739 5660/5660
f 5660/5660 5739/5739 5740/5740
f 5660/5660 5740/5740 5661/5661
f 5661/5661 5740/5740 5741/5741
f 5661/5661 5741/5741 5662/5662
f 5662/5662 5741/5741 5742/5742
f 5697/5697 5777/5777 5698/5698
f 5698/5698 5777/5777 5778/5778
f 5698/5698 5778/5778 5699/5699
f 5699/5699 5778/5778 5779/5779
f 5699/5699 5779/5779 5700/5700
f 5700/5700 5779/5779 5780/5780
f 5700/5700 5780/5780 5701/5701
f 5701/5701 5780/5780 5781/5781
f 5701/5701 5781/5781 5702/5702
f 5702/5702 5781/5781 5782/5782
f 5702/5702 5782/5782 5703/5703
f 5703/5703 5782/5782 5783/5783
f 5703/5703 5783/5783 5704/5704
f 5704/5704 5783/5783 5784/5784
f 5704/5704 5784/5784 5705/5705
f 5705/5705 5784/5784 5785/5785
f 5705/5705 5785/5785 5706/5706
f 5706/5706 5785/5785 5786/5786
f 5706/5706 5786/5786 5707/5707
f 5707/5707 5786/5786 5787/5787
f 5707/5707 5787/5787 5708/5708
f 5708/5708 5787/5787 5788/5788
f 5708/5708 5788/5788 5709/5709
f 5709/5709 5788/5788 5789/5789
f 5709/5709 5789/5789 5710/5710
f 5710/5710 5789/5789 5790/5790
f 5710/5710 5790/5790 5711/5711
f 5711/5711 5790/5790 5791/5791
f 5711/5711 5791/5791 5712/5712
f 5712/5712 5791/5791 5792/5792
f 5712/5712 5792/5792 5713/5713
f 5713/5713 5792/5792 5793/5793
f 5713/5713 5793/5793 5714/5714
f 5714/5714 5793/5793 5794/5794
f 5714/5714 5794/5794 5715/5715
f 5715/5715 5794/5794 5795/5795
f 5715/5715 5795/5795 5716/5716
f 5716/5716 5795/5795 5796/5796
f 5716/5716 5796/5796 5717/5717
f 5717/5717 5796/5796 5797/5797
f 5717/5717 5797/5797 5718/5718
f 5718/5718 5797/5797 5798/5798
f 5718/5718 5798/5798 5719/5719
f 5719/5719 5798/5798 5799/5799
f 5719/5719 5799/5799 5720/5720
f 5720/5720 5799/5799 5800/5800
f 5720/5720 5800/5800 5721/5721
f 5721/5721 5800/5800 5801/5801
f 5721/5721 5801/5801 5722/5722
f 5722/5722 5801/5801 5802/5802
f 5722/5722 5802/5802 5723/5723
f 5723/5723 5802/5802 5803/5803
f 5723/5723 5803/5803 5724/5724
f 5724/5724 5803/5803 5804/5804
f 5724/5724 5804/5804 5725/5725
f 5725/5725 5804/5804 5805/5805
f 5725/5725 5805/5805 5726/5726
f 5726/5726 5805/5805 5806/5806
f 5726/5726 5806/5806 5727/5727
f 5727/5727 5806/5806 5807/5807
f 5727/5727 5807/5807 5728/5728
f 5728/5728 5807/5807 5808/5808
f 5728/5728 5808/5808 5729/5729
f 5729/5729 5808/5808 5809/5809
f 5729/5729 5809/5809 5730/5730
f 5730/5730 5809/5809 5810/5810
f 5730/5730 5810/5810 5731/5731
f 5731/5731 5810/5810 5811/5811
f 5731/5731 5811/5811 5732/5732
f 5732/5732 5811/5811 5812/5812
f 5732/5732 5812/5812 5733/5733
f 5733/5733 5812/5812 5813/5813
f 5733/5733 5813/5813 5734/5734
f 5734/5734 5813/5813 5814/5814
f 5734/5734 5814/5814 5735/5735
f 5735/5735 5814/5814 5815/5815
f 5735/5735 5815/5815 5736/5736
f 5736/5736 5815/5815 5816/5816
f 5736/5736 5816/5816 5737/5737
f 5737/5737 5816/5816 5817/5817
f 5737/5737 5817/5817 5738/5738
f 5738/5738 5817/5817 5818/5818
f 5738/5738 5818/5818 5739/5739
f 5739/5739 5818/5818 5819/5819
f 5739/5739 5819/5819 5740/5740
f 5740/5740 5819/5819 5820/5820
f 5740/5740 5820/5820 5741/5741
f 5741/5741 5820/5820 5821/5821
f 5779/5779 5859/5859 5780/5780
f 5780/5780 5859/5859 5860/5860
f 5780/5780 5860/5860 5781/5781
f 5781/5781 5860/5860 5861/5861
f 5781/5781 5861/5861 5782/5782
f 5782/5782 5861/5861 5862/5862
f 5782/5782 5862/5862 5783/5783
f 5783/5783 5862/5862 5863/5863
f 5783/5783 5863/5863 5784/5784
f 5784/5784 5863/5863 5864/5864
f 5784/5784 5864/5864 5785/5785
f 5785/5785 5864/5864 5865/5865
f 5785/5785 5865/5865 5786/5786
f 5786/5786 5865/5865 5866/5866
f 5786/5786 5866/5866 5787/5787
f 5787/5787 5866/5866 5867/5867
f 5787/5787 5867/5867 5788/5788
f 5788/5788 5867/5867 5868/5868
f 5788/5788 5868/5868 5789/5789
f 5789/5789 5868/5868 5869/5869
f 5789/5789 5869/5869 5790/5790
f 5790/5790 5869/5869 5870/5870
f 5790/5790 5870/5870 5791/5791
f 5791/5791 5870/5870 5871/5871
f 5791/5791 5871/5871 5792/5792
f 5792/5792 5871/5871 5872/5872
f 5792/5792 5872/5872 5793/5793
f 5793/5793 5872/5872 5873/5873
f 5793/5793 5873/5873 5794/5794
f 5794/5794 5873/5873 5874/5874
f 5794/5794 5874/5874 5795/5795
f 5795/5795 5874/5874 5875/5875
f 5795/5795 5875/5875 5796/5796
f 5796/5796 5875/5875 5876/5876
f 5796/5796 5876/5876 5797/5797
f 5797/5797 5876/5876 5877/5877
f 5797/5797 5877/5877 5798/5798
f 5798/5798 5877/5877 5878/5878
f 5798/5798 5878/5878 5799/5799
f 5799/5799 5878/5878 5879/5879
f 5799/5799 5879/5879 5800/5800
f 5800/5800 5879/5879 5880/5880
f 5800/5800 5880/5880 5801/5801
f 5801/5801 5880/5880 5881/5881
f 5801/5801 5881/5881 5802/5802
f 5802/5802 5881/5881 5882/5882
f 5802/5802 5882/5882 5803/5803
f 5803/5803 5882/5882 5883/5883
f 5803/5803 5883/5883 5804/5804
f 5804/5804 5883/5883 5884/5884
f 5804/5804 5884/5884 5805/5805
f 5805/5805 5884/5884 5885/5885
f 5805/5805 5885/5885 5806/5806
f 5806/5806 5885/5885 5886/5886
f 5806/5806 5886/5886 5807/5807
f 5807/5807 5886/5886 5887/5887
f 5807/5807 5887/5887 5808/5808
f 5808/5808 5887/5887 5888/5888
f 5808/5808 5888/5888 5809/5809
f 5809/5809 5888/5888 5889/5889
f 5809/5809 5889/5889 5810/5810
f 5810/5810 5889/5889 5890/5890
f 5810/5810 5890/5890 5811/5811
f 5811/5811 5890/5890 5891/5891
f 5811/5811 5891/5891 5812/5812
f 5812/5812 5891/5891 5892/5892
f 5812/5812 5892/5892 5813/5813
f 5813/5813 5892/5892 5893/5893
f 5813/5813 5893/5893 5814/5814
f 5814/5814 5893/5893 5894/5894
f 5814/5814 5894/5894 5815/5815
f 5815/5815 5894/5894 5895/5895
f 5815/5815 5895/5895 5816/5816
f 5816/5816 5895/5895 5896/5896
f 5816/5816 5896/5896 5817/5817
f 5817/5817 5896/5896 5897/5897
f 5817/5817 5897/5897 5818/5818
f 5818/5818 5897/5897 5898/5898
f 5818/5818 5898/5898 5819/5819
f 5819/5819 5898/5898 5899/5899
f 5860/5860 5940/5940 5861/5861
f 5861/5861 5940/5940 5941/5941
f 5861/5861 5941/5941 5862/5862
f 5862/5862 5941/5941 5942/5942
f 5862/5862 5942/5942 5863/5863
f 5863/5863 5942/5942 5943/5943
f 5863/5863 5943/5943 5864/5864
f 5864/5864 5943/5943 5944/5944
f 5864/5864 5944/5944 5865/5865
f 5865/5865 5944/5944 5945/5945
f 5865/5865 5945/5945 5866/5866
f 5866/5866 5945/5945 5946/5946
f 5866/5866 5946/5946 5867/5867
f 5867/5867 5946/5946 5947/5947
f 5867/5867 5947/5947 5868/5868
f 5868/5868 5947/5947 5948/5948
f 5868/5868 5948/5948 5869/5869
f 5869/5869 5948/5948 5949/5949
f 5869/5869 5949/5949 5870/5870
f 5870/5870 5949/5949 5950/5950
f 5870/5870 5950/5950 5871/5871
f 5871/5871 5950/5950 5951/5951
f 5871/5871 5951/5951 5872/5872
f 5872/5872 5951/5951 5952/5952
f 5872/5872 5952/5952 5873/5873
f 5873/5873 5952/5952 5953/5953
f 5873/5873 5953/5953 5874/5874
f 5874/5874 5953/5953 5954/5954
f 5874/5874 5954/5954 5875/5875
f 5875/5875 5954/5954 5955/5955
f 5875/5875 5955/5955 5876/5876
f 5876/5876 5955/5955 5956/5956
f 5876/5876 5956/5956 5877/5877
f 5877/5877 5956/5956 5957/5957
f 5877/5877 5957/5957 5878/5878
f 5878/5878 5957/5957 5958/5958
f 5878/5878 5958/5958 5879/5879
f 5879/5879 5958/5958 5959/5959
f 5879/5879 5959/5959 5880/5880
f 5880/5880 5959/5959 5960/5960
f 5880/5880 5960/5960 5881/5881
f 5881/5881 5960/5960 5961/5961
f 5881/5881 5961/5961 5882/5882
f 5882/5882 5961/5961 5962/5962
f 5882/5882 5962/5962 5883/5883
f 5883/5883 5962/5962 5963/5963
f 5883/5883 5963/5963 5884/5884
f 5884/5884 5963/5963 5964/5964
f 5884/5884 5964/5964 5885/5885
f 5885/5885 5964/5964 5965/5965
f 5885/5885 5965/5965 5886/5886
f 5886/5886 5965/5965 5966/5966
f 5886/5886 5966/5966 5887/5887
f 5887/5887 5966/5966 5967/5967
f 5887/5887 5967/5967 5888/5888
f 5888/5888 5967/5967 5968/5968
f 5888/5888 5968/5968 5889/5889
f 5889/5889 5968/5968 5969/5969
f 5889/5889 5969/5969 5890/5890
f 5890/5890 5969/5969 5970/5970
f 5890/5890 5970/5970 5891/5891
f 5891/5891 5970/5970 5971/5971
f 5891/5891 5971/5971 5892/5892
f 5892/5892 5971/5971 5972/5972
f 5892/5892 5972/5972 5893/5893
f 5893/5893 5972/5972 5973/5973
f 5893/5893 5973/5973 5894/5894
f 5894/5894 5973/5973 5974/5974
f 5894/5894 5974/5974 5895/5895
f 5895/5895 5974/5974 5975/5975
f 5895/5895 5975/5975 5896/5896
f 5896/5896 5975/5975 5976/5976
f 5896/5896 5976/5976 5897/5897
f 5897/5897 5976/5976 5977/5977
f 5897/5897 5977/5977 5898/5898
f 5898/5898 5977/5977 5978/5978
f 5944/5944 6024/6024 5945/5945
f 5945/5945 6024/6024 6025/6025
f 5945/5945 6025/6025 5946/5946
f 5946/5946 6025/6025 6026/6026
f 5946/5946 6026/6026 5947/5947
f 5947/5947 6026/6026 6027/6027
f 5947/5947 6027/6027 5948/5948
f 5948/5948 6027/6027 6028/6028
f 5948/5948 6028/6028 5949/5949
f 5949/5949 6028/6028 6029/6029
f 5949/5949 6029/6029 5950/5950
f 5950/5950 6029/6029 6030/6030
f 5950/5950 6030/6030 5951/5951
f 5951/5951 6030/6030 6031/6031
f 5951/5951 6031/6031 5952/5952
f 5952/5952 6031/6031 6032/6032
f 5952/5952 6032/6032 5953/5953
f 5953/5953 6032/6032 6033/6033
f 5953/5953 6033/6033 5954/5954
f 5954/5954 6033/6033 6034/6034
f 5954/5954 6034/6034 5955/5955
f 5955/5955 6034/6034 6035/6035
f 5955/5955 6035/6035 5956/5956
f 5956/5956 6035/6035 6036/6036
f 5956/5956 6036/6036 5957/5957
f 5957/5957 6036/6036 6037/6037
f 5957/5957 6037/6037 5958/5958
f 5958/5958 6037/6037 6038/6038
f 5958/5958 6038/6038 5959/5959
f 5959/5959 6038/6038 6039/6039
f 5959/5959 6039/6039 5960/5960
f 5960/5960 6039/6039 6040/6040
f 5960/5960 6040/6040 5961/5961
f 5961/5961 6040/6040 6041/6041
f 5961/5961 6041/6041 5962/5962
f 5962/5962 6041/6041 6042/6042
f 5962/5962 6042/6042 5963/5963
f 5963/5963 6042/6042 6043/6043
f 5963/5963 6043/6043 5964/5964
f 5964/5964 6043/6043 6044/6044
f 5964/5964 6044/6044 5965/5965
f 5965/5965 6044/6044 6045/6045
f 5965/5965 6045/6045 5966/5966
f 5966/5966 6045/6045 6046/6046
f 5966/5966 6046/6046 5967/5967
f 5967/5967 6046/6046 6047/6047
f 5967/5967 6047/6047 5968/5968
f 5968/5968 6047/6047 6048/6048
f 5968/5968 6048/6048 5969/5969
f 5969/5969 6048/6048 6049/6049
f 5969/5969 6049/6049 5970/5970
f 5970/5970 6049/6049 6050/6050
f 5970/5970 6050/6050 5971/5971
f 5971/5971 6050/6050 6051/6051
f 5971/5971 6051/6051 5972/5972
f 5972/5972 6051/6051 6052/6052
f 5972/5972 6052/6052 5973/5973
f 5973/5973 6052/6052 6053/6053
f 5973/5973 6053/6053 5974/5974
f 5974/5974 6053/6053 6054/6054
f 5974/5974 6054/6054 5975/5975
f 5975/5975 6054/6054 6055/6055
f 6033/6033 6113/6113 6034/6034
f 6034/6034 6113/6113 6114/6114
f 6034/6034 6114/6114 6035/6035
f 6035/6035 6114/6114 6115/6115
f 6035/6035 6115/6115 6036/6036
f 6036/6036 6115/6115 6116/6116
f 6036/6036 6116/6116 6037/6037
f 6037/6037 6116/6116 6117/6117
f 6037/6037 6117/6117 6038/6038
f 6038/6038 6117/6117 6118/6118
f 6038/6038 6118/6118 6039/6039
f 6039/6039 6118/6118 6119/6119
f 6039/6039 6119/6119 6040/6040
f 6040/6040 6119/6119 6120/6120
f 6040/6040 6120/6120 6041/6041
f 6041/6041 6120/6120 6121/6121
f 6041/6041 6121/6121 6042/6042
f 6042/6042 6121/6121 6122/6122
f 6042/6042 6122/6122 6043/6043
f 6043/6043 6122/6122 6123/6123
f 6043/6043 6123/6123 6044/6044
f 6044/6044 6123/6123 6124/6124
f 6044/6044 6124/6124 6045/6045
f 6045/6045 6124/6124 6125/6125
f 6045/6045 6125/6125 6046/6046
f 6046/6046 6125/6125 6126/6126
f 6046/6046 6126/6126 6047/6047
f 6047/6047 6126/6126 6127/6127
f 6047/6047 6127/6127 6048/6048
f 6048/6048 6127/6127 6128/6128
f 6048/6048 6128/6128 6049/6049
f 6049/6049 6128/6128 6129/6129
f 6049/6049 6129/6129 6050/6050
f 6050/6050 6129/6129 6130/6130
f 6050/6050 6130/6130 6051/6051
f 6051/6051 6130/6130 6131/6131
f 6051/6051 6131/6131 6052/6052
f 6052/6052 6131/6131 6132/6132
f 6115/6115 6195/6195 6116/6116
f 6116/6116 6195/6195 6196/6196
f 6116/6116 6196/6196 6117/6117
f 6117/6117 6196/6196 6197/6197
f 6117/6117 6197/6197 6118/6118
f 6118/6118 6197/6197 6198/6198
f 6118/6118 6198/6198 6119/6119
f 6119/6119 6198/6198 6199/6199
f 6119/6119 6199/6199 6120/6120
f 6120/6120 6199/6199 6200/6200
f 6120/6120 6200/6200 6121/6121
f 6121/6121 6200/6200 6201/6201
f 6121/6121 6201/6201 6122/6122
f 6122/6122 6201/6201 6202/6202
f 6122/6122 6202/6202 6123/6123
f 6123/6123 6202/6202 6203/6203
f 6123/6123 6203/6203 6124/6124
f 6124/6124 6203/6203 6204/6204
f 6124/6124 6204/6204 6125/6125
f 6125/6125 6204/6204 6205/6205
f 6125/6125 6205/6205 6126/6126
f 6126/6126 6205/6205 6206/6206
f 6126/6126 6206/6206 6127/6127
f 6127/6127 6206/6206 6207/6207
f 6127/6127 6207/6207 6128/6128
f 6128/6128 6207/6207 6208/6208
f 6128/6128 6208/6208 6129/6129
f 6129/6129 6208/6208 6209/6209
f 6129/6129 6209/6209 6130/6130
f 6130/6130 6209/6209 6210/6210
f 6130/6130 6210/6210 6131/6131
f 6131/6131 6210/6210 6211/6211
f 6198/6198 6278/6278 6199/6199
f 6199/6199 6278/6278 6279/6279
f 6199/6199 6279/6279 6200/6200
f 6200/6200 6279/6279 6280/6280
f 6200/6200 6280/6280 6201/6201
f 6201/6201 6280/6280 6281/6281
f 6201/6201 6281/6281 6202/6202
f 6202/6202 6281/6281 6282/6282
f 6202/6202 6282/6282 6203/6203
f 6203/6203 6282/6282 6283/6283
f 6203/6203 6283/6283 6204/6204
f 6204/6204 6283/6283 6284/6284
f 6204/6204 6284/6284 6205/6205
f 6205/6205 6284/6284 6285/6285
f 6205/6205 6285/6285 6206/6206
f 6206/6206 6285/6285 6286/6286
f 6206/6206 6286/6286 6207/6207
f 6207/6207 6286/6286 6287/6287
f 6207/6207 6287/6287 6208/6208
f 6208/6208 6287/6287 6288/6288
