o geometry_0
v -0.381011426448822 0.22709575295448303 0.5863467454910278
v -0.36809077858924866 0.22709575295448303 0.5863467454910278
v -0.3551701307296753 0.22709575295448303 0.5863467454910278
v -0.3422495126724243 0.22709575295448303 0.5863467454910278
v -0.32932886481285095 0.22709575295448303 0.5863467454910278
v -0.3164082169532776 0.22709575295448303 0.5863467454910278
v -0.3034875690937042 0.22709575295448303 0.5863467454910278
v -0.29056692123413086 0.22709575295448303 0.5863467454910278
v -0.2776462733745575 0.22709575295448303 0.5863467454910278
v -0.26472562551498413 0.22709575295448303 0.5863467454910278
v -0.25180497765541077 0.22709575295448303 0.5863467454910278
v -0.2388843297958374 0.22709575295448303 0.5863467454910278
v -0.22596369683742523 0.22709575295448303 0.5863467454910278
v -0.21304304897785187 0.22709575295448303 0.5863467454910278
v -0.2001224160194397 0.22709575295448303 0.5863467454910278
v -0.18720176815986633 0.22709575295448303 0.5863467454910278
v -0.17428112030029297 0.22709575295448303 0.5863467454910278
v -0.1613604724407196 0.22709575295448303 0.5863467454910278
v -0.14843982458114624 0.22709575295448303 0.5863467454910278
v -0.13551919162273407 0.22709575295448303 0.5863467454910278
v -0.1225985437631607 0.22709575295448303 0.5863467454910278
v -0.10967789590358734 0.22709575295448303 0.5863467454910278
v -0.09675723314285278 0.22709575295448303 0.5863467454910278
v -0.0838366225361824 0.22709575295448303 0.5863467454910278
v -0.07091597467660904 0.22709575295448303 0.5863467454910278
v -0.057995326817035675 0.22805532813072205 0.5863467454910278
v -0.04507468268275261 0.2275775969028473 0.5863467454910278
v -0.032154034823179245 0.23188379406929016 0.5863467454910278
v -0.01923338696360588 0.2393178939819336 0.5863467454910278
v -0.006312740966677666 0.23489439487457275 0.5863467454910278
v 0.006607905961573124 0.22977152466773987 0.5863467454910278
v 0.019528552889823914 0.22795993089675903 0.5863467454910278
v 0.03244920074939728 0.22709575295448303 0.5863467454910278
v 0.045369844883680344 0.22709575295448303 0.5863467454910278
v 0.05829049274325371 0.22709575295448303 0.5863467454910278
v 0.07121113687753677 0.22709575295448303 0.5863467454910278
v 0.08413178473711014 0.22709575295448303 0.5863467454910278
v 0.0970524325966835 0.22709575295448303 0.5863467454910278
v 0.10997305065393448 0.22709575295448303 0.5863467454910278
v 0.12289369106292725 0.22709575295448303 0.5863467454910278
v 0.1358143389225006 0.22709575295448303 0.5863467454910278
v 0.14873498678207397 0.22709575295448303 0.5863467454910278
v 0.16165563464164734 0.22709575295448303 0.5863467454910278
v 0.1745762825012207 0.22709575295448303 0.5863467454910278
v 0.18749696016311646 0.22709575295448303 0.5863467454910278
v 0.20041757822036743 0.22709575295448303 0.5863467454910278
v 0.21333818137645721 0.22709575295448303 0.5863467454910278
v 0.22625887393951416 0.22709575295448303 0.5863467454910278
v 0.23917947709560394 0.22709575295448303 0.5863467454910278
v 0.2521001696586609 0.22709575295448303 0.5863467454910278
v 0.26502078771591187 0.22709575295448303 0.5863467454910278
v 0.2779414653778076 0.22709575295448303 0.5863467454910278
v 0.2908620834350586 0.22709575295448303 0.5863467454910278
v 0.30378276109695435 0.22709575295448303 0.5863467454910278
v 0.31670334935188293 0.22709575295448303 0.5863467454910278
v 0.3296240270137787 0.22709575295448303 0.5863467454910278
v 0.34254464507102966 0.22709575295448303 0.5863467454910278
v 0.3554653227329254 0.22709575295448303 0.5863467454910278
v 0.3683859407901764 0.22709575295448303 0.5863467454910278
v 0.38130661845207214 0.22709575295448303 0.5863467454910278
v 0.3942272365093231 0.22709575295448303 0.5863467454910278
v -0.381011426448822 0.22709575295448303 0.5735262632369995
v -0.36809077858924866 0.22709575295448303 0.5735262632369995
v -0.3551701307296753 0.22709575295448303 0.5735262632369995
v -0.3422495126724243 0.22709575295448303 0.5735262632369995
v -0.32932886481285095 0.22709575295448303 0.5735262632369995
v -0.3164082169532776 0.22709575295448303 0.5735262632369995
v -0.3034875690937042 0.22709575295448303 0.5735262632369995
v -0.29056692123413086 0.22709575295448303 0.5735262632369995
v -0.2776462733745575 0.22709575295448303 0.5735262632369995
v -0.26472562551498413 0.22709575295448303 0.5735262632369995
v -0.25180497765541077 0.22709575295448303 0.5735262632369995
v -0.2388843297958374 0.22709575295448303 0.5735262632369995
v -0.22596369683742523 0.22709575295448303 0.5735262632369995
v -0.21304304897785187 0.22709575295448303 0.5735262632369995
v -0.2001224160194397 0.22709575295448303 0.5735262632369995
v -0.18720176815986633 0.22709575295448303 0.5735262632369995
v -0.17428112030029297 0.22709575295448303 0.5735262632369995
v -0.1613604724407196 0.22709575295448303 0.5735262632369995
v -0.14843982458114624 0.22709575295448303 0.5735262632369995
v -0.13551919162273407 0.22709575295448303 0.5735262632369995
v -0.1225985437631607 0.22709575295448303 0.5735262632369995
v -0.10967789590358734 0.22709575295448303 0.5735262632369995
v -0.09675723314285278 0.22709575295448303 0.5735262632369995
v -0.0838366225361824 0.22908097505569458 0.5735262632369995
v -0.07091597467660904 0.2893800288438797 0.5735262632369995
v -0.057995326817035675 0.4263312965631485 0.5735262632369995
v -0.04507468268275261 0.47016807831823826 0.5735262632369995
v -0.032154034823179245 0.4841175153851509 0.5735262632369995
v -0.01923338696360588 0.48797794338315725 0.5735262632369995
v -0.006312740966677666 0.4885656014084816 0.5735262632369995
v 0.006607905961573124 0.47747836261987686 0.5735262632369995
v 0.019528552889823914 0.44192325696349144 0.5735262632369995
v 0.03244920074939728 0.3233349025249481 0.5735262632369995
v 0.045369844883680344 0.23297375440597534 0.5735262632369995
v 0.05829049274325371 0.22709575295448303 0.5735262632369995
v 0.07121113687753677 0.22709575295448303 0.5735262632369995
v 0.08413178473711014 0.22709575295448303 0.5735262632369995
v 0.0970524325966835 0.22709575295448303 0.5735262632369995
v 0.10997305065393448 0.22709575295448303 0.5735262632369995
v 0.12289369106292725 0.22709575295448303 0.5735262632369995
v 0.1358143389225006 0.22709575295448303 0.5735262632369995
v 0.14873498678207397 0.22709575295448303 0.5735262632369995
v 0.16165563464164734 0.22709575295448303 0.5735262632369995
v 0.1745762825012207 0.22709575295448303 0.5735262632369995
v 0.18749696016311646 0.22709575295448303 0.5735262632369995
v 0.20041757822036743 0.22709575295448303 0.5735262632369995
v 0.21333818137645721 0.22709575295448303 0.5735262632369995
v 0.22625887393951416 0.22709575295448303 0.5735262632369995
v 0.23917947709560394 0.22709575295448303 0.5735262632369995
v 0.2521001696586609 0.22709575295448303 0.5735262632369995
v 0.26502078771591187 0.22709575295448303 0.5735262632369995
v 0.2779414653778076 0.22709575295448303 0.5735262632369995
v 0.2908620834350586 0.22709575295448303 0.5735262632369995
v 0.30378276109695435 0.22709575295448303 0.5735262632369995
v 0.31670334935188293 0.22709575295448303 0.5735262632369995
v 0.3296240270137787 0.22709575295448303 0.5735262632369995
v 0.34254464507102966 0.22709575295448303 0.5735262632369995
v 0.3554653227329254 0.22709575295448303 0.5735262632369995
v 0.3683859407901764 0.22709575295448303 0.5735262632369995
v 0.38130661845207214 0.22709575295448303 0.5735262632369995
v 0.3942272365093231 0.22709575295448303 0.5735262632369995
v -0.381011426448822 0.22709575295448303 0.5607057213783264
v -0.36809077858924866 0.22709575295448303 0.5607057213783264
v -0.3551701307296753 0.22709575295448303 0.5607057213783264
v -0.3422495126724243 0.22709575295448303 0.5607057213783264
v -0.32932886481285095 0.22709575295448303 0.5607057213783264
v -0.3164082169532776 0.22709575295448303 0.5607057213783264
v -0.3034875690937042 0.22709575295448303 0.5607057213783264
v -0.29056692123413086 0.22709575295448303 0.5607057213783264
v -0.2776462733745575 0.22709575295448303 0.5607057213783264
v -0.26472562551498413 0.22709575295448303 0.5607057213783264
v -0.25180497765541077 0.22709575295448303 0.5607057213783264
v -0.2388843297958374 0.22709575295448303 0.5607057213783264
v -0.22596369683742523 0.22709575295448303 0.5607057213783264
v -0.21304304897785187 0.22709575295448303 0.5607057213783264
v -0.2001224160194397 0.22709575295448303 0.5607057213783264
v -0.18720176815986633 0.22709575295448303 0.5607057213783264
v -0.17428112030029297 0.22709575295448303 0.5607057213783264
v -0.1613604724407196 0.22709575295448303 0.5607057213783264
v -0.14843982458114624 0.22709575295448303 0.5607057213783264
v -0.13551919162273407 0.22709575295448303 0.5607057213783264
v -0.1225985437631607 0.22709575295448303 0.5607057213783264
v -0.10967789590358734 0.2305888533592224 0.5607057213783264
v -0.09675723314285278 0.3607183247804642 0.5607057213783264
v -0.0838366225361824 0.48181068897247314 0.5607057213783264
v -0.07091597467660904 0.5107480520382524 0.5607057213783264
v -0.057995326817035675 0.5242502987384796 0.5607057213783264
v -0.04507468268275261 0.5302952229976654 0.5607057213783264
v -0.032154034823179245 0.5319538787007332 0.5607057213783264
v -0.01923338696360588 0.5331188812851906 0.5607057213783264
v -0.006312740966677666 0.5326592139899731 0.5607057213783264
v 0.006607905961573124 0.5312796235084534 0.5607057213783264
v 0.019528552889823914 0.5255094543099403 0.5607057213783264
v 0.03244920074939728 0.514897657558322 0.5607057213783264
v 0.045369844883680344 0.4943400016054511 0.5607057213783264
v 0.05829049274325371 0.40108412504196167 0.5607057213783264
v 0.07121113687753677 0.27583903074264526 0.5607057213783264
v 0.08413178473711014 0.22989964485168457 0.5607057213783264
v 0.0970524325966835 0.2274596095085144 0.5607057213783264
v 0.10997305065393448 0.22709575295448303 0.5607057213783264
v 0.12289369106292725 0.22709575295448303 0.5607057213783264
v 0.1358143389225006 0.22709575295448303 0.5607057213783264
v 0.14873498678207397 0.22709575295448303 0.5607057213783264
v 0.16165563464164734 0.22709575295448303 0.5607057213783264
v 0.1745762825012207 0.22709575295448303 0.5607057213783264
v 0.18749696016311646 0.22709575295448303 0.5607057213783264
v 0.20041757822036743 0.22709575295448303 0.5607057213783264
v 0.21333818137645721 0.22709575295448303 0.5607057213783264
v 0.22625887393951416 0.22709575295448303 0.5607057213783264
v 0.23917947709560394 0.22709575295448303 0.5607057213783264
v 0.2521001696586609 0.22709575295448303 0.5607057213783264
v 0.26502078771591187 0.22709575295448303 0.5607057213783264
v 0.2779414653778076 0.22709575295448303 0.5607057213783264
v 0.2908620834350586 0.22709575295448303 0.5607057213783264
v 0.30378276109695435 0.22709575295448303 0.5607057213783264
v 0.31670334935188293 0.22709575295448303 0.5607057213783264
v 0.3296240270137787 0.22709575295448303 0.5607057213783264
v 0.34254464507102966 0.22709575295448303 0.5607057213783264
v 0.3554653227329254 0.22709575295448303 0.5607057213783264
v 0.3683859407901764 0.22709575295448303 0.5607057213783264
v 0.38130661845207214 0.22709575295448303 0.5607057213783264
v 0.3942272365093231 0.22709575295448303 0.5607057213783264
v -0.381011426448822 0.22709575295448303 0.5478852391242981
v -0.36809077858924866 0.22709575295448303 0.5478852391242981
v -0.3551701307296753 0.22709575295448303 0.5478852391242981
v -0.3422495126724243 0.22709575295448303 0.5478852391242981
v -0.32932886481285095 0.22709575295448303 0.5478852391242981
v -0.3164082169532776 0.22709575295448303 0.5478852391242981
v -0.3034875690937042 0.22709575295448303 0.5478852391242981
v -0.29056692123413086 0.22709575295448303 0.5478852391242981
v -0.2776462733745575 0.22709575295448303 0.5478852391242981
v -0.26472562551498413 0.22709575295448303 0.5478852391242981
v -0.25180497765541077 0.22709575295448303 0.5478852391242981
v -0.2388843297958374 0.22709575295448303 0.5478852391242981
v -0.22596369683742523 0.22709575295448303 0.5478852391242981
v -0.21304304897785187 0.22709575295448303 0.5478852391242981
v -0.2001224160194397 0.22709575295448303 0.5478852391242981
v -0.18720176815986633 0.22709575295448303 0.5478852391242981
v -0.17428112030029297 0.22709575295448303 0.5478852391242981
v -0.1613604724407196 0.22709575295448303 0.5478852391242981
v -0.14843982458114624 0.22709575295448303 0.5478852391242981
v -0.13551919162273407 0.22758081555366516 0.5478852391242981
v -0.1225985437631607 0.26296553015708923 0.5478852391242981
v -0.10967789590358734 0.47633538395166397 0.5478852391242981
v -0.09675723314285278 0.514660601504147 0.5478852391242981
v -0.0838366225361824 0.5333190523087978 0.5478852391242981
v -0.07091597467660904 0.5416485331952572 0.5478852391242981
v -0.057995326817035675 0.5469921790063381 0.5478852391242981
v -0.04507468268275261 0.5520548932254314 0.5478852391242981
v -0.032154034823179245 0.5524574220180511 0.5478852391242981
v -0.01923338696360588 0.5522129088640213 0.5478852391242981
v -0.006312740966677666 0.5517204366624355 0.5478852391242981
v 0.006607905961573124 0.5489606112241745 0.5478852391242981
v 0.019528552889823914 0.5450474731624126 0.5478852391242981
v 0.03244920074939728 0.5374655313789845 0.5478852391242981
v 0.045369844883680344 0.5285904258489609 0.5478852391242981
v 0.05829049274325371 0.5149846496060491 0.5478852391242981
v 0.07121113687753677 0.49754364625550807 0.5478852391242981
v 0.08413178473711014 0.4748920537531376 0.5478852391242981
v 0.0970524325966835 0.43319349735975266 0.5478852391242981
v 0.10997305065393448 0.25465767085552216 0.5478852391242981
v 0.12289369106292725 0.22709575295448303 0.5478852391242981
v 0.1358143389225006 0.22709575295448303 0.5478852391242981
v 0.14873498678207397 0.22709575295448303 0.5478852391242981
v 0.16165563464164734 0.22709575295448303 0.5478852391242981
v 0.1745762825012207 0.22709575295448303 0.5478852391242981
v 0.18749696016311646 0.22709575295448303 0.5478852391242981
v 0.20041757822036743 0.22709575295448303 0.5478852391242981
v 0.21333818137645721 0.22709575295448303 0.5478852391242981
v 0.22625887393951416 0.22709575295448303 0.5478852391242981
v 0.23917947709560394 0.22709575295448303 0.5478852391242981
v 0.2521001696586609 0.22709575295448303 0.5478852391242981
v 0.26502078771591187 0.22709575295448303 0.5478852391242981
v 0.2779414653778076 0.22709575295448303 0.5478852391242981
v 0.2908620834350586 0.22709575295448303 0.5478852391242981
v 0.30378276109695435 0.22709575295448303 0.5478852391242981
v 0.31670334935188293 0.22709575295448303 0.5478852391242981
v 0.3296240270137787 0.22709575295448303 0.5478852391242981
v 0.34254464507102966 0.22709575295448303 0.5478852391242981
v 0.3554653227329254 0.22709575295448303 0.5478852391242981
v 0.3683859407901764 0.22709575295448303 0.5478852391242981
v 0.38130661845207214 0.22709575295448303 0.5478852391242981
v 0.3942272365093231 0.22709575295448303 0.5478852391242981
v -0.381011426448822 0.22709575295448303 0.535064697265625
v -0.36809077858924866 0.22709575295448303 0.535064697265625
v -0.3551701307296753 0.22709575295448303 0.535064697265625
v -0.3422495126724243 0.22709575295448303 0.535064697265625
v -0.32932886481285095 0.22709575295448303 0.535064697265625
v -0.3164082169532776 0.22709575295448303 0.535064697265625
v -0.3034875690937042 0.22709575295448303 0.535064697265625
v -0.29056692123413086 0.22709575295448303 0.535064697265625
v -0.2776462733745575 0.22709575295448303 0.535064697265625
v -0.26472562551498413 0.22709575295448303 0.535064697265625
v -0.25180497765541077 0.22709575295448303 0.535064697265625
v -0.2388843297958374 0.22709575295448303 0.535064697265625
v -0.22596369683742523 0.22709575295448303 0.535064697265625
v -0.21304304897785187 0.22709575295448303 0.535064697265625
v -0.2001224160194397 0.22709575295448303 0.535064697265625
v -0.18720176815986633 0.22709575295448303 0.535064697265625
v -0.17428112030029297 0.22709575295448303 0.535064697265625
v -0.1613604724407196 0.22709575295448303 0.535064697265625
v -0.14843982458114624 0.22807899117469788 0.535064697265625
v -0.13551919162273407 0.3894861713051796 0.535064697265625
v -0.1225985437631607 0.5023491007741541 0.535064697265625
v -0.10967789590358734 0.5285372212529182 0.535064697265625
v -0.09675723314285278 0.5424976572394371 0.535064697265625
v -0.0838366225361824 0.552201684564352 0.535064697265625
v -0.07091597467660904 0.5599524676799774 0.535064697265625
v -0.057995326817035675 0.5614047273993492 0.535064697265625
v -0.04507468268275261 0.5647699758410454 0.535064697265625
v -0.032154034823179245 0.5657241567969322 0.535064697265625
v -0.01923338696360588 0.5681704729795456 0.535064697265625
v -0.006312740966677666 0.5672867223620415 0.535064697265625
v 0.006607905961573124 0.5631009638309479 0.535064697265625
v 0.019528552889823914 0.5585007220506668 0.535064697265625
v 0.03244920074939728 0.5518619380891323 0.535064697265625
v 0.045369844883680344 0.5436933971941471 0.535064697265625
v 0.05829049274325371 0.5331470854580402 0.535064697265625
v 0.07121113687753677 0.5202943384647369 0.535064697265625
v 0.08413178473711014 0.5044986284337938 0.535064697265625
v 0.0970524325966835 0.49201661348342896 0.535064697265625
v 0.10997305065393448 0.4760047886520624 0.535064697265625
v 0.12289369106292725 0.3973093405365944 0.535064697265625
v 0.1358143389225006 0.23817700147628784 0.535064697265625
v 0.14873498678207397 0.22709575295448303 0.535064697265625
v 0.16165563464164734 0.22709575295448303 0.535064697265625
v 0.1745762825012207 0.22709575295448303 0.535064697265625
v 0.18749696016311646 0.22709575295448303 0.535064697265625
v 0.20041757822036743 0.22709575295448303 0.535064697265625
v 0.21333818137645721 0.22709575295448303 0.535064697265625
v 0.22625887393951416 0.22709575295448303 0.535064697265625
v 0.23917947709560394 0.22709575295448303 0.535064697265625
v 0.2521001696586609 0.22709575295448303 0.535064697265625
v 0.26502078771591187 0.22709575295448303 0.535064697265625
v 0.2779414653778076 0.22709575295448303 0.535064697265625
v 0.2908620834350586 0.22709575295448303 0.535064697265625
v 0.30378276109695435 0.22709575295448303 0.535064697265625
v 0.31670334935188293 0.22709575295448303 0.535064697265625
v 0.3296240270137787 0.22709575295448303 0.535064697265625
v 0.34254464507102966 0.22709575295448303 0.535064697265625
v 0.3554653227329254 0.22709575295448303 0.535064697265625
v 0.3683859407901764 0.22709575295448303 0.535064697265625
v 0.38130661845207214 0.22709575295448303 0.535064697265625
v 0.3942272365093231 0.22709575295448303 0.535064697265625
v -0.381011426448822 0.22709575295448303 0.5222442150115967
v -0.36809077858924866 0.22709575295448303 0.5222442150115967
v -0.3551701307296753 0.22709575295448303 0.5222442150115967
v -0.3422495126724243 0.22709575295448303 0.5222442150115967
v -0.32932886481285095 0.22709575295448303 0.5222442150115967
v -0.3164082169532776 0.22709575295448303 0.5222442150115967
v -0.3034875690937042 0.22709575295448303 0.5222442150115967
v -0.29056692123413086 0.22709575295448303 0.5222442150115967
v -0.2776462733745575 0.22709575295448303 0.5222442150115967
v -0.26472562551498413 0.22709575295448303 0.5222442150115967
v -0.25180497765541077 0.22709575295448303 0.5222442150115967
v -0.2388843297958374 0.22709575295448303 0.5222442150115967
v -0.22596369683742523 0.22709575295448303 0.5222442150115967
v -0.21304304897785187 0.22709575295448303 0.5222442150115967
v -0.2001224160194397 0.22709575295448303 0.5222442150115967
v -0.18720176815986633 0.22709575295448303 0.5222442150115967
v -0.17428112030029297 0.22709575295448303 0.5222442150115967
v -0.1613604724407196 0.23005744814872742 0.5222442150115967
v -0.14843982458114624 0.4717432875186205 0.5222442150115967
v -0.13551919162273407 0.5109301321208477 0.5222442150115967
v -0.1225985437631607 0.53245048224926 0.5222442150115967
v -0.10967789590358734 0.5461600571870804 0.5222442150115967
v -0.09675723314285278 0.5581390932202339 0.5222442150115967
v -0.0838366225361824 0.5630126446485519 0.5222442150115967
v -0.07091597467660904 0.5682704299688339 0.5222442150115967
v -0.057995326817035675 0.5747153982520103 0.5222442150115967
v -0.04507468268275261 0.5778649002313614 0.5222442150115967
v -0.032154034823179245 0.5768491476774216 0.5222442150115967
v -0.01923338696360588 0.57637769728899 0.5222442150115967
v -0.006312740966677666 0.5744615346193314 0.5222442150115967
v 0.006607905961573124 0.5717257261276245 0.5222442150115967
v 0.019528552889823914 0.5683815628290176 0.5222442150115967
v 0.03244920074939728 0.5630293264985085 0.5222442150115967
v 0.045369844883680344 0.5542501695454121 0.5222442150115967
v 0.05829049274325371 0.5443792194128036 0.5222442150115967
v 0.07121113687753677 0.5335618890821934 0.5222442150115967
v 0.08413178473711014 0.5202939454466105 0.5222442150115967
v 0.0970524325966835 0.5085947345942259 0.5222442150115967
v 0.10997305065393448 0.4969220778439194 0.5222442150115967
v 0.12289369106292725 0.48219534754753113 0.5222442150115967
v 0.1358143389225006 0.45633868500590324 0.5222442150115967
v 0.14873498678207397 0.2828287035226822 0.5222442150115967
v 0.16165563464164734 0.22709575295448303 0.5222442150115967
v 0.1745762825012207 0.22709575295448303 0.5222442150115967
v 0.18749696016311646 0.22709575295448303 0.5222442150115967
v 0.20041757822036743 0.22709575295448303 0.5222442150115967
v 0.21333818137645721 0.22709575295448303 0.5222442150115967
v 0.22625887393951416 0.22709575295448303 0.5222442150115967
v 0.23917947709560394 0.22709575295448303 0.5222442150115967
v 0.2521001696586609 0.22709575295448303 0.5222442150115967
v 0.26502078771591187 0.22709575295448303 0.5222442150115967
v 0.2779414653778076 0.22709575295448303 0.5222442150115967
v 0.2908620834350586 0.22709575295448303 0.5222442150115967
v 0.30378276109695435 0.22709575295448303 0.5222442150115967
v 0.31670334935188293 0.22709575295448303 0.5222442150115967
v 0.3296240270137787 0.22709575295448303 0.5222442150115967
v 0.34254464507102966 0.22709575295448303 0.5222442150115967
v 0.3554653227329254 0.22709575295448303 0.5222442150115967
v 0.3683859407901764 0.22709575295448303 0.5222442150115967
v 0.38130661845207214 0.22709575295448303 0.5222442150115967
v 0.3942272365093231 0.22709575295448303 0.5222442150115967
v -0.381011426448822 0.22709575295448303 0.5094236731529236
v -0.36809077858924866 0.22709575295448303 0.5094236731529236
v -0.3551701307296753 0.22709575295448303 0.5094236731529236
v -0.3422495126724243 0.22709575295448303 0.5094236731529236
v -0.32932886481285095 0.22709575295448303 0.5094236731529236
v -0.3164082169532776 0.22709575295448303 0.5094236731529236
v -0.3034875690937042 0.22709575295448303 0.5094236731529236
v -0.29056692123413086 0.22709575295448303 0.5094236731529236
v -0.2776462733745575 0.22709575295448303 0.5094236731529236
v -0.26472562551498413 0.22709575295448303 0.5094236731529236
v -0.25180497765541077 0.22709575295448303 0.5094236731529236
v -0.2388843297958374 0.22709575295448303 0.5094236731529236
v -0.22596369683742523 0.22709575295448303 0.5094236731529236
v -0.21304304897785187 0.22709575295448303 0.5094236731529236
v -0.2001224160194397 0.22709575295448303 0.5094236731529236
v -0.18720176815986633 0.22709575295448303 0.5094236731529236
v -0.17428112030029297 0.2325386106967926 0.5094236731529236
v -0.1613604724407196 0.4638790600001812 0.5094236731529236
v -0.14843982458114624 0.5108554447069764 0.5094236731529236
v -0.13551919162273407 0.5320994630455971 0.5094236731529236
v -0.1225985437631607 0.5474255904555321 0.5094236731529236
v -0.10967789590358734 0.5578043907880783 0.5094236731529236
v -0.09675723314285278 0.5647049844264984 0.5094236731529236
v -0.0838366225361824 0.5719410479068756 0.5094236731529236
v -0.07091597467660904 0.5775689333677292 0.5094236731529236
v -0.057995326817035675 0.5798770636320114 0.5094236731529236
v -0.04507468268275261 0.5822935923933983 0.5094236731529236
v -0.032154034823179245 0.582294799387455 0.5094236731529236
v -0.01923338696360588 0.5812102928757668 0.5094236731529236
v -0.006312740966677666 0.5797127261757851 0.5094236731529236
v 0.006607905961573124 0.5771710053086281 0.5094236731529236
v 0.019528552889823914 0.5729126557707787 0.5094236731529236
v 0.03244920074939728 0.5668471604585648 0.5094236731529236
v 0.045369844883680344 0.5603730566799641 0.5094236731529236
v 0.05829049274325371 0.5516754277050495 0.5094236731529236
v 0.07121113687753677 0.5413823388516903 0.5094236731529236
v 0.08413178473711014 0.5306920390576124 0.5094236731529236
v 0.0970524325966835 0.5197923686355352 0.5094236731529236
v 0.10997305065393448 0.5082443300634623 0.5094236731529236
v 0.12289369106292725 0.49668807280249894 0.5094236731529236
v 0.1358143389225006 0.4815565049648285 0.5094236731529236
v 0.14873498678207397 0.45393283292651176 0.5094236731529236
v 0.16165563464164734 0.28174763917922974 0.5094236731529236
v 0.1745762825012207 0.22709575295448303 0.5094236731529236
v 0.18749696016311646 0.22709575295448303 0.5094236731529236
v 0.20041757822036743 0.22709575295448303 0.5094236731529236
v 0.21333818137645721 0.22709575295448303 0.5094236731529236
v 0.22625887393951416 0.22709575295448303 0.5094236731529236
v 0.23917947709560394 0.22709575295448303 0.5094236731529236
v 0.2521001696586609 0.22709575295448303 0.5094236731529236
v 0.26502078771591187 0.22709575295448303 0.5094236731529236
v 0.2779414653778076 0.22709575295448303 0.5094236731529236
v 0.2908620834350586 0.22709575295448303 0.5094236731529236
v 0.30378276109695435 0.22709575295448303 0.5094236731529236
v 0.31670334935188293 0.22709575295448303 0.5094236731529236
v 0.3296240270137787 0.22709575295448303 0.5094236731529236
v 0.34254464507102966 0.22709575295448303 0.5094236731529236
v 0.3554653227329254 0.22709575295448303 0.5094236731529236
v 0.3683859407901764 0.22709575295448303 0.5094236731529236
v 0.38130661845207214 0.22709575295448303 0.5094236731529236
v 0.3942272365093231 0.22709575295448303 0.5094236731529236
v -0.381011426448822 0.22709575295448303 0.4966031610965729
v -0.36809077858924866 0.22709575295448303 0.4966031610965729
v -0.3551701307296753 0.22709575295448303 0.4966031610965729
v -0.3422495126724243 0.22709575295448303 0.4966031610965729
v -0.32932886481285095 0.22709575295448303 0.4966031610965729
v -0.3164082169532776 0.22709575295448303 0.4966031610965729
v -0.3034875690937042 0.22709575295448303 0.4966031610965729
v -0.29056692123413086 0.22709575295448303 0.4966031610965729
v -0.2776462733745575 0.22709575295448303 0.4966031610965729
v -0.26472562551498413 0.22709575295448303 0.4966031610965729
v -0.25180497765541077 0.22709575295448303 0.4966031610965729
v -0.2388843297958374 0.22709575295448303 0.4966031610965729
v -0.22596369683742523 0.22709575295448303 0.4966031610965729
v -0.21304304897785187 0.22709575295448303 0.4966031610965729
v -0.2001224160194397 0.22709575295448303 0.4966031610965729
v -0.18720176815986633 0.22851884365081787 0.4966031610965729
v -0.17428112030029297 0.4490036442875862 0.4966031610965729
v -0.1613604724407196 0.5078964605927467 0.4966031610965729
v -0.14843982458114624 0.5304213911294937 0.4966031610965729
v -0.13551919162273407 0.5449900329113007 0.4966031610965729
v -0.1225985437631607 0.5547653548419476 0.4966031610965729
v -0.10967789590358734 0.5628154277801514 0.4966031610965729
v -0.09675723314285278 0.5696956962347031 0.4966031610965729
v -0.0838366225361824 0.5757961869239807 0.4966031610965729
v -0.07091597467660904 0.5803213492035866 0.4966031610965729
v -0.057995326817035675 0.5829070657491684 0.4966031610965729
v -0.04507468268275261 0.5840734466910362 0.4966031610965729
v -0.032154034823179245 0.5843238458037376 0.4966031610965729
v -0.01923338696360588 0.584270715713501 0.4966031610965729
v -0.006312740966677666 0.5827152207493782 0.4966031610965729
v 0.006607905961573124 0.5791204124689102 0.4966031610965729
v 0.019528552889823914 0.573187805712223 0.4966031610965729
v 0.03244920074939728 0.566160574555397 0.4966031610965729
v 0.045369844883680344 0.5582219511270523 0.4966031610965729
v 0.05829049274325371 0.5502908378839493 0.4966031610965729
v 0.07121113687753677 0.5424671918153763 0.4966031610965729
v 0.08413178473711014 0.5340252257883549 0.4966031610965729
v 0.0970524325966835 0.5249990206211805 0.4966031610965729
v 0.10997305065393448 0.5153620503842831 0.4966031610965729
v 0.12289369106292725 0.504152505658567 0.4966031610965729
v 0.1358143389225006 0.492588865570724 0.4966031610965729
v 0.14873498678207397 0.47738152742385864 0.4966031610965729
v 0.16165563464164734 0.4455934576690197 0.4966031610965729
v 0.1745762825012207 0.26152563095092773 0.4966031610965729
v 0.18749696016311646 0.22709575295448303 0.4966031610965729
v 0.20041757822036743 0.22709575295448303 0.4966031610965729
v 0.21333818137645721 0.22709575295448303 0.4966031610965729
v 0.22625887393951416 0.22709575295448303 0.4966031610965729
v 0.23917947709560394 0.22709575295448303 0.4966031610965729
v 0.2521001696586609 0.22709575295448303 0.4966031610965729
v 0.26502078771591187 0.22709575295448303 0.4966031610965729
v 0.2779414653778076 0.22709575295448303 0.4966031610965729
v 0.2908620834350586 0.22709575295448303 0.4966031610965729
v 0.30378276109695435 0.22709575295448303 0.4966031610965729
v 0.31670334935188293 0.22709575295448303 0.4966031610965729
v 0.3296240270137787 0.22709575295448303 0.4966031610965729
v 0.34254464507102966 0.22709575295448303 0.4966031610965729
v 0.3554653227329254 0.22709575295448303 0.4966031610965729
v 0.3683859407901764 0.22709575295448303 0.4966031610965729
v 0.38130661845207214 0.22709575295448303 0.4966031610965729
v 0.3942272365093231 0.22709575295448303 0.4966031610965729
v -0.381011426448822 0.22709575295448303 0.48378264904022217
v -0.36809077858924866 0.22709575295448303 0.48378264904022217
v -0.3551701307296753 0.22709575295448303 0.48378264904022217
v -0.3422495126724243 0.22709575295448303 0.48378264904022217
v -0.32932886481285095 0.22709575295448303 0.48378264904022217
v -0.3164082169532776 0.22709575295448303 0.48378264904022217
v -0.3034875690937042 0.22709575295448303 0.48378264904022217
v -0.29056692123413086 0.22709575295448303 0.48378264904022217
v -0.2776462733745575 0.22709575295448303 0.48378264904022217
v -0.26472562551498413 0.22709575295448303 0.48378264904022217
v -0.25180497765541077 0.22709575295448303 0.48378264904022217
v -0.2388843297958374 0.22709575295448303 0.48378264904022217
v -0.22596369683742523 0.22709575295448303 0.48378264904022217
v -0.21304304897785187 0.22709575295448303 0.48378264904022217
v -0.2001224160194397 0.22709575295448303 0.48378264904022217
v -0.18720176815986633 0.35663333535194397 0.48378264904022217
v -0.17428112030029297 0.5008841894450597 0.48378264904022217
v -0.1613604724407196 0.5238696746528149 0.48378264904022217
v -0.14843982458114624 0.5390592701733112 0.48378264904022217
v -0.13551919162273407 0.5497467890381813 0.48378264904022217
v -0.1225985437631607 0.5591680631041527 0.48378264904022217
v -0.10967789590358734 0.5660285204648972 0.48378264904022217
v -0.09675723314285278 0.5723841786384583 0.48378264904022217
v -0.0838366225361824 0.5772192403674126 0.48378264904022217
v -0.07091597467660904 0.581223651766777 0.48378264904022217
v -0.057995326817035675 0.5833005383610725 0.48378264904022217
v -0.04507468268275261 0.5835383087396622 0.48378264904022217
v -0.032154034823179245 0.5821525156497955 0.48378264904022217
v -0.01923338696360588 0.5783791765570641 0.48378264904022217
v -0.006312740966677666 0.5749115273356438 0.48378264904022217
v 0.006607905961573124 0.5709710940718651 0.48378264904022217
v 0.019528552889823914 0.5668857470154762 0.48378264904022217
v 0.03244920074939728 0.5618318878114223 0.48378264904022217
v 0.045369844883680344 0.5562678687274456 0.48378264904022217
v 0.05829049274325371 0.5501882694661617 0.48378264904022217
v 0.07121113687753677 0.5434338748455048 0.48378264904022217
v 0.08413178473711014 0.535832617431879 0.48378264904022217
v 0.0970524325966835 0.5276552923023701 0.48378264904022217
v 0.10997305065393448 0.5187439601868391 0.48378264904022217
v 0.12289369106292725 0.5088271889835596 0.48378264904022217
v 0.1358143389225006 0.4982000607997179 0.48378264904022217
v 0.14873498678207397 0.4857730707153678 0.48378264904022217
v 0.16165563464164734 0.467903234064579 0.48378264904022217
v 0.1745762825012207 0.40529080480337143 0.48378264904022217
v 0.18749696016311646 0.22893381118774414 0.48378264904022217
v 0.20041757822036743 0.22709575295448303 0.48378264904022217
v 0.21333818137645721 0.22709575295448303 0.48378264904022217
v 0.22625887393951416 0.22709575295448303 0.48378264904022217
v 0.23917947709560394 0.22709575295448303 0.48378264904022217
v 0.2521001696586609 0.22709575295448303 0.48378264904022217
v 0.26502078771591187 0.22709575295448303 0.48378264904022217
v 0.2779414653778076 0.22709575295448303 0.48378264904022217
v 0.2908620834350586 0.22709575295448303 0.48378264904022217
v 0.30378276109695435 0.22709575295448303 0.48378264904022217
v 0.31670334935188293 0.22709575295448303 0.48378264904022217
v 0.3296240270137787 0.22709575295448303 0.48378264904022217
v 0.34254464507102966 0.22709575295448303 0.48378264904022217
v 0.3554653227329254 0.22709575295448303 0.48378264904022217
v 0.3683859407901764 0.22709575295448303 0.48378264904022217
v 0.38130661845207214 0.22709575295448303 0.48378264904022217
v 0.3942272365093231 0.22709575295448303 0.48378264904022217
v -0.381011426448822 0.22709575295448303 0.47096213698387146
v -0.36809077858924866 0.22709575295448303 0.47096213698387146
v -0.3551701307296753 0.22709575295448303 0.47096213698387146
v -0.3422495126724243 0.22709575295448303 0.47096213698387146
v -0.32932886481285095 0.22709575295448303 0.47096213698387146
v -0.3164082169532776 0.22709575295448303 0.47096213698387146
v -0.3034875690937042 0.22709575295448303 0.47096213698387146
v -0.29056692123413086 0.22709575295448303 0.47096213698387146
v -0.2776462733745575 0.22709575295448303 0.47096213698387146
v -0.26472562551498413 0.22709575295448303 0.47096213698387146
v -0.25180497765541077 0.22709575295448303 0.47096213698387146
v -0.2388843297958374 0.22709575295448303 0.47096213698387146
v -0.22596369683742523 0.22709575295448303 0.47096213698387146
v -0.21304304897785187 0.22709575295448303 0.47096213698387146
v -0.2001224160194397 0.24261054396629333 0.47096213698387146
v -0.18720176815986633 0.4907318139448762 0.47096213698387146
v -0.17428112030029297 0.5172158293426037 0.47096213698387146
v -0.1613604724407196 0.532420240342617 0.47096213698387146
v -0.14843982458114624 0.5433593094348907 0.47096213698387146
v -0.13551919162273407 0.5532647110521793 0.47096213698387146
v -0.1225985437631607 0.5610327422618866 0.47096213698387146
v -0.10967789590358734 0.5679020583629608 0.47096213698387146
v -0.09675723314285278 0.5732888728380203 0.47096213698387146
v -0.0838366225361824 0.5771724358201027 0.47096213698387146
v -0.07091597467660904 0.5795368701219559 0.47096213698387146
v -0.057995326817035675 0.5801940932869911 0.47096213698387146
v -0.04507468268275261 0.5781347826123238 0.47096213698387146
v -0.032154034823179245 0.5761296898126602 0.47096213698387146
v -0.01923338696360588 0.5740220695734024 0.47096213698387146
v -0.006312740966677666 0.5715108439326286 0.47096213698387146
v 0.006607905961573124 0.5686267390847206 0.47096213698387146
v 0.019528552889823914 0.5651125833392143 0.47096213698387146
v 0.03244920074939728 0.5608494579792023 0.47096213698387146
v 0.045369844883680344 0.5559458136558533 0.47096213698387146
v 0.05829049274325371 0.5503053814172745 0.47096213698387146
v 0.07121113687753677 0.5440751053392887 0.47096213698387146
v 0.08413178473711014 0.5369492135941982 0.47096213698387146
v 0.0970524325966835 0.5291018690913916 0.47096213698387146
v 0.10997305065393448 0.5206749867647886 0.47096213698387146
v 0.12289369106292725 0.5114946085959673 0.47096213698387146
v 0.1358143389225006 0.5013116931077093 0.47096213698387146
v 0.14873498678207397 0.49059614539146423 0.47096213698387146
v 0.16165563464164734 0.47649881057441235 0.47096213698387146
v 0.1745762825012207 0.4491628147661686 0.47096213698387146
v 0.18749696016311646 0.300758421421051 0.47096213698387146
v 0.20041757822036743 0.22709575295448303 0.47096213698387146
v 0.21333818137645721 0.22709575295448303 0.47096213698387146
v 0.22625887393951416 0.22709575295448303 0.47096213698387146
v 0.23917947709560394 0.22709575295448303 0.47096213698387146
v 0.2521001696586609 0.22709575295448303 0.47096213698387146
v 0.26502078771591187 0.22709575295448303 0.47096213698387146
v 0.2779414653778076 0.22709575295448303 0.47096213698387146
v 0.2908620834350586 0.22709575295448303 0.47096213698387146
v 0.30378276109695435 0.22709575295448303 0.47096213698387146
v 0.31670334935188293 0.22709575295448303 0.47096213698387146
v 0.3296240270137787 0.22709575295448303 0.47096213698387146
v 0.34254464507102966 0.22709575295448303 0.47096213698387146
v 0.3554653227329254 0.22709575295448303 0.47096213698387146
v 0.3683859407901764 0.22709575295448303 0.47096213698387146
v 0.38130661845207214 0.22709575295448303 0.47096213698387146
v 0.3942272365093231 0.22709575295448303 0.47096213698387146
v -0.381011426448822 0.22709575295448303 0.45814165472984314
v -0.36809077858924866 0.22709575295448303 0.45814165472984314
v -0.3551701307296753 0.22709575295448303 0.45814165472984314
v -0.3422495126724243 0.22709575295448303 0.45814165472984314
v -0.32932886481285095 0.22709575295448303 0.45814165472984314
v -0.3164082169532776 0.22709575295448303 0.45814165472984314
v -0.3034875690937042 0.22709575295448303 0.45814165472984314
v -0.29056692123413086 0.22709575295448303 0.45814165472984314
v -0.2776462733745575 0.22709575295448303 0.45814165472984314
v -0.26472562551498413 0.22709575295448303 0.45814165472984314
v -0.25180497765541077 0.22709575295448303 0.45814165472984314
v -0.2388843297958374 0.22709575295448303 0.45814165472984314
v -0.22596369683742523 0.22709575295448303 0.45814165472984314
v -0.21304304897785187 0.22709575295448303 0.45814165472984314
v -0.2001224160194397 0.4535294435918331 0.45814165472984314
v -0.18720176815986633 0.5052623865194619 0.45814165472984314
v -0.17428112030029297 0.5237763822078705 0.45814165472984314
v -0.1613604724407196 0.5357632450759411 0.45814165472984314
v -0.14843982458114624 0.5461086742579937 0.45814165472984314
v -0.13551919162273407 0.554829116910696 0.45814165472984314
v -0.1225985437631607 0.5623830258846283 0.45814165472984314
v -0.10967789590358734 0.5686196535825729 0.45814165472984314
v -0.09675723314285278 0.572552852332592 0.45814165472984314
v -0.0838366225361824 0.5752730816602707 0.45814165472984314
v -0.07091597467660904 0.5764420479536057 0.45814165472984314
v -0.057995326817035675 0.5751512199640274 0.45814165472984314
v -0.04507468268275261 0.5738143175840378 0.45814165472984314
v -0.032154034823179245 0.5731116160750389 0.45814165472984314
v -0.01923338696360588 0.5719046518206596 0.45814165472984314
v -0.006312740966677666 0.5697737336158752 0.45814165472984314
v 0.006607905961573124 0.5671034604310989 0.45814165472984314
v 0.019528552889823914 0.5640638023614883 0.45814165472984314
v 0.03244920074939728 0.5604196637868881 0.45814165472984314
v 0.045369844883680344 0.5558725036680698 0.45814165472984314
v 0.05829049274325371 0.5505998767912388 0.45814165472984314
v 0.07121113687753677 0.5445490926504135 0.45814165472984314
v 0.08413178473711014 0.5375063829123974 0.45814165472984314
v 0.0970524325966835 0.5298384595662355 0.45814165472984314
v 0.10997305065393448 0.5215790644288063 0.45814165472984314
v 0.12289369106292725 0.5126049565151334 0.45814165472984314
v 0.1358143389225006 0.5029132571071386 0.45814165472984314
v 0.14873498678207397 0.49242730904370546 0.45814165472984314
v 0.16165563464164734 0.48100502230226994 0.45814165472984314
v 0.1745762825012207 0.46310991048812866 0.45814165472984314
v 0.18749696016311646 0.3967201039195061 0.45814165472984314
v 0.20041757822036743 0.22845011949539185 0.45814165472984314
v 0.21333818137645721 0.22709575295448303 0.45814165472984314
v 0.22625887393951416 0.22709575295448303 0.45814165472984314
v 0.23917947709560394 0.22709575295448303 0.45814165472984314
v 0.2521001696586609 0.22709575295448303 0.45814165472984314
v 0.26502078771591187 0.22709575295448303 0.45814165472984314
v 0.2779414653778076 0.22709575295448303 0.45814165472984314
v 0.2908620834350586 0.22709575295448303 0.45814165472984314
v 0.30378276109695435 0.22709575295448303 0.45814165472984314
v 0.31670334935188293 0.22709575295448303 0.45814165472984314
v 0.3296240270137787 0.22709575295448303 0.45814165472984314
v 0.34254464507102966 0.22709575295448303 0.45814165472984314
v 0.3554653227329254 0.22709575295448303 0.45814165472984314
v 0.3683859407901764 0.22709575295448303 0.45814165472984314
v 0.38130661845207214 0.22709575295448303 0.45814165472984314
v 0.3942272365093231 0.22709575295448303 0.45814165472984314
v -0.381011426448822 0.22709575295448303 0.44532111287117004
v -0.36809077858924866 0.22709575295448303 0.44532111287117004
v -0.3551701307296753 0.22709575295448303 0.44532111287117004
v -0.3422495126724243 0.22709575295448303 0.44532111287117004
v -0.32932886481285095 0.22709575295448303 0.44532111287117004
v -0.3164082169532776 0.22709575295448303 0.44532111287117004
v -0.3034875690937042 0.22709575295448303 0.44532111287117004
v -0.29056692123413086 0.22709575295448303 0.44532111287117004
v -0.2776462733745575 0.22709575295448303 0.44532111287117004
v -0.26472562551498413 0.22709575295448303 0.44532111287117004
v -0.25180497765541077 0.22709575295448303 0.44532111287117004
v -0.2388843297958374 0.22709575295448303 0.44532111287117004
v -0.22596369683742523 0.22709575295448303 0.44532111287117004
v -0.21304304897785187 0.230475515127182 0.44532111287117004
v -0.2001224160194397 0.4852972598746419 0.44532111287117004
v -0.18720176815986633 0.5121341170743108 0.44532111287117004
v -0.17428112030029297 0.526841601356864 0.44532111287117004
v -0.1613604724407196 0.5377727225422859 0.44532111287117004
v -0.14843982458114624 0.547803234308958 0.44532111287117004
v -0.13551919162273407 0.5557723939418793 0.44532111287117004
v -0.1225985437631607 0.5630654245615005 0.44532111287117004
v -0.10967789590358734 0.5674430355429649 0.44532111287117004
v -0.09675723314285278 0.5705912336707115 0.44532111287117004
v -0.0838366225361824 0.5724328830838203 0.44532111287117004
v -0.07091597467660904 0.5721475705504417 0.44532111287117004
v -0.057995326817035675 0.5718614906072617 0.44532111287117004
v -0.04507468268275261 0.5722047090530396 0.44532111287117004
v -0.032154034823179245 0.5720163509249687 0.44532111287117004
v -0.01923338696360588 0.570349745452404 0.44532111287117004
v -0.006312740966677666 0.568462923169136 0.44532111287117004
v 0.006607905961573124 0.5662606805562973 0.44532111287117004
v 0.019528552889823914 0.563544511795044 0.44532111287117004
v 0.03244920074939728 0.5601360499858856 0.44532111287117004
v 0.045369844883680344 0.555962547659874 0.44532111287117004
v 0.05829049274325371 0.5509363263845444 0.44532111287117004
v 0.07121113687753677 0.5451429523527622 0.44532111287117004
v 0.08413178473711014 0.5380565375089645 0.44532111287117004
v 0.0970524325966835 0.5304050277918577 0.44532111287117004
v 0.10997305065393448 0.5220279041677713 0.44532111287117004
v 0.12289369106292725 0.513000862672925 0.44532111287117004
v 0.1358143389225006 0.5033081541769207 0.44532111287117004
v 0.14873498678207397 0.4932424258440733 0.44532111287117004
v 0.16165563464164734 0.4827147666364908 0.44532111287117004
v 0.1745762825012207 0.46886883303523064 0.44532111287117004
v 0.18749696016311646 0.4440131299197674 0.44532111287117004
v 0.20041757822036743 0.27676039934158325 0.44532111287117004
v 0.21333818137645721 0.22709575295448303 0.44532111287117004
v 0.22625887393951416 0.22709575295448303 0.44532111287117004
v 0.23917947709560394 0.22709575295448303 0.44532111287117004
v 0.2521001696586609 0.22709575295448303 0.44532111287117004
v 0.26502078771591187 0.22709575295448303 0.44532111287117004
v 0.2779414653778076 0.22709575295448303 0.44532111287117004
v 0.2908620834350586 0.22709575295448303 0.44532111287117004
v 0.30378276109695435 0.22709575295448303 0.44532111287117004
v 0.31670334935188293 0.22709575295448303 0.44532111287117004
v 0.3296240270137787 0.22709575295448303 0.44532111287117004
v 0.34254464507102966 0.22709575295448303 0.44532111287117004
v 0.3554653227329254 0.22709575295448303 0.44532111287117004
v 0.3683859407901764 0.22709575295448303 0.44532111287117004
v 0.38130661845207214 0.22709575295448303 0.44532111287117004
v 0.3942272365093231 0.22709575295448303 0.44532111287117004
v -0.381011426448822 0.22709575295448303 0.43250060081481934
v -0.36809077858924866 0.22709575295448303 0.43250060081481934
v -0.3551701307296753 0.22709575295448303 0.43250060081481934
v -0.3422495126724243 0.22709575295448303 0.43250060081481934
v -0.32932886481285095 0.22709575295448303 0.43250060081481934
v -0.3164082169532776 0.22709575295448303 0.43250060081481934
v -0.3034875690937042 0.22709575295448303 0.43250060081481934
v -0.29056692123413086 0.22709575295448303 0.43250060081481934
v -0.2776462733745575 0.22709575295448303 0.43250060081481934
v -0.26472562551498413 0.22709575295448303 0.43250060081481934
v -0.25180497765541077 0.22709575295448303 0.43250060081481934
v -0.2388843297958374 0.22709575295448303 0.43250060081481934
v -0.22596369683742523 0.22709575295448303 0.43250060081481934
v -0.21304304897785187 0.2823603004217148 0.43250060081481934
v -0.2001224160194397 0.49413301749154925 0.43250060081481934
v -0.18720176815986633 0.51570263504982 0.43250060081481934
v -0.17428112030029297 0.5282880328595638 0.43250060081481934
v -0.1613604724407196 0.538644440472126 0.43250060081481934
v -0.14843982458114624 0.5479588359594345 0.43250060081481934
v -0.13551919162273407 0.5561122186481953 0.43250060081481934
v -0.1225985437631607 0.5621832273900509 0.43250060081481934
v -0.10967789590358734 0.5660831034183502 0.43250060081481934
v -0.09675723314285278 0.5684825330972672 0.43250060081481934
v -0.0838366225361824 0.5695884004235268 0.43250060081481934
v -0.07091597467660904 0.5699788928031921 0.43250060081481934
v -0.057995326817035675 0.5703813210129738 0.43250060081481934
v -0.04507468268275261 0.5709937363862991 0.43250060081481934
v -0.032154034823179245 0.5701727122068405 0.43250060081481934
v -0.01923338696360588 0.5689473897218704 0.43250060081481934
v -0.006312740966677666 0.5676760524511337 0.43250060081481934
v 0.006607905961573124 0.5657153278589249 0.43250060081481934
v 0.019528552889823914 0.5631522685289383 0.43250060081481934
v 0.03244920074939728 0.5599236972630024 0.43250060081481934
v 0.045369844883680344 0.5560168847441673 0.43250060081481934
v 0.05829049274325371 0.5512632802128792 0.43250060081481934
v 0.07121113687753677 0.5456843227148056 0.43250060081481934
v 0.08413178473711014 0.53873635455966 0.43250060081481934
v 0.0970524325966835 0.5310332886874676 0.43250060081481934
v 0.10997305065393448 0.5224300846457481 0.43250060081481934
v 0.12289369106292725 0.5132771208882332 0.43250060081481934
v 0.1358143389225006 0.5031420693267137 0.43250060081481934
v 0.14873498678207397 0.49344173213467 0.43250060081481934
v 0.16165563464164734 0.48368068411946297 0.43250060081481934
v 0.1745762825012207 0.4709154721349478 0.43250060081481934
v 0.18749696016311646 0.45458026230335236 0.43250060081481934
v 0.20041757822036743 0.3901795819401741 0.43250060081481934
v 0.21333818137645721 0.22709575295448303 0.43250060081481934
v 0.22625887393951416 0.22709575295448303 0.43250060081481934
v 0.23917947709560394 0.22709575295448303 0.43250060081481934
v 0.2521001696586609 0.22709575295448303 0.43250060081481934
v 0.26502078771591187 0.22709575295448303 0.43250060081481934
v 0.2779414653778076 0.22709575295448303 0.43250060081481934
v 0.2908620834350586 0.22709575295448303 0.43250060081481934
v 0.30378276109695435 0.22709575295448303 0.43250060081481934
v 0.31670334935188293 0.22709575295448303 0.43250060081481934
v 0.3296240270137787 0.22709575295448303 0.43250060081481934
v 0.34254464507102966 0.22709575295448303 0.43250060081481934
v 0.3554653227329254 0.22709575295448303 0.43250060081481934
v 0.3683859407901764 0.22709575295448303 0.43250060081481934
v 0.38130661845207214 0.22709575295448303 0.43250060081481934
v 0.3942272365093231 0.22709575295448303 0.43250060081481934
v -0.381011426448822 0.22709575295448303 0.419680118560791
v -0.36809077858924866 0.22709575295448303 0.419680118560791
v -0.3551701307296753 0.22709575295448303 0.419680118560791
v -0.3422495126724243 0.22709575295448303 0.419680118560791
v -0.32932886481285095 0.22709575295448303 0.419680118560791
v -0.3164082169532776 0.22709575295448303 0.419680118560791
v -0.3034875690937042 0.22709575295448303 0.419680118560791
v -0.29056692123413086 0.22709575295448303 0.419680118560791
v -0.2776462733745575 0.22709575295448303 0.419680118560791
v -0.26472562551498413 0.22709575295448303 0.419680118560791
v -0.25180497765541077 0.22709575295448303 0.419680118560791
v -0.2388843297958374 0.22709575295448303 0.419680118560791
v -0.22596369683742523 0.22709575295448303 0.419680118560791
v -0.21304304897785187 0.4623563177883625 0.419680118560791
v -0.2001224160194397 0.4995669307827484 0.419680118560791
v -0.18720176815986633 0.5182003770023584 0.419680118560791
v -0.17428112030029297 0.5286828055977821 0.419680118560791
v -0.1613604724407196 0.5385218150913715 0.419680118560791
v -0.14843982458114624 0.547974955290556 0.419680118560791
v -0.13551919162273407 0.5553536266088486 0.419680118560791
v -0.1225985437631607 0.5612174309790134 0.419680118560791
v -0.10967789590358734 0.5642246752977371 0.419680118560791
v -0.09675723314285278 0.5661469176411629 0.419680118560791
v -0.0838366225361824 0.5673206299543381 0.419680118560791
v -0.07091597467660904 0.5678417235612869 0.419680118560791
v -0.057995326817035675 0.5689943730831146 0.419680118560791
v -0.04507468268275261 0.5690356642007828 0.419680118560791
v -0.032154034823179245 0.5687388852238655 0.419680118560791
v -0.01923338696360588 0.5679925456643105 0.419680118560791
v -0.006312740966677666 0.5668308138847351 0.419680118560791
v 0.006607905961573124 0.5650283247232437 0.419680118560791
v 0.019528552889823914 0.5625742375850677 0.419680118560791
v 0.03244920074939728 0.5596008822321892 0.419680118560791
v 0.045369844883680344 0.5559101551771164 0.419680118560791
v 0.05829049274325371 0.5514537282288074 0.419680118560791
v 0.07121113687753677 0.5461462773382664 0.419680118560791
v 0.08413178473711014 0.5394482351839542 0.419680118560791
v 0.0970524325966835 0.5317882634699345 0.419680118560791
v 0.10997305065393448 0.5229956693947315 0.419680118560791
v 0.12289369106292725 0.513604786247015 0.419680118560791
v 0.1358143389225006 0.502886138157919 0.419680118560791
v 0.14873498678207397 0.4928199667483568 0.419680118560791
v 0.16165563464164734 0.48364630714058876 0.419680118560791
v 0.1745762825012207 0.47263643704354763 0.419680118560791
v 0.18749696016311646 0.4576050750911236 0.419680118560791
v 0.20041757822036743 0.43025772273540497 0.419680118560791
v 0.21333818137645721 0.2420767843723297 0.419680118560791
v 0.22625887393951416 0.22709575295448303 0.419680118560791
v 0.23917947709560394 0.22709575295448303 0.419680118560791
v 0.2521001696586609 0.22709575295448303 0.419680118560791
v 0.26502078771591187 0.22709575295448303 0.419680118560791
v 0.2779414653778076 0.22709575295448303 0.419680118560791
v 0.2908620834350586 0.22709575295448303 0.419680118560791
v 0.30378276109695435 0.22709575295448303 0.419680118560791
v 0.31670334935188293 0.22709575295448303 0.419680118560791
v 0.3296240270137787 0.22709575295448303 0.419680118560791
v 0.34254464507102966 0.22709575295448303 0.419680118560791
v 0.3554653227329254 0.22709575295448303 0.419680118560791
v 0.3683859407901764 0.22709575295448303 0.419680118560791
v 0.38130661845207214 0.22709575295448303 0.419680118560791
v 0.3942272365093231 0.22709575295448303 0.419680118560791
v -0.381011426448822 0.22709575295448303 0.4068595767021179
v -0.36809077858924866 0.22709575295448303 0.4068595767021179
v -0.3551701307296753 0.22709575295448303 0.4068595767021179
v -0.3422495126724243 0.22709575295448303 0.4068595767021179
v -0.32932886481285095 0.22709575295448303 0.4068595767021179
v -0.3164082169532776 0.22709575295448303 0.4068595767021179
v -0.3034875690937042 0.22709575295448303 0.4068595767021179
v -0.29056692123413086 0.22709575295448303 0.4068595767021179
v -0.2776462733745575 0.22709575295448303 0.4068595767021179
v -0.26472562551498413 0.22709575295448303 0.4068595767021179
v -0.25180497765541077 0.22709575295448303 0.4068595767021179
v -0.2388843297958374 0.22709575295448303 0.4068595767021179
v -0.22596369683742523 0.2278878092765808 0.4068595767021179
v -0.21304304897785187 0.4784381054341793 0.4068595767021179
v -0.2001224160194397 0.5041366824880242 0.4068595767021179
v -0.18720176815986633 0.5180250648409128 0.4068595767021179
v -0.17428112030029297 0.5280740838497877 0.4068595767021179
v -0.1613604724407196 0.5381335616111755 0.4068595767021179
v -0.14843982458114624 0.5471435487270355 0.4068595767021179
v -0.13551919162273407 0.5544074214994907 0.4068595767021179
v -0.1225985437631607 0.5592480897903442 0.4068595767021179
v -0.10967789590358734 0.5616802237927914 0.4068595767021179
v -0.09675723314285278 0.5636623352766037 0.4068595767021179
v -0.0838366225361824 0.5648132190108299 0.4068595767021179
v -0.07091597467660904 0.5663646757602692 0.4068595767021179
v -0.057995326817035675 0.5671810731291771 0.4068595767021179
v -0.04507468268275261 0.5676549151539803 0.4068595767021179
v -0.032154034823179245 0.5675370916724205 0.4068595767021179
v -0.01923338696360588 0.5667738243937492 0.4068595767021179
v -0.006312740966677666 0.5655444636940956 0.4068595767021179
v 0.006607905961573124 0.5638308823108673 0.4068595767021179
v 0.019528552889823914 0.5616197101771832 0.4068595767021179
v 0.03244920074939728 0.5588873252272606 0.4068595767021179
v 0.045369844883680344 0.5554987713694572 0.4068595767021179
v 0.05829049274325371 0.5513691231608391 0.4068595767021179
v 0.07121113687753677 0.546336255967617 0.4068595767021179
v 0.08413178473711014 0.5399470552802086 0.4068595767021179
v 0.0970524325966835 0.5321437120437622 0.4068595767021179
v 0.10997305065393448 0.5233570970594883 0.4068595767021179
v 0.12289369106292725 0.5138242719694972 0.4068595767021179
v 0.1358143389225006 0.5023099973332137 0.4068595767021179
v 0.14873498678207397 0.49137836042791605 0.4068595767021179
v 0.16165563464164734 0.4833083301782608 0.4068595767021179
v 0.1745762825012207 0.4724036641418934 0.4068595767021179
v 0.18749696016311646 0.45865968614816666 0.4068595767021179
v 0.20041757822036743 0.4399437755346298 0.4068595767021179
v 0.21333818137645721 0.3266349285840988 0.4068595767021179
v 0.22625887393951416 0.22709575295448303 0.4068595767021179
v 0.23917947709560394 0.22709575295448303 0.4068595767021179
v 0.2521001696586609 0.22709575295448303 0.4068595767021179
v 0.26502078771591187 0.22709575295448303 0.4068595767021179
v 0.2779414653778076 0.22709575295448303 0.4068595767021179
v 0.2908620834350586 0.22709575295448303 0.4068595767021179
v 0.30378276109695435 0.22709575295448303 0.4068595767021179
v 0.31670334935188293 0.22709575295448303 0.4068595767021179
v 0.3296240270137787 0.22709575295448303 0.4068595767021179
v 0.34254464507102966 0.22709575295448303 0.4068595767021179
v 0.3554653227329254 0.22709575295448303 0.4068595767021179
v 0.3683859407901764 0.22709575295448303 0.4068595767021179
v 0.38130661845207214 0.22709575295448303 0.4068595767021179
v 0.3942272365093231 0.22709575295448303 0.4068595767021179
v -0.381011426448822 0.22709575295448303 0.3940390646457672
v -0.36809077858924866 0.22709575295448303 0.3940390646457672
v -0.3551701307296753 0.22709575295448303 0.3940390646457672
v -0.3422495126724243 0.22709575295448303 0.3940390646457672
v -0.32932886481285095 0.22709575295448303 0.3940390646457672
v -0.3164082169532776 0.22709575295448303 0.3940390646457672
v -0.3034875690937042 0.22709575295448303 0.3940390646457672
v -0.29056692123413086 0.22709575295448303 0.3940390646457672
v -0.2776462733745575 0.22709575295448303 0.3940390646457672
v -0.26472562551498413 0.22709575295448303 0.3940390646457672
v -0.25180497765541077 0.22709575295448303 0.3940390646457672
v -0.2388843297958374 0.22709575295448303 0.3940390646457672
v -0.22596369683742523 0.2509990781545639 0.3940390646457672
v -0.21304304897785187 0.4844991974532604 0.3940390646457672
v -0.2001224160194397 0.504936246201396 0.3940390646457672
v -0.18720176815986633 0.5166154000908136 0.3940390646457672
v -0.17428112030029297 0.5268935263156891 0.3940390646457672
v -0.1613604724407196 0.5369929932057858 0.3940390646457672
v -0.14843982458114624 0.5458188578486443 0.3940390646457672
v -0.13551919162273407 0.5524507500231266 0.3940390646457672
v -0.1225985437631607 0.5565252751111984 0.3940390646457672
v -0.10967789590358734 0.5582966655492783 0.3940390646457672
v -0.09675723314285278 0.5609715394675732 0.3940390646457672
v -0.0838366225361824 0.5633445903658867 0.3940390646457672
v -0.07091597467660904 0.5649105906486511 0.3940390646457672
v -0.057995326817035675 0.5659794732928276 0.3940390646457672
v -0.04507468268275261 0.5663692280650139 0.3940390646457672
v -0.032154034823179245 0.5661690384149551 0.3940390646457672
v -0.01923338696360588 0.5653653368353844 0.3940390646457672
v -0.006312740966677666 0.564102292060852 0.3940390646457672
v 0.006607905961573124 0.5624272003769875 0.3940390646457672
v 0.019528552889823914 0.5604380220174789 0.3940390646457672
v 0.03244920074939728 0.5580056421458721 0.3940390646457672
v 0.045369844883680344 0.55488096550107 0.3940390646457672
v 0.05829049274325371 0.5510799437761307 0.3940390646457672
v 0.07121113687753677 0.5463916026055813 0.3940390646457672
v 0.08413178473711014 0.5402974374592304 0.3940390646457672
v 0.0970524325966835 0.5325310528278351 0.3940390646457672
v 0.10997305065393448 0.5238580089062452 0.3940390646457672
v 0.12289369106292725 0.5140988323837519 0.3940390646457672
v 0.1358143389225006 0.5016707106260583 0.3940390646457672
v 0.14873498678207397 0.48934230394661427 0.3940390646457672
v 0.16165563464164734 0.4814625736325979 0.3940390646457672
v 0.1745762825012207 0.47190238162875175 0.3940390646457672
v 0.18749696016311646 0.45949264243245125 0.3940390646457672
v 0.20041757822036743 0.44363686442375183 0.3940390646457672
v 0.21333818137645721 0.3668535649776459 0.3940390646457672
v 0.22625887393951416 0.22972849011421204 0.3940390646457672
v 0.23917947709560394 0.22709575295448303 0.3940390646457672
v 0.2521001696586609 0.22709575295448303 0.3940390646457672
v 0.26502078771591187 0.22709575295448303 0.3940390646457672
v 0.2779414653778076 0.22709575295448303 0.3940390646457672
v 0.2908620834350586 0.22709575295448303 0.3940390646457672
v 0.30378276109695435 0.22709575295448303 0.3940390646457672
v 0.31670334935188293 0.22709575295448303 0.3940390646457672
v 0.3296240270137787 0.22709575295448303 0.3940390646457672
v 0.34254464507102966 0.22709575295448303 0.3940390646457672
v 0.3554653227329254 0.22709575295448303 0.3940390646457672
v 0.3683859407901764 0.22709575295448303 0.3940390646457672
v 0.38130661845207214 0.22709575295448303 0.3940390646457672
v 0.3942272365093231 0.22709575295448303 0.3940390646457672
v -0.381011426448822 0.22709575295448303 0.3812185525894165
v -0.36809077858924866 0.22709575295448303 0.3812185525894165
v -0.3551701307296753 0.22709575295448303 0.3812185525894165
v -0.3422495126724243 0.22709575295448303 0.3812185525894165
v -0.32932886481285095 0.22709575295448303 0.3812185525894165
v -0.3164082169532776 0.22709575295448303 0.3812185525894165
v -0.3034875690937042 0.22709575295448303 0.3812185525894165
v -0.29056692123413086 0.22709575295448303 0.3812185525894165
v -0.2776462733745575 0.22709575295448303 0.3812185525894165
v -0.26472562551498413 0.22709575295448303 0.3812185525894165
v -0.25180497765541077 0.22709575295448303 0.3812185525894165
v -0.2388843297958374 0.22709575295448303 0.3812185525894165
v -0.22596369683742523 0.44246961921453476 0.3812185525894165
v -0.21304304897785187 0.4891931992024183 0.3812185525894165
v -0.2001224160194397 0.5051202950999141 0.3812185525894165
v -0.18720176815986633 0.5148089928552508 0.3812185525894165
v -0.17428112030029297 0.5262665692716837 0.3812185525894165
v -0.1613604724407196 0.5352330468595028 0.3812185525894165
v -0.14843982458114624 0.5441196225583553 0.3812185525894165
v -0.13551919162273407 0.5496754460036755 0.3812185525894165
v -0.1225985437631607 0.5531953647732735 0.3812185525894165
v -0.10967789590358734 0.555750172585249 0.3812185525894165
v -0.09675723314285278 0.5586567148566246 0.3812185525894165
v -0.0838366225361824 0.5617067292332649 0.3812185525894165
v -0.07091597467660904 0.5635247230529785 0.3812185525894165
v -0.057995326817035675 0.5647144615650177 0.3812185525894165
v -0.04507468268275261 0.5650357753038406 0.3812185525894165
v -0.032154034823179245 0.564718671143055 0.3812185525894165
v -0.01923338696360588 0.5639340952038765 0.3812185525894165
v -0.006312740966677666 0.5627041682600975 0.3812185525894165
v 0.006607905961573124 0.561029028147459 0.3812185525894165
v 0.019528552889823914 0.5591008812189102 0.3812185525894165
v 0.03244920074939728 0.5567516535520554 0.3812185525894165
v 0.045369844883680344 0.5537521131336689 0.3812185525894165
v 0.05829049274325371 0.5501420311629772 0.3812185525894165
v 0.07121113687753677 0.545798234641552 0.3812185525894165
v 0.08413178473711014 0.540187556296587 0.3812185525894165
v 0.0970524325966835 0.5326675586402416 0.3812185525894165
v 0.10997305065393448 0.5242136549204588 0.3812185525894165
v 0.12289369106292725 0.5145509205758572 0.3812185525894165
v 0.1358143389225006 0.5008470794418827 0.3812185525894165
v 0.14873498678207397 0.4864045809954405 0.3812185525894165
v 0.16165563464164734 0.47864983789622784 0.3812185525894165
v 0.1745762825012207 0.47014470025897026 0.3812185525894165
v 0.18749696016311646 0.4590900205075741 0.3812185525894165
v 0.20041757822036743 0.4452749229967594 0.3812185525894165
v 0.21333818137645721 0.40841928869485855 0.3812185525894165
v 0.22625887393951416 0.2622988671064377 0.3812185525894165
v 0.23917947709560394 0.22709575295448303 0.3812185525894165
v 0.2521001696586609 0.22709575295448303 0.3812185525894165
v 0.26502078771591187 0.22709575295448303 0.3812185525894165
v 0.2779414653778076 0.22709575295448303 0.3812185525894165
v 0.2908620834350586 0.22709575295448303 0.3812185525894165
v 0.30378276109695435 0.22709575295448303 0.3812185525894165
v 0.31670334935188293 0.22709575295448303 0.3812185525894165
v 0.3296240270137787 0.22709575295448303 0.3812185525894165
v 0.34254464507102966 0.22709575295448303 0.3812185525894165
v 0.3554653227329254 0.22709575295448303 0.3812185525894165
v 0.3683859407901764 0.22709575295448303 0.3812185525894165
v 0.38130661845207214 0.22709575295448303 0.3812185525894165
v 0.3942272365093231 0.22709575295448303 0.3812185525894165
v -0.381011426448822 0.22709575295448303 0.3683980405330658
v -0.36809077858924866 0.22709575295448303 0.3683980405330658
v -0.3551701307296753 0.22709575295448303 0.3683980405330658
v -0.3422495126724243 0.22709575295448303 0.3683980405330658
v -0.32932886481285095 0.22709575295448303 0.3683980405330658
v -0.3164082169532776 0.22709575295448303 0.3683980405330658
v -0.3034875690937042 0.22709575295448303 0.3683980405330658
v -0.29056692123413086 0.22709575295448303 0.3683980405330658
v -0.2776462733745575 0.22709575295448303 0.3683980405330658
v -0.26472562551498413 0.22709575295448303 0.3683980405330658
v -0.25180497765541077 0.22709575295448303 0.3683980405330658
v -0.2388843297958374 0.23157349228858948 0.3683980405330658
v -0.22596369683742523 0.46347198262810707 0.3683980405330658
v -0.21304304897785187 0.4907635832205415 0.3683980405330658
v -0.2001224160194397 0.5031789580825716 0.3683980405330658
v -0.18720176815986633 0.5138699216768146 0.3683980405330658
v -0.17428112030029297 0.524742990732193 0.3683980405330658
v -0.1613604724407196 0.5336336977779865 0.3683980405330658
v -0.14843982458114624 0.541613906621933 0.3683980405330658
v -0.13551919162273407 0.5460872426629066 0.3683980405330658
v -0.1225985437631607 0.5492023676633835 0.3683980405330658
v -0.10967789590358734 0.553268451243639 0.3683980405330658
v -0.09675723314285278 0.5565136596560478 0.3683980405330658
v -0.0838366225361824 0.5595298856496811 0.3683980405330658
v -0.07091597467660904 0.5615464262664318 0.3683980405330658
v -0.057995326817035675 0.5626403093338013 0.3683980405330658
v -0.04507468268275261 0.5629250332713127 0.3683980405330658
v -0.032154034823179245 0.5626809373497963 0.3683980405330658
v -0.01923338696360588 0.5620325990021229 0.3683980405330658
v -0.006312740966677666 0.5608651340007782 0.3683980405330658
v 0.006607905961573124 0.559258721768856 0.3683980405330658
v 0.019528552889823914 0.5572765320539474 0.3683980405330658
v 0.03244920074939728 0.5548465400934219 0.3683980405330658
v 0.045369844883680344 0.5517906472086906 0.3683980405330658
v 0.05829049274325371 0.5482633449137211 0.3683980405330658
v 0.07121113687753677 0.5442197546362877 0.3683980405330658
v 0.08413178473711014 0.5390610173344612 0.3683980405330658
v 0.0970524325966835 0.5326668694615364 0.3683980405330658
v 0.10997305065393448 0.5243086200207472 0.3683980405330658
v 0.12289369106292725 0.5145568260923028 0.3683980405330658
v 0.1358143389225006 0.4997335076041054 0.3683980405330658
v 0.14873498678207397 0.4821266159415245 0.3683980405330658
v 0.16165563464164734 0.4744449853897095 0.3683980405330658
v 0.1745762825012207 0.4675968289375305 0.3683980405330658
v 0.18749696016311646 0.4579232186079025 0.3683980405330658
v 0.20041757822036743 0.445477232336998 0.3683980405330658
v 0.21333818137645721 0.4269740730524063 0.3683980405330658
v 0.22625887393951416 0.2902642488479614 0.3683980405330658
v 0.23917947709560394 0.22709575295448303 0.3683980405330658
v 0.2521001696586609 0.22709575295448303 0.3683980405330658
v 0.26502078771591187 0.22709575295448303 0.3683980405330658
v 0.2779414653778076 0.22709575295448303 0.3683980405330658
v 0.2908620834350586 0.22709575295448303 0.3683980405330658
v 0.30378276109695435 0.22709575295448303 0.3683980405330658
v 0.31670334935188293 0.22709575295448303 0.3683980405330658
v 0.3296240270137787 0.22709575295448303 0.3683980405330658
v 0.34254464507102966 0.22709575295448303 0.3683980405330658
v 0.3554653227329254 0.22709575295448303 0.3683980405330658
v 0.3683859407901764 0.22709575295448303 0.3683980405330658
v 0.38130661845207214 0.22709575295448303 0.3683980405330658
v 0.3942272365093231 0.22709575295448303 0.3683980405330658
v -0.381011426448822 0.22709575295448303 0.3555775284767151
v -0.36809077858924866 0.22709575295448303 0.3555775284767151
v -0.3551701307296753 0.22709575295448303 0.3555775284767151
v -0.3422495126724243 0.22709575295448303 0.3555775284767151
v -0.32932886481285095 0.22709575295448303 0.3555775284767151
v -0.3164082169532776 0.22709575295448303 0.3555775284767151
v -0.3034875690937042 0.22709575295448303 0.3555775284767151
v -0.29056692123413086 0.22709575295448303 0.3555775284767151
v -0.2776462733745575 0.22709575295448303 0.3555775284767151
v -0.26472562551498413 0.22709575295448303 0.3555775284767151
v -0.25180497765541077 0.22709575295448303 0.3555775284767151
v -0.2388843297958374 0.41245440393686295 0.3555775284767151
v -0.22596369683742523 0.4719735272228718 0.3555775284767151
v -0.21304304897785187 0.49088842421770096 0.3555775284767151
v -0.2001224160194397 0.5008426744607277 0.3555775284767151
v -0.18720176815986633 0.5131851825863123 0.3555775284767151
v -0.17428112030029297 0.5224850606173277 0.3555775284767151
v -0.1613604724407196 0.5316424556076527 0.3555775284767151
v -0.14843982458114624 0.5381165333092213 0.3555775284767151
v -0.13551919162273407 0.5416267774999142 0.3555775284767151
v -0.1225985437631607 0.5455809645354748 0.3555775284767151
v -0.10967789590358734 0.5497715212404728 0.3555775284767151
v -0.09675723314285278 0.5540108978748322 0.3555775284767151
v -0.0838366225361824 0.5568664520978928 0.3555775284767151
v -0.07091597467660904 0.5585304722189903 0.3555775284767151
v -0.057995326817035675 0.5593153201043606 0.3555775284767151
v -0.04507468268275261 0.5595090426504612 0.3555775284767151
v -0.032154034823179245 0.5596160888671875 0.3555775284767151
v -0.01923338696360588 0.5593024492263794 0.3555775284767151
v -0.006312740966677666 0.5583587028086185 0.3555775284767151
v 0.006607905961573124 0.5569081641733646 0.3555775284767151
v 0.019528552889823914 0.5549785904586315 0.3555775284767151
v 0.03244920074939728 0.5523312762379646 0.3555775284767151
v 0.045369844883680344 0.5489248782396317 0.3555775284767151
v 0.05829049274325371 0.5454296953976154 0.3555775284767151
v 0.07121113687753677 0.54152986779809 0.3555775284767151
v 0.08413178473711014 0.5371183753013611 0.3555775284767151
v 0.0970524325966835 0.530781663954258 0.3555775284767151
v 0.10997305065393448 0.5235185567289591 0.3555775284767151
v 0.12289369106292725 0.5141836097463965 0.3555775284767151
v 0.1358143389225006 0.4983270667726174 0.3555775284767151
v 0.14873498678207397 0.4764833804219961 0.3555775284767151
v 0.16165563464164734 0.46917432732880116 0.3555775284767151
v 0.1745762825012207 0.46438609808683395 0.3555775284767151
v 0.18749696016311646 0.4561264328658581 0.3555775284767151
v 0.20041757822036743 0.4450329914689064 0.3555775284767151
v 0.21333818137645721 0.42939773201942444 0.3555775284767151
v 0.22625887393951416 0.29576970636844635 0.3555775284767151
v 0.23917947709560394 0.2357684075832367 0.3555775284767151
v 0.2521001696586609 0.22709575295448303 0.3555775284767151
v 0.26502078771591187 0.22709575295448303 0.3555775284767151
v 0.2779414653778076 0.22709575295448303 0.3555775284767151
v 0.2908620834350586 0.22709575295448303 0.3555775284767151
v 0.30378276109695435 0.22709575295448303 0.3555775284767151
v 0.31670334935188293 0.22709575295448303 0.3555775284767151
v 0.3296240270137787 0.22709575295448303 0.3555775284767151
v 0.34254464507102966 0.22709575295448303 0.3555775284767151
v 0.3554653227329254 0.22709575295448303 0.3555775284767151
v 0.3683859407901764 0.22709575295448303 0.3555775284767151
v 0.38130661845207214 0.22709575295448303 0.3555775284767151
v 0.3942272365093231 0.22709575295448303 0.3555775284767151
v -0.381011426448822 0.22709575295448303 0.3427570164203644
v -0.36809077858924866 0.22709575295448303 0.3427570164203644
v -0.3551701307296753 0.22709575295448303 0.3427570164203644
v -0.3422495126724243 0.22709575295448303 0.3427570164203644
v -0.32932886481285095 0.22709575295448303 0.3427570164203644
v -0.3164082169532776 0.22709575295448303 0.3427570164203644
v -0.3034875690937042 0.22709575295448303 0.3427570164203644
v -0.29056692123413086 0.22709575295448303 0.3427570164203644
v -0.2776462733745575 0.22709575295448303 0.3427570164203644
v -0.26472562551498413 0.22709575295448303 0.3427570164203644
v -0.25180497765541077 0.25148674845695496 0.3427570164203644
v -0.2388843297958374 0.4482276812195778 0.3427570164203644
v -0.22596369683742523 0.4740408603101969 0.3427570164203644
v -0.21304304897785187 0.487972529605031 0.3427570164203644
v -0.2001224160194397 0.49797870498150587 0.3427570164203644
v -0.18720176815986633 0.5098772952333093 0.3427570164203644
v -0.17428112030029297 0.5200503170490265 0.3427570164203644
v -0.1613604724407196 0.5286072567105293 0.3427570164203644
v -0.14843982458114624 0.5331154130399227 0.3427570164203644
v -0.13551919162273407 0.5356495007872581 0.3427570164203644
v -0.1225985437631607 0.5409663505852222 0.3427570164203644
v -0.10967789590358734 0.5457775145769119 0.3427570164203644
v -0.09675723314285278 0.5471146069467068 0.3427570164203644
v -0.0838366225361824 0.5485636703670025 0.3427570164203644
v -0.07091597467660904 0.5506634153425694 0.3427570164203644
v -0.057995326817035675 0.552594467997551 0.3427570164203644
v -0.04507468268275261 0.5533229596912861 0.3427570164203644
v -0.032154034823179245 0.5545519962906837 0.3427570164203644
v -0.01923338696360588 0.5548606142401695 0.3427570164203644
v -0.006312740966677666 0.5546082034707069 0.3427570164203644
v 0.006607905961573124 0.5537062920629978 0.3427570164203644
v 0.019528552889823914 0.5519505031406879 0.3427570164203644
v 0.03244920074939728 0.5486879460513592 0.3427570164203644
v 0.045369844883680344 0.5437209121882915 0.3427570164203644
v 0.05829049274325371 0.5370718166232109 0.3427570164203644
v 0.07121113687753677 0.5314603000879288 0.3427570164203644
v 0.08413178473711014 0.5256412103772163 0.3427570164203644
v 0.0970524325966835 0.5203724950551987 0.3427570164203644
v 0.10997305065393448 0.5145253026857972 0.3427570164203644
v 0.12289369106292725 0.5070038018748164 0.3427570164203644
v 0.1358143389225006 0.4939320618286729 0.3427570164203644
v 0.14873498678207397 0.47298947535455227 0.3427570164203644
v 0.16165563464164734 0.46285228431224823 0.3427570164203644
v 0.1745762825012207 0.45931634679436684 0.3427570164203644
v 0.18749696016311646 0.452437873929739 0.3427570164203644
v 0.20041757822036743 0.4427126571536064 0.3427570164203644
v 0.21333818137645721 0.4283932149410248 0.3427570164203644
v 0.22625887393951416 0.38367849588394165 0.3427570164203644
v 0.23917947709560394 0.2642495483160019 0.3427570164203644
v 0.2521001696586609 0.22709575295448303 0.3427570164203644
v 0.26502078771591187 0.22709575295448303 0.3427570164203644
v 0.2779414653778076 0.22709575295448303 0.3427570164203644
v 0.2908620834350586 0.22709575295448303 0.3427570164203644
v 0.30378276109695435 0.22709575295448303 0.3427570164203644
v 0.31670334935188293 0.22709575295448303 0.3427570164203644
v 0.3296240270137787 0.22709575295448303 0.3427570164203644
v 0.34254464507102966 0.22709575295448303 0.3427570164203644
v 0.3554653227329254 0.22709575295448303 0.3427570164203644
v 0.3683859407901764 0.22709575295448303 0.3427570164203644
v 0.38130661845207214 0.22709575295448303 0.3427570164203644
v 0.3942272365093231 0.22709575295448303 0.3427570164203644
v -0.381011426448822 0.22709575295448303 0.32993653416633606
v -0.36809077858924866 0.22709575295448303 0.32993653416633606
v -0.3551701307296753 0.22709575295448303 0.32993653416633606
v -0.3422495126724243 0.22709575295448303 0.32993653416633606
v -0.32932886481285095 0.22709575295448303 0.32993653416633606
v -0.3164082169532776 0.22709575295448303 0.32993653416633606
v -0.3034875690937042 0.22709575295448303 0.32993653416633606
v -0.29056692123413086 0.22709575295448303 0.32993653416633606
v -0.2776462733745575 0.22709575295448303 0.32993653416633606
v -0.26472562551498413 0.22742566466331482 0.32993653416633606
v -0.25180497765541077 0.4123741462826729 0.32993653416633606
v -0.2388843297958374 0.4568668119609356 0.32993653416633606
v -0.22596369683742523 0.4736438225954771 0.32993653416633606
v -0.21304304897785187 0.48507819324731827 0.32993653416633606
v -0.2001224160194397 0.49519574735313654 0.32993653416633606
v -0.18720176815986633 0.5070669231936336 0.32993653416633606
v -0.17428112030029297 0.5176307093352079 0.32993653416633606
v -0.1613604724407196 0.5240077283233404 0.32993653416633606
v -0.14843982458114624 0.5271728858351707 0.32993653416633606
v -0.13551919162273407 0.5307969711720943 0.32993653416633606
v -0.1225985437631607 0.5366387255489826 0.32993653416633606
v -0.10967789590358734 0.538798488676548 0.32993653416633606
v -0.09675723314285278 0.5403269156813622 0.32993653416633606
v -0.0838366225361824 0.5418187007308006 0.32993653416633606
v -0.07091597467660904 0.543081920593977 0.32993653416633606
v -0.057995326817035675 0.5434413552284241 0.32993653416633606
v -0.04507468268275261 0.5422413311898708 0.32993653416633606
v -0.032154034823179245 0.5425340533256531 0.32993653416633606
v -0.01923338696360588 0.5457523390650749 0.32993653416633606
v -0.006312740966677666 0.5501406267285347 0.32993653416633606
v 0.006607905961573124 0.5511711686849594 0.32993653416633606
v 0.019528552889823914 0.5496021136641502 0.32993653416633606
v 0.03244920074939728 0.5449565909802914 0.32993653416633606
v 0.045369844883680344 0.53285276517272 0.32993653416633606
v 0.05829049274325371 0.5230391770601273 0.32993653416633606
v 0.07121113687753677 0.5101734371855855 0.32993653416633606
v 0.08413178473711014 0.5085962601006031 0.32993653416633606
v 0.0970524325966835 0.5070464736782014 0.32993653416633606
v 0.10997305065393448 0.5048734690062702 0.32993653416633606
v 0.12289369106292725 0.4998967130231904 0.32993653416633606
v 0.1358143389225006 0.4893881492316723 0.32993653416633606
v 0.14873498678207397 0.4710751585662365 0.32993653416633606
v 0.16165563464164734 0.4571412019431591 0.32993653416633606
v 0.1745762825012207 0.45192084088921547 0.32993653416633606
v 0.18749696016311646 0.44678326696157455 0.32993653416633606
v 0.20041757822036743 0.4399711415171623 0.32993653416633606
v 0.21333818137645721 0.4265991821885109 0.32993653416633606
v 0.22625887393951416 0.40874599665403366 0.32993653416633606
v 0.23917947709560394 0.2794768065214157 0.32993653416633606
v 0.2521001696586609 0.22989654541015625 0.32993653416633606
v 0.26502078771591187 0.22709575295448303 0.32993653416633606
v 0.2779414653778076 0.22709575295448303 0.32993653416633606
v 0.2908620834350586 0.22709575295448303 0.32993653416633606
v 0.30378276109695435 0.22709575295448303 0.32993653416633606
v 0.31670334935188293 0.22709575295448303 0.32993653416633606
v 0.3296240270137787 0.22709575295448303 0.32993653416633606
v 0.34254464507102966 0.22709575295448303 0.32993653416633606
v 0.3554653227329254 0.22709575295448303 0.32993653416633606
v 0.3683859407901764 0.22709575295448303 0.32993653416633606
v 0.38130661845207214 0.22709575295448303 0.32993653416633606
v 0.3942272365093231 0.22709575295448303 0.32993653416633606
v -0.381011426448822 0.22709575295448303 0.31711599230766296
v -0.36809077858924866 0.22709575295448303 0.31711599230766296
v -0.3551701307296753 0.22709575295448303 0.31711599230766296
v -0.3422495126724243 0.22709575295448303 0.31711599230766296
v -0.32932886481285095 0.22709575295448303 0.31711599230766296
v -0.3164082169532776 0.22709575295448303 0.31711599230766296
v -0.3034875690937042 0.22709575295448303 0.31711599230766296
v -0.29056692123413086 0.22709575295448303 0.31711599230766296
v -0.2776462733745575 0.22709575295448303 0.31711599230766296
v -0.26472562551498413 0.2299802303314209 0.31711599230766296
v -0.25180497765541077 0.43349772691726685 0.31711599230766296
v -0.2388843297958374 0.45805349573493004 0.31711599230766296
v -0.22596369683742523 0.47211625799536705 0.31711599230766296
v -0.21304304897785187 0.4827090557664633 0.31711599230766296
v -0.2001224160194397 0.49189226515591145 0.31711599230766296
v -0.18720176815986633 0.5046373726800084 0.31711599230766296
v -0.17428112030029297 0.5132660958915949 0.31711599230766296
v -0.1613604724407196 0.5181994177401066 0.31711599230766296
v -0.14843982458114624 0.521094074472785 0.31711599230766296
v -0.13551919162273407 0.5267565045505762 0.31711599230766296
v -0.1225985437631607 0.5336786098778248 0.31711599230766296
v -0.10967789590358734 0.5339560247957706 0.31711599230766296
v -0.09675723314285278 0.5337700545787811 0.31711599230766296
v -0.0838366225361824 0.5319279655814171 0.31711599230766296
v -0.07091597467660904 0.529665632173419 0.31711599230766296
v -0.057995326817035675 0.5296925529837608 0.31711599230766296
v -0.04507468268275261 0.528573764488101 0.31711599230766296
v -0.032154034823179245 0.5295488145202398 0.31711599230766296
v -0.01923338696360588 0.5353165194392204 0.31711599230766296
v -0.006312740966677666 0.5458252802491188 0.31711599230766296
v 0.006607905961573124 0.5496091023087502 0.31711599230766296
v 0.019528552889823914 0.5487179942429066 0.31711599230766296
v 0.03244920074939728 0.5400257296860218 0.31711599230766296
v 0.045369844883680344 0.5095025282353163 0.31711599230766296
v 0.05829049274325371 0.5018443008884788 0.31711599230766296
v 0.07121113687753677 0.49891649617347866 0.31711599230766296
v 0.08413178473711014 0.4970930842682719 0.31711599230766296
v 0.0970524325966835 0.4990390479215421 0.31711599230766296
v 0.10997305065393448 0.4972702427767217 0.31711599230766296
v 0.12289369106292725 0.4943794496357441 0.31711599230766296
v 0.1358143389225006 0.48598293494433165 0.31711599230766296
v 0.14873498678207397 0.4702606815844774 0.31711599230766296
v 0.16165563464164734 0.45197055116295815 0.31711599230766296
v 0.1745762825012207 0.4450538121163845 0.31711599230766296
v 0.18749696016311646 0.44119707494974136 0.31711599230766296
v 0.20041757822036743 0.43480487167835236 0.31711599230766296
v 0.21333818137645721 0.4260837137699127 0.31711599230766296
v 0.22625887393951416 0.40919029712677 0.31711599230766296
v 0.23917947709560394 0.3044939786195755 0.31711599230766296
v 0.2521001696586609 0.24222296476364136 0.31711599230766296
v 0.26502078771591187 0.22709575295448303 0.31711599230766296
v 0.2779414653778076 0.22709575295448303 0.31711599230766296
v 0.2908620834350586 0.22709575295448303 0.31711599230766296
v 0.30378276109695435 0.22709575295448303 0.31711599230766296
v 0.31670334935188293 0.22709575295448303 0.31711599230766296
v 0.3296240270137787 0.22709575295448303 0.31711599230766296
v 0.34254464507102966 0.22709575295448303 0.31711599230766296
v 0.3554653227329254 0.22709575295448303 0.31711599230766296
v 0.3683859407901764 0.22709575295448303 0.31711599230766296
v 0.38130661845207214 0.22709575295448303 0.31711599230766296
v 0.3942272365093231 0.22709575295448303 0.31711599230766296
v -0.381011426448822 0.22709575295448303 0.30429548025131226
v -0.36809077858924866 0.22709575295448303 0.30429548025131226
v -0.3551701307296753 0.22709575295448303 0.30429548025131226
v -0.3422495126724243 0.22709575295448303 0.30429548025131226
v -0.32932886481285095 0.22709575295448303 0.30429548025131226
v -0.3164082169532776 0.22709575295448303 0.30429548025131226
v -0.3034875690937042 0.22709575295448303 0.30429548025131226
v -0.29056692123413086 0.22709575295448303 0.30429548025131226
v -0.2776462733745575 0.22709575295448303 0.30429548025131226
v -0.26472562551498413 0.25152480602264404 0.30429548025131226
v -0.25180497765541077 0.43709683418273926 0.30429548025131226
v -0.2388843297958374 0.45745668560266495 0.30429548025131226
v -0.22596369683742523 0.46974116563796997 0.30429548025131226
v -0.21304304897785187 0.4797377921640873 0.30429548025131226
v -0.2001224160194397 0.48837264347821474 0.30429548025131226
v -0.18720176815986633 0.4991365724708885 0.30429548025131226
v -0.17428112030029297 0.5057717636227608 0.30429548025131226
v -0.1613604724407196 0.5104492278769612 0.30429548025131226
v -0.14843982458114624 0.5173287093639374 0.30429548025131226
v -0.13551919162273407 0.5240427479147911 0.30429548025131226
v -0.1225985437631607 0.5290792528539896 0.30429548025131226
v -0.10967789590358734 0.5310523603111506 0.30429548025131226
v -0.09675723314285278 0.5323913507163525 0.30429548025131226
v -0.0838366225361824 0.5323574393987656 0.30429548025131226
v -0.07091597467660904 0.5315144658088684 0.30429548025131226
v -0.057995326817035675 0.5306722298264503 0.30429548025131226
v -0.04507468268275261 0.52993593364954 0.30429548025131226
v -0.032154034823179245 0.5295544732362032 0.30429548025131226
v -0.01923338696360588 0.5304059870541096 0.30429548025131226
v -0.006312740966677666 0.5412167459726334 0.30429548025131226
v 0.006607905961573124 0.549861490726471 0.30429548025131226
v 0.019528552889823914 0.55001650005579 0.30429548025131226
v 0.03244920074939728 0.5353171341121197 0.30429548025131226
v 0.045369844883680344 0.507325881626457 0.30429548025131226
v 0.05829049274325371 0.5038820062763989 0.30429548025131226
v 0.07121113687753677 0.502483784686774 0.30429548025131226
v 0.08413178473711014 0.5013430693652481 0.30429548025131226
v 0.0970524325966835 0.4999915798634902 0.30429548025131226
v 0.10997305065393448 0.4979854477569461 0.30429548025131226
v 0.12289369106292725 0.4933205833658576 0.30429548025131226
v 0.1358143389225006 0.48407489247620106 0.30429548025131226
v 0.14873498678207397 0.4693622402846813 0.30429548025131226
v 0.16165563464164734 0.4481908902525902 0.30429548025131226
v 0.1745762825012207 0.43879643827676773 0.30429548025131226
v 0.18749696016311646 0.4355335831642151 0.30429548025131226
v 0.20041757822036743 0.42940790951251984 0.30429548025131226
v 0.21333818137645721 0.4219823181629181 0.30429548025131226
v 0.22625887393951416 0.4109731540083885 0.30429548025131226
v 0.23917947709560394 0.3843958079814911 0.30429548025131226
v 0.2521001696586609 0.2579830288887024 0.30429548025131226
v 0.26502078771591187 0.22741544246673584 0.30429548025131226
v 0.2779414653778076 0.22709575295448303 0.30429548025131226
v 0.2908620834350586 0.22709575295448303 0.30429548025131226
v 0.30378276109695435 0.22709575295448303 0.30429548025131226
v 0.31670334935188293 0.22709575295448303 0.30429548025131226
v 0.3296240270137787 0.22709575295448303 0.30429548025131226
v 0.34254464507102966 0.22709575295448303 0.30429548025131226
v 0.3554653227329254 0.22709575295448303 0.30429548025131226
v 0.3683859407901764 0.22709575295448303 0.30429548025131226
v 0.38130661845207214 0.22709575295448303 0.30429548025131226
v 0.3942272365093231 0.22709575295448303 0.30429548025131226
v -0.381011426448822 0.22709575295448303 0.29147496819496155
v -0.36809077858924866 0.22709575295448303 0.29147496819496155
v -0.3551701307296753 0.22709575295448303 0.29147496819496155
v -0.3422495126724243 0.22709575295448303 0.29147496819496155
v -0.32932886481285095 0.22709575295448303 0.29147496819496155
v -0.3164082169532776 0.22709575295448303 0.29147496819496155
v -0.3034875690937042 0.22709575295448303 0.29147496819496155
v -0.29056692123413086 0.22709575295448303 0.29147496819496155
v -0.2776462733745575 0.22709575295448303 0.29147496819496155
v -0.26472562551498413 0.2731424421072006 0.29147496819496155
v -0.25180497765541077 0.43510984629392624 0.29147496819496155
v -0.2388843297958374 0.455684557557106 0.29147496819496155
v -0.22596369683742523 0.46728523448109627 0.29147496819496155
v -0.21304304897785187 0.4759178701788187 0.29147496819496155
v -0.2001224160194397 0.48368011973798275 0.29147496819496155
v -0.18720176815986633 0.4917677203193307 0.29147496819496155
v -0.17428112030029297 0.49759886832907796 0.29147496819496155
v -0.1613604724407196 0.5044232760556042 0.29147496819496155
v -0.14843982458114624 0.5147925047203898 0.29147496819496155
v -0.13551919162273407 0.5227679386734962 0.29147496819496155
v -0.1225985437631607 0.5265781413763762 0.29147496819496155
v -0.10967789590358734 0.5304226223379374 0.29147496819496155
v -0.09675723314285278 0.5326368696987629 0.29147496819496155
v -0.0838366225361824 0.5332639999687672 0.29147496819496155
v -0.07091597467660904 0.5329440124332905 0.29147496819496155
v -0.057995326817035675 0.5324240550398827 0.29147496819496155
v -0.04507468268275261 0.5317953489720821 0.29147496819496155
v -0.032154034823179245 0.5311643071472645 0.29147496819496155
v -0.01923338696360588 0.5319721885025501 0.29147496819496155
v -0.006312740966677666 0.5398950092494488 0.29147496819496155
v 0.006607905961573124 0.5517522059381008 0.29147496819496155
v 0.019528552889823914 0.5525594241917133 0.29147496819496155
v 0.03244920074939728 0.5370670408010483 0.29147496819496155
v 0.045369844883680344 0.5156615152955055 0.29147496819496155
v 0.05829049274325371 0.5070675141178071 0.29147496819496155
v 0.07121113687753677 0.5049435305409133 0.29147496819496155
v 0.08413178473711014 0.5036177078727633 0.29147496819496155
v 0.0970524325966835 0.5020791178103536 0.29147496819496155
v 0.10997305065393448 0.4998170544131426 0.29147496819496155
v 0.12289369106292725 0.4944355576299131 0.29147496819496155
v 0.1358143389225006 0.4838851597160101 0.29147496819496155
v 0.14873498678207397 0.4689933303743601 0.29147496819496155
v 0.16165563464164734 0.44505804404616356 0.29147496819496155
v 0.1745762825012207 0.4334816187620163 0.29147496819496155
v 0.18749696016311646 0.4303075671195984 0.29147496819496155
v 0.20041757822036743 0.424856498837471 0.29147496819496155
v 0.21333818137645721 0.41864776611328125 0.29147496819496155
v 0.22625887393951416 0.40787850320339203 0.29147496819496155
v 0.23917947709560394 0.38374482840299606 0.29147496819496155
v 0.2521001696586609 0.27584652602672577 0.29147496819496155
v 0.26502078771591187 0.23179155588150024 0.29147496819496155
v 0.2779414653778076 0.22709575295448303 0.29147496819496155
v 0.2908620834350586 0.22709575295448303 0.29147496819496155
v 0.30378276109695435 0.22709575295448303 0.29147496819496155
v 0.31670334935188293 0.22709575295448303 0.29147496819496155
v 0.3296240270137787 0.22709575295448303 0.29147496819496155
v 0.34254464507102966 0.22709575295448303 0.29147496819496155
v 0.3554653227329254 0.22709575295448303 0.29147496819496155
v 0.3683859407901764 0.22709575295448303 0.29147496819496155
v 0.38130661845207214 0.22709575295448303 0.29147496819496155
v 0.3942272365093231 0.22709575295448303 0.29147496819496155
v -0.381011426448822 0.22709575295448303 0.27865445613861084
v -0.36809077858924866 0.22709575295448303 0.27865445613861084
v -0.3551701307296753 0.22709575295448303 0.27865445613861084
v -0.3422495126724243 0.22709575295448303 0.27865445613861084
v -0.32932886481285095 0.22709575295448303 0.27865445613861084
v -0.3164082169532776 0.22709575295448303 0.27865445613861084
v -0.3034875690937042 0.22709575295448303 0.27865445613861084
v -0.29056692123413086 0.22709575295448303 0.27865445613861084
v -0.2776462733745575 0.22709575295448303 0.27865445613861084
v -0.26472562551498413 0.25370243191719055 0.27865445613861084
v -0.25180497765541077 0.4169018045067787 0.27865445613861084
v -0.2388843297958374 0.45164792984724045 0.27865445613861084
v -0.22596369683742523 0.46380186080932617 0.27865445613861084
v -0.21304304897785187 0.4708278402686119 0.27865445613861084
v -0.2001224160194397 0.47722058556973934 0.27865445613861084
v -0.18720176815986633 0.4843840776011348 0.27865445613861084
v -0.17428112030029297 0.48896271269768476 0.27865445613861084
v -0.1613604724407196 0.5009801391279325 0.27865445613861084
v -0.14843982458114624 0.5126983225345612 0.27865445613861084
v -0.13551919162273407 0.5187404900789261 0.27865445613861084
v -0.1225985437631607 0.5256603062152863 0.27865445613861084
v -0.10967789590358734 0.5303418803960085 0.27865445613861084
v -0.09675723314285278 0.5330909043550491 0.27865445613861084
v -0.0838366225361824 0.5342812538146973 0.27865445613861084
v -0.07091597467660904 0.5345015525817871 0.27865445613861084
v -0.057995326817035675 0.5345925316214561 0.27865445613861084
v -0.04507468268275261 0.5345476940274239 0.27865445613861084
v -0.032154034823179245 0.5341795720160007 0.27865445613861084
v -0.01923338696360588 0.534735556691885 0.27865445613861084
v -0.006312740966677666 0.5417017601430416 0.27865445613861084
v 0.006607905961573124 0.5542623773217201 0.27865445613861084
v 0.019528552889823914 0.5558474771678448 0.27865445613861084
v 0.03244920074939728 0.5461602322757244 0.27865445613861084
v 0.045369844883680344 0.5177254043519497 0.27865445613861084
v 0.05829049274325371 0.5121487099677324 0.27865445613861084
v 0.07121113687753677 0.5084186838939786 0.27865445613861084
v 0.08413178473711014 0.5062559409998357 0.27865445613861084
v 0.0970524325966835 0.5040141800418496 0.27865445613861084
v 0.10997305065393448 0.5009552842238918 0.27865445613861084
v 0.12289369106292725 0.49524582643061876 0.27865445613861084
v 0.1358143389225006 0.48389470763504505 0.27865445613861084
v 0.14873498678207397 0.4682777300477028 0.27865445613861084
v 0.16165563464164734 0.4424058832228184 0.27865445613861084
v 0.1745762825012207 0.42853695154190063 0.27865445613861084
v 0.18749696016311646 0.42481596022844315 0.27865445613861084
v 0.20041757822036743 0.419750340282917 0.27865445613861084
v 0.21333818137645721 0.41487204283475876 0.27865445613861084
v 0.22625887393951416 0.4058268666267395 0.27865445613861084
v 0.23917947709560394 0.38994796574115753 0.27865445613861084
v 0.2521001696586609 0.33373820781707764 0.27865445613861084
v 0.26502078771591187 0.24742141366004944 0.27865445613861084
v 0.2779414653778076 0.22836974263191223 0.27865445613861084
v 0.2908620834350586 0.22709575295448303 0.27865445613861084
v 0.30378276109695435 0.22709575295448303 0.27865445613861084
v 0.31670334935188293 0.22709575295448303 0.27865445613861084
v 0.3296240270137787 0.22709575295448303 0.27865445613861084
v 0.34254464507102966 0.22709575295448303 0.27865445613861084
v 0.3554653227329254 0.22709575295448303 0.27865445613861084
v 0.3683859407901764 0.22709575295448303 0.27865445613861084
v 0.38130661845207214 0.22709575295448303 0.27865445613861084
v 0.3942272365093231 0.22709575295448303 0.27865445613861084
v -0.381011426448822 0.22709575295448303 0.26583394408226013
v -0.36809077858924866 0.22709575295448303 0.26583394408226013
v -0.3551701307296753 0.22709575295448303 0.26583394408226013
v -0.3422495126724243 0.22709575295448303 0.26583394408226013
v -0.32932886481285095 0.22709575295448303 0.26583394408226013
v -0.3164082169532776 0.22709575295448303 0.26583394408226013
v -0.3034875690937042 0.22709575295448303 0.26583394408226013
v -0.29056692123413086 0.22709575295448303 0.26583394408226013
v -0.2776462733745575 0.22709575295448303 0.26583394408226013
v -0.26472562551498413 0.22766771912574768 0.26583394408226013
v -0.25180497765541077 0.33070404827594757 0.26583394408226013
v -0.2388843297958374 0.4465227834880352 0.26583394408226013
v -0.22596369683742523 0.4574966989457607 0.26583394408226013
v -0.21304304897785187 0.46440214291214943 0.26583394408226013
v -0.2001224160194397 0.4677624739706516 0.26583394408226013
v -0.18720176815986633 0.4716003090143204 0.26583394408226013
v -0.17428112030029297 0.48021938651800156 0.26583394408226013
v -0.1613604724407196 0.4945621700026095 0.26583394408226013
v -0.14843982458114624 0.506881594657898 0.26583394408226013
v -0.13551919162273407 0.5164446644484997 0.26583394408226013
v -0.1225985437631607 0.5245882757008076 0.26583394408226013
v -0.10967789590358734 0.5299344342201948 0.26583394408226013
v -0.09675723314285278 0.53305883705616 0.26583394408226013
v -0.0838366225361824 0.5349016897380352 0.26583394408226013
v -0.07091597467660904 0.5358373895287514 0.26583394408226013
v -0.057995326817035675 0.536109808832407 0.26583394408226013
v -0.04507468268275261 0.5359524376690388 0.26583394408226013
v -0.032154034823179245 0.5358223803341389 0.26583394408226013
v -0.01923338696360588 0.5376027747988701 0.26583394408226013
v -0.006312740966677666 0.5442944429814816 0.26583394408226013
v 0.006607905961573124 0.5573460273444653 0.26583394408226013
v 0.019528552889823914 0.5589289888739586 0.26583394408226013
v 0.03244920074939728 0.5526812113821507 0.26583394408226013
v 0.045369844883680344 0.5192676596343517 0.26583394408226013
v 0.05829049274325371 0.5146876471117139 0.26583394408226013
v 0.07121113687753677 0.5107884593307972 0.26583394408226013
v 0.08413178473711014 0.507952175103128 0.26583394408226013
v 0.0970524325966835 0.5051603089086711 0.26583394408226013
v 0.10997305065393448 0.5013708280166611 0.26583394408226013
v 0.12289369106292725 0.49520906060934067 0.26583394408226013
v 0.1358143389225006 0.4839092269539833 0.26583394408226013
v 0.14873498678207397 0.4671764150261879 0.26583394408226013
v 0.16165563464164734 0.4408401995897293 0.26583394408226013
v 0.1745762825012207 0.42361029237508774 0.26583394408226013
v 0.18749696016311646 0.4198145717382431 0.26583394408226013
v 0.20041757822036743 0.4125339910387993 0.26583394408226013
v 0.21333818137645721 0.4055078849196434 0.26583394408226013
v 0.22625887393951416 0.3977961763739586 0.26583394408226013
v 0.23917947709560394 0.3861359804868698 0.26583394408226013
v 0.2521001696586609 0.3617221266031265 0.26583394408226013
v 0.26502078771591187 0.25559642910957336 0.26583394408226013
v 0.2779414653778076 0.23127031326293945 0.26583394408226013
v 0.2908620834350586 0.22709575295448303 0.26583394408226013
v 0.30378276109695435 0.22709575295448303 0.26583394408226013
v 0.31670334935188293 0.22709575295448303 0.26583394408226013
v 0.3296240270137787 0.22709575295448303 0.26583394408226013
v 0.34254464507102966 0.22709575295448303 0.26583394408226013
v 0.3554653227329254 0.22709575295448303 0.26583394408226013
v 0.3683859407901764 0.22709575295448303 0.26583394408226013
v 0.38130661845207214 0.22709575295448303 0.26583394408226013
v 0.3942272365093231 0.22709575295448303 0.26583394408226013
v -0.381011426448822 0.22709575295448303 0.2530134320259094
v -0.36809077858924866 0.22709575295448303 0.2530134320259094
v -0.3551701307296753 0.22709575295448303 0.2530134320259094
v -0.3422495126724243 0.22709575295448303 0.2530134320259094
v -0.32932886481285095 0.22709575295448303 0.2530134320259094
v -0.3164082169532776 0.22709575295448303 0.2530134320259094
v -0.3034875690937042 0.22709575295448303 0.2530134320259094
v -0.29056692123413086 0.22709575295448303 0.2530134320259094
v -0.2776462733745575 0.22709575295448303 0.2530134320259094
v -0.26472562551498413 0.22709575295448303 0.2530134320259094
v -0.25180497765541077 0.256466343998909 0.2530134320259094
v -0.2388843297958374 0.4331835210323334 0.2530134320259094
v -0.22596369683742523 0.44970300048589706 0.2530134320259094
v -0.21304304897785187 0.45767176523804665 0.2530134320259094
v -0.2001224160194397 0.45997214689850807 0.2530134320259094
v -0.18720176815986633 0.463616780936718 0.2530134320259094
v -0.17428112030029297 0.47376903146505356 0.2530134320259094
v -0.1613604724407196 0.4908503293991089 0.2530134320259094
v -0.14843982458114624 0.5038902992382646 0.2530134320259094
v -0.13551919162273407 0.5145306428894401 0.2530134320259094
v -0.1225985437631607 0.5233056154102087 0.2530134320259094
v -0.10967789590358734 0.5289086904376745 0.2530134320259094
v -0.09675723314285278 0.5323410965502262 0.2530134320259094
v -0.0838366225361824 0.5345398932695389 0.2530134320259094
v -0.07091597467660904 0.5359008796513081 0.2530134320259094
v -0.057995326817035675 0.536449559032917 0.2530134320259094
v -0.04507468268275261 0.5363835319876671 0.2530134320259094
v -0.032154034823179245 0.5364846736192703 0.2530134320259094
v -0.01923338696360588 0.5378318838775158 0.2530134320259094
v -0.006312740966677666 0.5497050024569035 0.2530134320259094
v 0.006607905961573124 0.5607881806790829 0.2530134320259094
v 0.019528552889823914 0.5619516111910343 0.2530134320259094
v 0.03244920074939728 0.5564037337899208 0.2530134320259094
v 0.045369844883680344 0.5217510554939508 0.2530134320259094
v 0.05829049274325371 0.5163892693817616 0.2530134320259094
v 0.07121113687753677 0.5123294861987233 0.2530134320259094
v 0.08413178473711014 0.5088179362937808 0.2530134320259094
v 0.0970524325966835 0.5053598126396537 0.2530134320259094
v 0.10997305065393448 0.5009962578769773 0.2530134320259094
v 0.12289369106292725 0.4944493630900979 0.2530134320259094
v 0.1358143389225006 0.4830890651792288 0.2530134320259094
v 0.14873498678207397 0.4651633910834789 0.2530134320259094
v 0.16165563464164734 0.4382989965379238 0.2530134320259094
v 0.1745762825012207 0.4182860106229782 0.2530134320259094
v 0.18749696016311646 0.41478296369314194 0.2530134320259094
v 0.20041757822036743 0.40884309262037277 0.2530134320259094
v 0.21333818137645721 0.4004940614104271 0.2530134320259094
v 0.22625887393951416 0.38991113752126694 0.2530134320259094
v 0.23917947709560394 0.37804193049669266 0.2530134320259094
v 0.2521001696586609 0.35891152918338776 0.2530134320259094
v 0.26502078771591187 0.24865397810935974 0.2530134320259094
v 0.2779414653778076 0.22809183597564697 0.2530134320259094
v 0.2908620834350586 0.22709575295448303 0.2530134320259094
v 0.30378276109695435 0.22709575295448303 0.2530134320259094
v 0.31670334935188293 0.22709575295448303 0.2530134320259094
v 0.3296240270137787 0.22709575295448303 0.2530134320259094
v 0.34254464507102966 0.22709575295448303 0.2530134320259094
v 0.3554653227329254 0.22709575295448303 0.2530134320259094
v 0.3683859407901764 0.22709575295448303 0.2530134320259094
v 0.38130661845207214 0.22709575295448303 0.2530134320259094
v 0.3942272365093231 0.22709575295448303 0.2530134320259094
v -0.381011426448822 0.22709575295448303 0.2401929348707199
v -0.36809077858924866 0.22709575295448303 0.2401929348707199
v -0.3551701307296753 0.22709575295448303 0.2401929348707199
v -0.3422495126724243 0.22709575295448303 0.2401929348707199
v -0.32932886481285095 0.22709575295448303 0.2401929348707199
v -0.3164082169532776 0.22709575295448303 0.2401929348707199
v -0.3034875690937042 0.22709575295448303 0.2401929348707199
v -0.29056692123413086 0.22709575295448303 0.2401929348707199
v -0.2776462733745575 0.22709575295448303 0.2401929348707199
v -0.26472562551498413 0.22709575295448303 0.2401929348707199
v -0.25180497765541077 0.2276279628276825 0.2401929348707199
v -0.2388843297958374 0.38924968987703323 0.2401929348707199
v -0.22596369683742523 0.43992967531085014 0.2401929348707199
v -0.21304304897785187 0.44934024289250374 0.2401929348707199
v -0.2001224160194397 0.45220034942030907 0.2401929348707199
v -0.18720176815986633 0.45476802811026573 0.2401929348707199
v -0.17428112030029297 0.46691644564270973 0.2401929348707199
v -0.1613604724407196 0.4875497752800584 0.2401929348707199
v -0.14843982458114624 0.5010430144611746 0.2401929348707199
v -0.13551919162273407 0.5123360566794872 0.2401929348707199
v -0.1225985437631607 0.5214908178895712 0.2401929348707199
v -0.10967789590358734 0.5272914748638868 0.2401929348707199
v -0.09675723314285278 0.530921146273613 0.2401929348707199
v -0.0838366225361824 0.5333897992968559 0.2401929348707199
v -0.07091597467660904 0.5350605137646198 0.2401929348707199
v -0.057995326817035675 0.5359049178659916 0.2401929348707199
v -0.04507468268275261 0.5360734388232231 0.2401929348707199
v -0.032154034823179245 0.5362844578921795 0.2401929348707199
v -0.01923338696360588 0.5404506735503674 0.2401929348707199
v -0.006312740966677666 0.5541152656078339 0.2401929348707199
v 0.006607905961573124 0.5632480755448341 0.2401929348707199
v 0.019528552889823914 0.5639364793896675 0.2401929348707199
v 0.03244920074939728 0.558574054390192 0.2401929348707199
v 0.045369844883680344 0.5282303486019373 0.2401929348707199
v 0.05829049274325371 0.5169965904206038 0.2401929348707199
v 0.07121113687753677 0.5130240442231297 0.2401929348707199
v 0.08413178473711014 0.5091382199898362 0.2401929348707199
v 0.0970524325966835 0.5051403758116066 0.2401929348707199
v 0.10997305065393448 0.5002322290965822 0.2401929348707199
v 0.12289369106292725 0.49267977057024837 0.2401929348707199
v 0.1358143389225006 0.48069561645388603 0.2401929348707199
v 0.14873498678207397 0.46084610000252724 0.2401929348707199
v 0.16165563464164734 0.4342556521296501 0.2401929348707199
v 0.1745762825012207 0.41327686607837677 0.2401929348707199
v 0.18749696016311646 0.4092375338077545 0.2401929348707199
v 0.20041757822036743 0.4048435464501381 0.2401929348707199
v 0.21333818137645721 0.3982027471065521 0.2401929348707199
v 0.22625887393951416 0.39284471422433853 0.2401929348707199
v 0.23917947709560394 0.3838478550314903 0.2401929348707199
v 0.2521001696586609 0.3643578588962555 0.2401929348707199
v 0.26502078771591187 0.22891682386398315 0.2401929348707199
v 0.2779414653778076 0.22709575295448303 0.2401929348707199
v 0.2908620834350586 0.22709575295448303 0.2401929348707199
v 0.30378276109695435 0.22709575295448303 0.2401929348707199
v 0.31670334935188293 0.22709575295448303 0.2401929348707199
v 0.3296240270137787 0.22709575295448303 0.2401929348707199
v 0.34254464507102966 0.22709575295448303 0.2401929348707199
v 0.3554653227329254 0.22709575295448303 0.2401929348707199
v 0.3683859407901764 0.22709575295448303 0.2401929348707199
v 0.38130661845207214 0.22709575295448303 0.2401929348707199
v 0.3942272365093231 0.22709575295448303 0.2401929348707199
v -0.381011426448822 0.22709575295448303 0.227372407913208
v -0.36809077858924866 0.22709575295448303 0.227372407913208
v -0.3551701307296753 0.22709575295448303 0.227372407913208
v -0.3422495126724243 0.22709575295448303 0.227372407913208
v -0.32932886481285095 0.22709575295448303 0.227372407913208
v -0.3164082169532776 0.22709575295448303 0.227372407913208
v -0.3034875690937042 0.22709575295448303 0.227372407913208
v -0.29056692123413086 0.22709575295448303 0.227372407913208
v -0.2776462733745575 0.22709575295448303 0.227372407913208
v -0.26472562551498413 0.22709575295448303 0.227372407913208
v -0.25180497765541077 0.22709575295448303 0.227372407913208
v -0.2388843297958374 0.2911287397146225 0.227372407913208
v -0.22596369683742523 0.4279259443283081 0.227372407913208
v -0.21304304897785187 0.44137098640203476 0.227372407913208
v -0.2001224160194397 0.4454885497689247 0.227372407913208
v -0.18720176815986633 0.44727837294340134 0.227372407913208
v -0.17428112030029297 0.45290617644786835 0.227372407913208
v -0.1613604724407196 0.4843464996665716 0.227372407913208
v -0.14843982458114624 0.4984313587192446 0.227372407913208
v -0.13551919162273407 0.5102845951914787 0.227372407913208
v -0.1225985437631607 0.5195908229798079 0.227372407913208
v -0.10967789590358734 0.5254936311393976 0.227372407913208
v -0.09675723314285278 0.529339786618948 0.227372407913208
v -0.0838366225361824 0.5318754017353058 0.227372407913208
v -0.07091597467660904 0.5336644351482391 0.227372407913208
v -0.057995326817035675 0.5346474312245846 0.227372407913208
v -0.04507468268275261 0.5350667424499989 0.227372407913208
v -0.032154034823179245 0.5353869013488293 0.227372407913208
v -0.01923338696360588 0.5394272431731224 0.227372407913208
v -0.006312740966677666 0.5387045852839947 0.227372407913208
v 0.006607905961573124 0.5623891800642014 0.227372407913208
v 0.019528552889823914 0.5626693516969681 0.227372407913208
v 0.03244920074939728 0.5363446995615959 0.227372407913208
v 0.045369844883680344 0.5218182858079672 0.227372407913208
v 0.05829049274325371 0.51695566624403 0.227372407913208
v 0.07121113687753677 0.5129702491685748 0.227372407913208
v 0.08413178473711014 0.5087985200807452 0.227372407913208
v 0.0970524325966835 0.504306458402425 0.227372407913208
v 0.10997305065393448 0.4987459327094257 0.227372407913208
v 0.12289369106292725 0.4903148915618658 0.227372407913208
v 0.1358143389225006 0.4774822499603033 0.227372407913208
v 0.14873498678207397 0.4552442580461502 0.227372407913208
v 0.16165563464164734 0.4265460819005966 0.227372407913208
v 0.1745762825012207 0.4080530107021332 0.227372407913208
v 0.18749696016311646 0.4030044972896576 0.227372407913208
v 0.20041757822036743 0.3982400521636009 0.227372407913208
v 0.21333818137645721 0.39208484441041946 0.227372407913208
v 0.22625887393951416 0.38475503772497177 0.227372407913208
v 0.23917947709560394 0.36836598813533783 0.227372407913208
v 0.2521001696586609 0.22932767868041992 0.227372407913208
v 0.26502078771591187 0.22709575295448303 0.227372407913208
v 0.2779414653778076 0.22709575295448303 0.227372407913208
v 0.2908620834350586 0.22709575295448303 0.227372407913208
v 0.30378276109695435 0.22709575295448303 0.227372407913208
v 0.31670334935188293 0.22709575295448303 0.227372407913208
v 0.3296240270137787 0.22709575295448303 0.227372407913208
v 0.34254464507102966 0.22709575295448303 0.227372407913208
v 0.3554653227329254 0.22709575295448303 0.227372407913208
v 0.3683859407901764 0.22709575295448303 0.227372407913208
v 0.38130661845207214 0.22709575295448303 0.227372407913208
v 0.3942272365093231 0.22709575295448303 0.227372407913208
v -0.381011426448822 0.22709575295448303 0.2145518958568573
v -0.36809077858924866 0.22709575295448303 0.2145518958568573
v -0.3551701307296753 0.22709575295448303 0.2145518958568573
v -0.3422495126724243 0.22709575295448303 0.2145518958568573
v -0.32932886481285095 0.22709575295448303 0.2145518958568573
v -0.3164082169532776 0.22709575295448303 0.2145518958568573
v -0.3034875690937042 0.22709575295448303 0.2145518958568573
v -0.29056692123413086 0.22709575295448303 0.2145518958568573
v -0.2776462733745575 0.22709575295448303 0.2145518958568573
v -0.26472562551498413 0.22709575295448303 0.2145518958568573
v -0.25180497765541077 0.22709575295448303 0.2145518958568573
v -0.2388843297958374 0.22909677028656006 0.2145518958568573
v -0.22596369683742523 0.4061614200472832 0.2145518958568573
v -0.21304304897785187 0.43082456290721893 0.2145518958568573
v -0.2001224160194397 0.43766556680202484 0.2145518958568573
v -0.18720176815986633 0.4392910748720169 0.2145518958568573
v -0.17428112030029297 0.4438963644206524 0.2145518958568573
v -0.1613604724407196 0.48066219687461853 0.2145518958568573
v -0.14843982458114624 0.4956390745937824 0.2145518958568573
v -0.13551919162273407 0.5076154037378728 0.2145518958568573
v -0.1225985437631607 0.5171754714101553 0.2145518958568573
v -0.10967789590358734 0.5233941823244095 0.2145518958568573
v -0.09675723314285278 0.5273985471576452 0.2145518958568573
v -0.0838366225361824 0.5301192943006754 0.2145518958568573
v -0.07091597467660904 0.5319898091256618 0.2145518958568573
v -0.057995326817035675 0.5331351011991501 0.2145518958568573
v -0.04507468268275261 0.5338102914392948 0.2145518958568573
v -0.032154034823179245 0.5342627726495266 0.2145518958568573
v -0.01923338696360588 0.5347414389252663 0.2145518958568573
v -0.006312740966677666 0.536355871707201 0.2145518958568573
v 0.006607905961573124 0.5388546213507652 0.2145518958568573
v 0.019528552889823914 0.5389302968978882 0.2145518958568573
v 0.03244920074939728 0.5274316463619471 0.2145518958568573
v 0.045369844883680344 0.5207181256264448 0.2145518958568573
v 0.05829049274325371 0.5168253872543573 0.2145518958568573
v 0.07121113687753677 0.5124069787561893 0.2145518958568573
v 0.08413178473711014 0.5078689977526665 0.2145518958568573
v 0.0970524325966835 0.5029052100144327 0.2145518958568573
v 0.10997305065393448 0.4965066078584641 0.2145518958568573
v 0.12289369106292725 0.4873251961544156 0.2145518958568573
v 0.1358143389225006 0.47350207529962063 0.2145518958568573
v 0.14873498678207397 0.4517863802611828 0.2145518958568573
v 0.16165563464164734 0.40525396168231964 0.2145518958568573
v 0.1745762825012207 0.40156371891498566 0.2145518958568573
v 0.18749696016311646 0.3936888352036476 0.2145518958568573
v 0.20041757822036743 0.38773100078105927 0.2145518958568573
v 0.21333818137645721 0.3771580457687378 0.2145518958568573
v 0.22625887393951416 0.30970050394535065 0.2145518958568573
v 0.23917947709560394 0.22725796699523926 0.2145518958568573
v 0.2521001696586609 0.22709575295448303 0.2145518958568573
v 0.26502078771591187 0.22709575295448303 0.2145518958568573
v 0.2779414653778076 0.22709575295448303 0.2145518958568573
v 0.2908620834350586 0.22709575295448303 0.2145518958568573
v 0.30378276109695435 0.22709575295448303 0.2145518958568573
v 0.31670334935188293 0.22709575295448303 0.2145518958568573
v 0.3296240270137787 0.22709575295448303 0.2145518958568573
v 0.34254464507102966 0.22709575295448303 0.2145518958568573
v 0.3554653227329254 0.22709575295448303 0.2145518958568573
v 0.3683859407901764 0.22709575295448303 0.2145518958568573
v 0.38130661845207214 0.22709575295448303 0.2145518958568573
v 0.3942272365093231 0.22709575295448303 0.2145518958568573
v -0.381011426448822 0.22709575295448303 0.2017313688993454
v -0.36809077858924866 0.22709575295448303 0.2017313688993454
v -0.3551701307296753 0.22709575295448303 0.2017313688993454
v -0.3422495126724243 0.22709575295448303 0.2017313688993454
v -0.32932886481285095 0.22709575295448303 0.2017313688993454
v -0.3164082169532776 0.22709575295448303 0.2017313688993454
v -0.3034875690937042 0.22709575295448303 0.2017313688993454
v -0.29056692123413086 0.22709575295448303 0.2017313688993454
v -0.2776462733745575 0.22709575295448303 0.2017313688993454
v -0.26472562551498413 0.22709575295448303 0.2017313688993454
v -0.25180497765541077 0.22709575295448303 0.2017313688993454
v -0.2388843297958374 0.23467358946800232 0.2017313688993454
v -0.22596369683742523 0.29245682060718536 0.2017313688993454
v -0.21304304897785187 0.4207538515329361 0.2017313688993454
v -0.2001224160194397 0.428317628800869 0.2017313688993454
v -0.18720176815986633 0.431961365044117 0.2017313688993454
v -0.17428112030029297 0.43664199113845825 0.2017313688993454
v -0.1613604724407196 0.47657822258770466 0.2017313688993454
v -0.14843982458114624 0.49347876850515604 0.2017313688993454
v -0.13551919162273407 0.5052044079639018 0.2017313688993454
v -0.1225985437631607 0.5148003790527582 0.2017313688993454
v -0.10967789590358734 0.5210954025387764 0.2017313688993454
v -0.09675723314285278 0.5252855401486158 0.2017313688993454
v -0.0838366225361824 0.5281796790659428 0.2017313688993454
v -0.07091597467660904 0.5301519259810448 0.2017313688993454
v -0.057995326817035675 0.5314760245382786 0.2017313688993454
v -0.04507468268275261 0.5323109291493893 0.2017313688993454
v -0.032154034823179245 0.5330470241606236 0.2017313688993454
v -0.01923338696360588 0.5339533425867558 0.2017313688993454
v -0.006312740966677666 0.5362372100353241 0.2017313688993454
v 0.006607905961573124 0.5388728342950344 0.2017313688993454
v 0.019528552889823914 0.537655659019947 0.2017313688993454
v 0.03244920074939728 0.5282699204981327 0.2017313688993454
v 0.045369844883680344 0.5212667305022478 0.2017313688993454
v 0.05829049274325371 0.5165728759020567 0.2017313688993454
v 0.07121113687753677 0.5115670319646597 0.2017313688993454
v 0.08413178473711014 0.5065066800452769 0.2017313688993454
v 0.0970524325966835 0.5010250254999846 0.2017313688993454
v 0.10997305065393448 0.49392630346119404 0.2017313688993454
v 0.12289369106292725 0.4840543195605278 0.2017313688993454
v 0.1358143389225006 0.46953804418444633 0.2017313688993454
v 0.14873498678207397 0.4469793029129505 0.2017313688993454
v 0.16165563464164734 0.3983282744884491 0.2017313688993454
v 0.1745762825012207 0.39141565561294556 0.2017313688993454
v 0.18749696016311646 0.38374677300453186 0.2017313688993454
v 0.20041757822036743 0.3713395297527313 0.2017313688993454
v 0.21333818137645721 0.25365786254405975 0.2017313688993454
v 0.22625887393951416 0.22731125354766846 0.2017313688993454
v 0.23917947709560394 0.22709575295448303 0.2017313688993454
v 0.2521001696586609 0.22709575295448303 0.2017313688993454
v 0.26502078771591187 0.22709575295448303 0.2017313688993454
v 0.2779414653778076 0.22709575295448303 0.2017313688993454
v 0.2908620834350586 0.22709575295448303 0.2017313688993454
v 0.30378276109695435 0.22709575295448303 0.2017313688993454
v 0.31670334935188293 0.22709575295448303 0.2017313688993454
v 0.3296240270137787 0.22709575295448303 0.2017313688993454
v 0.34254464507102966 0.22709575295448303 0.2017313688993454
v 0.3554653227329254 0.22709575295448303 0.2017313688993454
v 0.3683859407901764 0.22709575295448303 0.2017313688993454
v 0.38130661845207214 0.22709575295448303 0.2017313688993454
v 0.3942272365093231 0.22709575295448303 0.2017313688993454
v -0.381011426448822 0.22709575295448303 0.18891088664531708
v -0.36809077858924866 0.22709575295448303 0.18891088664531708
v -0.3551701307296753 0.22709575295448303 0.18891088664531708
v -0.3422495126724243 0.22709575295448303 0.18891088664531708
v -0.32932886481285095 0.22709575295448303 0.18891088664531708
v -0.3164082169532776 0.22709575295448303 0.18891088664531708
v -0.3034875690937042 0.22709575295448303 0.18891088664531708
v -0.29056692123413086 0.22709575295448303 0.18891088664531708
v -0.2776462733745575 0.22709575295448303 0.18891088664531708
v -0.26472562551498413 0.22709575295448303 0.18891088664531708
v -0.25180497765541077 0.22709575295448303 0.18891088664531708
v -0.2388843297958374 0.22777202725410461 0.18891088664531708
v -0.22596369683742523 0.24172893166542053 0.18891088664531708
v -0.21304304897785187 0.4097559303045273 0.18891088664531708
v -0.2001224160194397 0.41967912018299103 0.18891088664531708
v -0.18720176815986633 0.4253365695476532 0.18891088664531708
v -0.17428112030029297 0.42931146919727325 0.18891088664531708
v -0.1613604724407196 0.47186532244086266 0.18891088664531708
v -0.14843982458114624 0.49132264591753483 0.18891088664531708
v -0.13551919162273407 0.5031049840617925 0.18891088664531708
v -0.1225985437631607 0.512517767958343 0.18891088664531708
v -0.10967789590358734 0.5187940634787083 0.18891088664531708
v -0.09675723314285278 0.5231013149023056 0.18891088664531708
v -0.0838366225361824 0.5260689854621887 0.18891088664531708
v -0.07091597467660904 0.5280974376946688 0.18891088664531708
v -0.057995326817035675 0.5296799540519714 0.18891088664531708
v -0.04507468268275261 0.530951514840126 0.18891088664531708
v -0.032154034823179245 0.5318929478526115 0.18891088664531708
v -0.01923338696360588 0.5334083065390587 0.18891088664531708
v -0.006312740966677666 0.5367906838655472 0.18891088664531708
v 0.006607905961573124 0.5385484173893929 0.18891088664531708
v 0.019528552889823914 0.5378334559500217 0.18891088664531708
v 0.03244920074939728 0.5308127943426371 0.18891088664531708
v 0.045369844883680344 0.5225798301398754 0.18891088664531708
v 0.05829049274325371 0.5163290034979582 0.18891088664531708
v 0.07121113687753677 0.5107138454914093 0.18891088664531708
v 0.08413178473711014 0.504981083329767 0.18891088664531708
v 0.0970524325966835 0.49886161857284606 0.18891088664531708
v 0.10997305065393448 0.4910605624318123 0.18891088664531708
v 0.12289369106292725 0.48068988136947155 0.18891088664531708
v 0.1358143389225006 0.4653875045478344 0.18891088664531708
v 0.14873498678207397 0.4385104104876518 0.18891088664531708
v 0.16165563464164734 0.3862732723355293 0.18891088664531708
v 0.1745762825012207 0.3726988732814789 0.18891088664531708
v 0.18749696016311646 0.3467988073825836 0.18891088664531708
v 0.20041757822036743 0.22984176874160767 0.18891088664531708
v 0.21333818137645721 0.22709575295448303 0.18891088664531708
v 0.22625887393951416 0.22709575295448303 0.18891088664531708
v 0.23917947709560394 0.22709575295448303 0.18891088664531708
v 0.2521001696586609 0.22709575295448303 0.18891088664531708
v 0.26502078771591187 0.22709575295448303 0.18891088664531708
v 0.2779414653778076 0.22709575295448303 0.18891088664531708
v 0.2908620834350586 0.22709575295448303 0.18891088664531708
v 0.30378276109695435 0.22709575295448303 0.18891088664531708
v 0.31670334935188293 0.22709575295448303 0.18891088664531708
v 0.3296240270137787 0.22709575295448303 0.18891088664531708
v 0.34254464507102966 0.22709575295448303 0.18891088664531708
v 0.3554653227329254 0.22709575295448303 0.18891088664531708
v 0.3683859407901764 0.22709575295448303 0.18891088664531708
v 0.38130661845207214 0.22709575295448303 0.18891088664531708
v 0.3942272365093231 0.22709575295448303 0.18891088664531708
v -0.381011426448822 0.22709575295448303 0.17609035968780518
v -0.36809077858924866 0.22709575295448303 0.17609035968780518
v -0.3551701307296753 0.22709575295448303 0.17609035968780518
v -0.3422495126724243 0.22709575295448303 0.17609035968780518
v -0.32932886481285095 0.22709575295448303 0.17609035968780518
v -0.3164082169532776 0.22709575295448303 0.17609035968780518
v -0.3034875690937042 0.22709575295448303 0.17609035968780518
v -0.29056692123413086 0.22709575295448303 0.17609035968780518
v -0.2776462733745575 0.22709575295448303 0.17609035968780518
v -0.26472562551498413 0.22709575295448303 0.17609035968780518
v -0.25180497765541077 0.22709575295448303 0.17609035968780518
v -0.2388843297958374 0.22709575295448303 0.17609035968780518
v -0.22596369683742523 0.22709575295448303 0.17609035968780518
v -0.21304304897785187 0.3962933048605919 0.17609035968780518
v -0.2001224160194397 0.4134068265557289 0.17609035968780518
v -0.18720176815986633 0.419660359621048 0.17609035968780518
v -0.17428112030029297 0.4239221289753914 0.17609035968780518
v -0.1613604724407196 0.4656406305730343 0.17609035968780518
v -0.14843982458114624 0.4889233633875847 0.17609035968780518
v -0.13551919162273407 0.5012994626304135 0.17609035968780518
v -0.1225985437631607 0.5103978691622615 0.17609035968780518
v -0.10967789590358734 0.516592612490058 0.17609035968780518
v -0.09675723314285278 0.5210288111120462 0.17609035968780518
v -0.0838366225361824 0.524085296317935 0.17609035968780518
v -0.07091597467660904 0.5263373199850321 0.17609035968780518
v -0.057995326817035675 0.5281017441302538 0.17609035968780518
v -0.04507468268275261 0.5294365733861923 0.17609035968780518
v -0.032154034823179245 0.5296728666871786 0.17609035968780518
v -0.01923338696360588 0.5314037017524242 0.17609035968780518
v -0.006312740966677666 0.5321268774569035 0.17609035968780518
v 0.006607905961573124 0.5332288108766079 0.17609035968780518
v 0.019528552889823914 0.5326399952173233 0.17609035968780518
v 0.03244920074939728 0.5285413805395365 0.17609035968780518
v 0.045369844883680344 0.5229300614446402 0.17609035968780518
v 0.05829049274325371 0.5154469748958945 0.17609035968780518
v 0.07121113687753677 0.5093180118128657 0.17609035968780518
v 0.08413178473711014 0.503615788416937 0.17609035968780518
v 0.0970524325966835 0.49681104300543666 0.17609035968780518
v 0.10997305065393448 0.4884784370660782 0.17609035968780518
v 0.12289369106292725 0.4773706737905741 0.17609035968780518
v 0.1358143389225006 0.4612624831497669 0.17609035968780518
v 0.14873498678207397 0.4184836074709892 0.17609035968780518
v 0.16165563464164734 0.34388506412506104 0.17609035968780518
v 0.1745762825012207 0.2997794598340988 0.17609035968780518
v 0.18749696016311646 0.2272329032421112 0.17609035968780518
v 0.20041757822036743 0.22709575295448303 0.17609035968780518
v 0.21333818137645721 0.22709575295448303 0.17609035968780518
v 0.22625887393951416 0.22709575295448303 0.17609035968780518
v 0.23917947709560394 0.22709575295448303 0.17609035968780518
v 0.2521001696586609 0.22709575295448303 0.17609035968780518
v 0.26502078771591187 0.22709575295448303 0.17609035968780518
v 0.2779414653778076 0.22709575295448303 0.17609035968780518
v 0.2908620834350586 0.22709575295448303 0.17609035968780518
v 0.30378276109695435 0.22709575295448303 0.17609035968780518
v 0.31670334935188293 0.22709575295448303 0.17609035968780518
v 0.3296240270137787 0.22709575295448303 0.17609035968780518
v 0.34254464507102966 0.22709575295448303 0.17609035968780518
v 0.3554653227329254 0.22709575295448303 0.17609035968780518
v 0.3683859407901764 0.22709575295448303 0.17609035968780518
v 0.38130661845207214 0.22709575295448303 0.17609035968780518
v 0.3942272365093231 0.22709575295448303 0.17609035968780518
v -0.381011426448822 0.22709575295448303 0.16326986253261566
v -0.36809077858924866 0.22709575295448303 0.16326986253261566
v -0.3551701307296753 0.22709575295448303 0.16326986253261566
v -0.3422495126724243 0.22709575295448303 0.16326986253261566
v -0.32932886481285095 0.22709575295448303 0.16326986253261566
v -0.3164082169532776 0.22709575295448303 0.16326986253261566
v -0.3034875690937042 0.22709575295448303 0.16326986253261566
v -0.29056692123413086 0.22709575295448303 0.16326986253261566
v -0.2776462733745575 0.22709575295448303 0.16326986253261566
v -0.26472562551498413 0.22709575295448303 0.16326986253261566
v -0.25180497765541077 0.22709575295448303 0.16326986253261566
v -0.2388843297958374 0.22709575295448303 0.16326986253261566
v -0.22596369683742523 0.22709575295448303 0.16326986253261566
v -0.21304304897785187 0.32366693019866943 0.16326986253261566
v -0.2001224160194397 0.40433934330940247 0.16326986253261566
v -0.18720176815986633 0.41339172422885895 0.16326986253261566
v -0.17428112030029297 0.41571221500635147 0.16326986253261566
v -0.1613604724407196 0.4578945003449917 0.16326986253261566
v -0.14843982458114624 0.4857825208455324 0.16326986253261566
v -0.13551919162273407 0.49904027831507847 0.16326986253261566
v -0.1225985437631607 0.5081243626773357 0.16326986253261566
v -0.10967789590358734 0.5144201004877687 0.16326986253261566
v -0.09675723314285278 0.518993666395545 0.16326986253261566
v -0.0838366225361824 0.5223512630909681 0.16326986253261566
v -0.07091597467660904 0.5245382208377123 0.16326986253261566
v -0.057995326817035675 0.5261080637574196 0.16326986253261566
v -0.04507468268275261 0.5268807802349329 0.16326986253261566
v -0.032154034823179245 0.5276664644479752 0.16326986253261566
v -0.01923338696360588 0.5283275786787271 0.16326986253261566
v -0.006312740966677666 0.5288579221814871 0.16326986253261566
v 0.006607905961573124 0.5286946669220924 0.16326986253261566
v 0.019528552889823914 0.527373667806387 0.16326986253261566
v 0.03244920074939728 0.5247241891920567 0.16326986253261566
v 0.045369844883680344 0.5201575625687838 0.16326986253261566
v 0.05829049274325371 0.5137652847915888 0.16326986253261566
v 0.07121113687753677 0.507829500362277 0.16326986253261566
v 0.08413178473711014 0.501833965186961 0.16326986253261566
v 0.0970524325966835 0.49510582676157355 0.16326986253261566
v 0.10997305065393448 0.4860951751470566 0.16326986253261566
v 0.12289369106292725 0.47457688860595226 0.16326986253261566
v 0.1358143389225006 0.4559730961918831 0.16326986253261566
v 0.14873498678207397 0.25364331901073456 0.16326986253261566
v 0.16165563464164734 0.24538636207580566 0.16326986253261566
v 0.1745762825012207 0.2272236943244934 0.16326986253261566
v 0.18749696016311646 0.22709575295448303 0.16326986253261566
v 0.20041757822036743 0.22709575295448303 0.16326986253261566
v 0.21333818137645721 0.22709575295448303 0.16326986253261566
v 0.22625887393951416 0.22709575295448303 0.16326986253261566
v 0.23917947709560394 0.22709575295448303 0.16326986253261566
v 0.2521001696586609 0.22709575295448303 0.16326986253261566
v 0.26502078771591187 0.22709575295448303 0.16326986253261566
v 0.2779414653778076 0.22709575295448303 0.16326986253261566
v 0.2908620834350586 0.22709575295448303 0.16326986253261566
v 0.30378276109695435 0.22709575295448303 0.16326986253261566
v 0.31670334935188293 0.22709575295448303 0.16326986253261566
v 0.3296240270137787 0.22709575295448303 0.16326986253261566
v 0.34254464507102966 0.22709575295448303 0.16326986253261566
v 0.3554653227329254 0.22709575295448303 0.16326986253261566
v 0.3683859407901764 0.22709575295448303 0.16326986253261566
v 0.38130661845207214 0.22709575295448303 0.16326986253261566
v 0.3942272365093231 0.22709575295448303 0.16326986253261566
v -0.381011426448822 0.22709575295448303 0.15044935047626495
v -0.36809077858924866 0.22709575295448303 0.15044935047626495
v -0.3551701307296753 0.22709575295448303 0.15044935047626495
v -0.3422495126724243 0.22709575295448303 0.15044935047626495
v -0.32932886481285095 0.22709575295448303 0.15044935047626495
v -0.3164082169532776 0.22709575295448303 0.15044935047626495
v -0.3034875690937042 0.22709575295448303 0.15044935047626495
v -0.29056692123413086 0.22709575295448303 0.15044935047626495
v -0.2776462733745575 0.22709575295448303 0.15044935047626495
v -0.26472562551498413 0.22709575295448303 0.15044935047626495
v -0.25180497765541077 0.22709575295448303 0.15044935047626495
v -0.2388843297958374 0.22709575295448303 0.15044935047626495
v -0.22596369683742523 0.22709575295448303 0.15044935047626495
v -0.21304304897785187 0.22802767157554626 0.15044935047626495
v -0.2001224160194397 0.3620733916759491 0.15044935047626495
v -0.18720176815986633 0.40250927209854126 0.15044935047626495
v -0.17428112030029297 0.4044523686170578 0.15044935047626495
v -0.1613604724407196 0.42907292395830154 0.15044935047626495
v -0.14843982458114624 0.481355007737875 0.15044935047626495
v -0.13551919162273407 0.4965360153000802 0.15044935047626495
v -0.1225985437631607 0.5057741012424231 0.15044935047626495
v -0.10967789590358734 0.5124032385647297 0.15044935047626495
v -0.09675723314285278 0.5171756185591221 0.15044935047626495
v -0.0838366225361824 0.5209620967507362 0.15044935047626495
v -0.07091597467660904 0.5234277006238699 0.15044935047626495
v -0.057995326817035675 0.5252552703022957 0.15044935047626495
v -0.04507468268275261 0.5267797112464905 0.15044935047626495
v -0.032154034823179245 0.528034832328558 0.15044935047626495
v -0.01923338696360588 0.5289807934314013 0.15044935047626495
v -0.006312740966677666 0.5293302871286869 0.15044935047626495
v 0.006607905961573124 0.5288162603974342 0.15044935047626495
v 0.019528552889823914 0.5275904219597578 0.15044935047626495
v 0.03244920074939728 0.5249703507870436 0.15044935047626495
v 0.045369844883680344 0.520830612629652 0.15044935047626495
v 0.05829049274325371 0.5146027710288763 0.15044935047626495
v 0.07121113687753677 0.5079697212204337 0.15044935047626495
v 0.08413178473711014 0.5013396732974797 0.15044935047626495
v 0.0970524325966835 0.49392086500301957 0.15044935047626495
v 0.10997305065393448 0.48373477533459663 0.15044935047626495
v 0.12289369106292725 0.47022278420627117 0.15044935047626495
v 0.1358143389225006 0.42983008176088333 0.15044935047626495
v 0.14873498678207397 0.23156079649925232 0.15044935047626495
v 0.16165563464164734 0.22839298844337463 0.15044935047626495
v 0.1745762825012207 0.22709575295448303 0.15044935047626495
v 0.18749696016311646 0.22709575295448303 0.15044935047626495
v 0.20041757822036743 0.22709575295448303 0.15044935047626495
v 0.21333818137645721 0.22709575295448303 0.15044935047626495
v 0.22625887393951416 0.22709575295448303 0.15044935047626495
v 0.23917947709560394 0.22709575295448303 0.15044935047626495
v 0.2521001696586609 0.22709575295448303 0.15044935047626495
v 0.26502078771591187 0.22709575295448303 0.15044935047626495
v 0.2779414653778076 0.22709575295448303 0.15044935047626495
v 0.2908620834350586 0.22709575295448303 0.15044935047626495
v 0.30378276109695435 0.22709575295448303 0.15044935047626495
v 0.31670334935188293 0.22709575295448303 0.15044935047626495
v 0.3296240270137787 0.22709575295448303 0.15044935047626495
v 0.34254464507102966 0.22709575295448303 0.15044935047626495
v 0.3554653227329254 0.22709575295448303 0.15044935047626495
v 0.3683859407901764 0.22709575295448303 0.15044935047626495
v 0.38130661845207214 0.22709575295448303 0.15044935047626495
v 0.3942272365093231 0.22709575295448303 0.15044935047626495
v -0.381011426448822 0.22709575295448303 0.13762882351875305
v -0.36809077858924866 0.22709575295448303 0.13762882351875305
v -0.3551701307296753 0.22709575295448303 0.13762882351875305
v -0.3422495126724243 0.22709575295448303 0.13762882351875305
v -0.32932886481285095 0.22709575295448303 0.13762882351875305
v -0.3164082169532776 0.22709575295448303 0.13762882351875305
v -0.3034875690937042 0.22709575295448303 0.13762882351875305
v -0.29056692123413086 0.22709575295448303 0.13762882351875305
v -0.2776462733745575 0.22709575295448303 0.13762882351875305
v -0.26472562551498413 0.22709575295448303 0.13762882351875305
v -0.25180497765541077 0.22709575295448303 0.13762882351875305
v -0.2388843297958374 0.22709575295448303 0.13762882351875305
v -0.22596369683742523 0.22709575295448303 0.13762882351875305
v -0.21304304897785187 0.22727927565574646 0.13762882351875305
v -0.2001224160194397 0.231406569480896 0.13762882351875305
v -0.18720176815986633 0.3806416317820549 0.13762882351875305
v -0.17428112030029297 0.38608840852975845 0.13762882351875305
v -0.1613604724407196 0.42128852754831314 0.13762882351875305
v -0.14843982458114624 0.47551010362803936 0.13762882351875305
v -0.13551919162273407 0.49232272198423743 0.13762882351875305
v -0.1225985437631607 0.5026895878836513 0.13762882351875305
v -0.10967789590358734 0.5101709514856339 0.13762882351875305
v -0.09675723314285278 0.5153367528691888 0.13762882351875305
v -0.0838366225361824 0.519531711935997 0.13762882351875305
v -0.07091597467660904 0.522697115316987 0.13762882351875305
v -0.057995326817035675 0.5248891655355692 0.13762882351875305
v -0.04507468268275261 0.526719493791461 0.13762882351875305
v -0.032154034823179245 0.5281900409609079 0.13762882351875305
v -0.01923338696360588 0.5292055699974298 0.13762882351875305
v -0.006312740966677666 0.5295163802802563 0.13762882351875305
v 0.006607905961573124 0.5290268864482641 0.13762882351875305
v 0.019528552889823914 0.5277673602104187 0.13762882351875305
v 0.03244920074939728 0.5253635738044977 0.13762882351875305
v 0.045369844883680344 0.5214410834014416 0.13762882351875305
v 0.05829049274325371 0.5150746935978532 0.13762882351875305
v 0.07121113687753677 0.5082625159993768 0.13762882351875305
v 0.08413178473711014 0.5007832196424715 0.13762882351875305
v 0.0970524325966835 0.4923654426820576 0.13762882351875305
v 0.10997305065393448 0.4824377205222845 0.13762882351875305
v 0.12289369106292725 0.4621548689901829 0.13762882351875305
v 0.1358143389225006 0.23537832498550415 0.13762882351875305
v 0.14873498678207397 0.22793737053871155 0.13762882351875305
v 0.16165563464164734 0.22709575295448303 0.13762882351875305
v 0.1745762825012207 0.22709575295448303 0.13762882351875305
v 0.18749696016311646 0.22709575295448303 0.13762882351875305
v 0.20041757822036743 0.22709575295448303 0.13762882351875305
v 0.21333818137645721 0.22709575295448303 0.13762882351875305
v 0.22625887393951416 0.22709575295448303 0.13762882351875305
v 0.23917947709560394 0.22709575295448303 0.13762882351875305
v 0.2521001696586609 0.22709575295448303 0.13762882351875305
v 0.26502078771591187 0.22709575295448303 0.13762882351875305
v 0.2779414653778076 0.22709575295448303 0.13762882351875305
v 0.2908620834350586 0.22709575295448303 0.13762882351875305
v 0.30378276109695435 0.22709575295448303 0.13762882351875305
v 0.31670334935188293 0.22709575295448303 0.13762882351875305
v 0.3296240270137787 0.22709575295448303 0.13762882351875305
v 0.34254464507102966 0.22709575295448303 0.13762882351875305
v 0.3554653227329254 0.22709575295448303 0.13762882351875305
v 0.3683859407901764 0.22709575295448303 0.13762882351875305
v 0.38130661845207214 0.22709575295448303 0.13762882351875305
v 0.3942272365093231 0.22709575295448303 0.13762882351875305
v -0.381011426448822 0.22709575295448303 0.12480830401182175
v -0.36809077858924866 0.22709575295448303 0.12480830401182175
v -0.3551701307296753 0.22709575295448303 0.12480830401182175
v -0.3422495126724243 0.22709575295448303 0.12480830401182175
v -0.32932886481285095 0.22709575295448303 0.12480830401182175
v -0.3164082169532776 0.22709575295448303 0.12480830401182175
v -0.3034875690937042 0.22709575295448303 0.12480830401182175
v -0.29056692123413086 0.22709575295448303 0.12480830401182175
v -0.2776462733745575 0.22709575295448303 0.12480830401182175
v -0.26472562551498413 0.22709575295448303 0.12480830401182175
v -0.25180497765541077 0.22709575295448303 0.12480830401182175
v -0.2388843297958374 0.22709575295448303 0.12480830401182175
v -0.22596369683742523 0.2279144823551178 0.12480830401182175
v -0.21304304897785187 0.3476666659116745 0.12480830401182175
v -0.2001224160194397 0.3854686766862869 0.12480830401182175
v -0.18720176815986633 0.3900514990091324 0.12480830401182175
v -0.17428112030029297 0.3941926956176758 0.12480830401182175
v -0.1613604724407196 0.42191703617572784 0.12480830401182175
v -0.14843982458114624 0.4597015716135502 0.12480830401182175
v -0.13551919162273407 0.4860192323103547 0.12480830401182175
v -0.1225985437631607 0.4992136225919239 0.12480830401182175
v -0.10967789590358734 0.5073367832228541 0.12480830401182175
v -0.09675723314285278 0.5133172823116183 0.12480830401182175
v -0.0838366225361824 0.51806909032166 0.12480830401182175
v -0.07091597467660904 0.5217306781560183 0.12480830401182175
v -0.057995326817035675 0.5244282446801662 0.12480830401182175
v -0.04507468268275261 0.5267061069607735 0.12480830401182175
v -0.032154034823179245 0.5285862907767296 0.12480830401182175
v -0.01923338696360588 0.5300169717520475 0.12480830401182175
v -0.006312740966677666 0.5308244582265615 0.12480830401182175
v 0.006607905961573124 0.5306200589984655 0.12480830401182175
v 0.019528552889823914 0.5292566828429699 0.12480830401182175
v 0.03244920074939728 0.5265564117580652 0.12480830401182175
v 0.045369844883680344 0.5222178343683481 0.12480830401182175
v 0.05829049274325371 0.5155806504189968 0.12480830401182175
v 0.07121113687753677 0.5082992324605584 0.12480830401182175
v 0.08413178473711014 0.5001292413653573 0.12480830401182175
v 0.0970524325966835 0.4915874609723687 0.12480830401182175
v 0.10997305065393448 0.47698672860860825 0.12480830401182175
v 0.12289369106292725 0.44016751646995544 0.12480830401182175
v 0.1358143389225006 0.28149664402008057 0.12480830401182175
v 0.14873498678207397 0.2750761806964874 0.12480830401182175
v 0.16165563464164734 0.2300388216972351 0.12480830401182175
v 0.1745762825012207 0.22709575295448303 0.12480830401182175
v 0.18749696016311646 0.22709575295448303 0.12480830401182175
v 0.20041757822036743 0.22709575295448303 0.12480830401182175
v 0.21333818137645721 0.22709575295448303 0.12480830401182175
v 0.22625887393951416 0.22709575295448303 0.12480830401182175
v 0.23917947709560394 0.22709575295448303 0.12480830401182175
v 0.2521001696586609 0.22709575295448303 0.12480830401182175
v 0.26502078771591187 0.22709575295448303 0.12480830401182175
v 0.2779414653778076 0.22709575295448303 0.12480830401182175
v 0.2908620834350586 0.22709575295448303 0.12480830401182175
v 0.30378276109695435 0.22709575295448303 0.12480830401182175
v 0.31670334935188293 0.22709575295448303 0.12480830401182175
v 0.3296240270137787 0.22709575295448303 0.12480830401182175
v 0.34254464507102966 0.22709575295448303 0.12480830401182175
v 0.3554653227329254 0.22709575295448303 0.12480830401182175
v 0.3683859407901764 0.22709575295448303 0.12480830401182175
v 0.38130661845207214 0.22709575295448303 0.12480830401182175
v 0.3942272365093231 0.22709575295448303 0.12480830401182175
v -0.381011426448822 0.22709575295448303 0.11198778450489044
v -0.36809077858924866 0.22709575295448303 0.11198778450489044
v -0.3551701307296753 0.22709575295448303 0.11198778450489044
v -0.3422495126724243 0.22709575295448303 0.11198778450489044
v -0.32932886481285095 0.22709575295448303 0.11198778450489044
v -0.3164082169532776 0.22709575295448303 0.11198778450489044
v -0.3034875690937042 0.22709575295448303 0.11198778450489044
v -0.29056692123413086 0.22709575295448303 0.11198778450489044
v -0.2776462733745575 0.22709575295448303 0.11198778450489044
v -0.26472562551498413 0.22709575295448303 0.11198778450489044
v -0.25180497765541077 0.22776809334754944 0.11198778450489044
v -0.2388843297958374 0.2857295274734497 0.11198778450489044
v -0.22596369683742523 0.3797542005777359 0.11198778450489044
v -0.21304304897785187 0.39773375540971756 0.11198778450489044
v -0.2001224160194397 0.4040057212114334 0.11198778450489044
v -0.18720176815986633 0.4056178033351898 0.11198778450489044
v -0.17428112030029297 0.4085596352815628 0.11198778450489044
v -0.1613604724407196 0.4260467290878296 0.11198778450489044
v -0.14843982458114624 0.44388698786497116 0.11198778450489044
v -0.13551919162273407 0.4754239972680807 0.11198778450489044
v -0.1225985437631607 0.492258935701102 0.11198778450489044
v -0.10967789590358734 0.5041060936637223 0.11198778450489044
v -0.09675723314285278 0.511180330067873 0.11198778450489044
v -0.0838366225361824 0.516651377081871 0.11198778450489044
v -0.07091597467660904 0.5206380728632212 0.11198778450489044
v -0.057995326817035675 0.523984745144844 0.11198778450489044
v -0.04507468268275261 0.5267634205520153 0.11198778450489044
v -0.032154034823179245 0.5290828961879015 0.11198778450489044
v -0.01923338696360588 0.5308673270046711 0.11198778450489044
v -0.006312740966677666 0.5320771932601929 0.11198778450489044
v 0.006607905961573124 0.5321124568581581 0.11198778450489044
v 0.019528552889823914 0.5307112094014883 0.11198778450489044
v 0.03244920074939728 0.5277971848845482 0.11198778450489044
v 0.045369844883680344 0.5230906084179878 0.11198778450489044
v 0.05829049274325371 0.5162946246564388 0.11198778450489044
v 0.07121113687753677 0.5080671720206738 0.11198778450489044
v 0.08413178473711014 0.49895990605000407 0.11198778450489044
v 0.0970524325966835 0.48790485598146915 0.11198778450489044
v 0.10997305065393448 0.4635244235396385 0.11198778450489044
v 0.12289369106292725 0.33539700508117676 0.11198778450489044
v 0.1358143389225006 0.32077617943286896 0.11198778450489044
v 0.14873498678207397 0.30401042103767395 0.11198778450489044
v 0.16165563464164734 0.29886583983898163 0.11198778450489044
v 0.1745762825012207 0.2957649230957031 0.11198778450489044
v 0.18749696016311646 0.23040318489074707 0.11198778450489044
v 0.20041757822036743 0.2271265685558319 0.11198778450489044
v 0.21333818137645721 0.22709575295448303 0.11198778450489044
v 0.22625887393951416 0.22709575295448303 0.11198778450489044
v 0.23917947709560394 0.22709575295448303 0.11198778450489044
v 0.2521001696586609 0.22709575295448303 0.11198778450489044
v 0.26502078771591187 0.22709575295448303 0.11198778450489044
v 0.2779414653778076 0.22709575295448303 0.11198778450489044
v 0.2908620834350586 0.22709575295448303 0.11198778450489044
v 0.30378276109695435 0.22709575295448303 0.11198778450489044
v 0.31670334935188293 0.22709575295448303 0.11198778450489044
v 0.3296240270137787 0.22709575295448303 0.11198778450489044
v 0.34254464507102966 0.22709575295448303 0.11198778450489044
v 0.3554653227329254 0.22709575295448303 0.11198778450489044
v 0.3683859407901764 0.22709575295448303 0.11198778450489044
v 0.38130661845207214 0.22709575295448303 0.11198778450489044
v 0.3942272365093231 0.22709575295448303 0.11198778450489044
v -0.381011426448822 0.22709575295448303 0.09916725754737854
v -0.36809077858924866 0.22709575295448303 0.09916725754737854
v -0.3551701307296753 0.22709575295448303 0.09916725754737854
v -0.3422495126724243 0.22709575295448303 0.09916725754737854
v -0.32932886481285095 0.22709575295448303 0.09916725754737854
v -0.3164082169532776 0.22709575295448303 0.09916725754737854
v -0.3034875690937042 0.22709575295448303 0.09916725754737854
v -0.29056692123413086 0.22709575295448303 0.09916725754737854
v -0.2776462733745575 0.22709575295448303 0.09916725754737854
v -0.26472562551498413 0.23559150099754333 0.09916725754737854
v -0.25180497765541077 0.38106929510831833 0.09916725754737854
v -0.2388843297958374 0.392197884619236 0.09916725754737854
v -0.22596369683742523 0.4031165912747383 0.09916725754737854
v -0.21304304897785187 0.4156123399734497 0.09916725754737854
v -0.2001224160194397 0.4189545512199402 0.09916725754737854
v -0.18720176815986633 0.4201616793870926 0.09916725754737854
v -0.17428112030029297 0.421272873878479 0.09916725754737854
v -0.1613604724407196 0.42774464935064316 0.09916725754737854
v -0.14843982458114624 0.44390278682112694 0.09916725754737854
v -0.13551919162273407 0.46323955059051514 0.09916725754737854
v -0.1225985437631607 0.48589788656681776 0.09916725754737854
v -0.10967789590358734 0.4992190857301466 0.09916725754737854
v -0.09675723314285278 0.5086302207782865 0.09916725754737854
v -0.0838366225361824 0.5148824993520975 0.09916725754737854
v -0.07091597467660904 0.5197204612195492 0.09916725754737854
v -0.057995326817035675 0.5234410129487514 0.09916725754737854
v -0.04507468268275261 0.5266234446316957 0.09916725754737854
v -0.032154034823179245 0.5294679738581181 0.09916725754737854
v -0.01923338696360588 0.5318121090531349 0.09916725754737854
v -0.006312740966677666 0.5333194211125374 0.09916725754737854
v 0.006607905961573124 0.533507727086544 0.09916725754737854
v 0.019528552889823914 0.5320309549570084 0.09916725754737854
v 0.03244920074939728 0.5289232097566128 0.09916725754737854
v 0.045369844883680344 0.524177111685276 0.09916725754737854
v 0.05829049274325371 0.5172791481018066 0.09916725754737854
v 0.07121113687753677 0.5094922166317701 0.09916725754737854
v 0.08413178473711014 0.4992839298211038 0.09916725754737854
v 0.0970524325966835 0.47090914845466614 0.09916725754737854
v 0.10997305065393448 0.3540145456790924 0.09916725754737854
v 0.12289369106292725 0.3495427817106247 0.09916725754737854
v 0.1358143389225006 0.3447108864784241 0.09916725754737854
v 0.14873498678207397 0.3425159603357315 0.09916725754737854
v 0.16165563464164734 0.3366575688123703 0.09916725754737854
v 0.1745762825012207 0.3323028087615967 0.09916725754737854
v 0.18749696016311646 0.3276405334472656 0.09916725754737854
v 0.20041757822036743 0.31844058632850647 0.09916725754737854
v 0.21333818137645721 0.23117870092391968 0.09916725754737854
v 0.22625887393951416 0.22709575295448303 0.09916725754737854
v 0.23917947709560394 0.22709575295448303 0.09916725754737854
v 0.2521001696586609 0.22709575295448303 0.09916725754737854
v 0.26502078771591187 0.22709575295448303 0.09916725754737854
v 0.2779414653778076 0.22709575295448303 0.09916725754737854
v 0.2908620834350586 0.22709575295448303 0.09916725754737854
v 0.30378276109695435 0.22709575295448303 0.09916725754737854
v 0.31670334935188293 0.22709575295448303 0.09916725754737854
v 0.3296240270137787 0.22709575295448303 0.09916725754737854
v 0.34254464507102966 0.22709575295448303 0.09916725754737854
v 0.3554653227329254 0.22709575295448303 0.09916725754737854
v 0.3683859407901764 0.22709575295448303 0.09916725754737854
v 0.38130661845207214 0.22709575295448303 0.09916725754737854
v 0.3942272365093231 0.22709575295448303 0.09916725754737854
v -0.381011426448822 0.22709575295448303 0.08634673804044724
v -0.36809077858924866 0.22709575295448303 0.08634673804044724
v -0.3551701307296753 0.22709575295448303 0.08634673804044724
v -0.3422495126724243 0.22709575295448303 0.08634673804044724
v -0.32932886481285095 0.22709575295448303 0.08634673804044724
v -0.3164082169532776 0.22709575295448303 0.08634673804044724
v -0.3034875690937042 0.22709575295448303 0.08634673804044724
v -0.29056692123413086 0.2276257872581482 0.08634673804044724
v -0.2776462733745575 0.372148722410202 0.08634673804044724
v -0.26472562551498413 0.4000418335199356 0.08634673804044724
v -0.25180497765541077 0.4102851375937462 0.08634673804044724
v -0.2388843297958374 0.4176736921072006 0.08634673804044724
v -0.22596369683742523 0.4238339588046074 0.08634673804044724
v -0.21304304897785187 0.43051188439130783 0.08634673804044724
v -0.2001224160194397 0.43301278352737427 0.08634673804044724
v -0.18720176815986633 0.4340156465768814 0.08634673804044724
v -0.17428112030029297 0.4342617318034172 0.08634673804044724
v -0.1613604724407196 0.43160681426525116 0.08634673804044724
v -0.14843982458114624 0.4442717470228672 0.08634673804044724
v -0.13551919162273407 0.455478310585022 0.08634673804044724
v -0.1225985437631607 0.4742443263530731 0.08634673804044724
v -0.10967789590358734 0.48983617685735226 0.08634673804044724
v -0.09675723314285278 0.50210190564394 0.08634673804044724
v -0.0838366225361824 0.5127370320260525 0.08634673804044724
v -0.07091597467660904 0.5190527513623238 0.08634673804044724
v -0.057995326817035675 0.5232245046645403 0.08634673804044724
v -0.04507468268275261 0.5268839783966541 0.08634673804044724
v -0.032154034823179245 0.5298820659518242 0.08634673804044724
v -0.01923338696360588 0.5326235815882683 0.08634673804044724
v -0.006312740966677666 0.5343456044793129 0.08634673804044724
v 0.006607905961573124 0.5346668735146523 0.08634673804044724
v 0.019528552889823914 0.5331050045788288 0.08634673804044724
v 0.03244920074939728 0.5298315435647964 0.08634673804044724
v 0.045369844883680344 0.5251099560409784 0.08634673804044724
v 0.05829049274325371 0.5194739066064358 0.08634673804044724
v 0.07121113687753677 0.5100704496726394 0.08634673804044724
v 0.08413178473711014 0.48997189477086067 0.08634673804044724
v 0.0970524325966835 0.40660354495048523 0.08634673804044724
v 0.10997305065393448 0.366801917552948 0.08634673804044724
v 0.12289369106292725 0.3649538904428482 0.08634673804044724
v 0.1358143389225006 0.36132147908210754 0.08634673804044724
v 0.14873498678207397 0.35902993381023407 0.08634673804044724
v 0.16165563464164734 0.35439780354499817 0.08634673804044724
v 0.1745762825012207 0.3476768434047699 0.08634673804044724
v 0.18749696016311646 0.344335675239563 0.08634673804044724
v 0.20041757822036743 0.340387687087059 0.08634673804044724
v 0.21333818137645721 0.335000604391098 0.08634673804044724
v 0.22625887393951416 0.3269764184951782 0.08634673804044724
v 0.23917947709560394 0.2351224720478058 0.08634673804044724
v 0.2521001696586609 0.2271307408809662 0.08634673804044724
v 0.26502078771591187 0.22712442278862 0.08634673804044724
v 0.2779414653778076 0.22709575295448303 0.08634673804044724
v 0.2908620834350586 0.22709575295448303 0.08634673804044724
v 0.30378276109695435 0.22709575295448303 0.08634673804044724
v 0.31670334935188293 0.22709575295448303 0.08634673804044724
v 0.3296240270137787 0.22709575295448303 0.08634673804044724
v 0.34254464507102966 0.22709575295448303 0.08634673804044724
v 0.3554653227329254 0.22709575295448303 0.08634673804044724
v 0.3683859407901764 0.22709575295448303 0.08634673804044724
v 0.38130661845207214 0.22709575295448303 0.08634673804044724
v 0.3942272365093231 0.22709575295448303 0.08634673804044724
v -0.381011426448822 0.22709575295448303 0.0735262781381607
v -0.36809077858924866 0.22709575295448303 0.0735262781381607
v -0.3551701307296753 0.22709575295448303 0.0735262781381607
v -0.3422495126724243 0.22709575295448303 0.0735262781381607
v -0.32932886481285095 0.22709575295448303 0.0735262781381607
v -0.3164082169532776 0.22709575295448303 0.0735262781381607
v -0.3034875690937042 0.2939556986093521 0.0735262781381607
v -0.29056692123413086 0.40504466742277145 0.0735262781381607
v -0.2776462733745575 0.41741763800382614 0.0735262781381607
v -0.26472562551498413 0.42667990177869797 0.0735262781381607
v -0.25180497765541077 0.43318289518356323 0.0735262781381607
v -0.2388843297958374 0.4362369030714035 0.0735262781381607
v -0.22596369683742523 0.4395354650914669 0.0735262781381607
v -0.21304304897785187 0.4433806352317333 0.0735262781381607
v -0.2001224160194397 0.4454708583652973 0.0735262781381607
v -0.18720176815986633 0.44642338901758194 0.0735262781381607
v -0.17428112030029297 0.4462846927344799 0.0735262781381607
v -0.1613604724407196 0.43933310732245445 0.0735262781381607
v -0.14843982458114624 0.4458642788231373 0.0735262781381607
v -0.13551919162273407 0.45497437193989754 0.0735262781381607
v -0.1225985437631607 0.4638499468564987 0.0735262781381607
v -0.10967789590358734 0.47286960668861866 0.0735262781381607
v -0.09675723314285278 0.49038566648960114 0.0735262781381607
v -0.0838366225361824 0.5049854391254485 0.0735262781381607
v -0.07091597467660904 0.5159797053784132 0.0735262781381607
v -0.057995326817035675 0.523178044706583 0.0735262781381607
v -0.04507468268275261 0.5273970477283001 0.0735262781381607
v -0.032154034823179245 0.5302411820739508 0.0735262781381607
v -0.01923338696360588 0.5330556146800518 0.0735262781381607
v -0.006312740966677666 0.5346971899271011 0.0735262781381607
v 0.006607905961573124 0.5348899029195309 0.0735262781381607
v 0.019528552889823914 0.5334300100803375 0.0735262781381607
v 0.03244920074939728 0.5305846706032753 0.0735262781381607
v 0.045369844883680344 0.5267683919519186 0.0735262781381607
v 0.05829049274325371 0.5194178968667984 0.0735262781381607
v 0.07121113687753677 0.5049080443568528 0.0735262781381607
v 0.08413178473711014 0.443154975771904 0.0735262781381607
v 0.0970524325966835 0.4083923175930977 0.0735262781381607
v 0.10997305065393448 0.38226304948329926 0.0735262781381607
v 0.12289369106292725 0.37722553312778473 0.0735262781381607
v 0.1358143389225006 0.37483441829681396 0.0735262781381607
v 0.14873498678207397 0.3714187443256378 0.0735262781381607
v 0.16165563464164734 0.36801254749298096 0.0735262781381607
v 0.1745762825012207 0.36033961176872253 0.0735262781381607
v 0.18749696016311646 0.35696057975292206 0.0735262781381607
v 0.20041757822036743 0.3530595451593399 0.0735262781381607
v 0.21333818137645721 0.3486774116754532 0.0735262781381607
v 0.22625887393951416 0.34365417063236237 0.0735262781381607
v 0.23917947709560394 0.33651451766490936 0.0735262781381607
v 0.2521001696586609 0.3250165581703186 0.0735262781381607
v 0.26502078771591187 0.3036032170057297 0.0735262781381607
v 0.2779414653778076 0.22745084762573242 0.0735262781381607
v 0.2908620834350586 0.22709575295448303 0.0735262781381607
v 0.30378276109695435 0.22709575295448303 0.0735262781381607
v 0.31670334935188293 0.22709575295448303 0.0735262781381607
v 0.3296240270137787 0.22709575295448303 0.0735262781381607
v 0.34254464507102966 0.22709575295448303 0.0735262781381607
v 0.3554653227329254 0.22709575295448303 0.0735262781381607
v 0.3683859407901764 0.22709575295448303 0.0735262781381607
v 0.38130661845207214 0.22709575295448303 0.0735262781381607
v 0.3942272365093231 0.22709575295448303 0.0735262781381607
v -0.381011426448822 0.22709575295448303 0.0607057586312294
v -0.36809077858924866 0.22709575295448303 0.0607057586312294
v -0.3551701307296753 0.22709575295448303 0.0607057586312294
v -0.3422495126724243 0.22709575295448303 0.0607057586312294
v -0.32932886481285095 0.24974095821380615 0.0607057586312294
v -0.3164082169532776 0.4081408903002739 0.0607057586312294
v -0.3034875690937042 0.42555021494627 0.0607057586312294
v -0.29056692123413086 0.43478594720363617 0.0607057586312294
v -0.2776462733745575 0.44138656184077263 0.0607057586312294
v -0.26472562551498413 0.4465608038008213 0.0607057586312294
v -0.25180497765541077 0.4492896981537342 0.0607057586312294
v -0.2388843297958374 0.45085469260811806 0.0607057586312294
v -0.22596369683742523 0.45173150300979614 0.0607057586312294
v -0.21304304897785187 0.4543919563293457 0.0607057586312294
v -0.2001224160194397 0.4570396654307842 0.0607057586312294
v -0.18720176815986633 0.4572584107518196 0.0607057586312294
v -0.17428112030029297 0.45700469613075256 0.0607057586312294
v -0.1613604724407196 0.4519585445523262 0.0607057586312294
v -0.14843982458114624 0.4494238384068012 0.0607057586312294
v -0.13551919162273407 0.45546644926071167 0.0607057586312294
v -0.1225985437631607 0.46207011863589287 0.0607057586312294
v -0.10967789590358734 0.4684234894812107 0.0607057586312294
v -0.09675723314285278 0.4748928174376488 0.0607057586312294
v -0.0838366225361824 0.4903166638687253 0.0607057586312294
v -0.07091597467660904 0.5094211222603917 0.0607057586312294
v -0.057995326817035675 0.5189117435365915 0.0607057586312294
v -0.04507468268275261 0.5256565660238266 0.0607057586312294
v -0.032154034823179245 0.5303522665053606 0.0607057586312294
v -0.01923338696360588 0.533312875777483 0.0607057586312294
v -0.006312740966677666 0.534799687564373 0.0607057586312294
v 0.006607905961573124 0.5347254425287247 0.0607057586312294
v 0.019528552889823914 0.5336130261421204 0.0607057586312294
v 0.03244920074939728 0.5310994870960712 0.0607057586312294
v 0.045369844883680344 0.5251156408339739 0.0607057586312294
v 0.05829049274325371 0.5096241449937224 0.0607057586312294
v 0.07121113687753677 0.47168863005936146 0.0607057586312294
v 0.08413178473711014 0.4420563653111458 0.0607057586312294
v 0.0970524325966835 0.4152987450361252 0.0607057586312294
v 0.10997305065393448 0.3941441848874092 0.0607057586312294
v 0.12289369106292725 0.38754068315029144 0.0607057586312294
v 0.1358143389225006 0.38516872376203537 0.0607057586312294
v 0.14873498678207397 0.3824506923556328 0.0607057586312294
v 0.16165563464164734 0.3787207156419754 0.0607057586312294
v 0.1745762825012207 0.37046606838703156 0.0607057586312294
v 0.18749696016311646 0.36747148633003235 0.0607057586312294
v 0.20041757822036743 0.36391931772232056 0.0607057586312294
v 0.21333818137645721 0.3600238561630249 0.0607057586312294
v 0.22625887393951416 0.35598114132881165 0.0607057586312294
v 0.23917947709560394 0.35133662819862366 0.0607057586312294
v 0.2521001696586609 0.34527961909770966 0.0607057586312294
v 0.26502078771591187 0.33660194277763367 0.0607057586312294
v 0.2779414653778076 0.3277282565832138 0.0607057586312294
v 0.2908620834350586 0.24183917045593262 0.0607057586312294
v 0.30378276109695435 0.22709575295448303 0.0607057586312294
v 0.31670334935188293 0.22709575295448303 0.0607057586312294
v 0.3296240270137787 0.22709575295448303 0.0607057586312294
v 0.34254464507102966 0.22709575295448303 0.0607057586312294
v 0.3554653227329254 0.22709575295448303 0.0607057586312294
v 0.3683859407901764 0.22709575295448303 0.0607057586312294
v 0.38130661845207214 0.22709575295448303 0.0607057586312294
v 0.3942272365093231 0.22709575295448303 0.0607057586312294
v -0.381011426448822 0.22709575295448303 0.0478852353990078
v -0.36809077858924866 0.22740843892097473 0.0478852353990078
v -0.3551701307296753 0.2277141511440277 0.0478852353990078
v -0.3422495126724243 0.41290895640850067 0.0478852353990078
v -0.32932886481285095 0.42892546206712723 0.0478852353990078
v -0.3164082169532776 0.4420454390347004 0.0478852353990078
v -0.3034875690937042 0.450748011469841 0.0478852353990078
v -0.29056692123413086 0.45621276274323463 0.0478852353990078
v -0.2776462733745575 0.4592566452920437 0.0478852353990078
v -0.26472562551498413 0.46014270931482315 0.0478852353990078
v -0.25180497765541077 0.4608806259930134 0.0478852353990078
v -0.2388843297958374 0.4616762287914753 0.0478852353990078
v -0.22596369683742523 0.4622511640191078 0.0478852353990078
v -0.21304304897785187 0.4633917324244976 0.0478852353990078
v -0.2001224160194397 0.46632760763168335 0.0478852353990078
v -0.18720176815986633 0.46587155759334564 0.0478852353990078
v -0.17428112030029297 0.46510637179017067 0.0478852353990078
v -0.1613604724407196 0.46347498521208763 0.0478852353990078
v -0.14843982458114624 0.4569561444222927 0.0478852353990078
v -0.13551919162273407 0.4566850773990154 0.0478852353990078
v -0.1225985437631607 0.46116778627038 0.0478852353990078
v -0.10967789590358734 0.4662838540971279 0.0478852353990078
v -0.09675723314285278 0.47156880982220173 0.0478852353990078
v -0.0838366225361824 0.47709355503320694 0.0478852353990078
v -0.07091597467660904 0.4870568374171853 0.0478852353990078
v -0.057995326817035675 0.5083577521145344 0.0478852353990078
v -0.04507468268275261 0.5170071478933096 0.0478852353990078
v -0.032154034823179245 0.5233538001775742 0.0478852353990078
v -0.01923338696360588 0.527667498216033 0.0478852353990078
v -0.006312740966677666 0.5305790118873119 0.0478852353990078
v 0.006607905961573124 0.5310677662491798 0.0478852353990078
v 0.019528552889823914 0.5291446149349213 0.0478852353990078
v 0.03244920074939728 0.5235793646425009 0.0478852353990078
v 0.045369844883680344 0.49633186077699065 0.0478852353990078
v 0.05829049274325371 0.47961915470659733 0.0478852353990078
v 0.07121113687753677 0.46287015080451965 0.0478852353990078
v 0.08413178473711014 0.4417544901371002 0.0478852353990078
v 0.0970524325966835 0.41994813084602356 0.0478852353990078
v 0.10997305065393448 0.40189164876937866 0.0478852353990078
v 0.12289369106292725 0.3961478993296623 0.0478852353990078
v 0.1358143389225006 0.3937356397509575 0.0478852353990078
v 0.14873498678207397 0.3922484442591667 0.0478852353990078
v 0.16165563464164734 0.3884429708123207 0.0478852353990078
v 0.1745762825012207 0.3797294795513153 0.0478852353990078
v 0.18749696016311646 0.3756960779428482 0.0478852353990078
v 0.20041757822036743 0.37278036773204803 0.0478852353990078
v 0.21333818137645721 0.3697485029697418 0.0478852353990078
v 0.22625887393951416 0.3661476969718933 0.0478852353990078
v 0.23917947709560394 0.36219531297683716 0.0478852353990078
v 0.2521001696586609 0.35765641927719116 0.0478852353990078
v 0.26502078771591187 0.35189856588840485 0.0478852353990078
v 0.2779414653778076 0.3442341536283493 0.0478852353990078
v 0.2908620834350586 0.33693718910217285 0.0478852353990078
v 0.30378276109695435 0.32902155816555023 0.0478852353990078
v 0.31670334935188293 0.22713115811347961 0.0478852353990078
v 0.3296240270137787 0.22709575295448303 0.0478852353990078
v 0.34254464507102966 0.22709575295448303 0.0478852353990078
v 0.3554653227329254 0.22709575295448303 0.0478852353990078
v 0.3683859407901764 0.22709575295448303 0.0478852353990078
v 0.38130661845207214 0.22709575295448303 0.0478852353990078
v 0.3942272365093231 0.22709575295448303 0.0478852353990078
v -0.381011426448822 0.22936490178108215 0.03506471589207649
v -0.36809077858924866 0.3372664898633957 0.03506471589207649
v -0.3551701307296753 0.4333498179912567 0.03506471589207649
v -0.3422495126724243 0.4482703283429146 0.03506471589207649
v -0.32932886481285095 0.4587615169584751 0.03506471589207649
v -0.3164082169532776 0.465596579015255 0.03506471589207649
v -0.3034875690937042 0.4700416140258312 0.03506471589207649
v -0.29056692123413086 0.4710160233080387 0.03506471589207649
v -0.2776462733745575 0.470831286162138 0.03506471589207649
v -0.26472562551498413 0.4709721468389034 0.03506471589207649
v -0.25180497765541077 0.47113955952227116 0.03506471589207649
v -0.2388843297958374 0.47128849290311337 0.03506471589207649
v -0.22596369683742523 0.47145233675837517 0.03506471589207649
v -0.21304304897785187 0.47157383151352406 0.03506471589207649
v -0.2001224160194397 0.4735449943691492 0.03506471589207649
v -0.18720176815986633 0.4739872142672539 0.03506471589207649
v -0.17428112030029297 0.47254395857453346 0.03506471589207649
v -0.1613604724407196 0.4710897020995617 0.03506471589207649
v -0.14843982458114624 0.4639308378100395 0.03506471589207649
v -0.13551919162273407 0.46198686584830284 0.03506471589207649
v -0.1225985437631607 0.4604371301829815 0.03506471589207649
v -0.10967789590358734 0.46407506987452507 0.03506471589207649
v -0.09675723314285278 0.468557458370924 0.03506471589207649
v -0.0838366225361824 0.47329363971948624 0.03506471589207649
v -0.07091597467660904 0.47804133780300617 0.03506471589207649
v -0.057995326817035675 0.4856040086597204 0.03506471589207649
v -0.04507468268275261 0.49566474137827754 0.03506471589207649
v -0.032154034823179245 0.5044190189801157 0.03506471589207649
v -0.01923338696360588 0.510185593739152 0.03506471589207649
v -0.006312740966677666 0.5127234477549791 0.03506471589207649
v 0.006607905961573124 0.5115410210564733 0.03506471589207649
v 0.019528552889823914 0.5016466678353027 0.03506471589207649
v 0.03244920074939728 0.4920018967241049 0.03506471589207649
v 0.045369844883680344 0.48197057098150253 0.03506471589207649
v 0.05829049274325371 0.4705907590687275 0.03506471589207649
v 0.07121113687753677 0.4572662152349949 0.03506471589207649
v 0.08413178473711014 0.4385785274207592 0.03506471589207649
v 0.0970524325966835 0.42098531126976013 0.03506471589207649
v 0.10997305065393448 0.40717995911836624 0.03506471589207649
v 0.12289369106292725 0.4039786010980606 0.03506471589207649
v 0.1358143389225006 0.4019106402993202 0.03506471589207649
v 0.14873498678207397 0.4007302150130272 0.03506471589207649
v 0.16165563464164734 0.3972087875008583 0.03506471589207649
v 0.1745762825012207 0.3912947401404381 0.03506471589207649
v 0.18749696016311646 0.3838215619325638 0.03506471589207649
v 0.20041757822036743 0.3812081068754196 0.03506471589207649
v 0.21333818137645721 0.3785206750035286 0.03506471589207649
v 0.22625887393951416 0.37548352777957916 0.03506471589207649
v 0.23917947709560394 0.3719840347766876 0.03506471589207649
v 0.2521001696586609 0.36808884143829346 0.03506471589207649
v 0.26502078771591187 0.3641701340675354 0.03506471589207649
v 0.2779414653778076 0.3583214730024338 0.03506471589207649
v 0.2908620834350586 0.35058723390102386 0.03506471589207649
v 0.30378276109695435 0.3446003943681717 0.03506471589207649
v 0.31670334935188293 0.33872276544570923 0.03506471589207649
v 0.3296240270137787 0.22917374968528748 0.03506471589207649
v 0.34254464507102966 0.22709575295448303 0.03506471589207649
v 0.3554653227329254 0.22709575295448303 0.03506471589207649
v 0.3683859407901764 0.22709575295448303 0.03506471589207649
v 0.38130661845207214 0.22709575295448303 0.03506471589207649
v 0.3942272365093231 0.22709575295448303 0.03506471589207649
v -0.381011426448822 0.43732795864343643 0.02224419265985489
v -0.36809077858924866 0.4499630928039551 0.02224419265985489
v -0.3551701307296753 0.46492183208465576 0.02224419265985489
v -0.3422495126724243 0.4749484322965145 0.02224419265985489
v -0.32932886481285095 0.4807231780141592 0.02224419265985489
v -0.3164082169532776 0.4837572667747736 0.02224419265985489
v -0.3034875690937042 0.48316326178610325 0.02224419265985489
v -0.29056692123413086 0.4825807958841324 0.02224419265985489
v -0.2776462733745575 0.48180682584643364 0.02224419265985489
v -0.26472562551498413 0.4810547810047865 0.02224419265985489
v -0.25180497765541077 0.48038394562900066 0.02224419265985489
v -0.2388843297958374 0.4799951519817114 0.02224419265985489
v -0.22596369683742523 0.47961428202688694 0.02224419265985489
v -0.21304304897785187 0.47926867567002773 0.02224419265985489
v -0.2001224160194397 0.47926213033497334 0.02224419265985489
v -0.18720176815986633 0.4814885351806879 0.02224419265985489
v -0.17428112030029297 0.479837778955698 0.02224419265985489
v -0.1613604724407196 0.47786203771829605 0.02224419265985489
v -0.14843982458114624 0.47534812800586224 0.02224419265985489
v -0.13551919162273407 0.46808991581201553 0.02224419265985489
v -0.1225985437631607 0.46337637677788734 0.02224419265985489
v -0.10967789590358734 0.46228593587875366 0.02224419265985489
v -0.09675723314285278 0.4657781422138214 0.02224419265985489
v -0.0838366225361824 0.46983236633241177 0.02224419265985489
v -0.07091597467660904 0.47373216785490513 0.02224419265985489
v -0.057995326817035675 0.4774978533387184 0.02224419265985489
v -0.04507468268275261 0.4811016842722893 0.02224419265985489
v -0.032154034823179245 0.48494156543165445 0.02224419265985489
v -0.01923338696360588 0.4894772581756115 0.02224419265985489
v -0.006312740966677666 0.4914651308208704 0.02224419265985489
v 0.006607905961573124 0.4896494699642062 0.02224419265985489
v 0.019528552889823914 0.48505865316838026 0.02224419265985489
v 0.03244920074939728 0.4801658634096384 0.02224419265985489
v 0.045369844883680344 0.4728768654167652 0.02224419265985489
v 0.05829049274325371 0.46303699538111687 0.02224419265985489
v 0.07121113687753677 0.4511027969419956 0.02224419265985489
v 0.08413178473711014 0.43570227921009064 0.02224419265985489
v 0.0970524325966835 0.4214283525943756 0.02224419265985489
v 0.10997305065393448 0.4121457487344742 0.02224419265985489
v 0.12289369106292725 0.4111783504486084 0.02224419265985489
v 0.1358143389225006 0.40925998985767365 0.02224419265985489
v 0.14873498678207397 0.40812551975250244 0.02224419265985489
v 0.16165563464164734 0.4049513638019562 0.02224419265985489
v 0.1745762825012207 0.40033022314310074 0.02224419265985489
v 0.18749696016311646 0.39106689393520355 0.02224419265985489
v 0.20041757822036743 0.38873910903930664 0.02224419265985489
v 0.21333818137645721 0.3862241134047508 0.02224419265985489
v 0.22625887393951416 0.3835592344403267 0.02224419265985489
v 0.23917947709560394 0.3804127052426338 0.02224419265985489
v 0.2521001696586609 0.37693755328655243 0.02224419265985489
v 0.26502078771591187 0.3736210912466049 0.02224419265985489
v 0.2779414653778076 0.3697405159473419 0.02224419265985489
v 0.2908620834350586 0.36234748363494873 0.02224419265985489
v 0.30378276109695435 0.35606807470321655 0.02224419265985489
v 0.31670334935188293 0.3513830900192261 0.02224419265985489
v 0.3296240270137787 0.34508368372917175 0.02224419265985489
v 0.34254464507102966 0.2277185618877411 0.02224419265985489
v 0.3554653227329254 0.22709575295448303 0.02224419265985489
v 0.3683859407901764 0.22709575295448303 0.02224419265985489
v 0.38130661845207214 0.22709575295448303 0.02224419265985489
v 0.3942272365093231 0.22709575295448303 0.02224419265985489
v -0.381011426448822 0.47042637318372726 0.009423671290278435
v -0.36809077858924866 0.4805086627602577 0.009423671290278435
v -0.3551701307296753 0.4901227466762066 0.009423671290278435
v -0.3422495126724243 0.4959318204782903 0.009423671290278435
v -0.32932886481285095 0.4965150731150061 0.009423671290278435
v -0.3164082169532776 0.495777006726712 0.009423671290278435
v -0.3034875690937042 0.49450416676700115 0.009423671290278435
v -0.29056692123413086 0.49297527270391583 0.009423671290278435
v -0.2776462733745575 0.4914234923198819 0.009423671290278435
v -0.26472562551498413 0.4898011591285467 0.009423671290278435
v -0.25180497765541077 0.48844804521650076 0.009423671290278435
v -0.2388843297958374 0.4875058000907302 0.009423671290278435
v -0.22596369683742523 0.4866937343031168 0.009423671290278435
v -0.21304304897785187 0.48609244357794523 0.009423671290278435
v -0.2001224160194397 0.48530934285372496 0.009423671290278435
v -0.18720176815986633 0.48633543122559786 0.009423671290278435
v -0.17428112030029297 0.4867168664932251 0.009423671290278435
v -0.1613604724407196 0.4841285888105631 0.009423671290278435
v -0.14843982458114624 0.48161123506724834 0.009423671290278435
v -0.13551919162273407 0.47633351385593414 0.009423671290278435
v -0.1225985437631607 0.47101681120693684 0.009423671290278435
v -0.10967789590358734 0.4627050496637821 0.009423671290278435
v -0.09675723314285278 0.46344033256173134 0.009423671290278435
v -0.0838366225361824 0.46694115549325943 0.009423671290278435
v -0.07091597467660904 0.47028351947665215 0.009423671290278435
v -0.057995326817035675 0.47316131927073 0.009423671290278435
v -0.04507468268275261 0.475509462878108 0.009423671290278435
v -0.032154034823179245 0.47730868496000767 0.009423671290278435
v -0.01923338696360588 0.478642750531435 0.009423671290278435
v -0.006312740966677666 0.4791753590106964 0.009423671290278435
v 0.006607905961573124 0.4783985838294029 0.009423671290278435
v 0.019528552889823914 0.4759364016354084 0.009423671290278435
v 0.03244920074939728 0.4717690031975508 0.009423671290278435
v 0.045369844883680344 0.46554162725806236 0.009423671290278435
v 0.05829049274325371 0.4570065662264824 0.009423671290278435
v 0.07121113687753677 0.4460468515753746 0.009423671290278435
v 0.08413178473711014 0.4335518404841423 0.009423671290278435
v 0.0970524325966835 0.42258116602897644 0.009423671290278435
v 0.10997305065393448 0.4173792749643326 0.009423671290278435
v 0.12289369106292725 0.41753464937210083 0.009423671290278435
v 0.1358143389225006 0.4160153195261955 0.009423671290278435
v 0.14873498678207397 0.415021575987339 0.009423671290278435
v 0.16165563464164734 0.41163370013237 0.009423671290278435
v 0.1745762825012207 0.40740395337343216 0.009423671290278435
v 0.18749696016311646 0.3974834829568863 0.009423671290278435
v 0.20041757822036743 0.3952527195215225 0.009423671290278435
v 0.21333818137645721 0.3929496854543686 0.009423671290278435
v 0.22625887393951416 0.39050836116075516 0.009423671290278435
v 0.23917947709560394 0.3876776695251465 0.009423671290278435
v 0.2521001696586609 0.38438630849123 0.009423671290278435
v 0.26502078771591187 0.38122981786727905 0.009423671290278435
v 0.2779414653778076 0.3781895935535431 0.009423671290278435
v 0.2908620834350586 0.37361834943294525 0.009423671290278435
v 0.30378276109695435 0.3653385043144226 0.009423671290278435
v 0.31670334935188293 0.3606773912906647 0.009423671290278435
v 0.3296240270137787 0.35499846935272217 0.009423671290278435
v 0.34254464507102966 0.34609510004520416 0.009423671290278435
v 0.3554653227329254 0.22714325785636902 0.009423671290278435
v 0.3683859407901764 0.22709575295448303 0.009423671290278435
v 0.38130661845207214 0.22709575295448303 0.009423671290278435
v 0.3942272365093231 0.22709575295448303 0.009423671290278435
v -0.381011426448822 0.4971029523294419 -0.003396850312128663
v -0.36809077858924866 0.5038961069658399 -0.003396850312128663
v -0.3551701307296753 0.5093360496684909 -0.003396850312128663
v -0.3422495126724243 0.5082366028800607 -0.003396850312128663
v -0.32932886481285095 0.5073658213950694 -0.003396850312128663
v -0.3164082169532776 0.5062813619151711 -0.003396850312128663
v -0.3034875690937042 0.5043795220553875 -0.003396850312128663
v -0.29056692123413086 0.5023392080329359 -0.003396850312128663
v -0.2776462733745575 0.5002377414639341 -0.003396850312128663
v -0.26472562551498413 0.4978314458858222 -0.003396850312128663
v -0.25180497765541077 0.495888804551214 -0.003396850312128663
v -0.2388843297958374 0.49463565181940794 -0.003396850312128663
v -0.22596369683742523 0.49339541839435697 -0.003396850312128663
v -0.21304304897785187 0.4922690992243588 -0.003396850312128663
v -0.2001224160194397 0.4912608526647091 -0.003396850312128663
v -0.18720176815986633 0.49036538880318403 -0.003396850312128663
v -0.17428112030029297 0.4917841339483857 -0.003396850312128663
v -0.1613604724407196 0.4903298048302531 -0.003396850312128663
v -0.14843982458114624 0.4869739543646574 -0.003396850312128663
v -0.13551919162273407 0.48385247960686684 -0.003396850312128663
v -0.1225985437631607 0.4760412350296974 -0.003396850312128663
v -0.10967789590358734 0.4729517996311188 -0.003396850312128663
v -0.09675723314285278 0.46342820301651955 -0.003396850312128663
v -0.0838366225361824 0.46449848636984825 -0.003396850312128663
v -0.07091597467660904 0.46755489706993103 -0.003396850312128663
v -0.057995326817035675 0.46983588486909866 -0.003396850312128663
v -0.04507468268275261 0.4717783536761999 -0.003396850312128663
v -0.032154034823179245 0.4730052500963211 -0.003396850312128663
v -0.01923338696360588 0.4734687563031912 -0.003396850312128663
v -0.006312740966677666 0.47333513014018536 -0.003396850312128663
v 0.006607905961573124 0.4721337538212538 -0.003396850312128663
v 0.019528552889823914 0.4699229262769222 -0.003396850312128663
v 0.03244920074939728 0.46613767743110657 -0.003396850312128663
v 0.045369844883680344 0.4602976217865944 -0.003396850312128663
v 0.05829049274325371 0.45234450697898865 -0.003396850312128663
v 0.07121113687753677 0.4428044706583023 -0.003396850312128663
v 0.08413178473711014 0.4328114837408066 -0.003396850312128663
v 0.0970524325966835 0.42473500967025757 -0.003396850312128663
v 0.10997305065393448 0.42340970039367676 -0.003396850312128663
v 0.12289369106292725 0.42352840304374695 -0.003396850312128663
v 0.1358143389225006 0.4224301353096962 -0.003396850312128663
v 0.14873498678207397 0.4212976396083832 -0.003396850312128663
v 0.16165563464164734 0.41772138327360153 -0.003396850312128663
v 0.1745762825012207 0.4138750955462456 -0.003396850312128663
v 0.18749696016311646 0.4035290330648422 -0.003396850312128663
v 0.20041757822036743 0.401218943297863 -0.003396850312128663
v 0.21333818137645721 0.399104081094265 -0.003396850312128663
v 0.22625887393951416 0.39668603241443634 -0.003396850312128663
v 0.23917947709560394 0.39409422874450684 -0.003396850312128663
v 0.2521001696586609 0.3910353034734726 -0.003396850312128663
v 0.26502078771591187 0.38787151128053665 -0.003396850312128663
v 0.2779414653778076 0.38493794947862625 -0.003396850312128663
v 0.2908620834350586 0.38146208226680756 -0.003396850312128663
v 0.30378276109695435 0.3752826228737831 -0.003396850312128663
v 0.31670334935188293 0.368984580039978 -0.003396850312128663
v 0.3296240270137787 0.36316296458244324 -0.003396850312128663
v 0.34254464507102966 0.35507941246032715 -0.003396850312128663
v 0.3554653227329254 0.23983004689216614 -0.003396850312128663
v 0.3683859407901764 0.22709575295448303 -0.003396850312128663
v 0.38130661845207214 0.22709575295448303 -0.003396850312128663
v 0.3942272365093231 0.22709575295448303 -0.003396850312128663
v -0.381011426448822 0.5177113022655249 -0.01621730625629425
v -0.36809077858924866 0.5196730643510818 -0.01621730625629425
v -0.3551701307296753 0.5190847180783749 -0.01621730625629425
v -0.3422495126724243 0.518193831667304 -0.01621730625629425
v -0.32932886481285095 0.5169359054416418 -0.01621730625629425
v -0.3164082169532776 0.5152591606602073 -0.01621730625629425
v -0.3034875690937042 0.5129442866891623 -0.01621730625629425
v -0.29056692123413086 0.5105068860575557 -0.01621730625629425
v -0.2776462733745575 0.5082538295537233 -0.01621730625629425
v -0.26472562551498413 0.5052552497945726 -0.01621730625629425
v -0.25180497765541077 0.502512453822419 -0.01621730625629425
v -0.2388843297958374 0.500835636339616 -0.01621730625629425
v -0.22596369683742523 0.49921234289649874 -0.01621730625629425
v -0.21304304897785187 0.49769535940140486 -0.01621730625629425
v -0.2001224160194397 0.4964522223453969 -0.01621730625629425
v -0.18720176815986633 0.49505486199632287 -0.01621730625629425
v -0.17428112030029297 0.49392716493457556 -0.01621730625629425
v -0.1613604724407196 0.49562101159244776 -0.01621730625629425
v -0.14843982458114624 0.49236595956608653 -0.01621730625629425
v -0.13551919162273407 0.48865247052162886 -0.01621730625629425
v -0.1225985437631607 0.48489933647215366 -0.01621730625629425
v -0.10967789590358734 0.47678609378635883 -0.01621730625629425
v -0.09675723314285278 0.47353295981884 -0.01621730625629425
v -0.0838366225361824 0.4647024944424629 -0.01621730625629425
v -0.07091597467660904 0.46557246521115303 -0.01621730625629425
v -0.057995326817035675 0.4675245061516762 -0.01621730625629425
v -0.04507468268275261 0.4690344762057066 -0.01621730625629425
v -0.032154034823179245 0.46998277492821217 -0.01621730625629425
v -0.01923338696360588 0.47018333710730076 -0.01621730625629425
v -0.006312740966677666 0.46976545453071594 -0.01621730625629425
v 0.006607905961573124 0.46841298043727875 -0.01621730625629425
v 0.019528552889823914 0.46609894186258316 -0.01621730625629425
v 0.03244920074939728 0.46224429830908775 -0.01621730625629425
v 0.045369844883680344 0.45651377364993095 -0.01621730625629425
v 0.05829049274325371 0.44911549240350723 -0.01621730625629425
v 0.07121113687753677 0.44098174944519997 -0.01621730625629425
v 0.08413178473711014 0.43347734212875366 -0.01621730625629425
v 0.0970524325966835 0.4289620816707611 -0.01621730625629425
v 0.10997305065393448 0.4298328682780266 -0.01621730625629425
v 0.12289369106292725 0.4292430803179741 -0.01621730625629425
v 0.1358143389225006 0.42822857946157455 -0.01621730625629425
v 0.14873498678207397 0.426701657474041 -0.01621730625629425
v 0.16165563464164734 0.4231856018304825 -0.01621730625629425
v 0.1745762825012207 0.4196111038327217 -0.01621730625629425
v 0.18749696016311646 0.4089028015732765 -0.01621730625629425
v 0.20041757822036743 0.40635399520397186 -0.01621730625629425
v 0.21333818137645721 0.4044235125184059 -0.01621730625629425
v 0.22625887393951416 0.4020480662584305 -0.01621730625629425
v 0.23917947709560394 0.39959562569856644 -0.01621730625629425
v 0.2521001696586609 0.396671898663044 -0.01621730625629425
v 0.26502078771591187 0.39354681223630905 -0.01621730625629425
v 0.2779414653778076 0.39060988277196884 -0.01621730625629425
v 0.2908620834350586 0.3877679854631424 -0.01621730625629425
v 0.30378276109695435 0.38340962678194046 -0.01621730625629425
v 0.31670334935188293 0.37734080106019974 -0.01621730625629425
v 0.3296240270137787 0.37145109474658966 -0.01621730625629425
v 0.34254464507102966 0.3646770417690277 -0.01621730625629425
v 0.3554653227329254 0.3534800410270691 -0.01621730625629425
v 0.3683859407901764 0.22709575295448303 -0.01621730625629425
v 0.38130661845207214 0.22709575295448303 -0.01621730625629425
v 0.3942272365093231 0.22709575295448303 -0.01621730625629425
v -0.381011426448822 0.5300734732300043 -0.029037827625870705
v -0.36809077858924866 0.5296427216380835 -0.029037827625870705
v -0.3551701307296753 0.5289362519979477 -0.029037827625870705
v -0.3422495126724243 0.527499295771122 -0.029037827625870705
v -0.32932886481285095 0.5256795510649681 -0.029037827625870705
v -0.3164082169532776 0.523576533421874 -0.029037827625870705
v -0.3034875690937042 0.5209755338728428 -0.029037827625870705
v -0.29056692123413086 0.5184491723775864 -0.029037827625870705
v -0.2776462733745575 0.5158126130700111 -0.029037827625870705
v -0.26472562551498413 0.5127365393564105 -0.029037827625870705
v -0.25180497765541077 0.509158349595964 -0.029037827625870705
v -0.2388843297958374 0.5067252549342811 -0.029037827625870705
v -0.22596369683742523 0.5047022169455886 -0.029037827625870705
v -0.21304304897785187 0.502889214316383 -0.029037827625870705
v -0.2001224160194397 0.5014117524260655 -0.029037827625870705
v -0.18720176815986633 0.49995205816594535 -0.029037827625870705
v -0.17428112030029297 0.49821428465656936 -0.029037827625870705
v -0.1613604724407196 0.4979195452760905 -0.029037827625870705
v -0.14843982458114624 0.49808420275803655 -0.029037827625870705
v -0.13551919162273407 0.4939489192329347 -0.029037827625870705
v -0.1225985437631607 0.4901599297299981 -0.029037827625870705
v -0.10967789590358734 0.4857442295178771 -0.029037827625870705
v -0.09675723314285278 0.4775362182408571 -0.029037827625870705
v -0.0838366225361824 0.4747495446354151 -0.029037827625870705
v -0.07091597467660904 0.4658912196755409 -0.029037827625870705
v -0.057995326817035675 0.4660520628094673 -0.029037827625870705
v -0.04507468268275261 0.467243030667305 -0.029037827625870705
v -0.032154034823179245 0.4677761532366276 -0.029037827625870705
v -0.01923338696360588 0.4677315652370453 -0.029037827625870705
v -0.006312740966677666 0.467131108045578 -0.029037827625870705
v 0.006607905961573124 0.46559876948595047 -0.029037827625870705
v 0.019528552889823914 0.46293816715478897 -0.029037827625870705
v 0.03244920074939728 0.4589000642299652 -0.029037827625870705
v 0.045369844883680344 0.45329780131578445 -0.029037827625870705
v 0.05829049274325371 0.4466817304491997 -0.029037827625870705
v 0.07121113687753677 0.44017908349633217 -0.029037827625870705
v 0.08413178473711014 0.43522322177886963 -0.029037827625870705
v 0.0970524325966835 0.43445761501789093 -0.029037827625870705
v 0.10997305065393448 0.4366004765033722 -0.029037827625870705
v 0.12289369106292725 0.43521738797426224 -0.029037827625870705
v 0.1358143389225006 0.4341522976756096 -0.029037827625870705
v 0.14873498678207397 0.43133141845464706 -0.029037827625870705
v 0.16165563464164734 0.42863157391548157 -0.029037827625870705
v 0.1745762825012207 0.42511987686157227 -0.029037827625870705
v 0.18749696016311646 0.4160502105951309 -0.029037827625870705
v 0.20041757822036743 0.4115832895040512 -0.029037827625870705
v 0.21333818137645721 0.40965820848941803 -0.029037827625870705
v 0.22625887393951416 0.4073489084839821 -0.029037827625870705
v 0.23917947709560394 0.40485815703868866 -0.029037827625870705
v 0.2521001696586609 0.4020404890179634 -0.029037827625870705
v 0.26502078771591187 0.39894089847803116 -0.029037827625870705
v 0.2779414653778076 0.3960232809185982 -0.029037827625870705
v 0.2908620834350586 0.39329177141189575 -0.029037827625870705
v 0.30378276109695435 0.3900272101163864 -0.029037827625870705
v 0.31670334935188293 0.38512346148490906 -0.029037827625870705
v 0.3296240270137787 0.3800259679555893 -0.029037827625870705
v 0.34254464507102966 0.3747728019952774 -0.029037827625870705
v 0.3554653227329254 0.3674399107694626 -0.029037827625870705
v 0.3683859407901764 0.22826305031776428 -0.029037827625870705
v 0.38130661845207214 0.22709575295448303 -0.029037827625870705
v 0.3942272365093231 0.22709575295448303 -0.029037827625870705
v -0.381011426448822 0.5396977700293064 -0.04185834899544716
v -0.36809077858924866 0.5389379225671291 -0.04185834899544716
v -0.3551701307296753 0.5379097200930119 -0.04185834899544716
v -0.3422495126724243 0.5359805636107922 -0.04185834899544716
v -0.32932886481285095 0.533720076084137 -0.04185834899544716
v -0.3164082169532776 0.5312248189002275 -0.04185834899544716
v -0.3034875690937042 0.528433371335268 -0.04185834899544716
v -0.29056692123413086 0.5256437938660383 -0.04185834899544716
v -0.2776462733745575 0.5227419026196003 -0.04185834899544716
v -0.26472562551498413 0.5195000655949116 -0.04185834899544716
v -0.25180497765541077 0.5153357926756144 -0.04185834899544716
v -0.2388843297958374 0.5121043156832457 -0.04185834899544716
v -0.22596369683742523 0.509784790687263 -0.04185834899544716
v -0.21304304897785187 0.5077513428404927 -0.04185834899544716
v -0.2001224160194397 0.5059674526564777 -0.04185834899544716
v -0.18720176815986633 0.5043710069730878 -0.04185834899544716
v -0.17428112030029297 0.5027072816155851 -0.04185834899544716
v -0.1613604724407196 0.5009268856956623 -0.04185834899544716
v -0.14843982458114624 0.5017771681305021 -0.04185834899544716
v -0.13551919162273407 0.4993974009412341 -0.04185834899544716
v -0.1225985437631607 0.49506898736581206 -0.04185834899544716
v -0.10967789590358734 0.49130079336464405 -0.04185834899544716
v -0.09675723314285278 0.48710280656814575 -0.04185834899544716
v -0.0838366225361824 0.4781541936099529 -0.04185834899544716
v -0.07091597467660904 0.4758538641035557 -0.04185834899544716
v -0.057995326817035675 0.47234861366450787 -0.04185834899544716
v -0.04507468268275261 0.4667651019990444 -0.04185834899544716
v -0.032154034823179245 0.4662311188876629 -0.04185834899544716
v -0.01923338696360588 0.4658721014857292 -0.04185834899544716
v -0.006312740966677666 0.4650259278714657 -0.04185834899544716
v 0.006607905961573124 0.46328264102339745 -0.04185834899544716
v 0.019528552889823914 0.46036578714847565 -0.04185834899544716
v 0.03244920074939728 0.45602041855454445 -0.04185834899544716
v 0.045369844883680344 0.4505531117320061 -0.04185834899544716
v 0.05829049274325371 0.44518788158893585 -0.04185834899544716
v 0.07121113687753677 0.44131800159811974 -0.04185834899544716
v 0.08413178473711014 0.44136815518140793 -0.04185834899544716
v 0.0970524325966835 0.44274624809622765 -0.04185834899544716
v 0.10997305065393448 0.4421578273177147 -0.04185834899544716
v 0.12289369106292725 0.44059499725699425 -0.04185834899544716
v 0.1358143389225006 0.43970024585723877 -0.04185834899544716
v 0.14873498678207397 0.4362177848815918 -0.04185834899544716
v 0.16165563464164734 0.433516763150692 -0.04185834899544716
v 0.1745762825012207 0.4304087832570076 -0.04185834899544716
v 0.18749696016311646 0.4231168106198311 -0.04185834899544716
v 0.20041757822036743 0.4164305329322815 -0.04185834899544716
v 0.21333818137645721 0.4144066572189331 -0.04185834899544716
v 0.22625887393951416 0.4120717719197273 -0.04185834899544716
v 0.23917947709560394 0.4095810428261757 -0.04185834899544716
v 0.2521001696586609 0.4068489670753479 -0.04185834899544716
v 0.26502078771591187 0.40381134301424026 -0.04185834899544716
v 0.2779414653778076 0.400943823158741 -0.04185834899544716
v 0.2908620834350586 0.3983188271522522 -0.04185834899544716
v 0.30378276109695435 0.39554182440042496 -0.04185834899544716
v 0.31670334935188293 0.39119357615709305 -0.04185834899544716
v 0.3296240270137787 0.3866303935647011 -0.04185834899544716
v 0.34254464507102966 0.3823268339037895 -0.04185834899544716
v 0.3554653227329254 0.3769695535302162 -0.04185834899544716
v 0.3683859407901764 0.36375705897808075 -0.04185834899544716
v 0.38130661845207214 0.22709575295448303 -0.04185834899544716
v 0.3942272365093231 0.22709575295448303 -0.04185834899544716
v -0.381011426448822 0.5490548871457577 -0.05467887222766876
v -0.36809077858924866 0.5478314608335495 -0.05467887222766876
v -0.3551701307296753 0.5464570373296738 -0.05467887222766876
v -0.3422495126724243 0.544219434261322 -0.05467887222766876
v -0.32932886481285095 0.5414405390620232 -0.05467887222766876
v -0.3164082169532776 0.5385363101959229 -0.05467887222766876
v -0.3034875690937042 0.5353664010763168 -0.05467887222766876
v -0.29056692123413086 0.5323184095323086 -0.05467887222766876
v -0.2776462733745575 0.529329352080822 -0.05467887222766876
v -0.26472562551498413 0.5259444154798985 -0.05467887222766876
v -0.25180497765541077 0.5214604996144772 -0.05467887222766876
v -0.2388843297958374 0.5173159632831812 -0.05467887222766876
v -0.22596369683742523 0.5146418986842036 -0.05467887222766876
v -0.21304304897785187 0.5123790483921766 -0.05467887222766876
v -0.2001224160194397 0.5103715872392058 -0.05467887222766876
v -0.18720176815986633 0.5086077526211739 -0.05467887222766876
v -0.17428112030029297 0.5069749113172293 -0.05467887222766876
v -0.1613604724407196 0.5049333916977048 -0.05467887222766876
v -0.14843982458114624 0.5032129427418113 -0.05467887222766876
v -0.13551919162273407 0.5040784333832562 -0.05467887222766876
v -0.1225985437631607 0.5002088507608278 -0.05467887222766876
v -0.10967789590358734 0.4962544662412256 -0.05467887222766876
v -0.09675723314285278 0.49225809937343 -0.05467887222766876
v -0.0838366225361824 0.48843170516192913 -0.05467887222766876
v -0.07091597467660904 0.4804808050394058 -0.05467887222766876
v -0.057995326817035675 0.4768679179251194 -0.05467887222766876
v -0.04507468268275261 0.4747138861566782 -0.05467887222766876
v -0.032154034823179245 0.47256704047322273 -0.05467887222766876
v -0.01923338696360588 0.46520212665200233 -0.05467887222766876
v -0.006312740966677666 0.4634375274181366 -0.05467887222766876
v 0.006607905961573124 0.4612770490348339 -0.05467887222766876
v 0.019528552889823914 0.45825789868831635 -0.05467887222766876
v 0.03244920074939728 0.4540357440710068 -0.05467887222766876
v 0.045369844883680344 0.44963379949331284 -0.05467887222766876
v 0.05829049274325371 0.4514216296374798 -0.05467887222766876
v 0.07121113687753677 0.44861942902207375 -0.05467887222766876
v 0.08413178473711014 0.4466667212545872 -0.05467887222766876
v 0.0970524325966835 0.44865424931049347 -0.05467887222766876
v 0.10997305065393448 0.44750944897532463 -0.05467887222766876
v 0.12289369106292725 0.44603683426976204 -0.05467887222766876
v 0.1358143389225006 0.4441222958266735 -0.05467887222766876
v 0.14873498678207397 0.4410896822810173 -0.05467887222766876
v 0.16165563464164734 0.4383140839636326 -0.05467887222766876
v 0.1745762825012207 0.4353182092308998 -0.05467887222766876
v 0.18749696016311646 0.43001679331064224 -0.05467887222766876
v 0.20041757822036743 0.4211876764893532 -0.05467887222766876
v 0.21333818137645721 0.4190633147954941 -0.05467887222766876
v 0.22625887393951416 0.41657521575689316 -0.05467887222766876
v 0.23917947709560394 0.4140854850411415 -0.05467887222766876
v 0.2521001696586609 0.4115111231803894 -0.05467887222766876
v 0.26502078771591187 0.40857309848070145 -0.05467887222766876
v 0.2779414653778076 0.40567344427108765 -0.05467887222766876
v 0.2908620834350586 0.40294621139764786 -0.05467887222766876
v 0.30378276109695435 0.40031950920820236 -0.05467887222766876
v 0.31670334935188293 0.3969239518046379 -0.05467887222766876
v 0.3296240270137787 0.3926326707005501 -0.05467887222766876
v 0.34254464507102966 0.38900694251060486 -0.05467887222766876
v 0.3554653227329254 0.3848634213209152 -0.05467887222766876
v 0.3683859407901764 0.3776082396507263 -0.05467887222766876
v 0.38130661845207214 0.22718751430511475 -0.05467887222766876
v 0.3942272365093231 0.22709575295448303 -0.05467887222766876
v -0.381011426448822 0.5578289739787579 -0.06749939173460007
v -0.36809077858924866 0.5561241023242474 -0.06749939173460007
v -0.3551701307296753 0.5545106790959835 -0.06749939173460007
v -0.3422495126724243 0.5521297790110111 -0.06749939173460007
v -0.32932886481285095 0.5491048917174339 -0.06749939173460007
v -0.3164082169532776 0.5455990023910999 -0.06749939173460007
v -0.3034875690937042 0.5419337227940559 -0.06749939173460007
v -0.29056692123413086 0.5386292077600956 -0.06749939173460007
v -0.2776462733745575 0.5353858694434166 -0.06749939173460007
v -0.26472562551498413 0.5319994539022446 -0.06749939173460007
v -0.25180497765541077 0.5275839250534773 -0.06749939173460007
v -0.2388843297958374 0.5224567111581564 -0.06749939173460007
v -0.22596369683742523 0.5193968564271927 -0.06749939173460007
v -0.21304304897785187 0.5168833155184984 -0.06749939173460007
v -0.2001224160194397 0.5147494142875075 -0.06749939173460007
v -0.18720176815986633 0.5127479089424014 -0.06749939173460007
v -0.17428112030029297 0.5109932785853744 -0.06749939173460007
v -0.1613604724407196 0.5089932000264525 -0.06749939173460007
v -0.14843982458114624 0.5069740251637995 -0.06749939173460007
v -0.13551919162273407 0.5057691796682775 -0.06749939173460007
v -0.1225985437631607 0.5054514803923666 -0.06749939173460007
v -0.10967789590358734 0.5015570180257782 -0.06749939173460007
v -0.09675723314285278 0.4973740179557353 -0.06749939173460007
v -0.0838366225361824 0.49311468144878745 -0.06749939173460007
v -0.07091597467660904 0.48941521905362606 -0.06749939173460007
v -0.057995326817035675 0.4857802074402571 -0.06749939173460007
v -0.04507468268275261 0.4779177028685808 -0.06749939173460007
v -0.032154034823179245 0.4750466216355562 -0.06749939173460007
v -0.01923338696360588 0.4727692510932684 -0.06749939173460007
v -0.006312740966677666 0.47071503289043903 -0.06749939173460007
v 0.006607905961573124 0.4682356268167496 -0.06749939173460007
v 0.019528552889823914 0.46546952426433563 -0.06749939173460007
v 0.03244920074939728 0.46258530393242836 -0.06749939173460007
v 0.045369844883680344 0.4589363634586334 -0.06749939173460007
v 0.05829049274325371 0.4552035294473171 -0.06749939173460007
v 0.07121113687753677 0.4544646516442299 -0.06749939173460007
v 0.08413178473711014 0.45521120727062225 -0.06749939173460007
v 0.0970524325966835 0.453858882188797 -0.06749939173460007
v 0.10997305065393448 0.4525742791593075 -0.06749939173460007
v 0.12289369106292725 0.4519730880856514 -0.06749939173460007
v 0.1358143389225006 0.448152843862772 -0.06749939173460007
v 0.14873498678207397 0.4456099197268486 -0.06749939173460007
v 0.16165563464164734 0.44279563799500465 -0.06749939173460007
v 0.1745762825012207 0.43996287137269974 -0.06749939173460007
v 0.18749696016311646 0.43517931550741196 -0.06749939173460007
v 0.20041757822036743 0.4258929491043091 -0.06749939173460007
v 0.21333818137645721 0.42345376312732697 -0.06749939173460007
v 0.22625887393951416 0.42102856934070587 -0.06749939173460007
v 0.23917947709560394 0.4185381978750229 -0.06749939173460007
v 0.2521001696586609 0.4159257933497429 -0.06749939173460007
v 0.26502078771591187 0.41291438043117523 -0.06749939173460007
v 0.2779414653778076 0.41001300513744354 -0.06749939173460007
v 0.2908620834350586 0.4072529301047325 -0.06749939173460007
v 0.30378276109695435 0.4046811908483505 -0.06749939173460007
v 0.31670334935188293 0.4019424542784691 -0.06749939173460007
v 0.3296240270137787 0.39822670072317123 -0.06749939173460007
v 0.34254464507102966 0.39469093829393387 -0.06749939173460007
v 0.3554653227329254 0.39142070710659027 -0.06749939173460007
v 0.3683859407901764 0.385461762547493 -0.06749939173460007
v 0.38130661845207214 0.22780242562294006 -0.06749939173460007
v 0.3942272365093231 0.22709575295448303 -0.06749939173460007
v -0.381011426448822 0.5661797896027565 -0.08031991869211197
v -0.36809077858924866 0.5636089369654655 -0.08031991869211197
v -0.3551701307296753 0.5616547279059887 -0.08031991869211197
v -0.3422495126724243 0.55920135602355 -0.08031991869211197
v -0.32932886481285095 0.5561330355703831 -0.08031991869211197
v -0.3164082169532776 0.5522930584847927 -0.08031991869211197
v -0.3034875690937042 0.5479881949722767 -0.08031991869211197
v -0.29056692123413086 0.5443865768611431 -0.08031991869211197
v -0.2776462733745575 0.5410159640014172 -0.08031991869211197
v -0.26472562551498413 0.5376144647598267 -0.08031991869211197
v -0.25180497765541077 0.5334418006241322 -0.08031991869211197
v -0.2388843297958374 0.5275871008634567 -0.08031991869211197
v -0.22596369683742523 0.5240697916597128 -0.08031991869211197
v -0.21304304897785187 0.5212497245520353 -0.08031991869211197
v -0.2001224160194397 0.518971985206008 -0.08031991869211197
v -0.18720176815986633 0.5168088991194963 -0.08031991869211197
v -0.17428112030029297 0.5148704163730145 -0.08031991869211197
v -0.1613604724407196 0.5128782372921705 -0.08031991869211197
v -0.14843982458114624 0.51073407381773 -0.08031991869211197
v -0.13551919162273407 0.5086382180452347 -0.08031991869211197
v -0.1225985437631607 0.5075700497254729 -0.08031991869211197
v -0.10967789590358734 0.5071426690556109 -0.08031991869211197
v -0.09675723314285278 0.5036472384817898 -0.08031991869211197
v -0.0838366225361824 0.497875913977623 -0.08031991869211197
v -0.07091597467660904 0.4938201657496393 -0.08031991869211197
v -0.057995326817035675 0.490365881472826 -0.08031991869211197
v -0.04507468268275261 0.4871772974729538 -0.08031991869211197
v -0.032154034823179245 0.48417970165610313 -0.08031991869211197
v -0.01923338696360588 0.4812464341521263 -0.08031991869211197
v -0.006312740966677666 0.4739690274000168 -0.08031991869211197
v 0.006607905961573124 0.469495078548789 -0.08031991869211197
v 0.019528552889823914 0.46649108454585075 -0.08031991869211197
v 0.03244920074939728 0.4640944339334965 -0.08031991869211197
v 0.045369844883680344 0.46433092653751373 -0.08031991869211197
v 0.05829049274325371 0.46400677785277367 -0.08031991869211197
v 0.07121113687753677 0.4622378759086132 -0.08031991869211197
v 0.08413178473711014 0.46019328013062477 -0.08031991869211197
v 0.0970524325966835 0.45917095616459846 -0.08031991869211197
v 0.10997305065393448 0.4591337963938713 -0.08031991869211197
v 0.12289369106292725 0.45505331829190254 -0.08031991869211197
v 0.1358143389225006 0.45213983580470085 -0.08031991869211197
v 0.14873498678207397 0.44948238506913185 -0.08031991869211197
v 0.16165563464164734 0.4467487670481205 -0.08031991869211197
v 0.1745762825012207 0.4441228359937668 -0.08031991869211197
v 0.18749696016311646 0.44026172161102295 -0.08031991869211197
v 0.20041757822036743 0.4302114099264145 -0.08031991869211197
v 0.21333818137645721 0.4277035742998123 -0.08031991869211197
v 0.22625887393951416 0.4252879172563553 -0.08031991869211197
v 0.23917947709560394 0.42282194644212723 -0.08031991869211197
v 0.2521001696586609 0.42010632157325745 -0.08031991869211197
v 0.26502078771591187 0.4171159565448761 -0.08031991869211197
v 0.2779414653778076 0.41412241011857986 -0.08031991869211197
v 0.2908620834350586 0.411295123398304 -0.08031991869211197
v 0.30378276109695435 0.4086127430200577 -0.08031991869211197
v 0.31670334935188293 0.40630828589200974 -0.08031991869211197
v 0.3296240270137787 0.40313834697008133 -0.08031991869211197
v 0.34254464507102966 0.3994266763329506 -0.08031991869211197
v 0.3554653227329254 0.39668412506580353 -0.08031991869211197
v 0.3683859407901764 0.39258820563554764 -0.08031991869211197
v 0.38130661845207214 0.3355844020843506 -0.08031991869211197
v 0.3942272365093231 0.22709575295448303 -0.08031991869211197
v -0.381011426448822 0.5744032859802246 -0.09314043819904327
v -0.36809077858924866 0.5710340440273285 -0.09314043819904327
v -0.3551701307296753 0.5687049478292465 -0.09314043819904327
v -0.3422495126724243 0.5659616366028786 -0.09314043819904327
v -0.32932886481285095 0.5628947168588638 -0.09314043819904327
v -0.3164082169532776 0.558827131986618 -0.09314043819904327
v -0.3034875690937042 0.5539145544171333 -0.09314043819904327
v -0.29056692123413086 0.5498949587345123 -0.09314043819904327
v -0.2776462733745575 0.5464999787509441 -0.09314043819904327
v -0.26472562551498413 0.5431500114500523 -0.09314043819904327
v -0.25180497765541077 0.5389624089002609 -0.09314043819904327
v -0.2388843297958374 0.5327999293804169 -0.09314043819904327
v -0.22596369683742523 0.5288002640008926 -0.09314043819904327
v -0.21304304897785187 0.5258194766938686 -0.09314043819904327
v -0.2001224160194397 0.5234116315841675 -0.09314043819904327
v -0.18720176815986633 0.5211410522460938 -0.09314043819904327
v -0.17428112030029297 0.5189969632774591 -0.09314043819904327
v -0.1613604724407196 0.5169648453593254 -0.09314043819904327
v -0.14843982458114624 0.5146651295945048 -0.09314043819904327
v -0.13551919162273407 0.5120560331270099 -0.09314043819904327
v -0.1225985437631607 0.5099511463195086 -0.09314043819904327
v -0.10967789590358734 0.5087870769202709 -0.09314043819904327
v -0.09675723314285278 0.5081332959234715 -0.09314043819904327
v -0.0838366225361824 0.5064659770578146 -0.09314043819904327
v -0.07091597467660904 0.4998952857131371 -0.09314043819904327
v -0.057995326817035675 0.49527954030781984 -0.09314043819904327
v -0.04507468268275261 0.49156954512000084 -0.09314043819904327
v -0.032154034823179245 0.48799233976751566 -0.09314043819904327
v -0.01923338696360588 0.48464970476925373 -0.09314043819904327
v -0.006312740966677666 0.481608921661973 -0.09314043819904327
v 0.006607905961573124 0.4789000600576401 -0.09314043819904327
v 0.019528552889823914 0.4763178862631321 -0.09314043819904327
v 0.03244920074939728 0.47382425516843796 -0.09314043819904327
v 0.045369844883680344 0.47141077369451523 -0.09314043819904327
v 0.05829049274325371 0.46915641240775585 -0.09314043819904327
v 0.07121113687753677 0.466946616768837 -0.09314043819904327
v 0.08413178473711014 0.4653930179774761 -0.09314043819904327
v 0.0970524325966835 0.46631621569395065 -0.09314043819904327
v 0.10997305065393448 0.4622042365372181 -0.09314043819904327
v 0.12289369106292725 0.45874783396720886 -0.09314043819904327
v 0.1358143389225006 0.4559742286801338 -0.09314043819904327
v 0.14873498678207397 0.4534490704536438 -0.09314043819904327
v 0.16165563464164734 0.450900562107563 -0.09314043819904327
v 0.1745762825012207 0.44836462661623955 -0.09314043819904327
v 0.18749696016311646 0.4447271563112736 -0.09314043819904327
v 0.20041757822036743 0.435184508562088 -0.09314043819904327
v 0.21333818137645721 0.43221385031938553 -0.09314043819904327
v 0.22625887393951416 0.42986109107732773 -0.09314043819904327
v 0.23917947709560394 0.4273599684238434 -0.09314043819904327
v 0.2521001696586609 0.4245709404349327 -0.09314043819904327
v 0.26502078771591187 0.4215339571237564 -0.09314043819904327
v 0.2779414653778076 0.41847073286771774 -0.09314043819904327
v 0.2908620834350586 0.4155265763401985 -0.09314043819904327
v 0.30378276109695435 0.4129401966929436 -0.09314043819904327
v 0.31670334935188293 0.41075536608695984 -0.09314043819904327
v 0.3296240270137787 0.4083564803004265 -0.09314043819904327
v 0.34254464507102966 0.40413113683462143 -0.09314043819904327
v 0.3554653227329254 0.40120840072631836 -0.09314043819904327
v 0.3683859407901764 0.39816300570964813 -0.09314043819904327
v 0.38130661845207214 0.3897511810064316 -0.09314043819904327
v 0.3942272365093231 0.22732272744178772 -0.09314043819904327
v -0.381011426448822 0.5828427672386169 -0.1059608906507492
v -0.36809077858924866 0.578837588429451 -0.1059608906507492
v -0.3551701307296753 0.5755285397171974 -0.1059608906507492
v -0.3422495126724243 0.5723102316260338 -0.1059608906507492
v -0.32932886481285095 0.5689929947257042 -0.1059608906507492
v -0.3164082169532776 0.5649916082620621 -0.1059608906507492
v -0.3034875690937042 0.5598936006426811 -0.1059608906507492
v -0.29056692123413086 0.5551961064338684 -0.1059608906507492
v -0.2776462733745575 0.5517255552113056 -0.1059608906507492
v -0.26472562551498413 0.5483501926064491 -0.1059608906507492
v -0.25180497765541077 0.5443994253873825 -0.1059608906507492
v -0.2388843297958374 0.5380241759121418 -0.1059608906507492
v -0.22596369683742523 0.5334827229380608 -0.1059608906507492
v -0.21304304897785187 0.5304217115044594 -0.1059608906507492
v -0.2001224160194397 0.5278435237705708 -0.1059608906507492
v -0.18720176815986633 0.52540666423738 -0.1059608906507492
v -0.17428112030029297 0.5231395568698645 -0.1059608906507492
v -0.1613604724407196 0.5209411550313234 -0.1059608906507492
v -0.14843982458114624 0.5186415873467922 -0.1059608906507492
v -0.13551919162273407 0.5159148368984461 -0.1059608906507492
v -0.1225985437631607 0.5130789708346128 -0.1059608906507492
v -0.10967789590358734 0.5110430866479874 -0.1059608906507492
v -0.09675723314285278 0.5096193458884954 -0.1059608906507492
v -0.0838366225361824 0.5083687771111727 -0.1059608906507492
v -0.07091597467660904 0.5069489241577685 -0.1059608906507492
v -0.057995326817035675 0.5046963104978204 -0.1059608906507492
v -0.04507468268275261 0.4962538017425686 -0.1059608906507492
v -0.032154034823179245 0.49233342660591006 -0.1059608906507492
v -0.01923338696360588 0.48840446304529905 -0.1059608906507492
v -0.006312740966677666 0.48534778226166964 -0.1059608906507492
v 0.006607905961573124 0.4830353446304798 -0.1059608906507492
v 0.019528552889823914 0.4808029346168041 -0.1059608906507492
v 0.03244920074939728 0.47881171479821205 -0.1059608906507492
v 0.045369844883680344 0.4763827305287123 -0.1059608906507492
v 0.05829049274325371 0.4739874601364136 -0.1059608906507492
v 0.07121113687753677 0.4755230974406004 -0.1059608906507492
v 0.08413178473711014 0.47352446988224983 -0.1059608906507492
v 0.0970524325966835 0.4691197946667671 -0.1059608906507492
v 0.10997305065393448 0.4656381942331791 -0.1059608906507492
v 0.12289369106292725 0.4627273939549923 -0.1059608906507492
v 0.1358143389225006 0.4600060321390629 -0.1059608906507492
v 0.14873498678207397 0.4574788808822632 -0.1059608906507492
v 0.16165563464164734 0.454985398799181 -0.1059608906507492
v 0.1745762825012207 0.45244254916906357 -0.1059608906507492
v 0.18749696016311646 0.44907594472169876 -0.1059608906507492
v 0.20041757822036743 0.44079265370965004 -0.1059608906507492
v 0.21333818137645721 0.43693023175001144 -0.1059608906507492
v 0.22625887393951416 0.43463974446058273 -0.1059608906507492
v 0.23917947709560394 0.4320897087454796 -0.1059608906507492
v 0.2521001696586609 0.42971692234277725 -0.1059608906507492
v 0.26502078771591187 0.42648107558488846 -0.1059608906507492
v 0.2779414653778076 0.4230682775378227 -0.1059608906507492
v 0.2908620834350586 0.4200858101248741 -0.1059608906507492
v 0.30378276109695435 0.4175108075141907 -0.1059608906507492
v 0.31670334935188293 0.4151432067155838 -0.1059608906507492
v 0.3296240270137787 0.4129200056195259 -0.1059608906507492
v 0.34254464507102966 0.40839843451976776 -0.1059608906507492
v 0.3554653227329254 0.4050510376691818 -0.1059608906507492
v 0.3683859407901764 0.40236378461122513 -0.1059608906507492
v 0.38130661845207214 0.3952510356903076 -0.1059608906507492
v 0.3942272365093231 0.22927913069725037 -0.1059608906507492
v -0.381011426448822 0.590586356818676 -0.11878141760826111
v -0.36809077858924866 0.5865554437041283 -0.11878141760826111
v -0.3551701307296753 0.5822538286447525 -0.11878141760826111
v -0.3422495126724243 0.5780424028635025 -0.11878141760826111
v -0.32932886481285095 0.5744924917817116 -0.11878141760826111
v -0.3164082169532776 0.5706704780459404 -0.11878141760826111
v -0.3034875690937042 0.5657063946127892 -0.11878141760826111
v -0.29056692123413086 0.5602514147758484 -0.11878141760826111
v -0.2776462733745575 0.5565933920443058 -0.11878141760826111
v -0.26472562551498413 0.5530621074140072 -0.11878141760826111
v -0.25180497765541077 0.5493444353342056 -0.11878141760826111
v -0.2388843297958374 0.5431799367070198 -0.11878141760826111
v -0.22596369683742523 0.5379827842116356 -0.11878141760826111
v -0.21304304897785187 0.534947119653225 -0.11878141760826111
v -0.2001224160194397 0.5322617329657078 -0.11878141760826111
v -0.18720176815986633 0.5296245589852333 -0.11878141760826111
v -0.17428112030029297 0.527200423181057 -0.11878141760826111
v -0.1613604724407196 0.5248264633119106 -0.11878141760826111
v -0.14843982458114624 0.5223804488778114 -0.11878141760826111
v -0.13551919162273407 0.5197458826005459 -0.11878141760826111
v -0.1225985437631607 0.5165695529431105 -0.11878141760826111
v -0.10967789590358734 0.5138121889904141 -0.11878141760826111
v -0.09675723314285278 0.5117577258497477 -0.11878141760826111
v -0.0838366225361824 0.5099580362439156 -0.11878141760826111
v -0.07091597467660904 0.5084840692579746 -0.11878141760826111
v -0.057995326817035675 0.5068017146550119 -0.11878141760826111
v -0.04507468268275261 0.5050016562454402 -0.11878141760826111
v -0.032154034823179245 0.5029182524885982 -0.11878141760826111
v -0.01923338696360588 0.5007984524709173 -0.11878141760826111
v -0.006312740966677666 0.4976868201047182 -0.11878141760826111
v 0.006607905961573124 0.494369113817811 -0.11878141760826111
v 0.019528552889823914 0.49112127162516117 -0.11878141760826111
v 0.03244920074939728 0.4885300910100341 -0.11878141760826111
v 0.045369844883680344 0.48580373357981443 -0.11878141760826111
v 0.05829049274325371 0.482362711802125 -0.11878141760826111
v 0.07121113687753677 0.4790798034518957 -0.11878141760826111
v 0.08413178473711014 0.4754085671156645 -0.11878141760826111
v 0.0970524325966835 0.4721418749541044 -0.11878141760826111
v 0.10997305065393448 0.4693431928753853 -0.11878141760826111
v 0.12289369106292725 0.4666743203997612 -0.11878141760826111
v 0.1358143389225006 0.4640354961156845 -0.11878141760826111
v 0.14873498678207397 0.4615558683872223 -0.11878141760826111
v 0.16165563464164734 0.4590408019721508 -0.11878141760826111
v 0.1745762825012207 0.456428162753582 -0.11878141760826111
v 0.18749696016311646 0.45344188809394836 -0.11878141760826111
v 0.20041757822036743 0.4466157555580139 -0.11878141760826111
v 0.21333818137645721 0.4419085383415222 -0.11878141760826111
v 0.22625887393951416 0.43951282650232315 -0.11878141760826111
v 0.23917947709560394 0.43697812408208847 -0.11878141760826111
v 0.2521001696586609 0.43473291397094727 -0.11878141760826111
v 0.26502078771591187 0.4317687153816223 -0.11878141760826111
v 0.2779414653778076 0.42825254052877426 -0.11878141760826111
v 0.2908620834350586 0.42456332594156265 -0.11878141760826111
v 0.30378276109695435 0.4219910278916359 -0.11878141760826111
v 0.31670334935188293 0.4192732274532318 -0.11878141760826111
v 0.3296240270137787 0.4170092046260834 -0.11878141760826111
v 0.34254464507102966 0.41271594911813736 -0.11878141760826111
v 0.3554653227329254 0.4085676297545433 -0.11878141760826111
v 0.3683859407901764 0.40583253651857376 -0.11878141760826111
v 0.38130661845207214 0.4006429761648178 -0.11878141760826111
v 0.3942272365093231 0.35121241211891174 -0.11878141760826111
v -0.381011426448822 0.59778892993927 -0.131601944565773
v -0.36809077858924866 0.594106450676918 -0.131601944565773
v -0.3551701307296753 0.5889526307582855 -0.131601944565773
v -0.3422495126724243 0.5833246037364006 -0.131601944565773
v -0.32932886481285095 0.5794345960021019 -0.131601944565773
v -0.3164082169532776 0.5757028982043266 -0.131601944565773
v -0.3034875690937042 0.5711304396390915 -0.131601944565773
v -0.29056692123413086 0.5653135627508163 -0.131601944565773
v -0.2776462733745575 0.5610470399260521 -0.131601944565773
v -0.26472562551498413 0.5575249344110489 -0.131601944565773
v -0.25180497765541077 0.5539019294083118 -0.131601944565773
v -0.2388843297958374 0.5482889413833618 -0.131601944565773
v -0.22596369683742523 0.5424336977303028 -0.131601944565773
v -0.21304304897785187 0.5393280237913132 -0.131601944565773
v -0.2001224160194397 0.5366657972335815 -0.131601944565773
v -0.18720176815986633 0.5339601822197437 -0.131601944565773
v -0.17428112030029297 0.5313806906342506 -0.131601944565773
v -0.1613604724407196 0.5289076082408428 -0.131601944565773
v -0.14843982458114624 0.5263035073876381 -0.131601944565773
v -0.13551919162273407 0.5236338973045349 -0.131601944565773
v -0.1225985437631607 0.5204684939235449 -0.131601944565773
v -0.10967789590358734 0.5170929823070765 -0.131601944565773
v -0.09675723314285278 0.5144818192347884 -0.131601944565773
v -0.0838366225361824 0.5124813467264175 -0.131601944565773
v -0.07091597467660904 0.510809475556016 -0.131601944565773
v -0.057995326817035675 0.5089640142396092 -0.131601944565773
v -0.04507468268275261 0.5068941945210099 -0.131601944565773
v -0.032154034823179245 0.5045342124067247 -0.131601944565773
v -0.01923338696360588 0.5016884781653062 -0.131601944565773
v -0.006312740966677666 0.49903690692735836 -0.131601944565773
v 0.006607905961573124 0.49646789813414216 -0.131601944565773
v 0.019528552889823914 0.4937255452387035 -0.131601944565773
v 0.03244920074939728 0.4905969575047493 -0.131601944565773
v 0.045369844883680344 0.487212635576725 -0.131601944565773
v 0.05829049274325371 0.4842165168374777 -0.131601944565773
v 0.07121113687753677 0.4813337214291096 -0.131601944565773
v 0.08413178473711014 0.4784792009741068 -0.131601944565773
v 0.0970524325966835 0.4758645426481962 -0.131601944565773
v 0.10997305065393448 0.4733454417437315 -0.131601944565773
v 0.12289369106292725 0.4706743061542511 -0.131601944565773
v 0.1358143389225006 0.46813783049583435 -0.131601944565773
v 0.14873498678207397 0.4655543752014637 -0.131601944565773
v 0.16165563464164734 0.46294771507382393 -0.131601944565773
v 0.1745762825012207 0.4603690095245838 -0.131601944565773
v 0.18749696016311646 0.45767855644226074 -0.131601944565773
v 0.20041757822036743 0.4519891068339348 -0.131601944565773
v 0.21333818137645721 0.4470508135855198 -0.131601944565773
v 0.22625887393951416 0.4444541707634926 -0.131601944565773
v 0.23917947709560394 0.44193679094314575 -0.131601944565773
v 0.2521001696586609 0.43955087289214134 -0.131601944565773
v 0.26502078771591187 0.4368634968996048 -0.131601944565773
v 0.2779414653778076 0.4341755285859108 -0.131601944565773
v 0.2908620834350586 0.43003953993320465 -0.131601944565773
v 0.30378276109695435 0.4265916645526886 -0.131601944565773
v 0.31670334935188293 0.4237905740737915 -0.131601944565773
v 0.3296240270137787 0.4214371368288994 -0.131601944565773
v 0.34254464507102966 0.4181346893310547 -0.131601944565773
v 0.3554653227329254 0.41240033507347107 -0.131601944565773
v 0.3683859407901764 0.40951304882764816 -0.131601944565773
v 0.38130661845207214 0.4046833738684654 -0.131601944565773
v 0.3942272365093231 0.3778836876153946 -0.131601944565773
v -0.381011426448822 0.602197028696537 -0.14442245662212372
v -0.36809077858924866 0.5995155572891235 -0.14442245662212372
v -0.3551701307296753 0.5949925854802132 -0.14442245662212372
v -0.3422495126724243 0.5883178487420082 -0.14442245662212372
v -0.32932886481285095 0.5836682692170143 -0.14442245662212372
v -0.3164082169532776 0.579889215528965 -0.14442245662212372
v -0.3034875690937042 0.5756450444459915 -0.14442245662212372
v -0.29056692123413086 0.5699191465973854 -0.14442245662212372
v -0.2776462733745575 0.5649989917874336 -0.14442245662212372
v -0.26472562551498413 0.5614069439470768 -0.14442245662212372
v -0.25180497765541077 0.5579727403819561 -0.14442245662212372
v -0.2388843297958374 0.5528137572109699 -0.14442245662212372
v -0.22596369683742523 0.546547669917345 -0.14442245662212372
v -0.21304304897785187 0.5434178784489632 -0.14442245662212372
v -0.2001224160194397 0.5406931713223457 -0.14442245662212372
v -0.18720176815986633 0.537974588572979 -0.14442245662212372
v -0.17428112030029297 0.535331703722477 -0.14442245662212372
v -0.1613604724407196 0.5326719395816326 -0.14442245662212372
v -0.14843982458114624 0.5299285277724266 -0.14442245662212372
v -0.13551919162273407 0.5271127671003342 -0.14442245662212372
v -0.1225985437631607 0.5239998288452625 -0.14442245662212372
v -0.10967789590358734 0.5204624906182289 -0.14442245662212372
v -0.09675723314285278 0.5174013059586287 -0.14442245662212372
v -0.0838366225361824 0.5149170253425837 -0.14442245662212372
v -0.07091597467660904 0.5130473729223013 -0.14442245662212372
v -0.057995326817035675 0.5112028960138559 -0.14442245662212372
v -0.04507468268275261 0.5092288786545396 -0.14442245662212372
v -0.032154034823179245 0.5070200683549047 -0.14442245662212372
v -0.01923338696360588 0.5043967477977276 -0.14442245662212372
v -0.006312740966677666 0.5018015308305621 -0.14442245662212372
v 0.006607905961573124 0.4990449047763832 -0.14442245662212372
v 0.019528552889823914 0.4961708209011704 -0.14442245662212372
v 0.03244920074939728 0.49310205737128854 -0.14442245662212372
v 0.045369844883680344 0.4899949776008725 -0.14442245662212372
v 0.05829049274325371 0.4872346352785826 -0.14442245662212372
v 0.07121113687753677 0.48446777183562517 -0.14442245662212372
v 0.08413178473711014 0.4818971138447523 -0.14442245662212372
v 0.0970524325966835 0.4794144332408905 -0.14442245662212372
v 0.10997305065393448 0.476914968341589 -0.14442245662212372
v 0.12289369106292725 0.4743030425161123 -0.14442245662212372
v 0.1358143389225006 0.47179009206593037 -0.14442245662212372
v 0.14873498678207397 0.4692160151898861 -0.14442245662212372
v 0.16165563464164734 0.4666397199034691 -0.14442245662212372
v 0.1745762825012207 0.4640774317085743 -0.14442245662212372
v 0.18749696016311646 0.46147308498620987 -0.14442245662212372
v 0.20041757822036743 0.4566335715353489 -0.14442245662212372
v 0.21333818137645721 0.4517391324043274 -0.14442245662212372
v 0.22625887393951416 0.44903041794896126 -0.14442245662212372
v 0.23917947709560394 0.4465452767908573 -0.14442245662212372
v 0.2521001696586609 0.4441095255315304 -0.14442245662212372
v 0.26502078771591187 0.44183532893657684 -0.14442245662212372
v 0.2779414653778076 0.43900787830352783 -0.14442245662212372
v 0.2908620834350586 0.43548212945461273 -0.14442245662212372
v 0.30378276109695435 0.4313197359442711 -0.14442245662212372
v 0.31670334935188293 0.4281439259648323 -0.14442245662212372
v 0.3296240270137787 0.4254563897848129 -0.14442245662212372
v 0.34254464507102966 0.42279916256666183 -0.14442245662212372
v 0.3554653227329254 0.41591695696115494 -0.14442245662212372
v 0.3683859407901764 0.4126356691122055 -0.14442245662212372
v 0.38130661845207214 0.4082023799419403 -0.14442245662212372
v 0.3942272365093231 0.3872606158256531 -0.14442245662212372
v -0.381011426448822 0.607563391327858 -0.15724298357963562
v -0.36809077858924866 0.6039646789431572 -0.15724298357963562
v -0.3551701307296753 0.6006026491522789 -0.15724298357963562
v -0.3422495126724243 0.5941788926720619 -0.15724298357963562
v -0.32932886481285095 0.5878512635827065 -0.15724298357963562
v -0.3164082169532776 0.5838079676032066 -0.15724298357963562
v -0.3034875690937042 0.5795189291238785 -0.15724298357963562
v -0.29056692123413086 0.5746803283691406 -0.15724298357963562
v -0.2776462733745575 0.5688260495662689 -0.15724298357963562
v -0.26472562551498413 0.5651486590504646 -0.15724298357963562
v -0.25180497765541077 0.5618705004453659 -0.15724298357963562
v -0.2388843297958374 0.5570527650415897 -0.15724298357963562
v -0.22596369683742523 0.5505214743316174 -0.15724298357963562
v -0.21304304897785187 0.5474415607750416 -0.15724298357963562
v -0.2001224160194397 0.5447839610278606 -0.15724298357963562
v -0.18720176815986633 0.5420417301356792 -0.15724298357963562
v -0.17428112030029297 0.5393260046839714 -0.15724298357963562
v -0.1613604724407196 0.5366076938807964 -0.15724298357963562
v -0.14843982458114624 0.5337101332843304 -0.15724298357963562
v -0.13551919162273407 0.5308496821671724 -0.15724298357963562
v -0.1225985437631607 0.5277296099811792 -0.15724298357963562
v -0.10967789590358734 0.5241964533925056 -0.15724298357963562
v -0.09675723314285278 0.520747484639287 -0.15724298357963562
v -0.0838366225361824 0.5177934467792511 -0.15724298357963562
v -0.07091597467660904 0.5157275404781103 -0.15724298357963562
v -0.057995326817035675 0.5139119038358331 -0.15724298357963562
v -0.04507468268275261 0.5120122544467449 -0.15724298357963562
v -0.032154034823179245 0.50991474930197 -0.15724298357963562
v -0.01923338696360588 0.5075729782693088 -0.15724298357963562
v -0.006312740966677666 0.5051485951989889 -0.15724298357963562
v 0.006607905961573124 0.5025432887487113 -0.15724298357963562
v 0.019528552889823914 0.4996240477776155 -0.15724298357963562
v 0.03244920074939728 0.4965298876632005 -0.15724298357963562
v 0.045369844883680344 0.4934798018075526 -0.15724298357963562
v 0.05829049274325371 0.4906558459624648 -0.15724298357963562
v 0.07121113687753677 0.48806340992450714 -0.15724298357963562
v 0.08413178473711014 0.4855291983112693 -0.15724298357963562
v 0.0970524325966835 0.48308059945702553 -0.15724298357963562
v 0.10997305065393448 0.4807454738765955 -0.15724298357963562
v 0.12289369106292725 0.47825282625854015 -0.15724298357963562
v 0.1358143389225006 0.4756673537194729 -0.15724298357963562
v 0.14873498678207397 0.47301147505640984 -0.15724298357963562
v 0.16165563464164734 0.47045531310141087 -0.15724298357963562
v 0.1745762825012207 0.4678659774363041 -0.15724298357963562
v 0.18749696016311646 0.46528274565935135 -0.15724298357963562
v 0.20041757822036743 0.46128207072615623 -0.15724298357963562
v 0.21333818137645721 0.45648958534002304 -0.15724298357963562
v 0.22625887393951416 0.45363063737750053 -0.15724298357963562
v 0.23917947709560394 0.45108284056186676 -0.15724298357963562
v 0.2521001696586609 0.4486326649785042 -0.15724298357963562
v 0.26502078771591187 0.4461875632405281 -0.15724298357963562
v 0.2779414653778076 0.44325244799256325 -0.15724298357963562
v 0.2908620834350586 0.4399843290448189 -0.15724298357963562
v 0.30378276109695435 0.43600302189588547 -0.15724298357963562
v 0.31670334935188293 0.43249597400426865 -0.15724298357963562
v 0.3296240270137787 0.4295560047030449 -0.15724298357963562
v 0.34254464507102966 0.4269002750515938 -0.15724298357963562
v 0.3554653227329254 0.4194844663143158 -0.15724298357963562
v 0.3683859407901764 0.4159991145133972 -0.15724298357963562
v 0.38130661845207214 0.4112805426120758 -0.15724298357963562
v 0.3942272365093231 0.39426616579294205 -0.15724298357963562
v -0.381011426448822 0.6126878708600998 -0.17006351053714752
v -0.36809077858924866 0.6085312739014626 -0.17006351053714752
v -0.3551701307296753 0.6044144779443741 -0.17006351053714752
v -0.3422495126724243 0.5997765585780144 -0.17006351053714752
v -0.32932886481285095 0.59206323325634 -0.17006351053714752
v -0.3164082169532776 0.5872213542461395 -0.17006351053714752
v -0.3034875690937042 0.5827794671058655 -0.17006351053714752
v -0.29056692123413086 0.5785921663045883 -0.17006351053714752
v -0.2776462733745575 0.5723649859428406 -0.17006351053714752
v -0.26472562551498413 0.5685273185372353 -0.17006351053714752
v -0.25180497765541077 0.5653559863567352 -0.17006351053714752
v -0.2388843297958374 0.5608857050538063 -0.17006351053714752
v -0.22596369683742523 0.5543354153633118 -0.17006351053714752
v -0.21304304897785187 0.5513468496501446 -0.17006351053714752
v -0.2001224160194397 0.5486568659543991 -0.17006351053714752
v -0.18720176815986633 0.5459085330367088 -0.17006351053714752
v -0.17428112030029297 0.5431350730359554 -0.17006351053714752
v -0.1613604724407196 0.54034274071455 -0.17006351053714752
v -0.14843982458114624 0.5374009571969509 -0.17006351053714752
v -0.13551919162273407 0.5345241688191891 -0.17006351053714752
v -0.1225985437631607 0.5314494222402573 -0.17006351053714752
v -0.10967789590358734 0.5280572511255741 -0.17006351053714752
v -0.09675723314285278 0.5244087297469378 -0.17006351053714752
v -0.0838366225361824 0.5210746582597494 -0.17006351053714752
v -0.07091597467660904 0.518729392439127 -0.17006351053714752
v -0.057995326817035675 0.5167521517723799 -0.17006351053714752
v -0.04507468268275261 0.5148417465388775 -0.17006351053714752
v -0.032154034823179245 0.5127971023321152 -0.17006351053714752
v -0.01923338696360588 0.5105775874108076 -0.17006351053714752
v -0.006312740966677666 0.5081755733117461 -0.17006351053714752
v 0.006607905961573124 0.505618401337415 -0.17006351053714752
v 0.019528552889823914 0.502848609816283 -0.17006351053714752
v 0.03244920074939728 0.49989878015912836 -0.17006351053714752
v 0.045369844883680344 0.49697422375902534 -0.17006351053714752
v 0.05829049274325371 0.494162917137146 -0.17006351053714752
v 0.07121113687753677 0.49155409168452024 -0.17006351053714752
v 0.08413178473711014 0.48908957093954086 -0.17006351053714752
v 0.0970524325966835 0.4867305736988783 -0.17006351053714752
v 0.10997305065393448 0.4844767302274704 -0.17006351053714752
v 0.12289369106292725 0.48200140707194805 -0.17006351053714752
v 0.1358143389225006 0.4793986342847347 -0.17006351053714752
v 0.14873498678207397 0.4768185280263424 -0.17006351053714752
v 0.16165563464164734 0.47416323982179165 -0.17006351053714752
v 0.1745762825012207 0.47155269235372543 -0.17006351053714752
v 0.18749696016311646 0.4689683523029089 -0.17006351053714752
v 0.20041757822036743 0.4654368944466114 -0.17006351053714752
v 0.21333818137645721 0.4609878249466419 -0.17006351053714752
v 0.22625887393951416 0.4579099304974079 -0.17006351053714752
v 0.23917947709560394 0.45526062324643135 -0.17006351053714752
v 0.2521001696586609 0.45250707119703293 -0.17006351053714752
v 0.26502078771591187 0.4499201476573944 -0.17006351053714752
v 0.2779414653778076 0.4467177353799343 -0.17006351053714752
v 0.2908620834350586 0.44334037601947784 -0.17006351053714752
v 0.30378276109695435 0.43981438130140305 -0.17006351053714752
v 0.31670334935188293 0.4363410770893097 -0.17006351053714752
v 0.3296240270137787 0.4332157000899315 -0.17006351053714752
v 0.34254464507102966 0.4303259029984474 -0.17006351053714752
v 0.3554653227329254 0.4237058460712433 -0.17006351053714752
v 0.3683859407901764 0.4188867211341858 -0.17006351053714752
v 0.38130661845207214 0.41317861527204514 -0.17006351053714752
v 0.3942272365093231 0.3997393697500229 -0.17006351053714752
v -0.381011426448822 0.6187113374471664 -0.18288402259349823
v -0.36809077858924866 0.6130006238818169 -0.18288402259349823
v -0.3551701307296753 0.6084346622228622 -0.18288402259349823
v -0.3422495126724243 0.6038448289036751 -0.18288402259349823
v -0.32932886481285095 0.5971094816923141 -0.18288402259349823
v -0.3164082169532776 0.5905129536986351 -0.18288402259349823
v -0.3034875690937042 0.5857994109392166 -0.18288402259349823
v -0.29056692123413086 0.5814633667469025 -0.18288402259349823
v -0.2776462733745575 0.5758011117577553 -0.18288402259349823
v -0.26472562551498413 0.5716122537851334 -0.18288402259349823
v -0.25180497765541077 0.5685766860842705 -0.18288402259349823
v -0.2388843297958374 0.5643330290913582 -0.18288402259349823
v -0.22596369683742523 0.5579893030226231 -0.18288402259349823
v -0.21304304897785187 0.5548956096172333 -0.18288402259349823
v -0.2001224160194397 0.5522392876446247 -0.18288402259349823
v -0.18720176815986633 0.5495469160377979 -0.18288402259349823
v -0.17428112030029297 0.5467763617634773 -0.18288402259349823
v -0.1613604724407196 0.5440437272191048 -0.18288402259349823
v -0.14843982458114624 0.5411163158714771 -0.18288402259349823
v -0.13551919162273407 0.5382717624306679 -0.18288402259349823
v -0.1225985437631607 0.5351890213787556 -0.18288402259349823
v -0.10967789590358734 0.5318747609853745 -0.18288402259349823
v -0.09675723314285278 0.528149239718914 -0.18288402259349823
v -0.0838366225361824 0.5245894808322191 -0.18288402259349823
v -0.07091597467660904 0.5219057947397232 -0.18288402259349823
v -0.057995326817035675 0.5197920724749565 -0.18288402259349823
v -0.04507468268275261 0.5177941117435694 -0.18288402259349823
v -0.032154034823179245 0.5157795865088701 -0.18288402259349823
v -0.01923338696360588 0.5135654862970114 -0.18288402259349823
v -0.006312740966677666 0.5111987860873342 -0.18288402259349823
v 0.006607905961573124 0.5087486384436488 -0.18288402259349823
v 0.019528552889823914 0.5060946797020733 -0.18288402259349823
v 0.03244920074939728 0.5032816750463098 -0.18288402259349823
v 0.045369844883680344 0.5004641668347176 -0.18288402259349823
v 0.05829049274325371 0.4977901033125818 -0.18288402259349823
v 0.07121113687753677 0.4952602223493159 -0.18288402259349823
v 0.08413178473711014 0.4928445261903107 -0.18288402259349823
v 0.0970524325966835 0.490477604791522 -0.18288402259349823
v 0.10997305065393448 0.48825498949736357 -0.18288402259349823
v 0.12289369106292725 0.48577412869781256 -0.18288402259349823
v 0.1358143389225006 0.48320066556334496 -0.18288402259349823
v 0.14873498678207397 0.4805232807993889 -0.18288402259349823
v 0.16165563464164734 0.47774863988161087 -0.18288402259349823
v 0.1745762825012207 0.4751051403582096 -0.18288402259349823
v 0.18749696016311646 0.47254560701549053 -0.18288402259349823
v 0.20041757822036743 0.4692638535052538 -0.18288402259349823
v 0.21333818137645721 0.465254295617342 -0.18288402259349823
v 0.22625887393951416 0.46215297654271126 -0.18288402259349823
v 0.23917947709560394 0.45918894559144974 -0.18288402259349823
v 0.2521001696586609 0.4562298133969307 -0.18288402259349823
v 0.26502078771591187 0.4533603563904762 -0.18288402259349823
v 0.2779414653778076 0.4502016231417656 -0.18288402259349823
v 0.2908620834350586 0.4467681087553501 -0.18288402259349823
v 0.30378276109695435 0.44330742582678795 -0.18288402259349823
v 0.31670334935188293 0.43994759023189545 -0.18288402259349823
v 0.3296240270137787 0.4365823119878769 -0.18288402259349823
v 0.34254464507102966 0.4334930405020714 -0.18288402259349823
v 0.3554653227329254 0.4303559958934784 -0.18288402259349823
v 0.3683859407901764 0.4214079976081848 -0.18288402259349823
v 0.38130661845207214 0.413560688495636 -0.18288402259349823
v 0.3942272365093231 0.4030820056796074 -0.18288402259349823
v -0.381011426448822 0.6252633333206177 -0.19570454955101013
v -0.36809077858924866 0.617605023086071 -0.19570454955101013
v -0.3551701307296753 0.6118767186999321 -0.19570454955101013
v -0.3422495126724243 0.6067368313670158 -0.19570454955101013
v -0.32932886481285095 0.6017042323946953 -0.19570454955101013
v -0.3164082169532776 0.5937966480851173 -0.19570454955101013
v -0.3034875690937042 0.5886784642934799 -0.19570454955101013
v -0.29056692123413086 0.5843215063214302 -0.19570454955101013
v -0.2776462733745575 0.5791538134217262 -0.19570454955101013
v -0.26472562551498413 0.5742467194795609 -0.19570454955101013
v -0.25180497765541077 0.5713980346918106 -0.19570454955101013
v -0.2388843297958374 0.5675214603543282 -0.19570454955101013
v -0.22596369683742523 0.5614703595638275 -0.19570454955101013
v -0.21304304897785187 0.5583219118416309 -0.19570454955101013
v -0.2001224160194397 0.5557291321456432 -0.19570454955101013
v -0.18720176815986633 0.553113516420126 -0.19570454955101013
v -0.17428112030029297 0.5504502803087234 -0.19570454955101013
v -0.1613604724407196 0.5477614514529705 -0.19570454955101013
v -0.14843982458114624 0.544877965003252 -0.19570454955101013
v -0.13551919162273407 0.5420308522880077 -0.19570454955101013
v -0.1225985437631607 0.5389800034463406 -0.19570454955101013
v -0.10967789590358734 0.535792849957943 -0.19570454955101013
v -0.09675723314285278 0.5321045592427254 -0.19570454955101013
v -0.0838366225361824 0.5283500701189041 -0.19570454955101013
v -0.07091597467660904 0.5254059992730618 -0.19570454955101013
v -0.057995326817035675 0.5230245590209961 -0.19570454955101013
v -0.04507468268275261 0.5209678318351507 -0.19570454955101013
v -0.032154034823179245 0.5188902113586664 -0.19570454955101013
v -0.01923338696360588 0.5167144499719143 -0.19570454955101013
v -0.006312740966677666 0.5144066885113716 -0.19570454955101013
v 0.006607905961573124 0.5119810253381729 -0.19570454955101013
v 0.019528552889823914 0.5094537530094385 -0.19570454955101013
v 0.03244920074939728 0.5067504299804568 -0.19570454955101013
v 0.045369844883680344 0.5040835272520781 -0.19570454955101013
v 0.05829049274325371 0.5014748247340322 -0.19570454955101013
v 0.07121113687753677 0.49897506507113576 -0.19570454955101013
v 0.08413178473711014 0.49656190373934805 -0.19570454955101013
v 0.0970524325966835 0.4942293115891516 -0.19570454955101013
v 0.10997305065393448 0.49196510668843985 -0.19570454955101013
v 0.12289369106292725 0.48950809240341187 -0.19570454955101013
v 0.1358143389225006 0.48690576385706663 -0.19570454955101013
v 0.14873498678207397 0.484116580337286 -0.19570454955101013
v 0.16165563464164734 0.48128383979201317 -0.19570454955101013
v 0.1745762825012207 0.47862586937844753 -0.19570454955101013
v 0.18749696016311646 0.4760323017835617 -0.19570454955101013
v 0.20041757822036743 0.47291641123592854 -0.19570454955101013
v 0.21333818137645721 0.4693112261593342 -0.19570454955101013
v 0.22625887393951416 0.4660811275243759 -0.19570454955101013
v 0.23917947709560394 0.46295229345560074 -0.19570454955101013
v 0.2521001696586609 0.45996958762407303 -0.19570454955101013
v 0.26502078771591187 0.45700543373823166 -0.19570454955101013
v 0.2779414653778076 0.4538235180079937 -0.19570454955101013
v 0.2908620834350586 0.4501804858446121 -0.19570454955101013
v 0.30378276109695435 0.44641977176070213 -0.19570454955101013
v 0.31670334935188293 0.4429999142885208 -0.19570454955101013
v 0.3296240270137787 0.4396744817495346 -0.19570454955101013
v 0.34254464507102966 0.4365657791495323 -0.19570454955101013
v 0.3554653227329254 0.4337044879794121 -0.19570454955101013
v 0.3683859407901764 0.4238521456718445 -0.19570454955101013
v 0.38130661845207214 0.41368940472602844 -0.19570454955101013
v 0.3942272365093231 0.405779592692852 -0.19570454955101013
v -0.381011426448822 0.6309678107500076 -0.20852500200271606
v -0.36809077858924866 0.6232261657714844 -0.20852500200271606
v -0.3551701307296753 0.6151049733161926 -0.20852500200271606
v -0.3422495126724243 0.6102250963449478 -0.20852500200271606
v -0.32932886481285095 0.6047443822026253 -0.20852500200271606
v -0.3164082169532776 0.5977152734994888 -0.20852500200271606
v -0.3034875690937042 0.5913276523351669 -0.20852500200271606
v -0.29056692123413086 0.5868920162320137 -0.20852500200271606
v -0.2776462733745575 0.5824537500739098 -0.20852500200271606
v -0.26472562551498413 0.576369896531105 -0.20852500200271606
v -0.25180497765541077 0.5737899839878082 -0.20852500200271606
v -0.2388843297958374 0.5703652277588844 -0.20852500200271606
v -0.22596369683742523 0.5648522675037384 -0.20852500200271606
v -0.21304304897785187 0.5615685246884823 -0.20852500200271606
v -0.2001224160194397 0.5590031817555428 -0.20852500200271606
v -0.18720176815986633 0.556521337479353 -0.20852500200271606
v -0.17428112030029297 0.5539475083351135 -0.20852500200271606
v -0.1613604724407196 0.5512759052217007 -0.20852500200271606
v -0.14843982458114624 0.5484358556568623 -0.20852500200271606
v -0.13551919162273407 0.5455920621752739 -0.20852500200271606
v -0.1225985437631607 0.5426269024610519 -0.20852500200271606
v -0.10967789590358734 0.5394967645406723 -0.20852500200271606
v -0.09675723314285278 0.5360169112682343 -0.20852500200271606
v -0.0838366225361824 0.5321794673800468 -0.20852500200271606
v -0.07091597467660904 0.5289641339331865 -0.20852500200271606
v -0.057995326817035675 0.5263668745756149 -0.20852500200271606
v -0.04507468268275261 0.5241530928760767 -0.20852500200271606
v -0.032154034823179245 0.5220499038696289 -0.20852500200271606
v -0.01923338696360588 0.5198386088013649 -0.20852500200271606
v -0.006312740966677666 0.5175848137587309 -0.20852500200271606
v 0.006607905961573124 0.5152527131140232 -0.20852500200271606
v 0.019528552889823914 0.5128287244588137 -0.20852500200271606
v 0.03244920074939728 0.510222777724266 -0.20852500200271606
v 0.045369844883680344 0.5076169050298631 -0.20852500200271606
v 0.05829049274325371 0.5051035368815064 -0.20852500200271606
v 0.07121113687753677 0.5026605494786054 -0.20852500200271606
v 0.08413178473711014 0.5002191126259277 -0.20852500200271606
v 0.0970524325966835 0.4978301909286529 -0.20852500200271606
v 0.10997305065393448 0.4955431492999196 -0.20852500200271606
v 0.12289369106292725 0.4930785312317312 -0.20852500200271606
v 0.1358143389225006 0.490469410084188 -0.20852500200271606
v 0.14873498678207397 0.4876591367647052 -0.20852500200271606
v 0.16165563464164734 0.48480518348515034 -0.20852500200271606
v 0.1745762825012207 0.4820391312241554 -0.20852500200271606
v 0.18749696016311646 0.4794340953230858 -0.20852500200271606
v 0.20041757822036743 0.4764720853418112 -0.20852500200271606
v 0.21333818137645721 0.4731009528040886 -0.20852500200271606
v 0.22625887393951416 0.4697855841368437 -0.20852500200271606
v 0.23917947709560394 0.46654847264289856 -0.20852500200271606
v 0.2521001696586609 0.46346455067396164 -0.20852500200271606
v 0.26502078771591187 0.46041059866547585 -0.20852500200271606
v 0.2779414653778076 0.4571855962276459 -0.20852500200271606
v 0.2908620834350586 0.45338553190231323 -0.20852500200271606
v 0.30378276109695435 0.4490899220108986 -0.20852500200271606
v 0.31670334935188293 0.4456150382757187 -0.20852500200271606
v 0.3296240270137787 0.44225960969924927 -0.20852500200271606
v 0.34254464507102966 0.4391670972108841 -0.20852500200271606
v 0.3554653227329254 0.4364032819867134 -0.20852500200271606
v 0.3683859407901764 0.4257410615682602 -0.20852500200271606
v 0.38130661845207214 0.415078304708004 -0.20852500200271606
v 0.3942272365093231 0.4086584001779556 -0.20852500200271606
v -0.381011426448822 0.6356133669614792 -0.22134552896022797
v -0.36809077858924866 0.6296645253896713 -0.22134552896022797
v -0.3551701307296753 0.6212433353066444 -0.22134552896022797
v -0.3422495126724243 0.6129595264792442 -0.22134552896022797
v -0.32932886481285095 0.6071734130382538 -0.22134552896022797
v -0.3164082169532776 0.6011139452457428 -0.22134552896022797
v -0.3034875690937042 0.5938525348901749 -0.22134552896022797
v -0.29056692123413086 0.5891194045543671 -0.22134552896022797
v -0.2776462733745575 0.5852144882082939 -0.22134552896022797
v -0.26472562551498413 0.5786735191941261 -0.22134552896022797
v -0.25180497765541077 0.5762328952550888 -0.22134552896022797
v -0.2388843297958374 0.5730466246604919 -0.22134552896022797
v -0.22596369683742523 0.5680603235960007 -0.22134552896022797
v -0.21304304897785187 0.5646826401352882 -0.22134552896022797
v -0.2001224160194397 0.5621675290167332 -0.22134552896022797
v -0.18720176815986633 0.5598345659673214 -0.22134552896022797
v -0.17428112030029297 0.557328924536705 -0.22134552896022797
v -0.1613604724407196 0.5547595731914043 -0.22134552896022797
v -0.14843982458114624 0.5519445985555649 -0.22134552896022797
v -0.13551919162273407 0.5491393469274044 -0.22134552896022797
v -0.1225985437631607 0.5462462157011032 -0.22134552896022797
v -0.10967789590358734 0.5431901477277279 -0.22134552896022797
v -0.09675723314285278 0.5399191975593567 -0.22134552896022797
v -0.0838366225361824 0.5360578112304211 -0.22134552896022797
v -0.07091597467660904 0.5325801968574524 -0.22134552896022797
v -0.057995326817035675 0.5297298599034548 -0.22134552896022797
v -0.04507468268275261 0.527403125539422 -0.22134552896022797
v -0.032154034823179245 0.5252567231655121 -0.22134552896022797
v -0.01923338696360588 0.5230265036225319 -0.22134552896022797
v -0.006312740966677666 0.5208398662507534 -0.22134552896022797
v 0.006607905961573124 0.51858114823699 -0.22134552896022797
v 0.019528552889823914 0.5162678752094507 -0.22134552896022797
v 0.03244920074939728 0.5138069968670607 -0.22134552896022797
v 0.045369844883680344 0.5111726764589548 -0.22134552896022797
v 0.05829049274325371 0.5086233550682664 -0.22134552896022797
v 0.07121113687753677 0.5062197661027312 -0.22134552896022797
v 0.08413178473711014 0.5038071216549724 -0.22134552896022797
v 0.0970524325966835 0.501465744106099 -0.22134552896022797
v 0.10997305065393448 0.4992065352271311 -0.22134552896022797
v 0.12289369106292725 0.4966770482715219 -0.22134552896022797
v 0.1358143389225006 0.4940543184056878 -0.22134552896022797
v 0.14873498678207397 0.49119790364056826 -0.22134552896022797
v 0.16165563464164734 0.48831149097532034 -0.22134552896022797
v 0.1745762825012207 0.4855324216187 -0.22134552896022797
v 0.18749696016311646 0.4828711785376072 -0.22134552896022797
v 0.20041757822036743 0.47997839376330376 -0.22134552896022797
v 0.21333818137645721 0.4767377357929945 -0.22134552896022797
v 0.22625887393951416 0.47331517189741135 -0.22134552896022797
v 0.23917947709560394 0.4699765741825104 -0.22134552896022797
v 0.2521001696586609 0.46689867973327637 -0.22134552896022797
v 0.26502078771591187 0.46379895880818367 -0.22134552896022797
v 0.2779414653778076 0.46042797341942787 -0.22134552896022797
v 0.2908620834350586 0.45637790858745575 -0.22134552896022797
v 0.30378276109695435 0.45149584859609604 -0.22134552896022797
v 0.31670334935188293 0.4476682245731354 -0.22134552896022797
v 0.3296240270137787 0.4444950446486473 -0.22134552896022797
v 0.34254464507102966 0.44146769866347313 -0.22134552896022797
v 0.3554653227329254 0.438678365200758 -0.22134552896022797
v 0.3683859407901764 0.4283730685710907 -0.22134552896022797
v 0.38130661845207214 0.41650617867708206 -0.22134552896022797
v 0.3942272365093231 0.4113999828696251 -0.22134552896022797
v -0.381011426448822 0.6400155574083328 -0.23416604101657867
v -0.36809077858924866 0.6348340809345245 -0.23416604101657867
v -0.3551701307296753 0.6286122649908066 -0.23416604101657867
v -0.3422495126724243 0.6154728680849075 -0.23416604101657867
v -0.32932886481285095 0.6102539673447609 -0.23416604101657867
v -0.3164082169532776 0.6034188494086266 -0.23416604101657867
v -0.3034875690937042 0.5966754332184792 -0.23416604101657867
v -0.29056692123413086 0.5910536274313927 -0.23416604101657867
v -0.2776462733745575 0.587444357573986 -0.23416604101657867
v -0.26472562551498413 0.5807755067944527 -0.23416604101657867
v -0.25180497765541077 0.5783360078930855 -0.23416604101657867
v -0.2388843297958374 0.5754133239388466 -0.23416604101657867
v -0.22596369683742523 0.570877730846405 -0.23416604101657867
v -0.21304304897785187 0.5675686150789261 -0.23416604101657867
v -0.2001224160194397 0.5652235224843025 -0.23416604101657867
v -0.18720176815986633 0.5629634708166122 -0.23416604101657867
v -0.17428112030029297 0.5606255643069744 -0.23416604101657867
v -0.1613604724407196 0.5581088252365589 -0.23416604101657867
v -0.14843982458114624 0.5553672350943089 -0.23416604101657867
v -0.13551919162273407 0.5525404252111912 -0.23416604101657867
v -0.1225985437631607 0.549710538238287 -0.23416604101657867
v -0.10967789590358734 0.5468158572912216 -0.23416604101657867
v -0.09675723314285278 0.5436996966600418 -0.23416604101657867
v -0.0838366225361824 0.5401208437979221 -0.23416604101657867
v -0.07091597467660904 0.5364134833216667 -0.23416604101657867
v -0.057995326817035675 0.5333039425313473 -0.23416604101657867
v -0.04507468268275261 0.5307794734835625 -0.23416604101657867
v -0.032154034823179245 0.5284844599664211 -0.23416604101657867
v -0.01923338696360588 0.526179725304246 -0.23416604101657867
v -0.006312740966677666 0.5239500217139721 -0.23416604101657867
v 0.006607905961573124 0.5218008626252413 -0.23416604101657867
v 0.019528552889823914 0.5196417383849621 -0.23416604101657867
v 0.03244920074939728 0.5172113757580519 -0.23416604101657867
v 0.045369844883680344 0.5145930014550686 -0.23416604101657867
v 0.05829049274325371 0.5120350662618876 -0.23416604101657867
v 0.07121113687753677 0.5096455542370677 -0.23416604101657867
v 0.08413178473711014 0.5072872703894973 -0.23416604101657867
v 0.0970524325966835 0.5049352371133864 -0.23416604101657867
v 0.10997305065393448 0.50266123842448 -0.23416604101657867
v 0.12289369106292725 0.5001667697506491 -0.23416604101657867
v 0.1358143389225006 0.4975208092946559 -0.23416604101657867
v 0.14873498678207397 0.4946365621872246 -0.23416604101657867
v 0.16165563464164734 0.4916865359991789 -0.23416604101657867
v 0.1745762825012207 0.48889769706875086 -0.23416604101657867
v 0.18749696016311646 0.486233058385551 -0.23416604101657867
v 0.20041757822036743 0.48331495001912117 -0.23416604101657867
v 0.21333818137645721 0.4801751393824816 -0.23416604101657867
v 0.22625887393951416 0.4767258018255234 -0.23416604101657867
v 0.23917947709560394 0.47340403497219086 -0.23416604101657867
v 0.2521001696586609 0.47023385763168335 -0.23416604101657867
v 0.26502078771591187 0.46700092777609825 -0.23416604101657867
v 0.2779414653778076 0.4635411575436592 -0.23416604101657867
v 0.2908620834350586 0.45938992500305176 -0.23416604101657867
v 0.30378276109695435 0.454057227820158 -0.23416604101657867
v 0.31670334935188293 0.44955242052674294 -0.23416604101657867
v 0.3296240270137787 0.4463217295706272 -0.23416604101657867
v 0.34254464507102966 0.44345586746931076 -0.23416604101657867
v 0.3554653227329254 0.44082872942090034 -0.23416604101657867
v 0.3683859407901764 0.43351394683122635 -0.23416604101657867
v 0.38130661845207214 0.41736841946840286 -0.23416604101657867
v 0.3942272365093231 0.41350069642066956 -0.23416604101657867
v -0.381011426448822 0.6428371369838715 -0.24698656797409058
v -0.36809077858924866 0.6380495578050613 -0.24698656797409058
v -0.3551701307296753 0.632812112569809 -0.24698656797409058
v -0.3422495126724243 0.62078957259655 -0.24698656797409058
v -0.32932886481285095 0.6126237139105797 -0.24698656797409058
v -0.3164082169532776 0.6053683385252953 -0.24698656797409058
v -0.3034875690937042 0.598775327205658 -0.24698656797409058
v -0.29056692123413086 0.5921015217900276 -0.24698656797409058
v -0.2776462733745575 0.5889296010136604 -0.24698656797409058
v -0.26472562551498413 0.5828377455472946 -0.24698656797409058
v -0.25180497765541077 0.5796965807676315 -0.24698656797409058
v -0.2388843297958374 0.5771038755774498 -0.24698656797409058
v -0.22596369683742523 0.5731905102729797 -0.24698656797409058
v -0.21304304897785187 0.5699502006173134 -0.24698656797409058
v -0.2001224160194397 0.5677370131015778 -0.24698656797409058
v -0.18720176815986633 0.5656331554055214 -0.24698656797409058
v -0.17428112030029297 0.5633816048502922 -0.24698656797409058
v -0.1613604724407196 0.560923308134079 -0.24698656797409058
v -0.14843982458114624 0.5581727586686611 -0.24698656797409058
v -0.13551919162273407 0.5554028190672398 -0.24698656797409058
v -0.1225985437631607 0.5525702014565468 -0.24698656797409058
v -0.10967789590358734 0.5497584789991379 -0.24698656797409058
v -0.09675723314285278 0.5468244962394238 -0.24698656797409058
v -0.0838366225361824 0.5433952882885933 -0.24698656797409058
v -0.07091597467660904 0.5397902987897396 -0.24698656797409058
v -0.057995326817035675 0.5365436859428883 -0.24698656797409058
v -0.04507468268275261 0.5338073372840881 -0.24698656797409058
v -0.032154034823179245 0.5313569195568562 -0.24698656797409058
v -0.01923338696360588 0.5289803501218557 -0.24698656797409058
v -0.006312740966677666 0.5267157033085823 -0.24698656797409058
v 0.006607905961573124 0.5246033351868391 -0.24698656797409058
v 0.019528552889823914 0.5224875714629889 -0.24698656797409058
v 0.03244920074939728 0.5201344303786755 -0.24698656797409058
v 0.045369844883680344 0.5175011195242405 -0.24698656797409058
v 0.05829049274325371 0.5148712284862995 -0.24698656797409058
v 0.07121113687753677 0.5124522345140576 -0.24698656797409058
v 0.08413178473711014 0.5100934337824583 -0.24698656797409058
v 0.0970524325966835 0.5077672400511801 -0.24698656797409058
v 0.10997305065393448 0.5054724467918277 -0.24698656797409058
v 0.12289369106292725 0.5029877724591643 -0.24698656797409058
v 0.1358143389225006 0.5003287693252787 -0.24698656797409058
v 0.14873498678207397 0.49745520227588713 -0.24698656797409058
v 0.16165563464164734 0.4944627503864467 -0.24698656797409058
v 0.1745762825012207 0.4916650280356407 -0.24698656797409058
v 0.18749696016311646 0.48896943125873804 -0.24698656797409058
v 0.20041757822036743 0.4861894026398659 -0.24698656797409058
v 0.21333818137645721 0.4831054303795099 -0.24698656797409058
v 0.22625887393951416 0.4797336086630821 -0.24698656797409058
v 0.23917947709560394 0.4763507153838873 -0.24698656797409058
v 0.2521001696586609 0.4730542451143265 -0.24698656797409058
v 0.26502078771591187 0.4697219468653202 -0.24698656797409058
v 0.2779414653778076 0.46621743589639664 -0.24698656797409058
v 0.2908620834350586 0.4620829373598099 -0.24698656797409058
v 0.30378276109695435 0.4565417543053627 -0.24698656797409058
v 0.31670334935188293 0.4513417258858681 -0.24698656797409058
v 0.3296240270137787 0.44786354526877403 -0.24698656797409058
v 0.34254464507102966 0.4450569860637188 -0.24698656797409058
v 0.3554653227329254 0.44242845103144646 -0.24698656797409058
v 0.3683859407901764 0.4382465332746506 -0.24698656797409058
v 0.38130661845207214 0.41779738664627075 -0.24698656797409058
v 0.3942272365093231 0.41406945139169693 -0.24698656797409058
v -0.381011426448822 0.6454915404319763 -0.2598070800304413
v -0.36809077858924866 0.6408564746379852 -0.2598070800304413
v -0.3551701307296753 0.6356219947338104 -0.2598070800304413
v -0.3422495126724243 0.6273269653320312 -0.2598070800304413
v -0.32932886481285095 0.6141218021512032 -0.2598070800304413
v -0.3164082169532776 0.6070766746997833 -0.2598070800304413
v -0.3034875690937042 0.5999614670872688 -0.2598070800304413
v -0.29056692123413086 0.593187190592289 -0.2598070800304413
v -0.2776462733745575 0.5892552211880684 -0.2598070800304413
v -0.26472562551498413 0.5849621742963791 -0.2598070800304413
v -0.25180497765541077 0.5805033296346664 -0.2598070800304413
v -0.2388843297958374 0.578375905752182 -0.2598070800304413
v -0.22596369683742523 0.5750542059540749 -0.2598070800304413
v -0.21304304897785187 0.5720335096120834 -0.2598070800304413
v -0.2001224160194397 0.5698968023061752 -0.2598070800304413
v -0.18720176815986633 0.5678956881165504 -0.2598070800304413
v -0.17428112030029297 0.5658084452152252 -0.2598070800304413
v -0.1613604724407196 0.5634572729468346 -0.2598070800304413
v -0.14843982458114624 0.5607675574719906 -0.2598070800304413
v -0.13551919162273407 0.5579911470413208 -0.2598070800304413
v -0.1225985437631607 0.5551969669759274 -0.2598070800304413
v -0.10967789590358734 0.5524272508919239 -0.2598070800304413
v -0.09675723314285278 0.54958151653409 -0.2598070800304413
v -0.0838366225361824 0.5464192889630795 -0.2598070800304413
v -0.07091597467660904 0.5429897345602512 -0.2598070800304413
v -0.057995326817035675 0.5396714881062508 -0.2598070800304413
v -0.04507468268275261 0.5367630235850811 -0.2598070800304413
v -0.032154034823179245 0.5341746993362904 -0.2598070800304413
v -0.01923338696360588 0.531715665012598 -0.2598070800304413
v -0.006312740966677666 0.529376182705164 -0.2598070800304413
v 0.006607905961573124 0.5271774381399155 -0.2598070800304413
v 0.019528552889823914 0.5250456035137177 -0.2598070800304413
v 0.03244920074939728 0.5227238647639751 -0.2598070800304413
v 0.045369844883680344 0.5201154816895723 -0.2598070800304413
v 0.05829049274325371 0.5175002571195364 -0.2598070800304413
v 0.07121113687753677 0.515045827254653 -0.2598070800304413
v 0.08413178473711014 0.512663402594626 -0.2598070800304413
v 0.0970524325966835 0.5103334924206138 -0.2598070800304413
v 0.10997305065393448 0.5080512743443251 -0.2598070800304413
v 0.12289369106292725 0.5056010521948338 -0.2598070800304413
v 0.1358143389225006 0.5030001751147211 -0.2598070800304413
v 0.14873498678207397 0.5001428746327292 -0.2598070800304413
v 0.16165563464164734 0.49716494185850024 -0.2598070800304413
v 0.1745762825012207 0.49437327263876796 -0.2598070800304413
v 0.18749696016311646 0.4916718937456608 -0.2598070800304413
v 0.20041757822036743 0.48885975033044815 -0.2598070800304413
v 0.21333818137645721 0.4858519174158573 -0.2598070800304413
v 0.22625887393951416 0.4825019985437393 -0.2598070800304413
v 0.23917947709560394 0.4790472947061062 -0.2598070800304413
v 0.2521001696586609 0.4757006000727415 -0.2598070800304413
v 0.26502078771591187 0.4722278583794832 -0.2598070800304413
v 0.2779414653778076 0.4686897061765194 -0.2598070800304413
v 0.2908620834350586 0.4646298252046108 -0.2598070800304413
v 0.30378276109695435 0.45907997712492943 -0.2598070800304413
v 0.31670334935188293 0.4530651494860649 -0.2598070800304413
v 0.3296240270137787 0.44923582673072815 -0.2598070800304413
v 0.34254464507102966 0.4464465454220772 -0.2598070800304413
v 0.3554653227329254 0.44384414330124855 -0.2598070800304413
v 0.3683859407901764 0.440347358584404 -0.2598070800304413
v 0.38130661845207214 0.41788200289011 -0.2598070800304413
v 0.3942272365093231 0.4142148941755295 -0.2598070800304413
v -0.381011426448822 0.6479934751987457 -0.2726276218891144
v -0.36809077858924866 0.6435115784406662 -0.2726276218891144
v -0.3551701307296753 0.6380226016044617 -0.2726276218891144
v -0.3422495126724243 0.6308463662862778 -0.2726276218891144
v -0.32932886481285095 0.6166491732001305 -0.2726276218891144
v -0.3164082169532776 0.6090424284338951 -0.2726276218891144
v -0.3034875690937042 0.6004322096705437 -0.2726276218891144
v -0.29056692123413086 0.5938097611069679 -0.2726276218891144
v -0.2776462733745575 0.5885016247630119 -0.2726276218891144
v -0.26472562551498413 0.5862646400928497 -0.2726276218891144
v -0.25180497765541077 0.5815437883138657 -0.2726276218891144
v -0.2388843297958374 0.5793772116303444 -0.2726276218891144
v -0.22596369683742523 0.5764632821083069 -0.2726276218891144
v -0.21304304897785187 0.5738709941506386 -0.2726276218891144
v -0.2001224160194397 0.5718579217791557 -0.2726276218891144
v -0.18720176815986633 0.5699855908751488 -0.2726276218891144
v -0.17428112030029297 0.5680454298853874 -0.2726276218891144
v -0.1613604724407196 0.5657622292637825 -0.2726276218891144
v -0.14843982458114624 0.5631472989916801 -0.2726276218891144
v -0.13551919162273407 0.5604696460068226 -0.2726276218891144
v -0.1225985437631607 0.557725053280592 -0.2726276218891144
v -0.10967789590358734 0.5550151579082012 -0.2726276218891144
v -0.09675723314285278 0.5522117018699646 -0.2726276218891144
v -0.0838366225361824 0.549213096499443 -0.2726276218891144
v -0.07091597467660904 0.5459860749542713 -0.2726276218891144
v -0.057995326817035675 0.5427634082734585 -0.2726276218891144
v -0.04507468268275261 0.539859127253294 -0.2726276218891144
v -0.032154034823179245 0.5371908992528915 -0.2726276218891144
v -0.01923338696360588 0.5345866978168488 -0.2726276218891144
v -0.006312740966677666 0.53208327293396 -0.2726276218891144
v 0.006607905961573124 0.5297724083065987 -0.2726276218891144
v 0.019528552889823914 0.5276175420731306 -0.2726276218891144
v 0.03244920074939728 0.5252547301352024 -0.2726276218891144
v 0.045369844883680344 0.5226870253682137 -0.2726276218891144
v 0.05829049274325371 0.5200226828455925 -0.2726276218891144
v 0.07121113687753677 0.5175555050373077 -0.2726276218891144
v 0.08413178473711014 0.5151476338505745 -0.2726276218891144
v 0.0970524325966835 0.5128436125814915 -0.2726276218891144
v 0.10997305065393448 0.510546088218689 -0.2726276218891144
v 0.12289369106292725 0.5080790081992745 -0.2726276218891144
v 0.1358143389225006 0.5055094584822655 -0.2726276218891144
v 0.14873498678207397 0.5026528222952038 -0.2726276218891144
v 0.16165563464164734 0.49974556590314023 -0.2726276218891144
v 0.1745762825012207 0.4969884476158768 -0.2726276218891144
v 0.18749696016311646 0.49421983724460006 -0.2726276218891144
v 0.20041757822036743 0.4913658834993839 -0.2726276218891144
v 0.21333818137645721 0.48838745802640915 -0.2726276218891144
v 0.22625887393951416 0.4850468663498759 -0.2726276218891144
v 0.23917947709560394 0.4815428461879492 -0.2726276218891144
v 0.2521001696586609 0.4781111031770706 -0.2726276218891144
v 0.26502078771591187 0.4745809491723776 -0.2726276218891144
v 0.2779414653778076 0.47105552069842815 -0.2726276218891144
v 0.2908620834350586 0.46706410124897957 -0.2726276218891144
v 0.30378276109695435 0.4615252800285816 -0.2726276218891144
v 0.31670334935188293 0.4548175670206547 -0.2726276218891144
v 0.3296240270137787 0.45049500837922096 -0.2726276218891144
v 0.34254464507102966 0.44758325070142746 -0.2726276218891144
v 0.3554653227329254 0.4449537545442581 -0.2726276218891144
v 0.3683859407901764 0.4412294365465641 -0.2726276218891144
v 0.38130661845207214 0.4174954742193222 -0.2726276218891144
v 0.3942272365093231 0.41339292377233505 -0.2726276218891144
v -0.381011426448822 0.6505776345729828 -0.2854481339454651
v -0.36809077858924866 0.6463197767734528 -0.2854481339454651
v -0.3551701307296753 0.6411296874284744 -0.2854481339454651
v -0.3422495126724243 0.6339965164661407 -0.2854481339454651
v -0.32932886481285095 0.6239790692925453 -0.2854481339454651
v -0.3164082169532776 0.6109530255198479 -0.2854481339454651
v -0.3034875690937042 0.600345216691494 -0.2854481339454651
v -0.29056692123413086 0.593550980091095 -0.2854481339454651
v -0.2776462733745575 0.5879128873348236 -0.2854481339454651
v -0.26472562551498413 0.5868969112634659 -0.2854481339454651
v -0.25180497765541077 0.5821591541171074 -0.2854481339454651
v -0.2388843297958374 0.5803629383444786 -0.2854481339454651
v -0.22596369683742523 0.5779368579387665 -0.2854481339454651
v -0.21304304897785187 0.5757356509566307 -0.2854481339454651
v -0.2001224160194397 0.5738748088479042 -0.2854481339454651
v -0.18720176815986633 0.5721327513456345 -0.2854481339454651
v -0.17428112030029297 0.5702464878559113 -0.2854481339454651
v -0.1613604724407196 0.5681021586060524 -0.2854481339454651
v -0.14843982458114624 0.5656193047761917 -0.2854481339454651
v -0.13551919162273407 0.5631111264228821 -0.2854481339454651
v -0.1225985437631607 0.5604722052812576 -0.2854481339454651
v -0.10967789590358734 0.5577599704265594 -0.2854481339454651
v -0.09675723314285278 0.5550425462424755 -0.2854481339454651
v -0.0838366225361824 0.5521686114370823 -0.2854481339454651
v -0.07091597467660904 0.5491199791431427 -0.2854481339454651
v -0.057995326817035675 0.5460135862231255 -0.2854481339454651
v -0.04507468268275261 0.543107733130455 -0.2854481339454651
v -0.032154034823179245 0.5404344312846661 -0.2854481339454651
v -0.01923338696360588 0.5377560369670391 -0.2854481339454651
v -0.006312740966677666 0.535064060240984 -0.2854481339454651
v 0.006607905961573124 0.5326243191957474 -0.2854481339454651
v 0.019528552889823914 0.5303538646548986 -0.2854481339454651
v 0.03244920074939728 0.5280106663703918 -0.2854481339454651
v 0.045369844883680344 0.525423176586628 -0.2854481339454651
v 0.05829049274325371 0.5227883141487837 -0.2854481339454651
v 0.07121113687753677 0.5202884823083878 -0.2854481339454651
v 0.08413178473711014 0.517791798338294 -0.2854481339454651
v 0.0970524325966835 0.5154864229261875 -0.2854481339454651
v 0.10997305065393448 0.5131636988371611 -0.2854481339454651
v 0.12289369106292725 0.5106853246688843 -0.2854481339454651
v 0.1358143389225006 0.5081626046448946 -0.2854481339454651
v 0.14873498678207397 0.5053778016008437 -0.2854481339454651
v 0.16165563464164734 0.5024855071678758 -0.2854481339454651
v 0.1745762825012207 0.499705305963289 -0.2854481339454651
v 0.18749696016311646 0.49692077352665365 -0.2854481339454651
v 0.20041757822036743 0.49405510583892465 -0.2854481339454651
v 0.21333818137645721 0.49102259054780006 -0.2854481339454651
v 0.22625887393951416 0.487666224129498 -0.2854481339454651
v 0.23917947709560394 0.48413641564548016 -0.2854481339454651
v 0.2521001696586609 0.48060281574726105 -0.2854481339454651
v 0.26502078771591187 0.47707935608923435 -0.2854481339454651
v 0.2779414653778076 0.4736142922192812 -0.2854481339454651
v 0.2908620834350586 0.4696903247386217 -0.2854481339454651
v 0.30378276109695435 0.46439212933182716 -0.2854481339454651
v 0.31670334935188293 0.456954050809145 -0.2854481339454651
v 0.3296240270137787 0.4519467055797577 -0.2854481339454651
v 0.34254464507102966 0.4488939382135868 -0.2854481339454651
v 0.3554653227329254 0.4459919221699238 -0.2854481339454651
v 0.3683859407901764 0.4426281750202179 -0.2854481339454651
v 0.38130661845207214 0.416609525680542 -0.2854481339454651
v 0.3942272365093231 0.41273659467697144 -0.2854481339454651
v -0.381011426448822 0.6534851640462875 -0.298268586397171
v -0.36809077858924866 0.6492471396923065 -0.298268586397171
v -0.3551701307296753 0.6441052854061127 -0.298268586397171
v -0.3422495126724243 0.6370936334133148 -0.298268586397171
v -0.32932886481285095 0.6283315420150757 -0.298268586397171
v -0.3164082169532776 0.6133561208844185 -0.298268586397171
v -0.3034875690937042 0.6011818125844002 -0.298268586397171
v -0.29056692123413086 0.5932765901088715 -0.298268586397171
v -0.2776462733745575 0.5874072760343552 -0.298268586397171
v -0.26472562551498413 0.5872198268771172 -0.298268586397171
v -0.25180497765541077 0.5828917324542999 -0.298268586397171
v -0.2388843297958374 0.5816589370369911 -0.298268586397171
v -0.22596369683742523 0.5796532481908798 -0.298268586397171
v -0.21304304897785187 0.5778273716568947 -0.298268586397171
v -0.2001224160194397 0.5761309936642647 -0.298268586397171
v -0.18720176815986633 0.5744766667485237 -0.298268586397171
v -0.17428112030029297 0.5726920589804649 -0.298268586397171
v -0.1613604724407196 0.5705857500433922 -0.298268586397171
v -0.14843982458114624 0.5682738050818443 -0.298268586397171
v -0.13551919162273407 0.5659671947360039 -0.298268586397171
v -0.1225985437631607 0.5634877383708954 -0.298268586397171
v -0.10967789590358734 0.5608624257147312 -0.298268586397171
v -0.09675723314285278 0.5581994839012623 -0.298268586397171
v -0.0838366225361824 0.5554100051522255 -0.298268586397171
v -0.07091597467660904 0.5525323525071144 -0.298268586397171
v -0.057995326817035675 0.549573615193367 -0.298268586397171
v -0.04507468268275261 0.5467288419604301 -0.298268586397171
v -0.032154034823179245 0.5440241135656834 -0.298268586397171
v -0.01923338696360588 0.5412631817162037 -0.298268586397171
v -0.006312740966677666 0.5384351648390293 -0.298268586397171
v 0.006607905961573124 0.5359009057283401 -0.298268586397171
v 0.019528552889823914 0.533575352281332 -0.298268586397171
v 0.03244920074939728 0.5311346780508757 -0.298268586397171
v 0.045369844883680344 0.5285435952246189 -0.298268586397171
v 0.05829049274325371 0.5258508026599884 -0.298268586397171
v 0.07121113687753677 0.5232994891703129 -0.298268586397171
v 0.08413178473711014 0.5207655467092991 -0.298268586397171
v 0.0970524325966835 0.518322067335248 -0.298268586397171
v 0.10997305065393448 0.5159602891653776 -0.298268586397171
v 0.12289369106292725 0.5135503271594644 -0.298268586397171
v 0.1358143389225006 0.5110532995313406 -0.298268586397171
v 0.14873498678207397 0.5083270650357008 -0.298268586397171
v 0.16165563464164734 0.5053911888971925 -0.298268586397171
v 0.1745762825012207 0.5025615482591093 -0.298268586397171
v 0.18749696016311646 0.4997771881899098 -0.298268586397171
v 0.20041757822036743 0.4968386047985405 -0.298268586397171
v 0.21333818137645721 0.4937943513505161 -0.298268586397171
v 0.22625887393951416 0.4904201924800873 -0.298268586397171
v 0.23917947709560394 0.4868442416191101 -0.298268586397171
v 0.2521001696586609 0.48330308869481087 -0.298268586397171
v 0.26502078771591187 0.47973757050931454 -0.298268586397171
v 0.2779414653778076 0.47625872679054737 -0.298268586397171
v 0.2908620834350586 0.47234406135976315 -0.298268586397171
v 0.30378276109695435 0.46744588017463684 -0.298268586397171
v 0.31670334935188293 0.4594692662358284 -0.298268586397171
v 0.3296240270137787 0.4533863440155983 -0.298268586397171
v 0.34254464507102966 0.45003728568553925 -0.298268586397171
v 0.3554653227329254 0.44696881622076035 -0.298268586397171
v 0.3683859407901764 0.4430765211582184 -0.298268586397171
v 0.38130661845207214 0.4156854972243309 -0.298268586397171
v 0.3942272365093231 0.41230320930480957 -0.298268586397171
v -0.381011426448822 0.6558046340942383 -0.31108909845352173
v -0.36809077858924866 0.6514558792114258 -0.31108909845352173
v -0.3551701307296753 0.646612823009491 -0.31108909845352173
v -0.3422495126724243 0.6399559527635574 -0.31108909845352173
v -0.32932886481285095 0.6315017193555832 -0.31108909845352173
v -0.3164082169532776 0.6201794967055321 -0.31108909845352173
v -0.3034875690937042 0.6036974489688873 -0.31108909845352173
v -0.29056692123413086 0.5924608334898949 -0.31108909845352173
v -0.2776462733745575 0.5866022706031799 -0.31108909845352173
v -0.26472562551498413 0.5868179425597191 -0.31108909845352173
v -0.25180497765541077 0.5834179446101189 -0.31108909845352173
v -0.2388843297958374 0.5828315690159798 -0.31108909845352173
v -0.22596369683742523 0.5811452269554138 -0.31108909845352173
v -0.21304304897785187 0.5795948952436447 -0.31108909845352173
v -0.2001224160194397 0.5781460329890251 -0.31108909845352173
v -0.18720176815986633 0.5765938088297844 -0.31108909845352173
v -0.17428112030029297 0.574961856007576 -0.31108909845352173
v -0.1613604724407196 0.5730991885066032 -0.31108909845352173
v -0.14843982458114624 0.5708684995770454 -0.31108909845352173
v -0.13551919162273407 0.5686746016144753 -0.31108909845352173
v -0.1225985437631607 0.5663325637578964 -0.31108909845352173
v -0.10967789590358734 0.5638042539358139 -0.31108909845352173
v -0.09675723314285278 0.5612901747226715 -0.31108909845352173
v -0.0838366225361824 0.5585159286856651 -0.31108909845352173
v -0.07091597467660904 0.55575967207551 -0.31108909845352173
v -0.057995326817035675 0.5529209524393082 -0.31108909845352173
v -0.04507468268275261 0.5500692874193192 -0.31108909845352173
v -0.032154034823179245 0.5473042912781239 -0.31108909845352173
v -0.01923338696360588 0.5445492416620255 -0.31108909845352173
v -0.006312740966677666 0.5416782088577747 -0.31108909845352173
v 0.006607905961573124 0.5390467420220375 -0.31108909845352173
v 0.019528552889823914 0.536570779979229 -0.31108909845352173
v 0.03244920074939728 0.5341172106564045 -0.31108909845352173
v 0.045369844883680344 0.5314746722579002 -0.31108909845352173
v 0.05829049274325371 0.5287677552551031 -0.31108909845352173
v 0.07121113687753677 0.5261454936116934 -0.31108909845352173
v 0.08413178473711014 0.5235317945480347 -0.31108909845352173
v 0.0970524325966835 0.5210038591176271 -0.31108909845352173
v 0.10997305065393448 0.5186116639524698 -0.31108909845352173
v 0.12289369106292725 0.5161941722035408 -0.31108909845352173
v 0.1358143389225006 0.5137011054903269 -0.31108909845352173
v 0.14873498678207397 0.5109994802623987 -0.31108909845352173
v 0.16165563464164734 0.5081445910036564 -0.31108909845352173
v 0.1745762825012207 0.5053244498558342 -0.31108909845352173
v 0.18749696016311646 0.5024464777670801 -0.31108909845352173
v 0.20041757822036743 0.499460743914824 -0.31108909845352173
v 0.21333818137645721 0.49638723069801927 -0.31108909845352173
v 0.22625887393951416 0.4930128501728177 -0.31108909845352173
v 0.23917947709560394 0.4893890852108598 -0.31108909845352173
v 0.2521001696586609 0.48581023048609495 -0.31108909845352173
v 0.26502078771591187 0.48221648670732975 -0.31108909845352173
v 0.2779414653778076 0.4788336418569088 -0.31108909845352173
v 0.2908620834350586 0.474916884675622 -0.31108909845352173
v 0.30378276109695435 0.47010978125035763 -0.31108909845352173
v 0.31670334935188293 0.4622870422899723 -0.31108909845352173
v 0.3296240270137787 0.4547318033874035 -0.31108909845352173
v 0.34254464507102966 0.4508794732391834 -0.31108909845352173
v 0.3554653227329254 0.44742371141910553 -0.31108909845352173
v 0.3683859407901764 0.44319361075758934 -0.31108909845352173
v 0.38130661845207214 0.41453981399536133 -0.31108909845352173
v 0.3942272365093231 0.4116607829928398 -0.31108909845352173
v -0.381011426448822 0.6583025753498077 -0.3239096403121948
v -0.36809077858924866 0.6535563766956329 -0.3239096403121948
v -0.3551701307296753 0.6486574709415436 -0.3239096403121948
v -0.3422495126724243 0.6422122716903687 -0.3239096403121948
v -0.32932886481285095 0.634171187877655 -0.3239096403121948
v -0.3164082169532776 0.6249139830470085 -0.3239096403121948
v -0.3034875690937042 0.6056784316897392 -0.3239096403121948
v -0.29056692123413086 0.5918896868824959 -0.3239096403121948
v -0.2776462733745575 0.5853906571865082 -0.3239096403121948
v -0.26472562551498413 0.5861964747309685 -0.3239096403121948
v -0.25180497765541077 0.5839526727795601 -0.3239096403121948
v -0.2388843297958374 0.5839210227131844 -0.3239096403121948
v -0.22596369683742523 0.5826440751552582 -0.3239096403121948
v -0.21304304897785187 0.5813670754432678 -0.3239096403121948
v -0.2001224160194397 0.5800959542393684 -0.3239096403121948
v -0.18720176815986633 0.5787562802433968 -0.3239096403121948
v -0.17428112030029297 0.577284574508667 -0.3239096403121948
v -0.1613604724407196 0.5756082013249397 -0.3239096403121948
v -0.14843982458114624 0.5735003650188446 -0.3239096403121948
v -0.13551919162273407 0.571461595594883 -0.3239096403121948
v -0.1225985437631607 0.5692233815789223 -0.3239096403121948
v -0.10967789590358734 0.5667715594172478 -0.3239096403121948
v -0.09675723314285278 0.5643160492181778 -0.3239096403121948
v -0.0838366225361824 0.5616510398685932 -0.3239096403121948
v -0.07091597467660904 0.5589985065162182 -0.3239096403121948
v -0.057995326817035675 0.5562453009188175 -0.3239096403121948
v -0.04507468268275261 0.5533651895821095 -0.3239096403121948
v -0.032154034823179245 0.5505843721330166 -0.3239096403121948
v -0.01923338696360588 0.5478245951235294 -0.3239096403121948
v -0.006312740966677666 0.5449192859232426 -0.3239096403121948
v 0.006607905961573124 0.5422223843634129 -0.3239096403121948
v 0.019528552889823914 0.5396169051527977 -0.3239096403121948
v 0.03244920074939728 0.537021342664957 -0.3239096403121948
v 0.045369844883680344 0.5343360342085361 -0.3239096403121948
v 0.05829049274325371 0.5316143743693829 -0.3239096403121948
v 0.07121113687753677 0.529011432081461 -0.3239096403121948
v 0.08413178473711014 0.5262974034994841 -0.3239096403121948
v 0.0970524325966835 0.5237189941108227 -0.3239096403121948
v 0.10997305065393448 0.5213326066732407 -0.3239096403121948
v 0.12289369106292725 0.5188738703727722 -0.3239096403121948
v 0.1358143389225006 0.5164447128772736 -0.3239096403121948
v 0.14873498678207397 0.5137546053156257 -0.3239096403121948
v 0.16165563464164734 0.5108911031857133 -0.3239096403121948
v 0.1745762825012207 0.5080548916012049 -0.3239096403121948
v 0.18749696016311646 0.5051154471002519 -0.3239096403121948
v 0.20041757822036743 0.5020926527213305 -0.3239096403121948
v 0.21333818137645721 0.4989781412295997 -0.3239096403121948
v 0.22625887393951416 0.49559527076780796 -0.3239096403121948
v 0.23917947709560394 0.49192533921450377 -0.3239096403121948
v 0.2521001696586609 0.48830932565033436 -0.3239096403121948
v 0.26502078771591187 0.4847048530355096 -0.3239096403121948
v 0.2779414653778076 0.48122659884393215 -0.3239096403121948
v 0.2908620834350586 0.47735509648919106 -0.3239096403121948
v 0.30378276109695435 0.47262031957507133 -0.3239096403121948
v 0.31670334935188293 0.46532202139496803 -0.3239096403121948
v 0.3296240270137787 0.45605718344449997 -0.3239096403121948
v 0.34254464507102966 0.45157137140631676 -0.3239096403121948
v 0.3554653227329254 0.44773535802960396 -0.3239096403121948
v 0.3683859407901764 0.44312790408730507 -0.3239096403121948
v 0.38130661845207214 0.4136408269405365 -0.3239096403121948
v 0.3942272365093231 0.41040344536304474 -0.3239096403121948
v -0.381011426448822 0.6606727540493011 -0.33673015236854553
v -0.36809077858924866 0.655609980225563 -0.33673015236854553
v -0.3551701307296753 0.6508480459451675 -0.33673015236854553
v -0.3422495126724243 0.6446788161993027 -0.33673015236854553
v -0.32932886481285095 0.636704221367836 -0.33673015236854553
v -0.3164082169532776 0.6277220398187637 -0.33673015236854553
v -0.3034875690937042 0.6094639226794243 -0.33673015236854553
v -0.29056692123413086 0.5917662754654884 -0.33673015236854553
v -0.2776462733745575 0.5838039070367813 -0.33673015236854553
v -0.26472562551498413 0.5857190117239952 -0.33673015236854553
v -0.25180497765541077 0.5847334563732147 -0.33673015236854553
v -0.2388843297958374 0.5852065831422806 -0.33673015236854553
v -0.22596369683742523 0.5842615365982056 -0.33673015236854553
v -0.21304304897785187 0.5831858366727829 -0.33673015236854553
v -0.2001224160194397 0.5821509882807732 -0.33673015236854553
v -0.18720176815986633 0.5809948667883873 -0.33673015236854553
v -0.17428112030029297 0.5796955451369286 -0.33673015236854553
v -0.1613604724407196 0.5781101509928703 -0.33673015236854553
v -0.14843982458114624 0.5761824697256088 -0.33673015236854553
v -0.13551919162273407 0.5742731243371964 -0.33673015236854553
v -0.1225985437631607 0.5721889808773994 -0.33673015236854553
v -0.10967789590358734 0.5698700770735741 -0.33673015236854553
v -0.09675723314285278 0.5674997568130493 -0.33673015236854553
v -0.0838366225361824 0.5648481622338295 -0.33673015236854553
v -0.07091597467660904 0.562211848795414 -0.33673015236854553
v -0.057995326817035675 0.5594591572880745 -0.33673015236854553
v -0.04507468268275261 0.5565687119960785 -0.33673015236854553
v -0.032154034823179245 0.5537096858024597 -0.33673015236854553
v -0.01923338696360588 0.5508844032883644 -0.33673015236854553
v -0.006312740966677666 0.5480145774781704 -0.33673015236854553
v 0.006607905961573124 0.5452539138495922 -0.33673015236854553
v 0.019528552889823914 0.5426617488265038 -0.33673015236854553
v 0.03244920074939728 0.5400029681622982 -0.33673015236854553
v 0.045369844883680344 0.5372902676463127 -0.33673015236854553
v 0.05829049274325371 0.5345526896417141 -0.33673015236854553
v 0.07121113687753677 0.5318646468222141 -0.33673015236854553
v 0.08413178473711014 0.5290687214583158 -0.33673015236854553
v 0.0970524325966835 0.5264447126537561 -0.33673015236854553
v 0.10997305065393448 0.5239746049046516 -0.33673015236854553
v 0.12289369106292725 0.5215271636843681 -0.33673015236854553
v 0.1358143389225006 0.519107136875391 -0.33673015236854553
v 0.14873498678207397 0.5164701342582703 -0.33673015236854553
v 0.16165563464164734 0.5136099057272077 -0.33673015236854553
v 0.1745762825012207 0.5108095491304994 -0.33673015236854553
v 0.18749696016311646 0.5078645925968885 -0.33673015236854553
v 0.20041757822036743 0.5047920388169587 -0.33673015236854553
v 0.21333818137645721 0.5016423858469352 -0.33673015236854553
v 0.22625887393951416 0.4981843358837068 -0.33673015236854553
v 0.23917947709560394 0.49450771044939756 -0.33673015236854553
v 0.2521001696586609 0.490888767875731 -0.33673015236854553
v 0.26502078771591187 0.4872723603621125 -0.33673015236854553
v 0.2779414653778076 0.48371004313230515 -0.33673015236854553
v 0.2908620834350586 0.4797648135572672 -0.33673015236854553
v 0.30378276109695435 0.4749661758542061 -0.33673015236854553
v 0.31670334935188293 0.4683341830968857 -0.33673015236854553
v 0.3296240270137787 0.45728417858481407 -0.33673015236854553
v 0.34254464507102966 0.4517623372375965 -0.33673015236854553
v 0.3554653227329254 0.4476499632000923 -0.33673015236854553
v 0.3683859407901764 0.4352717027068138 -0.33673015236854553
v 0.38130661845207214 0.4127231165766716 -0.33673015236854553
v 0.3942272365093231 0.4090772643685341 -0.33673015236854553
v -0.381011426448822 0.6636947989463806 -0.34955066442489624
v -0.36809077858924866 0.658386692404747 -0.34955066442489624
v -0.3551701307296753 0.6535690277814865 -0.34955066442489624
v -0.3422495126724243 0.6474409997463226 -0.34955066442489624
v -0.32932886481285095 0.6396292895078659 -0.34955066442489624
v -0.3164082169532776 0.6301578879356384 -0.34955066442489624
v -0.3034875690937042 0.6194034367799759 -0.34955066442489624
v -0.29056692123413086 0.5922974571585655 -0.34955066442489624
v -0.2776462733745575 0.5825411379337311 -0.34955066442489624
v -0.26472562551498413 0.5857256352901459 -0.34955066442489624
v -0.25180497765541077 0.5857478305697441 -0.34955066442489624
v -0.2388843297958374 0.5867798998951912 -0.34955066442489624
v -0.22596369683742523 0.5861678048968315 -0.34955066442489624
v -0.21304304897785187 0.5853127464652061 -0.34955066442489624
v -0.2001224160194397 0.5844014808535576 -0.34955066442489624
v -0.18720176815986633 0.5834536030888557 -0.34955066442489624
v -0.17428112030029297 0.5823124200105667 -0.34955066442489624
v -0.1613604724407196 0.5808259546756744 -0.34955066442489624
v -0.14843982458114624 0.5789768695831299 -0.34955066442489624
v -0.13551919162273407 0.5771739855408669 -0.34955066442489624
v -0.1225985437631607 0.5751691088080406 -0.34955066442489624
v -0.10967789590358734 0.572946809232235 -0.34955066442489624
v -0.09675723314285278 0.5706700831651688 -0.34955066442489624
v -0.0838366225361824 0.5681366845965385 -0.34955066442489624
v -0.07091597467660904 0.5654815211892128 -0.34955066442489624
v -0.057995326817035675 0.5627498179674149 -0.34955066442489624
v -0.04507468268275261 0.5598689205944538 -0.34955066442489624
v -0.032154034823179245 0.5570498630404472 -0.34955066442489624
v -0.01923338696360588 0.5541929788887501 -0.34955066442489624
v -0.006312740966677666 0.5513008572161198 -0.34955066442489624
v 0.006607905961573124 0.5485224276781082 -0.34955066442489624
v 0.019528552889823914 0.5458008944988251 -0.34955066442489624
v 0.03244920074939728 0.5430936589837074 -0.34955066442489624
v 0.045369844883680344 0.5404037460684776 -0.34955066442489624
v 0.05829049274325371 0.5376314669847488 -0.34955066442489624
v 0.07121113687753677 0.534877672791481 -0.34955066442489624
v 0.08413178473711014 0.532070230692625 -0.34955066442489624
v 0.0970524325966835 0.5292894616723061 -0.34955066442489624
v 0.10997305065393448 0.5267485063523054 -0.34955066442489624
v 0.12289369106292725 0.5242856368422508 -0.34955066442489624
v 0.1358143389225006 0.5218107551336288 -0.34955066442489624
v 0.14873498678207397 0.519151384010911 -0.34955066442489624
v 0.16165563464164734 0.5162463169544935 -0.34955066442489624
v 0.1745762825012207 0.5134194828569889 -0.34955066442489624
v 0.18749696016311646 0.5104119703173637 -0.34955066442489624
v 0.20041757822036743 0.5072386679239571 -0.34955066442489624
v 0.21333818137645721 0.504047648049891 -0.34955066442489624
v 0.22625887393951416 0.5005486733862199 -0.34955066442489624
v 0.23917947709560394 0.49682361795566976 -0.34955066442489624
v 0.2521001696586609 0.4931972441263497 -0.34955066442489624
v 0.26502078771591187 0.4896476985886693 -0.34955066442489624
v 0.2779414653778076 0.48605402931571007 -0.34955066442489624
v 0.2908620834350586 0.48199262097477913 -0.34955066442489624
v 0.30378276109695435 0.4773100633174181 -0.34955066442489624
v 0.31670334935188293 0.4709264971315861 -0.34955066442489624
v 0.3296240270137787 0.4580894745886326 -0.34955066442489624
v 0.34254464507102966 0.4512936398386955 -0.34955066442489624
v 0.3554653227329254 0.4468330033123493 -0.34955066442489624
v 0.3683859407901764 0.4163087084889412 -0.34955066442489624
v 0.38130661845207214 0.41168728470802307 -0.34955066442489624
v 0.3942272365093231 0.40794678777456284 -0.34955066442489624
v -0.381011426448822 0.6669738292694092 -0.36237120628356934
v -0.36809077858924866 0.6615557074546814 -0.36237120628356934
v -0.3551701307296753 0.6565761268138885 -0.36237120628356934
v -0.3422495126724243 0.6506611108779907 -0.36237120628356934
v -0.32932886481285095 0.6428787857294083 -0.36237120628356934
v -0.3164082169532776 0.6326539516448975 -0.36237120628356934
v -0.3034875690937042 0.6224007830023766 -0.36237120628356934
v -0.29056692123413086 0.595476470887661 -0.36237120628356934
v -0.2776462733745575 0.5818250700831413 -0.36237120628356934
v -0.26472562551498413 0.5856624841690063 -0.36237120628356934
v -0.25180497765541077 0.5868941321969032 -0.36237120628356934
v -0.2388843297958374 0.5882156938314438 -0.36237120628356934
v -0.22596369683742523 0.5880282297730446 -0.36237120628356934
v -0.21304304897785187 0.5874733999371529 -0.36237120628356934
v -0.2001224160194397 0.5866434648633003 -0.36237120628356934
v -0.18720176815986633 0.5858046263456345 -0.36237120628356934
v -0.17428112030029297 0.5847788602113724 -0.36237120628356934
v -0.1613604724407196 0.583372563123703 -0.36237120628356934
v -0.14843982458114624 0.5816264525055885 -0.36237120628356934
v -0.13551919162273407 0.5798365771770477 -0.36237120628356934
v -0.1225985437631607 0.577939584851265 -0.36237120628356934
v -0.10967789590358734 0.5758115947246552 -0.36237120628356934
v -0.09675723314285278 0.573594443500042 -0.36237120628356934
v -0.0838366225361824 0.571124903857708 -0.36237120628356934
v -0.07091597467660904 0.5684804394841194 -0.36237120628356934
v -0.057995326817035675 0.5658138617873192 -0.36237120628356934
v -0.04507468268275261 0.562986433506012 -0.36237120628356934
v -0.032154034823179245 0.5601695887744427 -0.36237120628356934
v -0.01923338696360588 0.5572304911911488 -0.36237120628356934
v -0.006312740966677666 0.5543392784893513 -0.36237120628356934
v 0.006607905961573124 0.5515791326761246 -0.36237120628356934
v 0.019528552889823914 0.5488455891609192 -0.36237120628356934
v 0.03244920074939728 0.5460059829056263 -0.36237120628356934
v 0.045369844883680344 0.5433194935321808 -0.36237120628356934
v 0.05829049274325371 0.5405497997999191 -0.36237120628356934
v 0.07121113687753677 0.537767332047224 -0.36237120628356934
v 0.08413178473711014 0.5349431335926056 -0.36237120628356934
v 0.0970524325966835 0.5321173556149006 -0.36237120628356934
v 0.10997305065393448 0.5294637158513069 -0.36237120628356934
v 0.12289369106292725 0.526864193379879 -0.36237120628356934
v 0.1358143389225006 0.5243292190134525 -0.36237120628356934
v 0.14873498678207397 0.5216308906674385 -0.36237120628356934
v 0.16165563464164734 0.5186172258108854 -0.36237120628356934
v 0.1745762825012207 0.5157139804214239 -0.36237120628356934
v 0.18749696016311646 0.5125970570370555 -0.36237120628356934
v 0.20041757822036743 0.5092917047441006 -0.36237120628356934
v 0.21333818137645721 0.5060008959844708 -0.36237120628356934
v 0.22625887393951416 0.5025352169759572 -0.36237120628356934
v 0.23917947709560394 0.498892379575409 -0.36237120628356934
v 0.2521001696586609 0.4952916968613863 -0.36237120628356934
v 0.26502078771591187 0.4917571134865284 -0.36237120628356934
v 0.2779414653778076 0.4881882993504405 -0.36237120628356934
v 0.2908620834350586 0.4841346684843302 -0.36237120628356934
v 0.30378276109695435 0.47952778078615665 -0.36237120628356934
v 0.31670334935188293 0.47331325337290764 -0.36237120628356934
v 0.3296240270137787 0.4599691182374954 -0.36237120628356934
v 0.34254464507102966 0.4507262594997883 -0.36237120628356934
v 0.3554653227329254 0.4455242343246937 -0.36237120628356934
v 0.3683859407901764 0.41645055264234543 -0.36237120628356934
v 0.38130661845207214 0.41082970798015594 -0.36237120628356934
v 0.3942272365093231 0.40652312338352203 -0.36237120628356934
v -0.381011426448822 0.6699638962745667 -0.37519171833992004
v -0.36809077858924866 0.6645858436822891 -0.37519171833992004
v -0.3551701307296753 0.6596098989248276 -0.37519171833992004
v -0.3422495126724243 0.653788149356842 -0.37519171833992004
v -0.32932886481285095 0.645819291472435 -0.37519171833992004
v -0.3164082169532776 0.6354248523712158 -0.37519171833992004
v -0.3034875690937042 0.6242046356201172 -0.37519171833992004
v -0.29056692123413086 0.6041380912065506 -0.37519171833992004
v -0.2776462733745575 0.5808674916625023 -0.37519171833992004
v -0.26472562551498413 0.585419774055481 -0.37519171833992004
v -0.25180497765541077 0.5875391066074371 -0.37519171833992004
v -0.2388843297958374 0.5892843082547188 -0.37519171833992004
v -0.22596369683742523 0.5893691331148148 -0.37519171833992004
v -0.21304304897785187 0.5890919417142868 -0.37519171833992004
v -0.2001224160194397 0.5885764583945274 -0.37519171833992004
v -0.18720176815986633 0.5878588706254959 -0.37519171833992004
v -0.17428112030029297 0.5868890359997749 -0.37519171833992004
v -0.1613604724407196 0.5855660438537598 -0.37519171833992004
v -0.14843982458114624 0.5838342010974884 -0.37519171833992004
v -0.13551919162273407 0.5820422396063805 -0.37519171833992004
v -0.1225985437631607 0.5802069455385208 -0.37519171833992004
v -0.10967789590358734 0.5782192945480347 -0.37519171833992004
v -0.09675723314285278 0.5760268494486809 -0.37519171833992004
v -0.0838366225361824 0.573583610355854 -0.37519171833992004
v -0.07091597467660904 0.5709925517439842 -0.37519171833992004
v -0.057995326817035675 0.5683323442935944 -0.37519171833992004
v -0.04507468268275261 0.5654973164200783 -0.37519171833992004
v -0.032154034823179245 0.5626683905720711 -0.37519171833992004
v -0.01923338696360588 0.5597760230302811 -0.37519171833992004
v -0.006312740966677666 0.5568368248641491 -0.37519171833992004
v 0.006607905961573124 0.5540733076632023 -0.37519171833992004
v 0.019528552889823914 0.5513584166765213 -0.37519171833992004
v 0.03244920074939728 0.5485447496175766 -0.37519171833992004
v 0.045369844883680344 0.5457725673913956 -0.37519171833992004
v 0.05829049274325371 0.5429956167936325 -0.37519171833992004
v 0.07121113687753677 0.5402548387646675 -0.37519171833992004
v 0.08413178473711014 0.5373959615826607 -0.37519171833992004
v 0.0970524325966835 0.5345332734286785 -0.37519171833992004
v 0.10997305065393448 0.5318043790757656 -0.37519171833992004
v 0.12289369106292725 0.5291323587298393 -0.37519171833992004
v 0.1358143389225006 0.5264962185174227 -0.37519171833992004
v 0.14873498678207397 0.5236884541809559 -0.37519171833992004
v 0.16165563464164734 0.5205850414931774 -0.37519171833992004
v 0.1745762825012207 0.517442500218749 -0.37519171833992004
v 0.18749696016311646 0.5142435571178794 -0.37519171833992004
v 0.20041757822036743 0.5108353151008487 -0.37519171833992004
v 0.21333818137645721 0.5074659301899374 -0.37519171833992004
v 0.22625887393951416 0.5039773900061846 -0.37519171833992004
v 0.23917947709560394 0.5003982399066444 -0.37519171833992004
v 0.2521001696586609 0.4967622191179544 -0.37519171833992004
v 0.26502078771591187 0.49317408725619316 -0.37519171833992004
v 0.2779414653778076 0.48962921742349863 -0.37519171833992004
v 0.2908620834350586 0.48561934009194374 -0.37519171833992004
v 0.30378276109695435 0.4808710999786854 -0.37519171833992004
v 0.31670334935188293 0.47468794882297516 -0.37519171833992004
v 0.3296240270137787 0.4623543731868267 -0.37519171833992004
v 0.34254464507102966 0.4497980400919914 -0.37519171833992004
v 0.3554653227329254 0.44277627021074295 -0.37519171833992004
v 0.3683859407901764 0.41349418461322784 -0.37519171833992004
v 0.38130661845207214 0.4092901200056076 -0.37519171833992004
v 0.3942272365093231 0.4050551950931549 -0.37519171833992004
v -0.381011426448822 0.6725607514381409 -0.388012170791626
v -0.36809077858924866 0.6674033552408218 -0.388012170791626
v -0.3551701307296753 0.6625041365623474 -0.388012170791626
v -0.3422495126724243 0.6567742228507996 -0.388012170791626
v -0.32932886481285095 0.6489007025957108 -0.388012170791626
v -0.3164082169532776 0.6383567750453949 -0.388012170791626
v -0.3034875690937042 0.6255692094564438 -0.388012170791626
v -0.29056692123413086 0.6120961308479309 -0.388012170791626
v -0.2776462733745575 0.5799935385584831 -0.388012170791626
v -0.26472562551498413 0.5846118628978729 -0.388012170791626
v -0.25180497765541077 0.587410643696785 -0.388012170791626
v -0.2388843297958374 0.5897069424390793 -0.388012170791626
v -0.22596369683742523 0.5901784226298332 -0.388012170791626
v -0.21304304897785187 0.5903342664241791 -0.388012170791626
v -0.2001224160194397 0.5900242477655411 -0.388012170791626
v -0.18720176815986633 0.589524932205677 -0.388012170791626
v -0.17428112030029297 0.588660255074501 -0.388012170791626
v -0.1613604724407196 0.5873730704188347 -0.388012170791626
v -0.14843982458114624 0.5856886208057404 -0.388012170791626
v -0.13551919162273407 0.5839964225888252 -0.388012170791626
v -0.1225985437631607 0.5822470858693123 -0.388012170791626
v -0.10967789590358734 0.5802554711699486 -0.388012170791626
v -0.09675723314285278 0.5780977457761765 -0.388012170791626
v -0.0838366225361824 0.5757584422826767 -0.388012170791626
v -0.07091597467660904 0.5732402727007866 -0.388012170791626
v -0.057995326817035675 0.5705727785825729 -0.388012170791626
v -0.04507468268275261 0.5677971765398979 -0.388012170791626
v -0.032154034823179245 0.564972534775734 -0.388012170791626
v -0.01923338696360588 0.5621388107538223 -0.388012170791626
v -0.006312740966677666 0.5591302141547203 -0.388012170791626
v 0.006607905961573124 0.5562749803066254 -0.388012170791626
v 0.019528552889823914 0.5535704009234905 -0.388012170791626
v 0.03244920074939728 0.5508064404129982 -0.388012170791626
v 0.045369844883680344 0.5480137392878532 -0.388012170791626
v 0.05829049274325371 0.5452153757214546 -0.388012170791626
v 0.07121113687753677 0.5424375645816326 -0.388012170791626
v 0.08413178473711014 0.5395116023719311 -0.388012170791626
v 0.0970524325966835 0.5365798622369766 -0.388012170791626
v 0.10997305065393448 0.5337438471615314 -0.388012170791626
v 0.12289369106292725 0.5310201980173588 -0.388012170791626
v 0.1358143389225006 0.5283142644912004 -0.388012170791626
v 0.14873498678207397 0.525280274450779 -0.388012170791626
v 0.16165563464164734 0.5220578275620937 -0.388012170791626
v 0.1745762825012207 0.5188048183917999 -0.388012170791626
v 0.18749696016311646 0.5154550718143582 -0.388012170791626
v 0.20041757822036743 0.5120902396738529 -0.388012170791626
v 0.21333818137645721 0.5087501145899296 -0.388012170791626
v 0.22625887393951416 0.505189002957195 -0.388012170791626
v 0.23917947709560394 0.5015217536129057 -0.388012170791626
v 0.2521001696586609 0.4977986179292202 -0.388012170791626
v 0.26502078771591187 0.4940765155479312 -0.388012170791626
v 0.2779414653778076 0.4904501410201192 -0.388012170791626
v 0.2908620834350586 0.48637251649051905 -0.388012170791626
v 0.30378276109695435 0.4815264567732811 -0.388012170791626
v 0.31670334935188293 0.47535048983991146 -0.388012170791626
v 0.3296240270137787 0.46421826630830765 -0.388012170791626
v 0.34254464507102966 0.4479581415653229 -0.388012170791626
v 0.3554653227329254 0.4374687224626541 -0.388012170791626
v 0.3683859407901764 0.4117542505264282 -0.388012170791626
v 0.38130661845207214 0.40715382248163223 -0.388012170791626
v 0.3942272365093231 0.4023767188191414 -0.388012170791626
v -0.381011426448822 0.6749768406152725 -0.4008327126502991
v -0.36809077858924866 0.6700634062290192 -0.4008327126502991
v -0.3551701307296753 0.6651078462600708 -0.4008327126502991
v -0.3422495126724243 0.6593841314315796 -0.4008327126502991
v -0.32932886481285095 0.6517040729522705 -0.4008327126502991
v -0.3164082169532776 0.6413041204214096 -0.4008327126502991
v -0.3034875690937042 0.626982569694519 -0.4008327126502991
v -0.29056692123413086 0.6128341183066368 -0.4008327126502991
v -0.2776462733745575 0.5809007883071899 -0.4008327126502991
v -0.26472562551498413 0.5836694687604904 -0.4008327126502991
v -0.25180497765541077 0.5868047997355461 -0.4008327126502991
v -0.2388843297958374 0.5897658988833427 -0.4008327126502991
v -0.22596369683742523 0.5905195251107216 -0.4008327126502991
v -0.21304304897785187 0.5911589786410332 -0.4008327126502991
v -0.2001224160194397 0.5911897197365761 -0.4008327126502991
v -0.18720176815986633 0.5909051150083542 -0.4008327126502991
v -0.17428112030029297 0.5901832953095436 -0.4008327126502991
v -0.1613604724407196 0.5889752730727196 -0.4008327126502991
v -0.14843982458114624 0.5873747169971466 -0.4008327126502991
v -0.13551919162273407 0.5856994017958641 -0.4008327126502991
v -0.1225985437631607 0.5839800611138344 -0.4008327126502991
v -0.10967789590358734 0.5820068791508675 -0.4008327126502991
v -0.09675723314285278 0.5799328982830048 -0.4008327126502991
v -0.0838366225361824 0.5776061862707138 -0.4008327126502991
v -0.07091597467660904 0.5751524940133095 -0.4008327126502991
v -0.057995326817035675 0.5725004822015762 -0.4008327126502991
v -0.04507468268275261 0.5697366669774055 -0.4008327126502991
v -0.032154034823179245 0.5668753832578659 -0.4008327126502991
v -0.01923338696360588 0.5640643015503883 -0.4008327126502991
v -0.006312740966677666 0.5610345155000687 -0.4008327126502991
v 0.006607905961573124 0.5582359321415424 -0.4008327126502991
v 0.019528552889823914 0.5555280037224293 -0.4008327126502991
v 0.03244920074939728 0.5527742356061935 -0.4008327126502991
v 0.045369844883680344 0.5500046126544476 -0.4008327126502991
v 0.05829049274325371 0.5471874512732029 -0.4008327126502991
v 0.07121113687753677 0.5443347506225109 -0.4008327126502991
v 0.08413178473711014 0.5413342267274857 -0.4008327126502991
v 0.0970524325966835 0.5382842645049095 -0.4008327126502991
v 0.10997305065393448 0.535378485918045 -0.4008327126502991
v 0.12289369106292725 0.5324952229857445 -0.4008327126502991
v 0.1358143389225006 0.5296877063810825 -0.4008327126502991
v 0.14873498678207397 0.5266094915568829 -0.4008327126502991
v 0.16165563464164734 0.5233028847724199 -0.4008327126502991
v 0.1745762825012207 0.5199610367417336 -0.4008327126502991
v 0.18749696016311646 0.5165489073842764 -0.4008327126502991
v 0.20041757822036743 0.5130728678777814 -0.4008327126502991
v 0.21333818137645721 0.5096143996343017 -0.4008327126502991
v 0.22625887393951416 0.5059595284983516 -0.4008327126502991
v 0.23917947709560394 0.5022463100031018 -0.4008327126502991
v 0.2521001696586609 0.49842193361837417 -0.4008327126502991
v 0.26502078771591187 0.4945700690150261 -0.4008327126502991
v 0.2779414653778076 0.49074675142765045 -0.4008327126502991
v 0.2908620834350586 0.4864405347034335 -0.4008327126502991
v 0.30378276109695435 0.4812925010919571 -0.4008327126502991
v 0.31670334935188293 0.47475525364279747 -0.4008327126502991
v 0.3296240270137787 0.46443748101592064 -0.4008327126502991
v 0.34254464507102966 0.4447670467197895 -0.4008327126502991
v 0.3554653227329254 0.41605982184410095 -0.4008327126502991
v 0.3683859407901764 0.4101238325238228 -0.4008327126502991
v 0.38130661845207214 0.40401556342840195 -0.4008327126502991
v 0.3942272365093231 0.3986212909221649 -0.4008327126502991
v -0.381011426448822 0.6770957559347153 -0.41365328431129456
v -0.36809077858924866 0.6722578257322311 -0.41365328431129456
v -0.3551701307296753 0.6678207665681839 -0.41365328431129456
v -0.3422495126724243 0.6625660508871078 -0.41365328431129456
v -0.32932886481285095 0.6551805138587952 -0.41365328431129456
v -0.3164082169532776 0.6451522409915924 -0.41365328431129456
v -0.3034875690937042 0.6300518065690994 -0.41365328431129456
v -0.29056692123413086 0.6131185963749886 -0.41365328431129456
v -0.2776462733745575 0.5813186168670654 -0.41365328431129456
v -0.26472562551498413 0.5823996812105179 -0.41365328431129456
v -0.25180497765541077 0.5853807404637337 -0.41365328431129456
v -0.2388843297958374 0.5891173630952835 -0.41365328431129456
v -0.22596369683742523 0.590361975133419 -0.41365328431129456
v -0.21304304897785187 0.5912757217884064 -0.41365328431129456
v -0.2001224160194397 0.5917847082018852 -0.41365328431129456
v -0.18720176815986633 0.591751828789711 -0.41365328431129456
v -0.17428112030029297 0.5912695750594139 -0.41365328431129456
v -0.1613604724407196 0.590212844312191 -0.41365328431129456
v -0.14843982458114624 0.5886195749044418 -0.41365328431129456
v -0.13551919162273407 0.5869797915220261 -0.41365328431129456
v -0.1225985437631607 0.5851554200053215 -0.41365328431129456
v -0.10967789590358734 0.5832034796476364 -0.41365328431129456
v -0.09675723314285278 0.5812141075730324 -0.41365328431129456
v -0.0838366225361824 0.5789997354149818 -0.41365328431129456
v -0.07091597467660904 0.576695591211319 -0.41365328431129456
v -0.057995326817035675 0.5740857273340225 -0.41365328431129456
v -0.04507468268275261 0.5712864547967911 -0.41365328431129456
v -0.032154034823179245 0.5684937313199043 -0.41365328431129456
v -0.01923338696360588 0.5656198412179947 -0.41365328431129456
v -0.006312740966677666 0.5626544132828712 -0.41365328431129456
v 0.006607905961573124 0.5597832091152668 -0.41365328431129456
v 0.019528552889823914 0.5569697581231594 -0.41365328431129456
v 0.03244920074939728 0.5542738437652588 -0.41365328431129456
v 0.045369844883680344 0.5515194311738014 -0.41365328431129456
v 0.05829049274325371 0.5486484989523888 -0.41365328431129456
v 0.07121113687753677 0.5457681640982628 -0.41365328431129456
v 0.08413178473711014 0.542671125382185 -0.41365328431129456
v 0.0970524325966835 0.53963927552104 -0.41365328431129456
v 0.10997305065393448 0.5366829484701157 -0.41365328431129456
v 0.12289369106292725 0.5337132588028908 -0.41365328431129456
v 0.1358143389225006 0.530825812369585 -0.41365328431129456
v 0.14873498678207397 0.52754095941782 -0.41365328431129456
v 0.16165563464164734 0.5241121929138899 -0.41365328431129456
v 0.1745762825012207 0.5206710491329432 -0.41365328431129456
v 0.18749696016311646 0.5171385332942009 -0.41365328431129456
v 0.20041757822036743 0.5136287063360214 -0.41365328431129456
v 0.21333818137645721 0.5100345201790333 -0.41365328431129456
v 0.22625887393951416 0.5061743385158479 -0.41365328431129456
v 0.23917947709560394 0.5022685071453452 -0.41365328431129456
v 0.2521001696586609 0.49827056494541466 -0.41365328431129456
v 0.26502078771591187 0.4942263583652675 -0.41365328431129456
v 0.2779414653778076 0.4900429155677557 -0.41365328431129456
v 0.2908620834350586 0.4854304427281022 -0.41365328431129456
v 0.30378276109695435 0.47989725694060326 -0.41365328431129456
v 0.31670334935188293 0.4724136292934418 -0.41365328431129456
v 0.3296240270137787 0.4613482430577278 -0.41365328431129456
v 0.34254464507102966 0.43277738243341446 -0.41365328431129456
v 0.3554653227329254 0.4135737344622612 -0.41365328431129456
v 0.3683859407901764 0.4064946845173836 -0.41365328431129456
v 0.38130661845207214 0.3997635319828987 -0.41365328431129456
v 0.3942272365093231 0.3838899955153465 -0.41365328431129456
v -0.381011426448822 0.6478653997182846 -0.4264737367630005
v -0.36809077858924866 0.6754518002271652 -0.4264737367630005
v -0.3551701307296753 0.6709127128124237 -0.4264737367630005
v -0.3422495126724243 0.6664541810750961 -0.4264737367630005
v -0.32932886481285095 0.6589916199445724 -0.4264737367630005
v -0.3164082169532776 0.6479003578424454 -0.4264737367630005
v -0.3034875690937042 0.631898045539856 -0.4264737367630005
v -0.29056692123413086 0.6147753372788429 -0.4264737367630005
v -0.2776462733745575 0.5848382636904716 -0.4264737367630005
v -0.26472562551498413 0.582064114511013 -0.4264737367630005
v -0.25180497765541077 0.5846139341592789 -0.4264737367630005
v -0.2388843297958374 0.5886959359049797 -0.4264737367630005
v -0.22596369683742523 0.5902246087789536 -0.4264737367630005
v -0.21304304897785187 0.591691292822361 -0.4264737367630005
v -0.2001224160194397 0.5924205482006073 -0.4264737367630005
v -0.18720176815986633 0.5928840041160583 -0.4264737367630005
v -0.17428112030029297 0.5927779898047447 -0.4264737367630005
v -0.1613604724407196 0.5917466133832932 -0.4264737367630005
v -0.14843982458114624 0.5901746079325676 -0.4264737367630005
v -0.13551919162273407 0.5883475244045258 -0.4264737367630005
v -0.1225985437631607 0.5866337716579437 -0.4264737367630005
v -0.10967789590358734 0.5849044173955917 -0.4264737367630005
v -0.09675723314285278 0.58267542719841 -0.4264737367630005
v -0.0838366225361824 0.5806868374347687 -0.4264737367630005
v -0.07091597467660904 0.5784082412719727 -0.4264737367630005
v -0.057995326817035675 0.5757998302578926 -0.4264737367630005
v -0.04507468268275261 0.5730591788887978 -0.4264737367630005
v -0.032154034823179245 0.5702608153223991 -0.4264737367630005
v -0.01923338696360588 0.5674632862210274 -0.4264737367630005
v -0.006312740966677666 0.5646106377243996 -0.4264737367630005
v 0.006607905961573124 0.5615132041275501 -0.4264737367630005
v 0.019528552889823914 0.55870421230793 -0.4264737367630005
v 0.03244920074939728 0.5560176223516464 -0.4264737367630005
v 0.045369844883680344 0.5534748211503029 -0.4264737367630005
v 0.05829049274325371 0.5504813119769096 -0.4264737367630005
v 0.07121113687753677 0.5473919734358788 -0.4264737367630005
v 0.08413178473711014 0.5444851852953434 -0.4264737367630005
v 0.0970524325966835 0.5413766279816628 -0.4264737367630005
v 0.10997305065393448 0.5386098138988018 -0.4264737367630005
v 0.12289369106292725 0.5356220863759518 -0.4264737367630005
v 0.1358143389225006 0.5322489626705647 -0.4264737367630005
v 0.14873498678207397 0.5289849769324064 -0.4264737367630005
v 0.16165563464164734 0.5253447983413935 -0.4264737367630005
v 0.1745762825012207 0.5219073444604874 -0.4264737367630005
v 0.18749696016311646 0.518376599997282 -0.4264737367630005
v 0.20041757822036743 0.5146599374711514 -0.4264737367630005
v 0.21333818137645721 0.5109876925125718 -0.4264737367630005
v 0.22625887393951416 0.5066449074074626 -0.4264737367630005
v 0.23917947709560394 0.5024819881655276 -0.4264737367630005
v 0.2521001696586609 0.4985439192969352 -0.4264737367630005
v 0.26502078771591187 0.4937914228066802 -0.4264737367630005
v 0.2779414653778076 0.48955150227993727 -0.4264737367630005
v 0.2908620834350586 0.4842839203774929 -0.4264737367630005
v 0.30378276109695435 0.47832438722252846 -0.4264737367630005
v 0.31670334935188293 0.46945033967494965 -0.4264737367630005
v 0.3296240270137787 0.45508112758398056 -0.4264737367630005
v 0.34254464507102966 0.4212724417448044 -0.4264737367630005
v 0.3554653227329254 0.41089487075805664 -0.4264737367630005
v 0.3683859407901764 0.40228092670440674 -0.4264737367630005
v 0.38130661845207214 0.3760960176587105 -0.4264737367630005
v 0.3942272365093231 0.29411613941192627 -0.4264737367630005
vt 0 0.11278903484344482
vt 0.01666666753590107 0.11278903484344482
vt 0.03333333507180214 0.11278903484344482
vt 0.04999999701976776 0.11278903484344482
vt 0.06666667014360428 0.11278903484344482
vt 0.0833333283662796 0.11278903484344482
vt 0.09999999403953552 0.11278903484344482
vt 0.11666666716337204 0.11278903484344482
vt 0.13333334028720856 0.11278903484344482
vt 0.15000000596046448 0.11278903484344482
vt 0.1666666567325592 0.11278903484344482
vt 0.18333333730697632 0.11278903484344482
vt 0.19999998807907104 0.11278903484344482
vt 0.21666665375232697 0.11278903484344482
vt 0.23333333432674408 0.11278903484344482
vt 0.25 0.11278903484344482
vt 0.2666666805744171 0.11278903484344482
vt 0.28333333134651184 0.11278903484344482
vt 0.30000001192092896 0.11278903484344482
vt 0.3166666626930237 0.11278903484344482
vt 0.3333333134651184 0.11278903484344482
vt 0.3499999940395355 0.11278903484344482
vt 0.36666667461395264 0.11278903484344482
vt 0.38333332538604736 0.11278903484344482
vt 0.3999999761581421 0.11278903484344482
vt 0.4166666567325592 0.11278903484344482
vt 0.43333330750465393 0.11278903484344482
vt 0.44999998807907104 0.11278903484344482
vt 0.46666666865348816 0.11278903484344482
vt 0.4833333194255829 0.11278903484344482
vt 0.5 0.11278903484344482
vt 0.5166666507720947 0.11278903484344482
vt 0.5333333611488342 0.11278903484344482
vt 0.550000011920929 0.11278903484344482
vt 0.5666666626930237 0.11278903484344482
vt 0.5833333730697632 0.11278903484344482
vt 0.6000000238418579 0.11278903484344482
vt 0.6166666746139526 0.11278903484344482
vt 0.6333333253860474 0.11278903484344482
vt 0.6499999761581421 0.11278903484344482
vt 0.6666666269302368 0.11278903484344482
vt 0.6833333373069763 0.11278903484344482
vt 0.699999988079071 0.11278903484344482
vt 0.7166666388511658 0.11278903484344482
vt 0.7333333492279053 0.11278903484344482
vt 0.75 0.11278903484344482
vt 0.7666666507720947 0.11278903484344482
vt 0.7833333611488342 0.11278903484344482
vt 0.7999999523162842 0.11278903484344482
vt 0.8166666626930237 0.11278903484344482
vt 0.8333333134651184 0.11278903484344482
vt 0.8500000238418579 0.11278903484344482
vt 0.8666666150093079 0.11278903484344482
vt 0.8833333849906921 0.11278903484344482
vt 0.8999999761581421 0.11278903484344482
vt 0.9166666865348816 0.11278903484344482
vt 0.9333333373069763 0.11278903484344482
vt 0.9500000476837158 0.11278903484344482
vt 0.9666666388511658 0.11278903484344482
vt 0.9833333492279053 0.11278903484344482
vt 1 0.11278903484344482
vt 0 0.1240195631980896
vt 0.01666666753590107 0.1240195631980896
vt 0.03333333507180214 0.1240195631980896
vt 0.04999999701976776 0.1240195631980896
vt 0.06666667014360428 0.1240195631980896
vt 0.0833333283662796 0.1240195631980896
vt 0.09999999403953552 0.1240195631980896
vt 0.11666666716337204 0.1240195631980896
vt 0.13333334028720856 0.1240195631980896
vt 0.15000000596046448 0.1240195631980896
vt 0.1666666567325592 0.1240195631980896
vt 0.18333333730697632 0.1240195631980896
vt 0.19999998807907104 0.1240195631980896
vt 0.21666665375232697 0.1240195631980896
vt 0.23333333432674408 0.1240195631980896
vt 0.25 0.1240195631980896
vt 0.2666666805744171 0.1240195631980896
vt 0.28333333134651184 0.1240195631980896
vt 0.30000001192092896 0.1240195631980896
vt 0.3166666626930237 0.1240195631980896
vt 0.3333333134651184 0.1240195631980896
vt 0.3499999940395355 0.1240195631980896
vt 0.36666667461395264 0.1240195631980896
vt 0.38333332538604736 0.1240195631980896
vt 0.3999999761581421 0.1240195631980896
vt 0.4166666567325592 0.1240195631980896
vt 0.43333330750465393 0.1240195631980896
vt 0.44999998807907104 0.1240195631980896
vt 0.46666666865348816 0.1240195631980896
vt 0.4833333194255829 0.1240195631980896
vt 0.5 0.1240195631980896
vt 0.5166666507720947 0.1240195631980896
vt 0.5333333611488342 0.1240195631980896
vt 0.550000011920929 0.1240195631980896
vt 0.5666666626930237 0.1240195631980896
vt 0.5833333730697632 0.1240195631980896
vt 0.6000000238418579 0.1240195631980896
vt 0.6166666746139526 0.1240195631980896
vt 0.6333333253860474 0.1240195631980896
vt 0.6499999761581421 0.1240195631980896
vt 0.6666666269302368 0.1240195631980896
vt 0.6833333373069763 0.1240195631980896
vt 0.699999988079071 0.1240195631980896
vt 0.7166666388511658 0.1240195631980896
vt 0.7333333492279053 0.1240195631980896
vt 0.75 0.1240195631980896
vt 0.7666666507720947 0.1240195631980896
vt 0.7833333611488342 0.1240195631980896
vt 0.7999999523162842 0.1240195631980896
vt 0.8166666626930237 0.1240195631980896
vt 0.8333333134651184 0.1240195631980896
vt 0.8500000238418579 0.1240195631980896
vt 0.8666666150093079 0.1240195631980896
vt 0.8833333849906921 0.1240195631980896
vt 0.8999999761581421 0.1240195631980896
vt 0.9166666865348816 0.1240195631980896
vt 0.9333333373069763 0.1240195631980896
vt 0.9500000476837158 0.1240195631980896
vt 0.9666666388511658 0.1240195631980896
vt 0.9833333492279053 0.1240195631980896
vt 1 0.1240195631980896
vt 0 0.13525009155273438
vt 0.01666666753590107 0.13525009155273438
vt 0.03333333507180214 0.13525009155273438
vt 0.04999999701976776 0.13525009155273438
vt 0.06666667014360428 0.13525009155273438
vt 0.0833333283662796 0.13525009155273438
vt 0.09999999403953552 0.13525009155273438
vt 0.11666666716337204 0.13525009155273438
vt 0.13333334028720856 0.13525009155273438
vt 0.15000000596046448 0.13525009155273438
vt 0.1666666567325592 0.13525009155273438
vt 0.18333333730697632 0.13525009155273438
vt 0.19999998807907104 0.13525009155273438
vt 0.21666665375232697 0.13525009155273438
vt 0.23333333432674408 0.13525009155273438
vt 0.25 0.13525009155273438
vt 0.2666666805744171 0.13525009155273438
vt 0.28333333134651184 0.13525009155273438
vt 0.30000001192092896 0.13525009155273438
vt 0.3166666626930237 0.13525009155273438
vt 0.3333333134651184 0.13525009155273438
vt 0.3499999940395355 0.13525009155273438
vt 0.36666667461395264 0.13525009155273438
vt 0.38333332538604736 0.13525009155273438
vt 0.3999999761581421 0.13525009155273438
vt 0.4166666567325592 0.13525009155273438
vt 0.43333330750465393 0.13525009155273438
vt 0.44999998807907104 0.13525009155273438
vt 0.46666666865348816 0.13525009155273438
vt 0.4833333194255829 0.13525009155273438
vt 0.5 0.13525009155273438
vt 0.5166666507720947 0.13525009155273438
vt 0.5333333611488342 0.13525009155273438
vt 0.550000011920929 0.13525009155273438
vt 0.5666666626930237 0.13525009155273438
vt 0.5833333730697632 0.13525009155273438
vt 0.6000000238418579 0.13525009155273438
vt 0.6166666746139526 0.13525009155273438
vt 0.6333333253860474 0.13525009155273438
vt 0.6499999761581421 0.13525009155273438
vt 0.6666666269302368 0.13525009155273438
vt 0.6833333373069763 0.13525009155273438
vt 0.699999988079071 0.13525009155273438
vt 0.7166666388511658 0.13525009155273438
vt 0.7333333492279053 0.13525009155273438
vt 0.75 0.13525009155273438
vt 0.7666666507720947 0.13525009155273438
vt 0.7833333611488342 0.13525009155273438
vt 0.7999999523162842 0.13525009155273438
vt 0.8166666626930237 0.13525009155273438
vt 0.8333333134651184 0.13525009155273438
vt 0.8500000238418579 0.13525009155273438
vt 0.8666666150093079 0.13525009155273438
vt 0.8833333849906921 0.13525009155273438
vt 0.8999999761581421 0.13525009155273438
vt 0.9166666865348816 0.13525009155273438
vt 0.9333333373069763 0.13525009155273438
vt 0.9500000476837158 0.13525009155273438
vt 0.9666666388511658 0.13525009155273438
vt 0.9833333492279053 0.13525009155273438
vt 1 0.13525009155273438
vt 0 0.14648061990737915
vt 0.01666666753590107 0.14648061990737915
vt 0.03333333507180214 0.14648061990737915
vt 0.04999999701976776 0.14648061990737915
vt 0.06666667014360428 0.14648061990737915
vt 0.0833333283662796 0.14648061990737915
vt 0.09999999403953552 0.14648061990737915
vt 0.11666666716337204 0.14648061990737915
vt 0.13333334028720856 0.14648061990737915
vt 0.15000000596046448 0.14648061990737915
vt 0.1666666567325592 0.14648061990737915
vt 0.18333333730697632 0.14648061990737915
vt 0.19999998807907104 0.14648061990737915
vt 0.21666665375232697 0.14648061990737915
vt 0.23333333432674408 0.14648061990737915
vt 0.25 0.14648061990737915
vt 0.2666666805744171 0.14648061990737915
vt 0.28333333134651184 0.14648061990737915
vt 0.30000001192092896 0.14648061990737915
vt 0.3166666626930237 0.14648061990737915
vt 0.3333333134651184 0.14648061990737915
vt 0.3499999940395355 0.14648061990737915
vt 0.36666667461395264 0.14648061990737915
vt 0.38333332538604736 0.14648061990737915
vt 0.3999999761581421 0.14648061990737915
vt 0.4166666567325592 0.14648061990737915
vt 0.43333330750465393 0.14648061990737915
vt 0.44999998807907104 0.14648061990737915
vt 0.46666666865348816 0.14648061990737915
vt 0.4833333194255829 0.14648061990737915
vt 0.5 0.14648061990737915
vt 0.5166666507720947 0.14648061990737915
vt 0.5333333611488342 0.14648061990737915
vt 0.550000011920929 0.14648061990737915
vt 0.5666666626930237 0.14648061990737915
vt 0.5833333730697632 0.14648061990737915
vt 0.6000000238418579 0.14648061990737915
vt 0.6166666746139526 0.14648061990737915
vt 0.6333333253860474 0.14648061990737915
vt 0.6499999761581421 0.14648061990737915
vt 0.6666666269302368 0.14648061990737915
vt 0.6833333373069763 0.14648061990737915
vt 0.699999988079071 0.14648061990737915
vt 0.7166666388511658 0.14648061990737915
vt 0.7333333492279053 0.14648061990737915
vt 0.75 0.14648061990737915
vt 0.7666666507720947 0.14648061990737915
vt 0.7833333611488342 0.14648061990737915
vt 0.7999999523162842 0.14648061990737915
vt 0.8166666626930237 0.14648061990737915
vt 0.8333333134651184 0.14648061990737915
vt 0.8500000238418579 0.14648061990737915
vt 0.8666666150093079 0.14648061990737915
vt 0.8833333849906921 0.14648061990737915
vt 0.8999999761581421 0.14648061990737915
vt 0.9166666865348816 0.14648061990737915
vt 0.9333333373069763 0.14648061990737915
vt 0.9500000476837158 0.14648061990737915
vt 0.9666666388511658 0.14648061990737915
vt 0.9833333492279053 0.14648061990737915
vt 1 0.14648061990737915
vt 0 0.15771114826202393
vt 0.01666666753590107 0.15771114826202393
vt 0.03333333507180214 0.15771114826202393
vt 0.04999999701976776 0.15771114826202393
vt 0.06666667014360428 0.15771114826202393
vt 0.0833333283662796 0.15771114826202393
vt 0.09999999403953552 0.15771114826202393
vt 0.11666666716337204 0.15771114826202393
vt 0.13333334028720856 0.15771114826202393
vt 0.15000000596046448 0.15771114826202393
vt 0.1666666567325592 0.15771114826202393
vt 0.18333333730697632 0.15771114826202393
vt 0.19999998807907104 0.15771114826202393
vt 0.21666665375232697 0.15771114826202393
vt 0.23333333432674408 0.15771114826202393
vt 0.25 0.15771114826202393
vt 0.2666666805744171 0.15771114826202393
vt 0.28333333134651184 0.15771114826202393
vt 0.30000001192092896 0.15771114826202393
vt 0.3166666626930237 0.15771114826202393
vt 0.3333333134651184 0.15771114826202393
vt 0.3499999940395355 0.15771114826202393
vt 0.36666667461395264 0.15771114826202393
vt 0.38333332538604736 0.15771114826202393
vt 0.3999999761581421 0.15771114826202393
vt 0.4166666567325592 0.15771114826202393
vt 0.43333330750465393 0.15771114826202393
vt 0.44999998807907104 0.15771114826202393
vt 0.46666666865348816 0.15771114826202393
vt 0.4833333194255829 0.15771114826202393
vt 0.5 0.15771114826202393
vt 0.5166666507720947 0.15771114826202393
vt 0.5333333611488342 0.15771114826202393
vt 0.550000011920929 0.15771114826202393
vt 0.5666666626930237 0.15771114826202393
vt 0.5833333730697632 0.15771114826202393
vt 0.6000000238418579 0.15771114826202393
vt 0.6166666746139526 0.15771114826202393
vt 0.6333333253860474 0.15771114826202393
vt 0.6499999761581421 0.15771114826202393
vt 0.6666666269302368 0.15771114826202393
vt 0.6833333373069763 0.15771114826202393
vt 0.699999988079071 0.15771114826202393
vt 0.7166666388511658 0.15771114826202393
vt 0.7333333492279053 0.15771114826202393
vt 0.75 0.15771114826202393
vt 0.7666666507720947 0.15771114826202393
vt 0.7833333611488342 0.15771114826202393
vt 0.7999999523162842 0.15771114826202393
vt 0.8166666626930237 0.15771114826202393
vt 0.8333333134651184 0.15771114826202393
vt 0.8500000238418579 0.15771114826202393
vt 0.8666666150093079 0.15771114826202393
vt 0.8833333849906921 0.15771114826202393
vt 0.8999999761581421 0.15771114826202393
vt 0.9166666865348816 0.15771114826202393
vt 0.9333333373069763 0.15771114826202393
vt 0.9500000476837158 0.15771114826202393
vt 0.9666666388511658 0.15771114826202393
vt 0.9833333492279053 0.15771114826202393
vt 1 0.15771114826202393
vt 0 0.16894161701202393
vt 0.01666666753590107 0.16894161701202393
vt 0.03333333507180214 0.16894161701202393
vt 0.04999999701976776 0.16894161701202393
vt 0.06666667014360428 0.16894161701202393
vt 0.0833333283662796 0.16894161701202393
vt 0.09999999403953552 0.16894161701202393
vt 0.11666666716337204 0.16894161701202393
vt 0.13333334028720856 0.16894161701202393
vt 0.15000000596046448 0.16894161701202393
vt 0.1666666567325592 0.16894161701202393
vt 0.18333333730697632 0.16894161701202393
vt 0.19999998807907104 0.16894161701202393
vt 0.21666665375232697 0.16894161701202393
vt 0.23333333432674408 0.16894161701202393
vt 0.25 0.16894161701202393
vt 0.2666666805744171 0.16894161701202393
vt 0.28333333134651184 0.16894161701202393
vt 0.30000001192092896 0.16894161701202393
vt 0.3166666626930237 0.16894161701202393
vt 0.3333333134651184 0.16894161701202393
vt 0.3499999940395355 0.16894161701202393
vt 0.36666667461395264 0.16894161701202393
vt 0.38333332538604736 0.16894161701202393
vt 0.3999999761581421 0.16894161701202393
vt 0.4166666567325592 0.16894161701202393
vt 0.43333330750465393 0.16894161701202393
vt 0.44999998807907104 0.16894161701202393
vt 0.46666666865348816 0.16894161701202393
vt 0.4833333194255829 0.16894161701202393
vt 0.5 0.16894161701202393
vt 0.5166666507720947 0.16894161701202393
vt 0.5333333611488342 0.16894161701202393
vt 0.550000011920929 0.16894161701202393
vt 0.5666666626930237 0.16894161701202393
vt 0.5833333730697632 0.16894161701202393
vt 0.6000000238418579 0.16894161701202393
vt 0.6166666746139526 0.16894161701202393
vt 0.6333333253860474 0.16894161701202393
vt 0.6499999761581421 0.16894161701202393
vt 0.6666666269302368 0.16894161701202393
vt 0.6833333373069763 0.16894161701202393
vt 0.699999988079071 0.16894161701202393
vt 0.7166666388511658 0.16894161701202393
vt 0.7333333492279053 0.16894161701202393
vt 0.75 0.16894161701202393
vt 0.7666666507720947 0.16894161701202393
vt 0.7833333611488342 0.16894161701202393
vt 0.7999999523162842 0.16894161701202393
vt 0.8166666626930237 0.16894161701202393
vt 0.8333333134651184 0.16894161701202393
vt 0.8500000238418579 0.16894161701202393
vt 0.8666666150093079 0.16894161701202393
vt 0.8833333849906921 0.16894161701202393
vt 0.8999999761581421 0.16894161701202393
vt 0.9166666865348816 0.16894161701202393
vt 0.9333333373069763 0.16894161701202393
vt 0.9500000476837158 0.16894161701202393
vt 0.9666666388511658 0.16894161701202393
vt 0.9833333492279053 0.16894161701202393
vt 1 0.16894161701202393
vt 0 0.1801721453666687
vt 0.01666666753590107 0.1801721453666687
vt 0.03333333507180214 0.1801721453666687
vt 0.04999999701976776 0.1801721453666687
vt 0.06666667014360428 0.1801721453666687
vt 0.0833333283662796 0.1801721453666687
vt 0.09999999403953552 0.1801721453666687
vt 0.11666666716337204 0.1801721453666687
vt 0.13333334028720856 0.1801721453666687
vt 0.15000000596046448 0.1801721453666687
vt 0.1666666567325592 0.1801721453666687
vt 0.18333333730697632 0.1801721453666687
vt 0.19999998807907104 0.1801721453666687
vt 0.21666665375232697 0.1801721453666687
vt 0.23333333432674408 0.1801721453666687
vt 0.25 0.1801721453666687
vt 0.2666666805744171 0.1801721453666687
vt 0.28333333134651184 0.1801721453666687
vt 0.30000001192092896 0.1801721453666687
vt 0.3166666626930237 0.1801721453666687
vt 0.3333333134651184 0.1801721453666687
vt 0.3499999940395355 0.1801721453666687
vt 0.36666667461395264 0.1801721453666687
vt 0.38333332538604736 0.1801721453666687
vt 0.3999999761581421 0.1801721453666687
vt 0.4166666567325592 0.1801721453666687
vt 0.43333330750465393 0.1801721453666687
vt 0.44999998807907104 0.1801721453666687
vt 0.46666666865348816 0.1801721453666687
vt 0.4833333194255829 0.1801721453666687
vt 0.5 0.1801721453666687
vt 0.5166666507720947 0.1801721453666687
vt 0.5333333611488342 0.1801721453666687
vt 0.550000011920929 0.1801721453666687
vt 0.5666666626930237 0.1801721453666687
vt 0.5833333730697632 0.1801721453666687
vt 0.6000000238418579 0.1801721453666687
vt 0.6166666746139526 0.1801721453666687
vt 0.6333333253860474 0.1801721453666687
vt 0.6499999761581421 0.1801721453666687
vt 0.6666666269302368 0.1801721453666687
vt 0.6833333373069763 0.1801721453666687
vt 0.699999988079071 0.1801721453666687
vt 0.7166666388511658 0.1801721453666687
vt 0.7333333492279053 0.1801721453666687
vt 0.75 0.1801721453666687
vt 0.7666666507720947 0.1801721453666687
vt 0.7833333611488342 0.1801721453666687
vt 0.7999999523162842 0.1801721453666687
vt 0.8166666626930237 0.1801721453666687
vt 0.8333333134651184 0.1801721453666687
vt 0.8500000238418579 0.1801721453666687
vt 0.8666666150093079 0.1801721453666687
vt 0.8833333849906921 0.1801721453666687
vt 0.8999999761581421 0.1801721453666687
vt 0.9166666865348816 0.1801721453666687
vt 0.9333333373069763 0.1801721453666687
vt 0.9500000476837158 0.1801721453666687
vt 0.9666666388511658 0.1801721453666687
vt 0.9833333492279053 0.1801721453666687
vt 1 0.1801721453666687
vt 0 0.19140267372131348
vt 0.01666666753590107 0.19140267372131348
vt 0.03333333507180214 0.19140267372131348
vt 0.04999999701976776 0.19140267372131348
vt 0.06666667014360428 0.19140267372131348
vt 0.0833333283662796 0.19140267372131348
vt 0.09999999403953552 0.19140267372131348
vt 0.11666666716337204 0.19140267372131348
vt 0.13333334028720856 0.19140267372131348
vt 0.15000000596046448 0.19140267372131348
vt 0.1666666567325592 0.19140267372131348
vt 0.18333333730697632 0.19140267372131348
vt 0.19999998807907104 0.19140267372131348
vt 0.21666665375232697 0.19140267372131348
vt 0.23333333432674408 0.19140267372131348
vt 0.25 0.19140267372131348
vt 0.2666666805744171 0.19140267372131348
vt 0.28333333134651184 0.19140267372131348
vt 0.30000001192092896 0.19140267372131348
vt 0.3166666626930237 0.19140267372131348
vt 0.3333333134651184 0.19140267372131348
vt 0.3499999940395355 0.19140267372131348
vt 0.36666667461395264 0.19140267372131348
vt 0.38333332538604736 0.19140267372131348
vt 0.3999999761581421 0.19140267372131348
vt 0.4166666567325592 0.19140267372131348
vt 0.43333330750465393 0.19140267372131348
vt 0.44999998807907104 0.19140267372131348
vt 0.46666666865348816 0.19140267372131348
vt 0.4833333194255829 0.19140267372131348
vt 0.5 0.19140267372131348
vt 0.5166666507720947 0.19140267372131348
vt 0.5333333611488342 0.19140267372131348
vt 0.550000011920929 0.19140267372131348
vt 0.5666666626930237 0.19140267372131348
vt 0.5833333730697632 0.19140267372131348
vt 0.6000000238418579 0.19140267372131348
vt 0.6166666746139526 0.19140267372131348
vt 0.6333333253860474 0.19140267372131348
vt 0.6499999761581421 0.19140267372131348
vt 0.6666666269302368 0.19140267372131348
vt 0.6833333373069763 0.19140267372131348
vt 0.699999988079071 0.19140267372131348
vt 0.7166666388511658 0.19140267372131348
vt 0.7333333492279053 0.19140267372131348
vt 0.75 0.19140267372131348
vt 0.7666666507720947 0.19140267372131348
vt 0.7833333611488342 0.19140267372131348
vt 0.7999999523162842 0.19140267372131348
vt 0.8166666626930237 0.19140267372131348
vt 0.8333333134651184 0.19140267372131348
vt 0.8500000238418579 0.19140267372131348
vt 0.8666666150093079 0.19140267372131348
vt 0.8833333849906921 0.19140267372131348
vt 0.8999999761581421 0.19140267372131348
vt 0.9166666865348816 0.19140267372131348
vt 0.9333333373069763 0.19140267372131348
vt 0.9500000476837158 0.19140267372131348
vt 0.9666666388511658 0.19140267372131348
vt 0.9833333492279053 0.19140267372131348
vt 1 0.19140267372131348
vt 0 0.20263320207595825
vt 0.01666666753590107 0.20263320207595825
vt 0.03333333507180214 0.20263320207595825
vt 0.04999999701976776 0.20263320207595825
vt 0.06666667014360428 0.20263320207595825
vt 0.0833333283662796 0.20263320207595825
vt 0.09999999403953552 0.20263320207595825
vt 0.11666666716337204 0.20263320207595825
vt 0.13333334028720856 0.20263320207595825
vt 0.15000000596046448 0.20263320207595825
vt 0.1666666567325592 0.20263320207595825
vt 0.18333333730697632 0.20263320207595825
vt 0.19999998807907104 0.20263320207595825
vt 0.21666665375232697 0.20263320207595825
vt 0.23333333432674408 0.20263320207595825
vt 0.25 0.20263320207595825
vt 0.2666666805744171 0.20263320207595825
vt 0.28333333134651184 0.20263320207595825
vt 0.30000001192092896 0.20263320207595825
vt 0.3166666626930237 0.20263320207595825
vt 0.3333333134651184 0.20263320207595825
vt 0.3499999940395355 0.20263320207595825
vt 0.36666667461395264 0.20263320207595825
vt 0.38333332538604736 0.20263320207595825
vt 0.3999999761581421 0.20263320207595825
vt 0.4166666567325592 0.20263320207595825
vt 0.43333330750465393 0.20263320207595825
vt 0.44999998807907104 0.20263320207595825
vt 0.46666666865348816 0.20263320207595825
vt 0.4833333194255829 0.20263320207595825
vt 0.5 0.20263320207595825
vt 0.5166666507720947 0.20263320207595825
vt 0.5333333611488342 0.20263320207595825
vt 0.550000011920929 0.20263320207595825
vt 0.5666666626930237 0.20263320207595825
vt 0.5833333730697632 0.20263320207595825
vt 0.6000000238418579 0.20263320207595825
vt 0.6166666746139526 0.20263320207595825
vt 0.6333333253860474 0.20263320207595825
vt 0.6499999761581421 0.20263320207595825
vt 0.6666666269302368 0.20263320207595825
vt 0.6833333373069763 0.20263320207595825
vt 0.699999988079071 0.20263320207595825
vt 0.7166666388511658 0.20263320207595825
vt 0.7333333492279053 0.20263320207595825
vt 0.75 0.20263320207595825
vt 0.7666666507720947 0.20263320207595825
vt 0.7833333611488342 0.20263320207595825
vt 0.7999999523162842 0.20263320207595825
vt 0.8166666626930237 0.20263320207595825
vt 0.8333333134651184 0.20263320207595825
vt 0.8500000238418579 0.20263320207595825
vt 0.8666666150093079 0.20263320207595825
vt 0.8833333849906921 0.20263320207595825
vt 0.8999999761581421 0.20263320207595825
vt 0.9166666865348816 0.20263320207595825
vt 0.9333333373069763 0.20263320207595825
vt 0.9500000476837158 0.20263320207595825
vt 0.9666666388511658 0.20263320207595825
vt 0.9833333492279053 0.20263320207595825
vt 1 0.20263320207595825
vt 0 0.21386373043060303
vt 0.01666666753590107 0.21386373043060303
vt 0.03333333507180214 0.21386373043060303
vt 0.04999999701976776 0.21386373043060303
vt 0.06666667014360428 0.21386373043060303
vt 0.0833333283662796 0.21386373043060303
vt 0.09999999403953552 0.21386373043060303
vt 0.11666666716337204 0.21386373043060303
vt 0.13333334028720856 0.21386373043060303
vt 0.15000000596046448 0.21386373043060303
vt 0.1666666567325592 0.21386373043060303
vt 0.18333333730697632 0.21386373043060303
vt 0.19999998807907104 0.21386373043060303
vt 0.21666665375232697 0.21386373043060303
vt 0.23333333432674408 0.21386373043060303
vt 0.25 0.21386373043060303
vt 0.2666666805744171 0.21386373043060303
vt 0.28333333134651184 0.21386373043060303
vt 0.30000001192092896 0.21386373043060303
vt 0.3166666626930237 0.21386373043060303
vt 0.3333333134651184 0.21386373043060303
vt 0.3499999940395355 0.21386373043060303
vt 0.36666667461395264 0.21386373043060303
vt 0.38333332538604736 0.21386373043060303
vt 0.3999999761581421 0.21386373043060303
vt 0.4166666567325592 0.21386373043060303
vt 0.43333330750465393 0.21386373043060303
vt 0.44999998807907104 0.21386373043060303
vt 0.46666666865348816 0.21386373043060303
vt 0.4833333194255829 0.21386373043060303
vt 0.5 0.21386373043060303
vt 0.5166666507720947 0.21386373043060303
vt 0.5333333611488342 0.21386373043060303
vt 0.550000011920929 0.21386373043060303
vt 0.5666666626930237 0.21386373043060303
vt 0.5833333730697632 0.21386373043060303
vt 0.6000000238418579 0.21386373043060303
vt 0.6166666746139526 0.21386373043060303
vt 0.6333333253860474 0.21386373043060303
vt 0.6499999761581421 0.21386373043060303
vt 0.6666666269302368 0.21386373043060303
vt 0.6833333373069763 0.21386373043060303
vt 0.699999988079071 0.21386373043060303
vt 0.7166666388511658 0.21386373043060303
vt 0.7333333492279053 0.21386373043060303
vt 0.75 0.21386373043060303
vt 0.7666666507720947 0.21386373043060303
vt 0.7833333611488342 0.21386373043060303
vt 0.7999999523162842 0.21386373043060303
vt 0.8166666626930237 0.21386373043060303
vt 0.8333333134651184 0.21386373043060303
vt 0.8500000238418579 0.21386373043060303
vt 0.8666666150093079 0.21386373043060303
vt 0.8833333849906921 0.21386373043060303
vt 0.8999999761581421 0.21386373043060303
vt 0.9166666865348816 0.21386373043060303
vt 0.9333333373069763 0.21386373043060303
vt 0.9500000476837158 0.21386373043060303
vt 0.9666666388511658 0.21386373043060303
vt 0.9833333492279053 0.21386373043060303
vt 1 0.21386373043060303
vt 0 0.22509419918060303
vt 0.01666666753590107 0.22509419918060303
vt 0.03333333507180214 0.22509419918060303
vt 0.04999999701976776 0.22509419918060303
vt 0.06666667014360428 0.22509419918060303
vt 0.0833333283662796 0.22509419918060303
vt 0.09999999403953552 0.22509419918060303
vt 0.11666666716337204 0.22509419918060303
vt 0.13333334028720856 0.22509419918060303
vt 0.15000000596046448 0.22509419918060303
vt 0.1666666567325592 0.22509419918060303
vt 0.18333333730697632 0.22509419918060303
vt 0.19999998807907104 0.22509419918060303
vt 0.21666665375232697 0.22509419918060303
vt 0.23333333432674408 0.22509419918060303
vt 0.25 0.22509419918060303
vt 0.2666666805744171 0.22509419918060303
vt 0.28333333134651184 0.22509419918060303
vt 0.30000001192092896 0.22509419918060303
vt 0.3166666626930237 0.22509419918060303
vt 0.3333333134651184 0.22509419918060303
vt 0.3499999940395355 0.22509419918060303
vt 0.36666667461395264 0.22509419918060303
vt 0.38333332538604736 0.22509419918060303
vt 0.3999999761581421 0.22509419918060303
vt 0.4166666567325592 0.22509419918060303
vt 0.43333330750465393 0.22509419918060303
vt 0.44999998807907104 0.22509419918060303
vt 0.46666666865348816 0.22509419918060303
vt 0.4833333194255829 0.22509419918060303
vt 0.5 0.22509419918060303
vt 0.5166666507720947 0.22509419918060303
vt 0.5333333611488342 0.22509419918060303
vt 0.550000011920929 0.22509419918060303
vt 0.5666666626930237 0.22509419918060303
vt 0.5833333730697632 0.22509419918060303
vt 0.6000000238418579 0.22509419918060303
vt 0.6166666746139526 0.22509419918060303
vt 0.6333333253860474 0.22509419918060303
vt 0.6499999761581421 0.22509419918060303
vt 0.6666666269302368 0.22509419918060303
vt 0.6833333373069763 0.22509419918060303
vt 0.699999988079071 0.22509419918060303
vt 0.7166666388511658 0.22509419918060303
vt 0.7333333492279053 0.22509419918060303
vt 0.75 0.22509419918060303
vt 0.7666666507720947 0.22509419918060303
vt 0.7833333611488342 0.22509419918060303
vt 0.7999999523162842 0.22509419918060303
vt 0.8166666626930237 0.22509419918060303
vt 0.8333333134651184 0.22509419918060303
vt 0.8500000238418579 0.22509419918060303
vt 0.8666666150093079 0.22509419918060303
vt 0.8833333849906921 0.22509419918060303
vt 0.8999999761581421 0.22509419918060303
vt 0.9166666865348816 0.22509419918060303
vt 0.9333333373069763 0.22509419918060303
vt 0.9500000476837158 0.22509419918060303
vt 0.9666666388511658 0.22509419918060303
vt 0.9833333492279053 0.22509419918060303
vt 1 0.22509419918060303
vt 0 0.23632478713989258
vt 0.01666666753590107 0.23632478713989258
vt 0.03333333507180214 0.23632478713989258
vt 0.04999999701976776 0.23632478713989258
vt 0.06666667014360428 0.23632478713989258
vt 0.0833333283662796 0.23632478713989258
vt 0.09999999403953552 0.23632478713989258
vt 0.11666666716337204 0.23632478713989258
vt 0.13333334028720856 0.23632478713989258
vt 0.15000000596046448 0.23632478713989258
vt 0.1666666567325592 0.23632478713989258
vt 0.18333333730697632 0.23632478713989258
vt 0.19999998807907104 0.23632478713989258
vt 0.21666665375232697 0.23632478713989258
vt 0.23333333432674408 0.23632478713989258
vt 0.25 0.23632478713989258
vt 0.2666666805744171 0.23632478713989258
vt 0.28333333134651184 0.23632478713989258
vt 0.30000001192092896 0.23632478713989258
vt 0.3166666626930237 0.23632478713989258
vt 0.3333333134651184 0.23632478713989258
vt 0.3499999940395355 0.23632478713989258
vt 0.36666667461395264 0.23632478713989258
vt 0.38333332538604736 0.23632478713989258
vt 0.3999999761581421 0.23632478713989258
vt 0.4166666567325592 0.23632478713989258
vt 0.43333330750465393 0.23632478713989258
vt 0.44999998807907104 0.23632478713989258
vt 0.46666666865348816 0.23632478713989258
vt 0.4833333194255829 0.23632478713989258
vt 0.5 0.23632478713989258
vt 0.5166666507720947 0.23632478713989258
vt 0.5333333611488342 0.23632478713989258
vt 0.550000011920929 0.23632478713989258
vt 0.5666666626930237 0.23632478713989258
vt 0.5833333730697632 0.23632478713989258
vt 0.6000000238418579 0.23632478713989258
vt 0.6166666746139526 0.23632478713989258
vt 0.6333333253860474 0.23632478713989258
vt 0.6499999761581421 0.23632478713989258
vt 0.6666666269302368 0.23632478713989258
vt 0.6833333373069763 0.23632478713989258
vt 0.699999988079071 0.23632478713989258
vt 0.7166666388511658 0.23632478713989258
vt 0.7333333492279053 0.23632478713989258
vt 0.75 0.23632478713989258
vt 0.7666666507720947 0.23632478713989258
vt 0.7833333611488342 0.23632478713989258
vt 0.7999999523162842 0.23632478713989258
vt 0.8166666626930237 0.23632478713989258
vt 0.8333333134651184 0.23632478713989258
vt 0.8500000238418579 0.23632478713989258
vt 0.8666666150093079 0.23632478713989258
vt 0.8833333849906921 0.23632478713989258
vt 0.8999999761581421 0.23632478713989258
vt 0.9166666865348816 0.23632478713989258
vt 0.9333333373069763 0.23632478713989258
vt 0.9500000476837158 0.23632478713989258
vt 0.9666666388511658 0.23632478713989258
vt 0.9833333492279053 0.23632478713989258
vt 1 0.23632478713989258
vt 0 0.24755525588989258
vt 0.01666666753590107 0.24755525588989258
vt 0.03333333507180214 0.24755525588989258
vt 0.04999999701976776 0.24755525588989258
vt 0.06666667014360428 0.24755525588989258
vt 0.0833333283662796 0.24755525588989258
vt 0.09999999403953552 0.24755525588989258
vt 0.11666666716337204 0.24755525588989258
vt 0.13333334028720856 0.24755525588989258
vt 0.15000000596046448 0.24755525588989258
vt 0.1666666567325592 0.24755525588989258
vt 0.18333333730697632 0.24755525588989258
vt 0.19999998807907104 0.24755525588989258
vt 0.21666665375232697 0.24755525588989258
vt 0.23333333432674408 0.24755525588989258
vt 0.25 0.24755525588989258
vt 0.2666666805744171 0.24755525588989258
vt 0.28333333134651184 0.24755525588989258
vt 0.30000001192092896 0.24755525588989258
vt 0.3166666626930237 0.24755525588989258
vt 0.3333333134651184 0.24755525588989258
vt 0.3499999940395355 0.24755525588989258
vt 0.36666667461395264 0.24755525588989258
vt 0.38333332538604736 0.24755525588989258
vt 0.3999999761581421 0.24755525588989258
vt 0.4166666567325592 0.24755525588989258
vt 0.43333330750465393 0.24755525588989258
vt 0.44999998807907104 0.24755525588989258
vt 0.46666666865348816 0.24755525588989258
vt 0.4833333194255829 0.24755525588989258
vt 0.5 0.24755525588989258
vt 0.5166666507720947 0.24755525588989258
vt 0.5333333611488342 0.24755525588989258
vt 0.550000011920929 0.24755525588989258
vt 0.5666666626930237 0.24755525588989258
vt 0.5833333730697632 0.24755525588989258
vt 0.6000000238418579 0.24755525588989258
vt 0.6166666746139526 0.24755525588989258
vt 0.6333333253860474 0.24755525588989258
vt 0.6499999761581421 0.24755525588989258
vt 0.6666666269302368 0.24755525588989258
vt 0.6833333373069763 0.24755525588989258
vt 0.699999988079071 0.24755525588989258
vt 0.7166666388511658 0.24755525588989258
vt 0.7333333492279053 0.24755525588989258
vt 0.75 0.24755525588989258
vt 0.7666666507720947 0.24755525588989258
vt 0.7833333611488342 0.24755525588989258
vt 0.7999999523162842 0.24755525588989258
vt 0.8166666626930237 0.24755525588989258
vt 0.8333333134651184 0.24755525588989258
vt 0.8500000238418579 0.24755525588989258
vt 0.8666666150093079 0.24755525588989258
vt 0.8833333849906921 0.24755525588989258
vt 0.8999999761581421 0.24755525588989258
vt 0.9166666865348816 0.24755525588989258
vt 0.9333333373069763 0.24755525588989258
vt 0.9500000476837158 0.24755525588989258
vt 0.9666666388511658 0.24755525588989258
vt 0.9833333492279053 0.24755525588989258
vt 1 0.24755525588989258
vt 0 0.25878578424453735
vt 0.01666666753590107 0.25878578424453735
vt 0.03333333507180214 0.25878578424453735
vt 0.04999999701976776 0.25878578424453735
vt 0.06666667014360428 0.25878578424453735
vt 0.0833333283662796 0.25878578424453735
vt 0.09999999403953552 0.25878578424453735
vt 0.11666666716337204 0.25878578424453735
vt 0.13333334028720856 0.25878578424453735
vt 0.15000000596046448 0.25878578424453735
vt 0.1666666567325592 0.25878578424453735
vt 0.18333333730697632 0.25878578424453735
vt 0.19999998807907104 0.25878578424453735
vt 0.21666665375232697 0.25878578424453735
vt 0.23333333432674408 0.25878578424453735
vt 0.25 0.25878578424453735
vt 0.2666666805744171 0.25878578424453735
vt 0.28333333134651184 0.25878578424453735
vt 0.30000001192092896 0.25878578424453735
vt 0.3166666626930237 0.25878578424453735
vt 0.3333333134651184 0.25878578424453735
vt 0.3499999940395355 0.25878578424453735
vt 0.36666667461395264 0.25878578424453735
vt 0.38333332538604736 0.25878578424453735
vt 0.3999999761581421 0.25878578424453735
vt 0.4166666567325592 0.25878578424453735
vt 0.43333330750465393 0.25878578424453735
vt 0.44999998807907104 0.25878578424453735
vt 0.46666666865348816 0.25878578424453735
vt 0.4833333194255829 0.25878578424453735
vt 0.5 0.25878578424453735
vt 0.5166666507720947 0.25878578424453735
vt 0.5333333611488342 0.25878578424453735
vt 0.550000011920929 0.25878578424453735
vt 0.5666666626930237 0.25878578424453735
vt 0.5833333730697632 0.25878578424453735
vt 0.6000000238418579 0.25878578424453735
vt 0.6166666746139526 0.25878578424453735
vt 0.6333333253860474 0.25878578424453735
vt 0.6499999761581421 0.25878578424453735
vt 0.6666666269302368 0.25878578424453735
vt 0.6833333373069763 0.25878578424453735
vt 0.699999988079071 0.25878578424453735
vt 0.7166666388511658 0.25878578424453735
vt 0.7333333492279053 0.25878578424453735
vt 0.75 0.25878578424453735
vt 0.7666666507720947 0.25878578424453735
vt 0.7833333611488342 0.25878578424453735
vt 0.7999999523162842 0.25878578424453735
vt 0.8166666626930237 0.25878578424453735
vt 0.8333333134651184 0.25878578424453735
vt 0.8500000238418579 0.25878578424453735
vt 0.8666666150093079 0.25878578424453735
vt 0.8833333849906921 0.25878578424453735
vt 0.8999999761581421 0.25878578424453735
vt 0.9166666865348816 0.25878578424453735
vt 0.9333333373069763 0.25878578424453735
vt 0.9500000476837158 0.25878578424453735
vt 0.9666666388511658 0.25878578424453735
vt 0.9833333492279053 0.25878578424453735
vt 1 0.25878578424453735
vt 0 0.27001631259918213
vt 0.01666666753590107 0.27001631259918213
vt 0.03333333507180214 0.27001631259918213
vt 0.04999999701976776 0.27001631259918213
vt 0.06666667014360428 0.27001631259918213
vt 0.0833333283662796 0.27001631259918213
vt 0.09999999403953552 0.27001631259918213
vt 0.11666666716337204 0.27001631259918213
vt 0.13333334028720856 0.27001631259918213
vt 0.15000000596046448 0.27001631259918213
vt 0.1666666567325592 0.27001631259918213
vt 0.18333333730697632 0.27001631259918213
vt 0.19999998807907104 0.27001631259918213
vt 0.21666665375232697 0.27001631259918213
vt 0.23333333432674408 0.27001631259918213
vt 0.25 0.27001631259918213
vt 0.2666666805744171 0.27001631259918213
vt 0.28333333134651184 0.27001631259918213
vt 0.30000001192092896 0.27001631259918213
vt 0.3166666626930237 0.27001631259918213
vt 0.3333333134651184 0.27001631259918213
vt 0.3499999940395355 0.27001631259918213
vt 0.36666667461395264 0.27001631259918213
vt 0.38333332538604736 0.27001631259918213
vt 0.3999999761581421 0.27001631259918213
vt 0.4166666567325592 0.27001631259918213
vt 0.43333330750465393 0.27001631259918213
vt 0.44999998807907104 0.27001631259918213
vt 0.46666666865348816 0.27001631259918213
vt 0.4833333194255829 0.27001631259918213
vt 0.5 0.27001631259918213
vt 0.5166666507720947 0.27001631259918213
vt 0.5333333611488342 0.27001631259918213
vt 0.550000011920929 0.27001631259918213
vt 0.5666666626930237 0.27001631259918213
vt 0.5833333730697632 0.27001631259918213
vt 0.6000000238418579 0.27001631259918213
vt 0.6166666746139526 0.27001631259918213
vt 0.6333333253860474 0.27001631259918213
vt 0.6499999761581421 0.27001631259918213
vt 0.6666666269302368 0.27001631259918213
vt 0.6833333373069763 0.27001631259918213
vt 0.699999988079071 0.27001631259918213
vt 0.7166666388511658 0.27001631259918213
vt 0.7333333492279053 0.27001631259918213
vt 0.75 0.27001631259918213
vt 0.7666666507720947 0.27001631259918213
vt 0.7833333611488342 0.27001631259918213
vt 0.7999999523162842 0.27001631259918213
vt 0.8166666626930237 0.27001631259918213
vt 0.8333333134651184 0.27001631259918213
vt 0.8500000238418579 0.27001631259918213
vt 0.8666666150093079 0.27001631259918213
vt 0.8833333849906921 0.27001631259918213
vt 0.8999999761581421 0.27001631259918213
vt 0.9166666865348816 0.27001631259918213
vt 0.9333333373069763 0.27001631259918213
vt 0.9500000476837158 0.27001631259918213
vt 0.9666666388511658 0.27001631259918213
vt 0.9833333492279053 0.27001631259918213
vt 1 0.27001631259918213
vt 0 0.2812468409538269
vt 0.01666666753590107 0.2812468409538269
vt 0.03333333507180214 0.2812468409538269
vt 0.04999999701976776 0.2812468409538269
vt 0.06666667014360428 0.2812468409538269
vt 0.0833333283662796 0.2812468409538269
vt 0.09999999403953552 0.2812468409538269
vt 0.11666666716337204 0.2812468409538269
vt 0.13333334028720856 0.2812468409538269
vt 0.15000000596046448 0.2812468409538269
vt 0.1666666567325592 0.2812468409538269
vt 0.18333333730697632 0.2812468409538269
vt 0.19999998807907104 0.2812468409538269
vt 0.21666665375232697 0.2812468409538269
vt 0.23333333432674408 0.2812468409538269
vt 0.25 0.2812468409538269
vt 0.2666666805744171 0.2812468409538269
vt 0.28333333134651184 0.2812468409538269
vt 0.30000001192092896 0.2812468409538269
vt 0.3166666626930237 0.2812468409538269
vt 0.3333333134651184 0.2812468409538269
vt 0.3499999940395355 0.2812468409538269
vt 0.36666667461395264 0.2812468409538269
vt 0.38333332538604736 0.2812468409538269
vt 0.3999999761581421 0.2812468409538269
vt 0.4166666567325592 0.2812468409538269
vt 0.43333330750465393 0.2812468409538269
vt 0.44999998807907104 0.2812468409538269
vt 0.46666666865348816 0.2812468409538269
vt 0.4833333194255829 0.2812468409538269
vt 0.5 0.2812468409538269
vt 0.5166666507720947 0.2812468409538269
vt 0.5333333611488342 0.2812468409538269
vt 0.550000011920929 0.2812468409538269
vt 0.5666666626930237 0.2812468409538269
vt 0.5833333730697632 0.2812468409538269
vt 0.6000000238418579 0.2812468409538269
vt 0.6166666746139526 0.2812468409538269
vt 0.6333333253860474 0.2812468409538269
vt 0.6499999761581421 0.2812468409538269
vt 0.6666666269302368 0.2812468409538269
vt 0.6833333373069763 0.2812468409538269
vt 0.699999988079071 0.2812468409538269
vt 0.7166666388511658 0.2812468409538269
vt 0.7333333492279053 0.2812468409538269
vt 0.75 0.2812468409538269
vt 0.7666666507720947 0.2812468409538269
vt 0.7833333611488342 0.2812468409538269
vt 0.7999999523162842 0.2812468409538269
vt 0.8166666626930237 0.2812468409538269
vt 0.8333333134651184 0.2812468409538269
vt 0.8500000238418579 0.2812468409538269
vt 0.8666666150093079 0.2812468409538269
vt 0.8833333849906921 0.2812468409538269
vt 0.8999999761581421 0.2812468409538269
vt 0.9166666865348816 0.2812468409538269
vt 0.9333333373069763 0.2812468409538269
vt 0.9500000476837158 0.2812468409538269
vt 0.9666666388511658 0.2812468409538269
vt 0.9833333492279053 0.2812468409538269
vt 1 0.2812468409538269
vt 0 0.2924773693084717
vt 0.01666666753590107 0.2924773693084717
vt 0.03333333507180214 0.2924773693084717
vt 0.04999999701976776 0.2924773693084717
vt 0.06666667014360428 0.2924773693084717
vt 0.0833333283662796 0.2924773693084717
vt 0.09999999403953552 0.2924773693084717
vt 0.11666666716337204 0.2924773693084717
vt 0.13333334028720856 0.2924773693084717
vt 0.15000000596046448 0.2924773693084717
vt 0.1666666567325592 0.2924773693084717
vt 0.18333333730697632 0.2924773693084717
vt 0.19999998807907104 0.2924773693084717
vt 0.21666665375232697 0.2924773693084717
vt 0.23333333432674408 0.2924773693084717
vt 0.25 0.2924773693084717
vt 0.2666666805744171 0.2924773693084717
vt 0.28333333134651184 0.2924773693084717
vt 0.30000001192092896 0.2924773693084717
vt 0.3166666626930237 0.2924773693084717
vt 0.3333333134651184 0.2924773693084717
vt 0.3499999940395355 0.2924773693084717
vt 0.36666667461395264 0.2924773693084717
vt 0.38333332538604736 0.2924773693084717
vt 0.3999999761581421 0.2924773693084717
vt 0.4166666567325592 0.2924773693084717
vt 0.43333330750465393 0.2924773693084717
vt 0.44999998807907104 0.2924773693084717
vt 0.46666666865348816 0.2924773693084717
vt 0.4833333194255829 0.2924773693084717
vt 0.5 0.2924773693084717
vt 0.5166666507720947 0.2924773693084717
vt 0.5333333611488342 0.2924773693084717
vt 0.550000011920929 0.2924773693084717
vt 0.5666666626930237 0.2924773693084717
vt 0.5833333730697632 0.2924773693084717
vt 0.6000000238418579 0.2924773693084717
vt 0.6166666746139526 0.2924773693084717
vt 0.6333333253860474 0.2924773693084717
vt 0.6499999761581421 0.2924773693084717
vt 0.6666666269302368 0.2924773693084717
vt 0.6833333373069763 0.2924773693084717
vt 0.699999988079071 0.2924773693084717
vt 0.7166666388511658 0.2924773693084717
vt 0.7333333492279053 0.2924773693084717
vt 0.75 0.2924773693084717
vt 0.7666666507720947 0.2924773693084717
vt 0.7833333611488342 0.2924773693084717
vt 0.7999999523162842 0.2924773693084717
vt 0.8166666626930237 0.2924773693084717
vt 0.8333333134651184 0.2924773693084717
vt 0.8500000238418579 0.2924773693084717
vt 0.8666666150093079 0.2924773693084717
vt 0.8833333849906921 0.2924773693084717
vt 0.8999999761581421 0.2924773693084717
vt 0.9166666865348816 0.2924773693084717
vt 0.9333333373069763 0.2924773693084717
vt 0.9500000476837158 0.2924773693084717
vt 0.9666666388511658 0.2924773693084717
vt 0.9833333492279053 0.2924773693084717
vt 1 0.2924773693084717
vt 0 0.3037078380584717
vt 0.01666666753590107 0.3037078380584717
vt 0.03333333507180214 0.3037078380584717
vt 0.04999999701976776 0.3037078380584717
vt 0.06666667014360428 0.3037078380584717
vt 0.0833333283662796 0.3037078380584717
vt 0.09999999403953552 0.3037078380584717
vt 0.11666666716337204 0.3037078380584717
vt 0.13333334028720856 0.3037078380584717
vt 0.15000000596046448 0.3037078380584717
vt 0.1666666567325592 0.3037078380584717
vt 0.18333333730697632 0.3037078380584717
vt 0.19999998807907104 0.3037078380584717
vt 0.21666665375232697 0.3037078380584717
vt 0.23333333432674408 0.3037078380584717
vt 0.25 0.3037078380584717
vt 0.2666666805744171 0.3037078380584717
vt 0.28333333134651184 0.3037078380584717
vt 0.30000001192092896 0.3037078380584717
vt 0.3166666626930237 0.3037078380584717
vt 0.3333333134651184 0.3037078380584717
vt 0.3499999940395355 0.3037078380584717
vt 0.36666667461395264 0.3037078380584717
vt 0.38333332538604736 0.3037078380584717
vt 0.3999999761581421 0.3037078380584717
vt 0.4166666567325592 0.3037078380584717
vt 0.43333330750465393 0.3037078380584717
vt 0.44999998807907104 0.3037078380584717
vt 0.46666666865348816 0.3037078380584717
vt 0.4833333194255829 0.3037078380584717
vt 0.5 0.3037078380584717
vt 0.5166666507720947 0.3037078380584717
vt 0.5333333611488342 0.3037078380584717
vt 0.550000011920929 0.3037078380584717
vt 0.5666666626930237 0.3037078380584717
vt 0.5833333730697632 0.3037078380584717
vt 0.6000000238418579 0.3037078380584717
vt 0.6166666746139526 0.3037078380584717
vt 0.6333333253860474 0.3037078380584717
vt 0.6499999761581421 0.3037078380584717
vt 0.6666666269302368 0.3037078380584717
vt 0.6833333373069763 0.3037078380584717
vt 0.699999988079071 0.3037078380584717
vt 0.7166666388511658 0.3037078380584717
vt 0.7333333492279053 0.3037078380584717
vt 0.75 0.3037078380584717
vt 0.7666666507720947 0.3037078380584717
vt 0.7833333611488342 0.3037078380584717
vt 0.7999999523162842 0.3037078380584717
vt 0.8166666626930237 0.3037078380584717
vt 0.8333333134651184 0.3037078380584717
vt 0.8500000238418579 0.3037078380584717
vt 0.8666666150093079 0.3037078380584717
vt 0.8833333849906921 0.3037078380584717
vt 0.8999999761581421 0.3037078380584717
vt 0.9166666865348816 0.3037078380584717
vt 0.9333333373069763 0.3037078380584717
vt 0.9500000476837158 0.3037078380584717
vt 0.9666666388511658 0.3037078380584717
vt 0.9833333492279053 0.3037078380584717
vt 1 0.3037078380584717
vt 0 0.31493842601776123
vt 0.01666666753590107 0.31493842601776123
vt 0.03333333507180214 0.31493842601776123
vt 0.04999999701976776 0.31493842601776123
vt 0.06666667014360428 0.31493842601776123
vt 0.0833333283662796 0.31493842601776123
vt 0.09999999403953552 0.31493842601776123
vt 0.11666666716337204 0.31493842601776123
vt 0.13333334028720856 0.31493842601776123
vt 0.15000000596046448 0.31493842601776123
vt 0.1666666567325592 0.31493842601776123
vt 0.18333333730697632 0.31493842601776123
vt 0.19999998807907104 0.31493842601776123
vt 0.21666665375232697 0.31493842601776123
vt 0.23333333432674408 0.31493842601776123
vt 0.25 0.31493842601776123
vt 0.2666666805744171 0.31493842601776123
vt 0.28333333134651184 0.31493842601776123
vt 0.30000001192092896 0.31493842601776123
vt 0.3166666626930237 0.31493842601776123
vt 0.3333333134651184 0.31493842601776123
vt 0.3499999940395355 0.31493842601776123
vt 0.36666667461395264 0.31493842601776123
vt 0.38333332538604736 0.31493842601776123
vt 0.3999999761581421 0.31493842601776123
vt 0.4166666567325592 0.31493842601776123
vt 0.43333330750465393 0.31493842601776123
vt 0.44999998807907104 0.31493842601776123
vt 0.46666666865348816 0.31493842601776123
vt 0.4833333194255829 0.31493842601776123
vt 0.5 0.31493842601776123
vt 0.5166666507720947 0.31493842601776123
vt 0.5333333611488342 0.31493842601776123
vt 0.550000011920929 0.31493842601776123
vt 0.5666666626930237 0.31493842601776123
vt 0.5833333730697632 0.31493842601776123
vt 0.6000000238418579 0.31493842601776123
vt 0.6166666746139526 0.31493842601776123
vt 0.6333333253860474 0.31493842601776123
vt 0.6499999761581421 0.31493842601776123
vt 0.6666666269302368 0.31493842601776123
vt 0.6833333373069763 0.31493842601776123
vt 0.699999988079071 0.31493842601776123
vt 0.7166666388511658 0.31493842601776123
vt 0.7333333492279053 0.31493842601776123
vt 0.75 0.31493842601776123
vt 0.7666666507720947 0.31493842601776123
vt 0.7833333611488342 0.31493842601776123
vt 0.7999999523162842 0.31493842601776123
vt 0.8166666626930237 0.31493842601776123
vt 0.8333333134651184 0.31493842601776123
vt 0.8500000238418579 0.31493842601776123
vt 0.8666666150093079 0.31493842601776123
vt 0.8833333849906921 0.31493842601776123
vt 0.8999999761581421 0.31493842601776123
vt 0.9166666865348816 0.31493842601776123
vt 0.9333333373069763 0.31493842601776123
vt 0.9500000476837158 0.31493842601776123
vt 0.9666666388511658 0.31493842601776123
vt 0.9833333492279053 0.31493842601776123
vt 1 0.31493842601776123
vt 0 0.32616889476776123
vt 0.01666666753590107 0.32616889476776123
vt 0.03333333507180214 0.32616889476776123
vt 0.04999999701976776 0.32616889476776123
vt 0.06666667014360428 0.32616889476776123
vt 0.0833333283662796 0.32616889476776123
vt 0.09999999403953552 0.32616889476776123
vt 0.11666666716337204 0.32616889476776123
vt 0.13333334028720856 0.32616889476776123
vt 0.15000000596046448 0.32616889476776123
vt 0.1666666567325592 0.32616889476776123
vt 0.18333333730697632 0.32616889476776123
vt 0.19999998807907104 0.32616889476776123
vt 0.21666665375232697 0.32616889476776123
vt 0.23333333432674408 0.32616889476776123
vt 0.25 0.32616889476776123
vt 0.2666666805744171 0.32616889476776123
vt 0.28333333134651184 0.32616889476776123
vt 0.30000001192092896 0.32616889476776123
vt 0.3166666626930237 0.32616889476776123
vt 0.3333333134651184 0.32616889476776123
vt 0.3499999940395355 0.32616889476776123
vt 0.36666667461395264 0.32616889476776123
vt 0.38333332538604736 0.32616889476776123
vt 0.3999999761581421 0.32616889476776123
vt 0.4166666567325592 0.32616889476776123
vt 0.43333330750465393 0.32616889476776123
vt 0.44999998807907104 0.32616889476776123
vt 0.46666666865348816 0.32616889476776123
vt 0.4833333194255829 0.32616889476776123
vt 0.5 0.32616889476776123
vt 0.5166666507720947 0.32616889476776123
vt 0.5333333611488342 0.32616889476776123
vt 0.550000011920929 0.32616889476776123
vt 0.5666666626930237 0.32616889476776123
vt 0.5833333730697632 0.32616889476776123
vt 0.6000000238418579 0.32616889476776123
vt 0.6166666746139526 0.32616889476776123
vt 0.6333333253860474 0.32616889476776123
vt 0.6499999761581421 0.32616889476776123
vt 0.6666666269302368 0.32616889476776123
vt 0.6833333373069763 0.32616889476776123
vt 0.699999988079071 0.32616889476776123
vt 0.7166666388511658 0.32616889476776123
vt 0.7333333492279053 0.32616889476776123
vt 0.75 0.32616889476776123
vt 0.7666666507720947 0.32616889476776123
vt 0.7833333611488342 0.32616889476776123
vt 0.7999999523162842 0.32616889476776123
vt 0.8166666626930237 0.32616889476776123
vt 0.8333333134651184 0.32616889476776123
vt 0.8500000238418579 0.32616889476776123
vt 0.8666666150093079 0.32616889476776123
vt 0.8833333849906921 0.32616889476776123
vt 0.8999999761581421 0.32616889476776123
vt 0.9166666865348816 0.32616889476776123
vt 0.9333333373069763 0.32616889476776123
vt 0.9500000476837158 0.32616889476776123
vt 0.9666666388511658 0.32616889476776123
vt 0.9833333492279053 0.32616889476776123
vt 1 0.32616889476776123
vt 0 0.33739936351776123
vt 0.01666666753590107 0.33739936351776123
vt 0.03333333507180214 0.33739936351776123
vt 0.04999999701976776 0.33739936351776123
vt 0.06666667014360428 0.33739936351776123
vt 0.0833333283662796 0.33739936351776123
vt 0.09999999403953552 0.33739936351776123
vt 0.11666666716337204 0.33739936351776123
vt 0.13333334028720856 0.33739936351776123
vt 0.15000000596046448 0.33739936351776123
vt 0.1666666567325592 0.33739936351776123
vt 0.18333333730697632 0.33739936351776123
vt 0.19999998807907104 0.33739936351776123
vt 0.21666665375232697 0.33739936351776123
vt 0.23333333432674408 0.33739936351776123
vt 0.25 0.33739936351776123
vt 0.2666666805744171 0.33739936351776123
vt 0.28333333134651184 0.33739936351776123
vt 0.30000001192092896 0.33739936351776123
vt 0.3166666626930237 0.33739936351776123
vt 0.3333333134651184 0.33739936351776123
vt 0.3499999940395355 0.33739936351776123
vt 0.36666667461395264 0.33739936351776123
vt 0.38333332538604736 0.33739936351776123
vt 0.3999999761581421 0.33739936351776123
vt 0.4166666567325592 0.33739936351776123
vt 0.43333330750465393 0.33739936351776123
vt 0.44999998807907104 0.33739936351776123
vt 0.46666666865348816 0.33739936351776123
vt 0.4833333194255829 0.33739936351776123
vt 0.5 0.33739936351776123
vt 0.5166666507720947 0.33739936351776123
vt 0.5333333611488342 0.33739936351776123
vt 0.550000011920929 0.33739936351776123
vt 0.5666666626930237 0.33739936351776123
vt 0.5833333730697632 0.33739936351776123
vt 0.6000000238418579 0.33739936351776123
vt 0.6166666746139526 0.33739936351776123
vt 0.6333333253860474 0.33739936351776123
vt 0.6499999761581421 0.33739936351776123
vt 0.6666666269302368 0.33739936351776123
vt 0.6833333373069763 0.33739936351776123
vt 0.699999988079071 0.33739936351776123
vt 0.7166666388511658 0.33739936351776123
vt 0.7333333492279053 0.33739936351776123
vt 0.75 0.33739936351776123
vt 0.7666666507720947 0.33739936351776123
vt 0.7833333611488342 0.33739936351776123
vt 0.7999999523162842 0.33739936351776123
vt 0.8166666626930237 0.33739936351776123
vt 0.8333333134651184 0.33739936351776123
vt 0.8500000238418579 0.33739936351776123
vt 0.8666666150093079 0.33739936351776123
vt 0.8833333849906921 0.33739936351776123
vt 0.8999999761581421 0.33739936351776123
vt 0.9166666865348816 0.33739936351776123
vt 0.9333333373069763 0.33739936351776123
vt 0.9500000476837158 0.33739936351776123
vt 0.9666666388511658 0.33739936351776123
vt 0.9833333492279053 0.33739936351776123
vt 1 0.33739936351776123
vt 0 0.3486299514770508
vt 0.01666666753590107 0.3486299514770508
vt 0.03333333507180214 0.3486299514770508
vt 0.04999999701976776 0.3486299514770508
vt 0.06666667014360428 0.3486299514770508
vt 0.0833333283662796 0.3486299514770508
vt 0.09999999403953552 0.3486299514770508
vt 0.11666666716337204 0.3486299514770508
vt 0.13333334028720856 0.3486299514770508
vt 0.15000000596046448 0.3486299514770508
vt 0.1666666567325592 0.3486299514770508
vt 0.18333333730697632 0.3486299514770508
vt 0.19999998807907104 0.3486299514770508
vt 0.21666665375232697 0.3486299514770508
vt 0.23333333432674408 0.3486299514770508
vt 0.25 0.3486299514770508
vt 0.2666666805744171 0.3486299514770508
vt 0.28333333134651184 0.3486299514770508
vt 0.30000001192092896 0.3486299514770508
vt 0.3166666626930237 0.3486299514770508
vt 0.3333333134651184 0.3486299514770508
vt 0.3499999940395355 0.3486299514770508
vt 0.36666667461395264 0.3486299514770508
vt 0.38333332538604736 0.3486299514770508
vt 0.3999999761581421 0.3486299514770508
vt 0.4166666567325592 0.3486299514770508
vt 0.43333330750465393 0.3486299514770508
vt 0.44999998807907104 0.3486299514770508
vt 0.46666666865348816 0.3486299514770508
vt 0.4833333194255829 0.3486299514770508
vt 0.5 0.3486299514770508
vt 0.5166666507720947 0.3486299514770508
vt 0.5333333611488342 0.3486299514770508
vt 0.550000011920929 0.3486299514770508
vt 0.5666666626930237 0.3486299514770508
vt 0.5833333730697632 0.3486299514770508
vt 0.6000000238418579 0.3486299514770508
vt 0.6166666746139526 0.3486299514770508
vt 0.6333333253860474 0.3486299514770508
vt 0.6499999761581421 0.3486299514770508
vt 0.6666666269302368 0.3486299514770508
vt 0.6833333373069763 0.3486299514770508
vt 0.699999988079071 0.3486299514770508
vt 0.7166666388511658 0.3486299514770508
vt 0.7333333492279053 0.3486299514770508
vt 0.75 0.3486299514770508
vt 0.7666666507720947 0.3486299514770508
vt 0.7833333611488342 0.3486299514770508
vt 0.7999999523162842 0.3486299514770508
vt 0.8166666626930237 0.3486299514770508
vt 0.8333333134651184 0.3486299514770508
vt 0.8500000238418579 0.3486299514770508
vt 0.8666666150093079 0.3486299514770508
vt 0.8833333849906921 0.3486299514770508
vt 0.8999999761581421 0.3486299514770508
vt 0.9166666865348816 0.3486299514770508
vt 0.9333333373069763 0.3486299514770508
vt 0.9500000476837158 0.3486299514770508
vt 0.9666666388511658 0.3486299514770508
vt 0.9833333492279053 0.3486299514770508
vt 1 0.3486299514770508
vt 0 0.3598604202270508
vt 0.01666666753590107 0.3598604202270508
vt 0.03333333507180214 0.3598604202270508
vt 0.04999999701976776 0.3598604202270508
vt 0.06666667014360428 0.3598604202270508
vt 0.0833333283662796 0.3598604202270508
vt 0.09999999403953552 0.3598604202270508
vt 0.11666666716337204 0.3598604202270508
vt 0.13333334028720856 0.3598604202270508
vt 0.15000000596046448 0.3598604202270508
vt 0.1666666567325592 0.3598604202270508
vt 0.18333333730697632 0.3598604202270508
vt 0.19999998807907104 0.3598604202270508
vt 0.21666665375232697 0.3598604202270508
vt 0.23333333432674408 0.3598604202270508
vt 0.25 0.3598604202270508
vt 0.2666666805744171 0.3598604202270508
vt 0.28333333134651184 0.3598604202270508
vt 0.30000001192092896 0.3598604202270508
vt 0.3166666626930237 0.3598604202270508
vt 0.3333333134651184 0.3598604202270508
vt 0.3499999940395355 0.3598604202270508
vt 0.36666667461395264 0.3598604202270508
vt 0.38333332538604736 0.3598604202270508
vt 0.3999999761581421 0.3598604202270508
vt 0.4166666567325592 0.3598604202270508
vt 0.43333330750465393 0.3598604202270508
vt 0.44999998807907104 0.3598604202270508
vt 0.46666666865348816 0.3598604202270508
vt 0.4833333194255829 0.3598604202270508
vt 0.5 0.3598604202270508
vt 0.5166666507720947 0.3598604202270508
vt 0.5333333611488342 0.3598604202270508
vt 0.550000011920929 0.3598604202270508
vt 0.5666666626930237 0.3598604202270508
vt 0.5833333730697632 0.3598604202270508
vt 0.6000000238418579 0.3598604202270508
vt 0.6166666746139526 0.3598604202270508
vt 0.6333333253860474 0.3598604202270508
vt 0.6499999761581421 0.3598604202270508
vt 0.6666666269302368 0.3598604202270508
vt 0.6833333373069763 0.3598604202270508
vt 0.699999988079071 0.3598604202270508
vt 0.7166666388511658 0.3598604202270508
vt 0.7333333492279053 0.3598604202270508
vt 0.75 0.3598604202270508
vt 0.7666666507720947 0.3598604202270508
vt 0.7833333611488342 0.3598604202270508
vt 0.7999999523162842 0.3598604202270508
vt 0.8166666626930237 0.3598604202270508
vt 0.8333333134651184 0.3598604202270508
vt 0.8500000238418579 0.3598604202270508
vt 0.8666666150093079 0.3598604202270508
vt 0.8833333849906921 0.3598604202270508
vt 0.8999999761581421 0.3598604202270508
vt 0.9166666865348816 0.3598604202270508
vt 0.9333333373069763 0.3598604202270508
vt 0.9500000476837158 0.3598604202270508
vt 0.9666666388511658 0.3598604202270508
vt 0.9833333492279053 0.3598604202270508
vt 1 0.3598604202270508
vt 0 0.37109100818634033
vt 0.01666666753590107 0.37109100818634033
vt 0.03333333507180214 0.37109100818634033
vt 0.04999999701976776 0.37109100818634033
vt 0.06666667014360428 0.37109100818634033
vt 0.0833333283662796 0.37109100818634033
vt 0.09999999403953552 0.37109100818634033
vt 0.11666666716337204 0.37109100818634033
vt 0.13333334028720856 0.37109100818634033
vt 0.15000000596046448 0.37109100818634033
vt 0.1666666567325592 0.37109100818634033
vt 0.18333333730697632 0.37109100818634033
vt 0.19999998807907104 0.37109100818634033
vt 0.21666665375232697 0.37109100818634033
vt 0.23333333432674408 0.37109100818634033
vt 0.25 0.37109100818634033
vt 0.2666666805744171 0.37109100818634033
vt 0.28333333134651184 0.37109100818634033
vt 0.30000001192092896 0.37109100818634033
vt 0.3166666626930237 0.37109100818634033
vt 0.3333333134651184 0.37109100818634033
vt 0.3499999940395355 0.37109100818634033
vt 0.36666667461395264 0.37109100818634033
vt 0.38333332538604736 0.37109100818634033
vt 0.3999999761581421 0.37109100818634033
vt 0.4166666567325592 0.37109100818634033
vt 0.43333330750465393 0.37109100818634033
vt 0.44999998807907104 0.37109100818634033
vt 0.46666666865348816 0.37109100818634033
vt 0.4833333194255829 0.37109100818634033
vt 0.5 0.37109100818634033
vt 0.5166666507720947 0.37109100818634033
vt 0.5333333611488342 0.37109100818634033
vt 0.550000011920929 0.37109100818634033
vt 0.5666666626930237 0.37109100818634033
vt 0.5833333730697632 0.37109100818634033
vt 0.6000000238418579 0.37109100818634033
vt 0.6166666746139526 0.37109100818634033
vt 0.6333333253860474 0.37109100818634033
vt 0.6499999761581421 0.37109100818634033
vt 0.6666666269302368 0.37109100818634033
vt 0.6833333373069763 0.37109100818634033
vt 0.699999988079071 0.37109100818634033
vt 0.7166666388511658 0.37109100818634033
vt 0.7333333492279053 0.37109100818634033
vt 0.75 0.37109100818634033
vt 0.7666666507720947 0.37109100818634033
vt 0.7833333611488342 0.37109100818634033
vt 0.7999999523162842 0.37109100818634033
vt 0.8166666626930237 0.37109100818634033
vt 0.8333333134651184 0.37109100818634033
vt 0.8500000238418579 0.37109100818634033
vt 0.8666666150093079 0.37109100818634033
vt 0.8833333849906921 0.37109100818634033
vt 0.8999999761581421 0.37109100818634033
vt 0.9166666865348816 0.37109100818634033
vt 0.9333333373069763 0.37109100818634033
vt 0.9500000476837158 0.37109100818634033
vt 0.9666666388511658 0.37109100818634033
vt 0.9833333492279053 0.37109100818634033
vt 1 0.37109100818634033
vt 0 0.38232147693634033
vt 0.01666666753590107 0.38232147693634033
vt 0.03333333507180214 0.38232147693634033
vt 0.04999999701976776 0.38232147693634033
vt 0.06666667014360428 0.38232147693634033
vt 0.0833333283662796 0.38232147693634033
vt 0.09999999403953552 0.38232147693634033
vt 0.11666666716337204 0.38232147693634033
vt 0.13333334028720856 0.38232147693634033
vt 0.15000000596046448 0.38232147693634033
vt 0.1666666567325592 0.38232147693634033
vt 0.18333333730697632 0.38232147693634033
vt 0.19999998807907104 0.38232147693634033
vt 0.21666665375232697 0.38232147693634033
vt 0.23333333432674408 0.38232147693634033
vt 0.25 0.38232147693634033
vt 0.2666666805744171 0.38232147693634033
vt 0.28333333134651184 0.38232147693634033
vt 0.30000001192092896 0.38232147693634033
vt 0.3166666626930237 0.38232147693634033
vt 0.3333333134651184 0.38232147693634033
vt 0.3499999940395355 0.38232147693634033
vt 0.36666667461395264 0.38232147693634033
vt 0.38333332538604736 0.38232147693634033
vt 0.3999999761581421 0.38232147693634033
vt 0.4166666567325592 0.38232147693634033
vt 0.43333330750465393 0.38232147693634033
vt 0.44999998807907104 0.38232147693634033
vt 0.46666666865348816 0.38232147693634033
vt 0.4833333194255829 0.38232147693634033
vt 0.5 0.38232147693634033
vt 0.5166666507720947 0.38232147693634033
vt 0.5333333611488342 0.38232147693634033
vt 0.550000011920929 0.38232147693634033
vt 0.5666666626930237 0.38232147693634033
vt 0.5833333730697632 0.38232147693634033
vt 0.6000000238418579 0.38232147693634033
vt 0.6166666746139526 0.38232147693634033
vt 0.6333333253860474 0.38232147693634033
vt 0.6499999761581421 0.38232147693634033
vt 0.6666666269302368 0.38232147693634033
vt 0.6833333373069763 0.38232147693634033
vt 0.699999988079071 0.38232147693634033
vt 0.7166666388511658 0.38232147693634033
vt 0.7333333492279053 0.38232147693634033
vt 0.75 0.38232147693634033
vt 0.7666666507720947 0.38232147693634033
vt 0.7833333611488342 0.38232147693634033
vt 0.7999999523162842 0.38232147693634033
vt 0.8166666626930237 0.38232147693634033
vt 0.8333333134651184 0.38232147693634033
vt 0.8500000238418579 0.38232147693634033
vt 0.8666666150093079 0.38232147693634033
vt 0.8833333849906921 0.38232147693634033
vt 0.8999999761581421 0.38232147693634033
vt 0.9166666865348816 0.38232147693634033
vt 0.9333333373069763 0.38232147693634033
vt 0.9500000476837158 0.38232147693634033
vt 0.9666666388511658 0.38232147693634033
vt 0.9833333492279053 0.38232147693634033
vt 1 0.38232147693634033
vt 0 0.3935520052909851
vt 0.01666666753590107 0.3935520052909851
vt 0.03333333507180214 0.3935520052909851
vt 0.04999999701976776 0.3935520052909851
vt 0.06666667014360428 0.3935520052909851
vt 0.0833333283662796 0.3935520052909851
vt 0.09999999403953552 0.3935520052909851
vt 0.11666666716337204 0.3935520052909851
vt 0.13333334028720856 0.3935520052909851
vt 0.15000000596046448 0.3935520052909851
vt 0.1666666567325592 0.3935520052909851
vt 0.18333333730697632 0.3935520052909851
vt 0.19999998807907104 0.3935520052909851
vt 0.21666665375232697 0.3935520052909851
vt 0.23333333432674408 0.3935520052909851
vt 0.25 0.3935520052909851
vt 0.2666666805744171 0.3935520052909851
vt 0.28333333134651184 0.3935520052909851
vt 0.30000001192092896 0.3935520052909851
vt 0.3166666626930237 0.3935520052909851
vt 0.3333333134651184 0.3935520052909851
vt 0.3499999940395355 0.3935520052909851
vt 0.36666667461395264 0.3935520052909851
vt 0.38333332538604736 0.3935520052909851
vt 0.3999999761581421 0.3935520052909851
vt 0.4166666567325592 0.3935520052909851
vt 0.43333330750465393 0.3935520052909851
vt 0.44999998807907104 0.3935520052909851
vt 0.46666666865348816 0.3935520052909851
vt 0.4833333194255829 0.3935520052909851
vt 0.5 0.3935520052909851
vt 0.5166666507720947 0.3935520052909851
vt 0.5333333611488342 0.3935520052909851
vt 0.550000011920929 0.3935520052909851
vt 0.5666666626930237 0.3935520052909851
vt 0.5833333730697632 0.3935520052909851
vt 0.6000000238418579 0.3935520052909851
vt 0.6166666746139526 0.3935520052909851
vt 0.6333333253860474 0.3935520052909851
vt 0.6499999761581421 0.3935520052909851
vt 0.6666666269302368 0.3935520052909851
vt 0.6833333373069763 0.3935520052909851
vt 0.699999988079071 0.3935520052909851
vt 0.7166666388511658 0.3935520052909851
vt 0.7333333492279053 0.3935520052909851
vt 0.75 0.3935520052909851
vt 0.7666666507720947 0.3935520052909851
vt 0.7833333611488342 0.3935520052909851
vt 0.7999999523162842 0.3935520052909851
vt 0.8166666626930237 0.3935520052909851
vt 0.8333333134651184 0.3935520052909851
vt 0.8500000238418579 0.3935520052909851
vt 0.8666666150093079 0.3935520052909851
vt 0.8833333849906921 0.3935520052909851
vt 0.8999999761581421 0.3935520052909851
vt 0.9166666865348816 0.3935520052909851
vt 0.9333333373069763 0.3935520052909851
vt 0.9500000476837158 0.3935520052909851
vt 0.9666666388511658 0.3935520052909851
vt 0.9833333492279053 0.3935520052909851
vt 1 0.3935520052909851
vt 0 0.4047825336456299
vt 0.01666666753590107 0.4047825336456299
vt 0.03333333507180214 0.4047825336456299
vt 0.04999999701976776 0.4047825336456299
vt 0.06666667014360428 0.4047825336456299
vt 0.0833333283662796 0.4047825336456299
vt 0.09999999403953552 0.4047825336456299
vt 0.11666666716337204 0.4047825336456299
vt 0.13333334028720856 0.4047825336456299
vt 0.15000000596046448 0.4047825336456299
vt 0.1666666567325592 0.4047825336456299
vt 0.18333333730697632 0.4047825336456299
vt 0.19999998807907104 0.4047825336456299
vt 0.21666665375232697 0.4047825336456299
vt 0.23333333432674408 0.4047825336456299
vt 0.25 0.4047825336456299
vt 0.2666666805744171 0.4047825336456299
vt 0.28333333134651184 0.4047825336456299
vt 0.30000001192092896 0.4047825336456299
vt 0.3166666626930237 0.4047825336456299
vt 0.3333333134651184 0.4047825336456299
vt 0.3499999940395355 0.4047825336456299
vt 0.36666667461395264 0.4047825336456299
vt 0.38333332538604736 0.4047825336456299
vt 0.3999999761581421 0.4047825336456299
vt 0.4166666567325592 0.4047825336456299
vt 0.43333330750465393 0.4047825336456299
vt 0.44999998807907104 0.4047825336456299
vt 0.46666666865348816 0.4047825336456299
vt 0.4833333194255829 0.4047825336456299
vt 0.5 0.4047825336456299
vt 0.5166666507720947 0.4047825336456299
vt 0.5333333611488342 0.4047825336456299
vt 0.550000011920929 0.4047825336456299
vt 0.5666666626930237 0.4047825336456299
vt 0.5833333730697632 0.4047825336456299
vt 0.6000000238418579 0.4047825336456299
vt 0.6166666746139526 0.4047825336456299
vt 0.6333333253860474 0.4047825336456299
vt 0.6499999761581421 0.4047825336456299
vt 0.6666666269302368 0.4047825336456299
vt 0.6833333373069763 0.4047825336456299
vt 0.699999988079071 0.4047825336456299
vt 0.7166666388511658 0.4047825336456299
vt 0.7333333492279053 0.4047825336456299
vt 0.75 0.4047825336456299
vt 0.7666666507720947 0.4047825336456299
vt 0.7833333611488342 0.4047825336456299
vt 0.7999999523162842 0.4047825336456299
vt 0.8166666626930237 0.4047825336456299
vt 0.8333333134651184 0.4047825336456299
vt 0.8500000238418579 0.4047825336456299
vt 0.8666666150093079 0.4047825336456299
vt 0.8833333849906921 0.4047825336456299
vt 0.8999999761581421 0.4047825336456299
vt 0.9166666865348816 0.4047825336456299
vt 0.9333333373069763 0.4047825336456299
vt 0.9500000476837158 0.4047825336456299
vt 0.9666666388511658 0.4047825336456299
vt 0.9833333492279053 0.4047825336456299
vt 1 0.4047825336456299
vt 0 0.4160130023956299
vt 0.01666666753590107 0.4160130023956299
vt 0.03333333507180214 0.4160130023956299
vt 0.04999999701976776 0.4160130023956299
vt 0.06666667014360428 0.4160130023956299
vt 0.0833333283662796 0.4160130023956299
vt 0.09999999403953552 0.4160130023956299
vt 0.11666666716337204 0.4160130023956299
vt 0.13333334028720856 0.4160130023956299
vt 0.15000000596046448 0.4160130023956299
vt 0.1666666567325592 0.4160130023956299
vt 0.18333333730697632 0.4160130023956299
vt 0.19999998807907104 0.4160130023956299
vt 0.21666665375232697 0.4160130023956299
vt 0.23333333432674408 0.4160130023956299
vt 0.25 0.4160130023956299
vt 0.2666666805744171 0.4160130023956299
vt 0.28333333134651184 0.4160130023956299
vt 0.30000001192092896 0.4160130023956299
vt 0.3166666626930237 0.4160130023956299
vt 0.3333333134651184 0.4160130023956299
vt 0.3499999940395355 0.4160130023956299
vt 0.36666667461395264 0.4160130023956299
vt 0.38333332538604736 0.4160130023956299
vt 0.3999999761581421 0.4160130023956299
vt 0.4166666567325592 0.4160130023956299
vt 0.43333330750465393 0.4160130023956299
vt 0.44999998807907104 0.4160130023956299
vt 0.46666666865348816 0.4160130023956299
vt 0.4833333194255829 0.4160130023956299
vt 0.5 0.4160130023956299
vt 0.5166666507720947 0.4160130023956299
vt 0.5333333611488342 0.4160130023956299
vt 0.550000011920929 0.4160130023956299
vt 0.5666666626930237 0.4160130023956299
vt 0.5833333730697632 0.4160130023956299
vt 0.6000000238418579 0.4160130023956299
vt 0.6166666746139526 0.4160130023956299
vt 0.6333333253860474 0.4160130023956299
vt 0.6499999761581421 0.4160130023956299
vt 0.6666666269302368 0.4160130023956299
vt 0.6833333373069763 0.4160130023956299
vt 0.699999988079071 0.4160130023956299
vt 0.7166666388511658 0.4160130023956299
vt 0.7333333492279053 0.4160130023956299
vt 0.75 0.4160130023956299
vt 0.7666666507720947 0.4160130023956299
vt 0.7833333611488342 0.4160130023956299
vt 0.7999999523162842 0.4160130023956299
vt 0.8166666626930237 0.4160130023956299
vt 0.8333333134651184 0.4160130023956299
vt 0.8500000238418579 0.4160130023956299
vt 0.8666666150093079 0.4160130023956299
vt 0.8833333849906921 0.4160130023956299
vt 0.8999999761581421 0.4160130023956299
vt 0.9166666865348816 0.4160130023956299
vt 0.9333333373069763 0.4160130023956299
vt 0.9500000476837158 0.4160130023956299
vt 0.9666666388511658 0.4160130023956299
vt 0.9833333492279053 0.4160130023956299
vt 1 0.4160130023956299
vt 0 0.42724359035491943
vt 0.01666666753590107 0.42724359035491943
vt 0.03333333507180214 0.42724359035491943
vt 0.04999999701976776 0.42724359035491943
vt 0.06666667014360428 0.42724359035491943
vt 0.0833333283662796 0.42724359035491943
vt 0.09999999403953552 0.42724359035491943
vt 0.11666666716337204 0.42724359035491943
vt 0.13333334028720856 0.42724359035491943
vt 0.15000000596046448 0.42724359035491943
vt 0.1666666567325592 0.42724359035491943
vt 0.18333333730697632 0.42724359035491943
vt 0.19999998807907104 0.42724359035491943
vt 0.21666665375232697 0.42724359035491943
vt 0.23333333432674408 0.42724359035491943
vt 0.25 0.42724359035491943
vt 0.2666666805744171 0.42724359035491943
vt 0.28333333134651184 0.42724359035491943
vt 0.30000001192092896 0.42724359035491943
vt 0.3166666626930237 0.42724359035491943
vt 0.3333333134651184 0.42724359035491943
vt 0.3499999940395355 0.42724359035491943
vt 0.36666667461395264 0.42724359035491943
vt 0.38333332538604736 0.42724359035491943
vt 0.3999999761581421 0.42724359035491943
vt 0.4166666567325592 0.42724359035491943
vt 0.43333330750465393 0.42724359035491943
vt 0.44999998807907104 0.42724359035491943
vt 0.46666666865348816 0.42724359035491943
vt 0.4833333194255829 0.42724359035491943
vt 0.5 0.42724359035491943
vt 0.5166666507720947 0.42724359035491943
vt 0.5333333611488342 0.42724359035491943
vt 0.550000011920929 0.42724359035491943
vt 0.5666666626930237 0.42724359035491943
vt 0.5833333730697632 0.42724359035491943
vt 0.6000000238418579 0.42724359035491943
vt 0.6166666746139526 0.42724359035491943
vt 0.6333333253860474 0.42724359035491943
vt 0.6499999761581421 0.42724359035491943
vt 0.6666666269302368 0.42724359035491943
vt 0.6833333373069763 0.42724359035491943
vt 0.699999988079071 0.42724359035491943
vt 0.7166666388511658 0.42724359035491943
vt 0.7333333492279053 0.42724359035491943
vt 0.75 0.42724359035491943
vt 0.7666666507720947 0.42724359035491943
vt 0.7833333611488342 0.42724359035491943
vt 0.7999999523162842 0.42724359035491943
vt 0.8166666626930237 0.42724359035491943
vt 0.8333333134651184 0.42724359035491943
vt 0.8500000238418579 0.42724359035491943
vt 0.8666666150093079 0.42724359035491943
vt 0.8833333849906921 0.42724359035491943
vt 0.8999999761581421 0.42724359035491943
vt 0.9166666865348816 0.42724359035491943
vt 0.9333333373069763 0.42724359035491943
vt 0.9500000476837158 0.42724359035491943
vt 0.9666666388511658 0.42724359035491943
vt 0.9833333492279053 0.42724359035491943
vt 1 0.42724359035491943
vt 0 0.43847405910491943
vt 0.01666666753590107 0.43847405910491943
vt 0.03333333507180214 0.43847405910491943
vt 0.04999999701976776 0.43847405910491943
vt 0.06666667014360428 0.43847405910491943
vt 0.0833333283662796 0.43847405910491943
vt 0.09999999403953552 0.43847405910491943
vt 0.11666666716337204 0.43847405910491943
vt 0.13333334028720856 0.43847405910491943
vt 0.15000000596046448 0.43847405910491943
vt 0.1666666567325592 0.43847405910491943
vt 0.18333333730697632 0.43847405910491943
vt 0.19999998807907104 0.43847405910491943
vt 0.21666665375232697 0.43847405910491943
vt 0.23333333432674408 0.43847405910491943
vt 0.25 0.43847405910491943
vt 0.2666666805744171 0.43847405910491943
vt 0.28333333134651184 0.43847405910491943
vt 0.30000001192092896 0.43847405910491943
vt 0.3166666626930237 0.43847405910491943
vt 0.3333333134651184 0.43847405910491943
vt 0.3499999940395355 0.43847405910491943
vt 0.36666667461395264 0.43847405910491943
vt 0.38333332538604736 0.43847405910491943
vt 0.3999999761581421 0.43847405910491943
vt 0.4166666567325592 0.43847405910491943
vt 0.43333330750465393 0.43847405910491943
vt 0.44999998807907104 0.43847405910491943
vt 0.46666666865348816 0.43847405910491943
vt 0.4833333194255829 0.43847405910491943
vt 0.5 0.43847405910491943
vt 0.5166666507720947 0.43847405910491943
vt 0.5333333611488342 0.43847405910491943
vt 0.550000011920929 0.43847405910491943
vt 0.5666666626930237 0.43847405910491943
vt 0.5833333730697632 0.43847405910491943
vt 0.6000000238418579 0.43847405910491943
vt 0.6166666746139526 0.43847405910491943
vt 0.6333333253860474 0.43847405910491943
vt 0.6499999761581421 0.43847405910491943
vt 0.6666666269302368 0.43847405910491943
vt 0.6833333373069763 0.43847405910491943
vt 0.699999988079071 0.43847405910491943
vt 0.7166666388511658 0.43847405910491943
vt 0.7333333492279053 0.43847405910491943
vt 0.75 0.43847405910491943
vt 0.7666666507720947 0.43847405910491943
vt 0.7833333611488342 0.43847405910491943
vt 0.7999999523162842 0.43847405910491943
vt 0.8166666626930237 0.43847405910491943
vt 0.8333333134651184 0.43847405910491943
vt 0.8500000238418579 0.43847405910491943
vt 0.8666666150093079 0.43847405910491943
vt 0.8833333849906921 0.43847405910491943
vt 0.8999999761581421 0.43847405910491943
vt 0.9166666865348816 0.43847405910491943
vt 0.9333333373069763 0.43847405910491943
vt 0.9500000476837158 0.43847405910491943
vt 0.9666666388511658 0.43847405910491943
vt 0.9833333492279053 0.43847405910491943
vt 1 0.43847405910491943
vt 0 0.449704647064209
vt 0.01666666753590107 0.449704647064209
vt 0.03333333507180214 0.449704647064209
vt 0.04999999701976776 0.449704647064209
vt 0.06666667014360428 0.449704647064209
vt 0.0833333283662796 0.449704647064209
vt 0.09999999403953552 0.449704647064209
vt 0.11666666716337204 0.449704647064209
vt 0.13333334028720856 0.449704647064209
vt 0.15000000596046448 0.449704647064209
vt 0.1666666567325592 0.449704647064209
vt 0.18333333730697632 0.449704647064209
vt 0.19999998807907104 0.449704647064209
vt 0.21666665375232697 0.449704647064209
vt 0.23333333432674408 0.449704647064209
vt 0.25 0.449704647064209
vt 0.2666666805744171 0.449704647064209
vt 0.28333333134651184 0.449704647064209
vt 0.30000001192092896 0.449704647064209
vt 0.3166666626930237 0.449704647064209
vt 0.3333333134651184 0.449704647064209
vt 0.3499999940395355 0.449704647064209
vt 0.36666667461395264 0.449704647064209
vt 0.38333332538604736 0.449704647064209
vt 0.3999999761581421 0.449704647064209
vt 0.4166666567325592 0.449704647064209
vt 0.43333330750465393 0.449704647064209
vt 0.44999998807907104 0.449704647064209
vt 0.46666666865348816 0.449704647064209
vt 0.4833333194255829 0.449704647064209
vt 0.5 0.449704647064209
vt 0.5166666507720947 0.449704647064209
vt 0.5333333611488342 0.449704647064209
vt 0.550000011920929 0.449704647064209
vt 0.5666666626930237 0.449704647064209
vt 0.5833333730697632 0.449704647064209
vt 0.6000000238418579 0.449704647064209
vt 0.6166666746139526 0.449704647064209
vt 0.6333333253860474 0.449704647064209
vt 0.6499999761581421 0.449704647064209
vt 0.6666666269302368 0.449704647064209
vt 0.6833333373069763 0.449704647064209
vt 0.699999988079071 0.449704647064209
vt 0.7166666388511658 0.449704647064209
vt 0.7333333492279053 0.449704647064209
vt 0.75 0.449704647064209
vt 0.7666666507720947 0.449704647064209
vt 0.7833333611488342 0.449704647064209
vt 0.7999999523162842 0.449704647064209
vt 0.8166666626930237 0.449704647064209
vt 0.8333333134651184 0.449704647064209
vt 0.8500000238418579 0.449704647064209
vt 0.8666666150093079 0.449704647064209
vt 0.8833333849906921 0.449704647064209
vt 0.8999999761581421 0.449704647064209
vt 0.9166666865348816 0.449704647064209
vt 0.9333333373069763 0.449704647064209
vt 0.9500000476837158 0.449704647064209
vt 0.9666666388511658 0.449704647064209
vt 0.9833333492279053 0.449704647064209
vt 1 0.449704647064209
vt 0 0.460935115814209
vt 0.01666666753590107 0.460935115814209
vt 0.03333333507180214 0.460935115814209
vt 0.04999999701976776 0.460935115814209
vt 0.06666667014360428 0.460935115814209
vt 0.0833333283662796 0.460935115814209
vt 0.09999999403953552 0.460935115814209
vt 0.11666666716337204 0.460935115814209
vt 0.13333334028720856 0.460935115814209
vt 0.15000000596046448 0.460935115814209
vt 0.1666666567325592 0.460935115814209
vt 0.18333333730697632 0.460935115814209
vt 0.19999998807907104 0.460935115814209
vt 0.21666665375232697 0.460935115814209
vt 0.23333333432674408 0.460935115814209
vt 0.25 0.460935115814209
vt 0.2666666805744171 0.460935115814209
vt 0.28333333134651184 0.460935115814209
vt 0.30000001192092896 0.460935115814209
vt 0.3166666626930237 0.460935115814209
vt 0.3333333134651184 0.460935115814209
vt 0.3499999940395355 0.460935115814209
vt 0.36666667461395264 0.460935115814209
vt 0.38333332538604736 0.460935115814209
vt 0.3999999761581421 0.460935115814209
vt 0.4166666567325592 0.460935115814209
vt 0.43333330750465393 0.460935115814209
vt 0.44999998807907104 0.460935115814209
vt 0.46666666865348816 0.460935115814209
vt 0.4833333194255829 0.460935115814209
vt 0.5 0.460935115814209
vt 0.5166666507720947 0.460935115814209
vt 0.5333333611488342 0.460935115814209
vt 0.550000011920929 0.460935115814209
vt 0.5666666626930237 0.460935115814209
vt 0.5833333730697632 0.460935115814209
vt 0.6000000238418579 0.460935115814209
vt 0.6166666746139526 0.460935115814209
vt 0.6333333253860474 0.460935115814209
vt 0.6499999761581421 0.460935115814209
vt 0.6666666269302368 0.460935115814209
vt 0.6833333373069763 0.460935115814209
vt 0.699999988079071 0.460935115814209
vt 0.7166666388511658 0.460935115814209
vt 0.7333333492279053 0.460935115814209
vt 0.75 0.460935115814209
vt 0.7666666507720947 0.460935115814209
vt 0.7833333611488342 0.460935115814209
vt 0.7999999523162842 0.460935115814209
vt 0.8166666626930237 0.460935115814209
vt 0.8333333134651184 0.460935115814209
vt 0.8500000238418579 0.460935115814209
vt 0.8666666150093079 0.460935115814209
vt 0.8833333849906921 0.460935115814209
vt 0.8999999761581421 0.460935115814209
vt 0.9166666865348816 0.460935115814209
vt 0.9333333373069763 0.460935115814209
vt 0.9500000476837158 0.460935115814209
vt 0.9666666388511658 0.460935115814209
vt 0.9833333492279053 0.460935115814209
vt 1 0.460935115814209
vt 0 0.47216564416885376
vt 0.01666666753590107 0.47216564416885376
vt 0.03333333507180214 0.47216564416885376
vt 0.04999999701976776 0.47216564416885376
vt 0.06666667014360428 0.47216564416885376
vt 0.0833333283662796 0.47216564416885376
vt 0.09999999403953552 0.47216564416885376
vt 0.11666666716337204 0.47216564416885376
vt 0.13333334028720856 0.47216564416885376
vt 0.15000000596046448 0.47216564416885376
vt 0.1666666567325592 0.47216564416885376
vt 0.18333333730697632 0.47216564416885376
vt 0.19999998807907104 0.47216564416885376
vt 0.21666665375232697 0.47216564416885376
vt 0.23333333432674408 0.47216564416885376
vt 0.25 0.47216564416885376
vt 0.2666666805744171 0.47216564416885376
vt 0.28333333134651184 0.47216564416885376
vt 0.30000001192092896 0.47216564416885376
vt 0.3166666626930237 0.47216564416885376
vt 0.3333333134651184 0.47216564416885376
vt 0.3499999940395355 0.47216564416885376
vt 0.36666667461395264 0.47216564416885376
vt 0.38333332538604736 0.47216564416885376
vt 0.3999999761581421 0.47216564416885376
vt 0.4166666567325592 0.47216564416885376
vt 0.43333330750465393 0.47216564416885376
vt 0.44999998807907104 0.47216564416885376
vt 0.46666666865348816 0.47216564416885376
vt 0.4833333194255829 0.47216564416885376
vt 0.5 0.47216564416885376
vt 0.5166666507720947 0.47216564416885376
vt 0.5333333611488342 0.47216564416885376
vt 0.550000011920929 0.47216564416885376
vt 0.5666666626930237 0.47216564416885376
vt 0.5833333730697632 0.47216564416885376
vt 0.6000000238418579 0.47216564416885376
vt 0.6166666746139526 0.47216564416885376
vt 0.6333333253860474 0.47216564416885376
vt 0.6499999761581421 0.47216564416885376
vt 0.6666666269302368 0.47216564416885376
vt 0.6833333373069763 0.47216564416885376
vt 0.699999988079071 0.47216564416885376
vt 0.7166666388511658 0.47216564416885376
vt 0.7333333492279053 0.47216564416885376
vt 0.75 0.47216564416885376
vt 0.7666666507720947 0.47216564416885376
vt 0.7833333611488342 0.47216564416885376
vt 0.7999999523162842 0.47216564416885376
vt 0.8166666626930237 0.47216564416885376
vt 0.8333333134651184 0.47216564416885376
vt 0.8500000238418579 0.47216564416885376
vt 0.8666666150093079 0.47216564416885376
vt 0.8833333849906921 0.47216564416885376
vt 0.8999999761581421 0.47216564416885376
vt 0.9166666865348816 0.47216564416885376
vt 0.9333333373069763 0.47216564416885376
vt 0.9500000476837158 0.47216564416885376
vt 0.9666666388511658 0.47216564416885376
vt 0.9833333492279053 0.47216564416885376
vt 1 0.47216564416885376
vt 0 0.48339617252349854
vt 0.01666666753590107 0.48339617252349854
vt 0.03333333507180214 0.48339617252349854
vt 0.04999999701976776 0.48339617252349854
vt 0.06666667014360428 0.48339617252349854
vt 0.0833333283662796 0.48339617252349854
vt 0.09999999403953552 0.48339617252349854
vt 0.11666666716337204 0.48339617252349854
vt 0.13333334028720856 0.48339617252349854
vt 0.15000000596046448 0.48339617252349854
vt 0.1666666567325592 0.48339617252349854
vt 0.18333333730697632 0.48339617252349854
vt 0.19999998807907104 0.48339617252349854
vt 0.21666665375232697 0.48339617252349854
vt 0.23333333432674408 0.48339617252349854
vt 0.25 0.48339617252349854
vt 0.2666666805744171 0.48339617252349854
vt 0.28333333134651184 0.48339617252349854
vt 0.30000001192092896 0.48339617252349854
vt 0.3166666626930237 0.48339617252349854
vt 0.3333333134651184 0.48339617252349854
vt 0.3499999940395355 0.48339617252349854
vt 0.36666667461395264 0.48339617252349854
vt 0.38333332538604736 0.48339617252349854
vt 0.3999999761581421 0.48339617252349854
vt 0.4166666567325592 0.48339617252349854
vt 0.43333330750465393 0.48339617252349854
vt 0.44999998807907104 0.48339617252349854
vt 0.46666666865348816 0.48339617252349854
vt 0.4833333194255829 0.48339617252349854
vt 0.5 0.48339617252349854
vt 0.5166666507720947 0.48339617252349854
vt 0.5333333611488342 0.48339617252349854
vt 0.550000011920929 0.48339617252349854
vt 0.5666666626930237 0.48339617252349854
vt 0.5833333730697632 0.48339617252349854
vt 0.6000000238418579 0.48339617252349854
vt 0.6166666746139526 0.48339617252349854
vt 0.6333333253860474 0.48339617252349854
vt 0.6499999761581421 0.48339617252349854
vt 0.6666666269302368 0.48339617252349854
vt 0.6833333373069763 0.48339617252349854
vt 0.699999988079071 0.48339617252349854
vt 0.7166666388511658 0.48339617252349854
vt 0.7333333492279053 0.48339617252349854
vt 0.75 0.48339617252349854
vt 0.7666666507720947 0.48339617252349854
vt 0.7833333611488342 0.48339617252349854
vt 0.7999999523162842 0.48339617252349854
vt 0.8166666626930237 0.48339617252349854
vt 0.8333333134651184 0.48339617252349854
vt 0.8500000238418579 0.48339617252349854
vt 0.8666666150093079 0.48339617252349854
vt 0.8833333849906921 0.48339617252349854
vt 0.8999999761581421 0.48339617252349854
vt 0.9166666865348816 0.48339617252349854
vt 0.9333333373069763 0.48339617252349854
vt 0.9500000476837158 0.48339617252349854
vt 0.9666666388511658 0.48339617252349854
vt 0.9833333492279053 0.48339617252349854
vt 1 0.48339617252349854
vt 0 0.49462664127349854
vt 0.01666666753590107 0.49462664127349854
vt 0.03333333507180214 0.49462664127349854
vt 0.04999999701976776 0.49462664127349854
vt 0.06666667014360428 0.49462664127349854
vt 0.0833333283662796 0.49462664127349854
vt 0.09999999403953552 0.49462664127349854
vt 0.11666666716337204 0.49462664127349854
vt 0.13333334028720856 0.49462664127349854
vt 0.15000000596046448 0.49462664127349854
vt 0.1666666567325592 0.49462664127349854
vt 0.18333333730697632 0.49462664127349854
vt 0.19999998807907104 0.49462664127349854
vt 0.21666665375232697 0.49462664127349854
vt 0.23333333432674408 0.49462664127349854
vt 0.25 0.49462664127349854
vt 0.2666666805744171 0.49462664127349854
vt 0.28333333134651184 0.49462664127349854
vt 0.30000001192092896 0.49462664127349854
vt 0.3166666626930237 0.49462664127349854
vt 0.3333333134651184 0.49462664127349854
vt 0.3499999940395355 0.49462664127349854
vt 0.36666667461395264 0.49462664127349854
vt 0.38333332538604736 0.49462664127349854
vt 0.3999999761581421 0.49462664127349854
vt 0.4166666567325592 0.49462664127349854
vt 0.43333330750465393 0.49462664127349854
vt 0.44999998807907104 0.49462664127349854
vt 0.46666666865348816 0.49462664127349854
vt 0.4833333194255829 0.49462664127349854
vt 0.5 0.49462664127349854
vt 0.5166666507720947 0.49462664127349854
vt 0.5333333611488342 0.49462664127349854
vt 0.550000011920929 0.49462664127349854
vt 0.5666666626930237 0.49462664127349854
vt 0.5833333730697632 0.49462664127349854
vt 0.6000000238418579 0.49462664127349854
vt 0.6166666746139526 0.49462664127349854
vt 0.6333333253860474 0.49462664127349854
vt 0.6499999761581421 0.49462664127349854
vt 0.6666666269302368 0.49462664127349854
vt 0.6833333373069763 0.49462664127349854
vt 0.699999988079071 0.49462664127349854
vt 0.7166666388511658 0.49462664127349854
vt 0.7333333492279053 0.49462664127349854
vt 0.75 0.49462664127349854
vt 0.7666666507720947 0.49462664127349854
vt 0.7833333611488342 0.49462664127349854
vt 0.7999999523162842 0.49462664127349854
vt 0.8166666626930237 0.49462664127349854
vt 0.8333333134651184 0.49462664127349854
vt 0.8500000238418579 0.49462664127349854
vt 0.8666666150093079 0.49462664127349854
vt 0.8833333849906921 0.49462664127349854
vt 0.8999999761581421 0.49462664127349854
vt 0.9166666865348816 0.49462664127349854
vt 0.9333333373069763 0.49462664127349854
vt 0.9500000476837158 0.49462664127349854
vt 0.9666666388511658 0.49462664127349854
vt 0.9833333492279053 0.49462664127349854
vt 1 0.49462664127349854
vt 0 0.5058571696281433
vt 0.01666666753590107 0.5058571696281433
vt 0.03333333507180214 0.5058571696281433
vt 0.04999999701976776 0.5058571696281433
vt 0.06666667014360428 0.5058571696281433
vt 0.0833333283662796 0.5058571696281433
vt 0.09999999403953552 0.5058571696281433
vt 0.11666666716337204 0.5058571696281433
vt 0.13333334028720856 0.5058571696281433
vt 0.15000000596046448 0.5058571696281433
vt 0.1666666567325592 0.5058571696281433
vt 0.18333333730697632 0.5058571696281433
vt 0.19999998807907104 0.5058571696281433
vt 0.21666665375232697 0.5058571696281433
vt 0.23333333432674408 0.5058571696281433
vt 0.25 0.5058571696281433
vt 0.2666666805744171 0.5058571696281433
vt 0.28333333134651184 0.5058571696281433
vt 0.30000001192092896 0.5058571696281433
vt 0.3166666626930237 0.5058571696281433
vt 0.3333333134651184 0.5058571696281433
vt 0.3499999940395355 0.5058571696281433
vt 0.36666667461395264 0.5058571696281433
vt 0.38333332538604736 0.5058571696281433
vt 0.3999999761581421 0.5058571696281433
vt 0.4166666567325592 0.5058571696281433
vt 0.43333330750465393 0.5058571696281433
vt 0.44999998807907104 0.5058571696281433
vt 0.46666666865348816 0.5058571696281433
vt 0.4833333194255829 0.5058571696281433
vt 0.5 0.5058571696281433
vt 0.5166666507720947 0.5058571696281433
vt 0.5333333611488342 0.5058571696281433
vt 0.550000011920929 0.5058571696281433
vt 0.5666666626930237 0.5058571696281433
vt 0.5833333730697632 0.5058571696281433
vt 0.6000000238418579 0.5058571696281433
vt 0.6166666746139526 0.5058571696281433
vt 0.6333333253860474 0.5058571696281433
vt 0.6499999761581421 0.5058571696281433
vt 0.6666666269302368 0.5058571696281433
vt 0.6833333373069763 0.5058571696281433
vt 0.699999988079071 0.5058571696281433
vt 0.7166666388511658 0.5058571696281433
vt 0.7333333492279053 0.5058571696281433
vt 0.75 0.5058571696281433
vt 0.7666666507720947 0.5058571696281433
vt 0.7833333611488342 0.5058571696281433
vt 0.7999999523162842 0.5058571696281433
vt 0.8166666626930237 0.5058571696281433
vt 0.8333333134651184 0.5058571696281433
vt 0.8500000238418579 0.5058571696281433
vt 0.8666666150093079 0.5058571696281433
vt 0.8833333849906921 0.5058571696281433
vt 0.8999999761581421 0.5058571696281433
vt 0.9166666865348816 0.5058571696281433
vt 0.9333333373069763 0.5058571696281433
vt 0.9500000476837158 0.5058571696281433
vt 0.9666666388511658 0.5058571696281433
vt 0.9833333492279053 0.5058571696281433
vt 1 0.5058571696281433
vt 0 0.5170876979827881
vt 0.01666666753590107 0.5170876979827881
vt 0.03333333507180214 0.5170876979827881
vt 0.04999999701976776 0.5170876979827881
vt 0.06666667014360428 0.5170876979827881
vt 0.0833333283662796 0.5170876979827881
vt 0.09999999403953552 0.5170876979827881
vt 0.11666666716337204 0.5170876979827881
vt 0.13333334028720856 0.5170876979827881
vt 0.15000000596046448 0.5170876979827881
vt 0.1666666567325592 0.5170876979827881
vt 0.18333333730697632 0.5170876979827881
vt 0.19999998807907104 0.5170876979827881
vt 0.21666665375232697 0.5170876979827881
vt 0.23333333432674408 0.5170876979827881
vt 0.25 0.5170876979827881
vt 0.2666666805744171 0.5170876979827881
vt 0.28333333134651184 0.5170876979827881
vt 0.30000001192092896 0.5170876979827881
vt 0.3166666626930237 0.5170876979827881
vt 0.3333333134651184 0.5170876979827881
vt 0.3499999940395355 0.5170876979827881
vt 0.36666667461395264 0.5170876979827881
vt 0.38333332538604736 0.5170876979827881
vt 0.3999999761581421 0.5170876979827881
vt 0.4166666567325592 0.5170876979827881
vt 0.43333330750465393 0.5170876979827881
vt 0.44999998807907104 0.5170876979827881
vt 0.46666666865348816 0.5170876979827881
vt 0.4833333194255829 0.5170876979827881
vt 0.5 0.5170876979827881
vt 0.5166666507720947 0.5170876979827881
vt 0.5333333611488342 0.5170876979827881
vt 0.550000011920929 0.5170876979827881
vt 0.5666666626930237 0.5170876979827881
vt 0.5833333730697632 0.5170876979827881
vt 0.6000000238418579 0.5170876979827881
vt 0.6166666746139526 0.5170876979827881
vt 0.6333333253860474 0.5170876979827881
vt 0.6499999761581421 0.5170876979827881
vt 0.6666666269302368 0.5170876979827881
vt 0.6833333373069763 0.5170876979827881
vt 0.699999988079071 0.5170876979827881
vt 0.7166666388511658 0.5170876979827881
vt 0.7333333492279053 0.5170876979827881
vt 0.75 0.5170876979827881
vt 0.7666666507720947 0.5170876979827881
vt 0.7833333611488342 0.5170876979827881
vt 0.7999999523162842 0.5170876979827881
vt 0.8166666626930237 0.5170876979827881
vt 0.8333333134651184 0.5170876979827881
vt 0.8500000238418579 0.5170876979827881
vt 0.8666666150093079 0.5170876979827881
vt 0.8833333849906921 0.5170876979827881
vt 0.8999999761581421 0.5170876979827881
vt 0.9166666865348816 0.5170876979827881
vt 0.9333333373069763 0.5170876979827881
vt 0.9500000476837158 0.5170876979827881
vt 0.9666666388511658 0.5170876979827881
vt 0.9833333492279053 0.5170876979827881
vt 1 0.5170876979827881
vt 0 0.5283182263374329
vt 0.01666666753590107 0.5283182263374329
vt 0.03333333507180214 0.5283182263374329
vt 0.04999999701976776 0.5283182263374329
vt 0.06666667014360428 0.5283182263374329
vt 0.0833333283662796 0.5283182263374329
vt 0.09999999403953552 0.5283182263374329
vt 0.11666666716337204 0.5283182263374329
vt 0.13333334028720856 0.5283182263374329
vt 0.15000000596046448 0.5283182263374329
vt 0.1666666567325592 0.5283182263374329
vt 0.18333333730697632 0.5283182263374329
vt 0.19999998807907104 0.5283182263374329
vt 0.21666665375232697 0.5283182263374329
vt 0.23333333432674408 0.5283182263374329
vt 0.25 0.5283182263374329
vt 0.2666666805744171 0.5283182263374329
vt 0.28333333134651184 0.5283182263374329
vt 0.30000001192092896 0.5283182263374329
vt 0.3166666626930237 0.5283182263374329
vt 0.3333333134651184 0.5283182263374329
vt 0.3499999940395355 0.5283182263374329
vt 0.36666667461395264 0.5283182263374329
vt 0.38333332538604736 0.5283182263374329
vt 0.3999999761581421 0.5283182263374329
vt 0.4166666567325592 0.5283182263374329
vt 0.43333330750465393 0.5283182263374329
vt 0.44999998807907104 0.5283182263374329
vt 0.46666666865348816 0.5283182263374329
vt 0.4833333194255829 0.5283182263374329
vt 0.5 0.5283182263374329
vt 0.5166666507720947 0.5283182263374329
vt 0.5333333611488342 0.5283182263374329
vt 0.550000011920929 0.5283182263374329
vt 0.5666666626930237 0.5283182263374329
vt 0.5833333730697632 0.5283182263374329
vt 0.6000000238418579 0.5283182263374329
vt 0.6166666746139526 0.5283182263374329
vt 0.6333333253860474 0.5283182263374329
vt 0.6499999761581421 0.5283182263374329
vt 0.6666666269302368 0.5283182263374329
vt 0.6833333373069763 0.5283182263374329
vt 0.699999988079071 0.5283182263374329
vt 0.7166666388511658 0.5283182263374329
vt 0.7333333492279053 0.5283182263374329
vt 0.75 0.5283182263374329
vt 0.7666666507720947 0.5283182263374329
vt 0.7833333611488342 0.5283182263374329
vt 0.7999999523162842 0.5283182263374329
vt 0.8166666626930237 0.5283182263374329
vt 0.8333333134651184 0.5283182263374329
vt 0.8500000238418579 0.5283182263374329
vt 0.8666666150093079 0.5283182263374329
vt 0.8833333849906921 0.5283182263374329
vt 0.8999999761581421 0.5283182263374329
vt 0.9166666865348816 0.5283182263374329
vt 0.9333333373069763 0.5283182263374329
vt 0.9500000476837158 0.5283182263374329
vt 0.9666666388511658 0.5283182263374329
vt 0.9833333492279053 0.5283182263374329
vt 1 0.5283182263374329
vt 0 0.5395487546920776
vt 0.01666666753590107 0.5395487546920776
vt 0.03333333507180214 0.5395487546920776
vt 0.04999999701976776 0.5395487546920776
vt 0.06666667014360428 0.5395487546920776
vt 0.0833333283662796 0.5395487546920776
vt 0.09999999403953552 0.5395487546920776
vt 0.11666666716337204 0.5395487546920776
vt 0.13333334028720856 0.5395487546920776
vt 0.15000000596046448 0.5395487546920776
vt 0.1666666567325592 0.5395487546920776
vt 0.18333333730697632 0.5395487546920776
vt 0.19999998807907104 0.5395487546920776
vt 0.21666665375232697 0.5395487546920776
vt 0.23333333432674408 0.5395487546920776
vt 0.25 0.5395487546920776
vt 0.2666666805744171 0.5395487546920776
vt 0.28333333134651184 0.5395487546920776
vt 0.30000001192092896 0.5395487546920776
vt 0.3166666626930237 0.5395487546920776
vt 0.3333333134651184 0.5395487546920776
vt 0.3499999940395355 0.5395487546920776
vt 0.36666667461395264 0.5395487546920776
vt 0.38333332538604736 0.5395487546920776
vt 0.3999999761581421 0.5395487546920776
vt 0.4166666567325592 0.5395487546920776
vt 0.43333330750465393 0.5395487546920776
vt 0.44999998807907104 0.5395487546920776
vt 0.46666666865348816 0.5395487546920776
vt 0.4833333194255829 0.5395487546920776
vt 0.5 0.5395487546920776
vt 0.5166666507720947 0.5395487546920776
vt 0.5333333611488342 0.5395487546920776
vt 0.550000011920929 0.5395487546920776
vt 0.5666666626930237 0.5395487546920776
vt 0.5833333730697632 0.5395487546920776
vt 0.6000000238418579 0.5395487546920776
vt 0.6166666746139526 0.5395487546920776
vt 0.6333333253860474 0.5395487546920776
vt 0.6499999761581421 0.5395487546920776
vt 0.6666666269302368 0.5395487546920776
vt 0.6833333373069763 0.5395487546920776
vt 0.699999988079071 0.5395487546920776
vt 0.7166666388511658 0.5395487546920776
vt 0.7333333492279053 0.5395487546920776
vt 0.75 0.5395487546920776
vt 0.7666666507720947 0.5395487546920776
vt 0.7833333611488342 0.5395487546920776
vt 0.7999999523162842 0.5395487546920776
vt 0.8166666626930237 0.5395487546920776
vt 0.8333333134651184 0.5395487546920776
vt 0.8500000238418579 0.5395487546920776
vt 0.8666666150093079 0.5395487546920776
vt 0.8833333849906921 0.5395487546920776
vt 0.8999999761581421 0.5395487546920776
vt 0.9166666865348816 0.5395487546920776
vt 0.9333333373069763 0.5395487546920776
vt 0.9500000476837158 0.5395487546920776
vt 0.9666666388511658 0.5395487546920776
vt 0.9833333492279053 0.5395487546920776
vt 1 0.5395487546920776
vt 0 0.5507792830467224
vt 0.01666666753590107 0.5507792830467224
vt 0.03333333507180214 0.5507792830467224
vt 0.04999999701976776 0.5507792830467224
vt 0.06666667014360428 0.5507792830467224
vt 0.0833333283662796 0.5507792830467224
vt 0.09999999403953552 0.5507792830467224
vt 0.11666666716337204 0.5507792830467224
vt 0.13333334028720856 0.5507792830467224
vt 0.15000000596046448 0.5507792830467224
vt 0.1666666567325592 0.5507792830467224
vt 0.18333333730697632 0.5507792830467224
vt 0.19999998807907104 0.5507792830467224
vt 0.21666665375232697 0.5507792830467224
vt 0.23333333432674408 0.5507792830467224
vt 0.25 0.5507792830467224
vt 0.2666666805744171 0.5507792830467224
vt 0.28333333134651184 0.5507792830467224
vt 0.30000001192092896 0.5507792830467224
vt 0.3166666626930237 0.5507792830467224
vt 0.3333333134651184 0.5507792830467224
vt 0.3499999940395355 0.5507792830467224
vt 0.36666667461395264 0.5507792830467224
vt 0.38333332538604736 0.5507792830467224
vt 0.3999999761581421 0.5507792830467224
vt 0.4166666567325592 0.5507792830467224
vt 0.43333330750465393 0.5507792830467224
vt 0.44999998807907104 0.5507792830467224
vt 0.46666666865348816 0.5507792830467224
vt 0.4833333194255829 0.5507792830467224
vt 0.5 0.5507792830467224
vt 0.5166666507720947 0.5507792830467224
vt 0.5333333611488342 0.5507792830467224
vt 0.550000011920929 0.5507792830467224
vt 0.5666666626930237 0.5507792830467224
vt 0.5833333730697632 0.5507792830467224
vt 0.6000000238418579 0.5507792830467224
vt 0.6166666746139526 0.5507792830467224
vt 0.6333333253860474 0.5507792830467224
vt 0.6499999761581421 0.5507792830467224
vt 0.6666666269302368 0.5507792830467224
vt 0.6833333373069763 0.5507792830467224
vt 0.699999988079071 0.5507792830467224
vt 0.7166666388511658 0.5507792830467224
vt 0.7333333492279053 0.5507792830467224
vt 0.75 0.5507792830467224
vt 0.7666666507720947 0.5507792830467224
vt 0.7833333611488342 0.5507792830467224
vt 0.7999999523162842 0.5507792830467224
vt 0.8166666626930237 0.5507792830467224
vt 0.8333333134651184 0.5507792830467224
vt 0.8500000238418579 0.5507792830467224
vt 0.8666666150093079 0.5507792830467224
vt 0.8833333849906921 0.5507792830467224
vt 0.8999999761581421 0.5507792830467224
vt 0.9166666865348816 0.5507792830467224
vt 0.9333333373069763 0.5507792830467224
vt 0.9500000476837158 0.5507792830467224
vt 0.9666666388511658 0.5507792830467224
vt 0.9833333492279053 0.5507792830467224
vt 1 0.5507792830467224
vt 0 0.5620097517967224
vt 0.01666666753590107 0.5620097517967224
vt 0.03333333507180214 0.5620097517967224
vt 0.04999999701976776 0.5620097517967224
vt 0.06666667014360428 0.5620097517967224
vt 0.0833333283662796 0.5620097517967224
vt 0.09999999403953552 0.5620097517967224
vt 0.11666666716337204 0.5620097517967224
vt 0.13333334028720856 0.5620097517967224
vt 0.15000000596046448 0.5620097517967224
vt 0.1666666567325592 0.5620097517967224
vt 0.18333333730697632 0.5620097517967224
vt 0.19999998807907104 0.5620097517967224
vt 0.21666665375232697 0.5620097517967224
vt 0.23333333432674408 0.5620097517967224
vt 0.25 0.5620097517967224
vt 0.2666666805744171 0.5620097517967224
vt 0.28333333134651184 0.5620097517967224
vt 0.30000001192092896 0.5620097517967224
vt 0.3166666626930237 0.5620097517967224
vt 0.3333333134651184 0.5620097517967224
vt 0.3499999940395355 0.5620097517967224
vt 0.36666667461395264 0.5620097517967224
vt 0.38333332538604736 0.5620097517967224
vt 0.3999999761581421 0.5620097517967224
vt 0.4166666567325592 0.5620097517967224
vt 0.43333330750465393 0.5620097517967224
vt 0.44999998807907104 0.5620097517967224
vt 0.46666666865348816 0.5620097517967224
vt 0.4833333194255829 0.5620097517967224
vt 0.5 0.5620097517967224
vt 0.5166666507720947 0.5620097517967224
vt 0.5333333611488342 0.5620097517967224
vt 0.550000011920929 0.5620097517967224
vt 0.5666666626930237 0.5620097517967224
vt 0.5833333730697632 0.5620097517967224
vt 0.6000000238418579 0.5620097517967224
vt 0.6166666746139526 0.5620097517967224
vt 0.6333333253860474 0.5620097517967224
vt 0.6499999761581421 0.5620097517967224
vt 0.6666666269302368 0.5620097517967224
vt 0.6833333373069763 0.5620097517967224
vt 0.699999988079071 0.5620097517967224
vt 0.7166666388511658 0.5620097517967224
vt 0.7333333492279053 0.5620097517967224
vt 0.75 0.5620097517967224
vt 0.7666666507720947 0.5620097517967224
vt 0.7833333611488342 0.5620097517967224
vt 0.7999999523162842 0.5620097517967224
vt 0.8166666626930237 0.5620097517967224
vt 0.8333333134651184 0.5620097517967224
vt 0.8500000238418579 0.5620097517967224
vt 0.8666666150093079 0.5620097517967224
vt 0.8833333849906921 0.5620097517967224
vt 0.8999999761581421 0.5620097517967224
vt 0.9166666865348816 0.5620097517967224
vt 0.9333333373069763 0.5620097517967224
vt 0.9500000476837158 0.5620097517967224
vt 0.9666666388511658 0.5620097517967224
vt 0.9833333492279053 0.5620097517967224
vt 1 0.5620097517967224
vt 0 0.5732402801513672
vt 0.01666666753590107 0.5732402801513672
vt 0.03333333507180214 0.5732402801513672
vt 0.04999999701976776 0.5732402801513672
vt 0.06666667014360428 0.5732402801513672
vt 0.0833333283662796 0.5732402801513672
vt 0.09999999403953552 0.5732402801513672
vt 0.11666666716337204 0.5732402801513672
vt 0.13333334028720856 0.5732402801513672
vt 0.15000000596046448 0.5732402801513672
vt 0.1666666567325592 0.5732402801513672
vt 0.18333333730697632 0.5732402801513672
vt 0.19999998807907104 0.5732402801513672
vt 0.21666665375232697 0.5732402801513672
vt 0.23333333432674408 0.5732402801513672
vt 0.25 0.5732402801513672
vt 0.2666666805744171 0.5732402801513672
vt 0.28333333134651184 0.5732402801513672
vt 0.30000001192092896 0.5732402801513672
vt 0.3166666626930237 0.5732402801513672
vt 0.3333333134651184 0.5732402801513672
vt 0.3499999940395355 0.5732402801513672
vt 0.36666667461395264 0.5732402801513672
vt 0.38333332538604736 0.5732402801513672
vt 0.3999999761581421 0.5732402801513672
vt 0.4166666567325592 0.5732402801513672
vt 0.43333330750465393 0.5732402801513672
vt 0.44999998807907104 0.5732402801513672
vt 0.46666666865348816 0.5732402801513672
vt 0.4833333194255829 0.5732402801513672
vt 0.5 0.5732402801513672
vt 0.5166666507720947 0.5732402801513672
vt 0.5333333611488342 0.5732402801513672
vt 0.550000011920929 0.5732402801513672
vt 0.5666666626930237 0.5732402801513672
vt 0.5833333730697632 0.5732402801513672
vt 0.6000000238418579 0.5732402801513672
vt 0.6166666746139526 0.5732402801513672
vt 0.6333333253860474 0.5732402801513672
vt 0.6499999761581421 0.5732402801513672
vt 0.6666666269302368 0.5732402801513672
vt 0.6833333373069763 0.5732402801513672
vt 0.699999988079071 0.5732402801513672
vt 0.7166666388511658 0.5732402801513672
vt 0.7333333492279053 0.5732402801513672
vt 0.75 0.5732402801513672
vt 0.7666666507720947 0.5732402801513672
vt 0.7833333611488342 0.5732402801513672
vt 0.7999999523162842 0.5732402801513672
vt 0.8166666626930237 0.5732402801513672
vt 0.8333333134651184 0.5732402801513672
vt 0.8500000238418579 0.5732402801513672
vt 0.8666666150093079 0.5732402801513672
vt 0.8833333849906921 0.5732402801513672
vt 0.8999999761581421 0.5732402801513672
vt 0.9166666865348816 0.5732402801513672
vt 0.9333333373069763 0.5732402801513672
vt 0.9500000476837158 0.5732402801513672
vt 0.9666666388511658 0.5732402801513672
vt 0.9833333492279053 0.5732402801513672
vt 1 0.5732402801513672
vt 0 0.584470808506012
vt 0.01666666753590107 0.584470808506012
vt 0.03333333507180214 0.584470808506012
vt 0.04999999701976776 0.584470808506012
vt 0.06666667014360428 0.584470808506012
vt 0.0833333283662796 0.584470808506012
vt 0.09999999403953552 0.584470808506012
vt 0.11666666716337204 0.584470808506012
vt 0.13333334028720856 0.584470808506012
vt 0.15000000596046448 0.584470808506012
vt 0.1666666567325592 0.584470808506012
vt 0.18333333730697632 0.584470808506012
vt 0.19999998807907104 0.584470808506012
vt 0.21666665375232697 0.584470808506012
vt 0.23333333432674408 0.584470808506012
vt 0.25 0.584470808506012
vt 0.2666666805744171 0.584470808506012
vt 0.28333333134651184 0.584470808506012
vt 0.30000001192092896 0.584470808506012
vt 0.3166666626930237 0.584470808506012
vt 0.3333333134651184 0.584470808506012
vt 0.3499999940395355 0.584470808506012
vt 0.36666667461395264 0.584470808506012
vt 0.38333332538604736 0.584470808506012
vt 0.3999999761581421 0.584470808506012
vt 0.4166666567325592 0.584470808506012
vt 0.43333330750465393 0.584470808506012
vt 0.44999998807907104 0.584470808506012
vt 0.46666666865348816 0.584470808506012
vt 0.4833333194255829 0.584470808506012
vt 0.5 0.584470808506012
vt 0.5166666507720947 0.584470808506012
vt 0.5333333611488342 0.584470808506012
vt 0.550000011920929 0.584470808506012
vt 0.5666666626930237 0.584470808506012
vt 0.5833333730697632 0.584470808506012
vt 0.6000000238418579 0.584470808506012
vt 0.6166666746139526 0.584470808506012
vt 0.6333333253860474 0.584470808506012
vt 0.6499999761581421 0.584470808506012
vt 0.6666666269302368 0.584470808506012
vt 0.6833333373069763 0.584470808506012
vt 0.699999988079071 0.584470808506012
vt 0.7166666388511658 0.584470808506012
vt 0.7333333492279053 0.584470808506012
vt 0.75 0.584470808506012
vt 0.7666666507720947 0.584470808506012
vt 0.7833333611488342 0.584470808506012
vt 0.7999999523162842 0.584470808506012
vt 0.8166666626930237 0.584470808506012
vt 0.8333333134651184 0.584470808506012
vt 0.8500000238418579 0.584470808506012
vt 0.8666666150093079 0.584470808506012
vt 0.8833333849906921 0.584470808506012
vt 0.8999999761581421 0.584470808506012
vt 0.9166666865348816 0.584470808506012
vt 0.9333333373069763 0.584470808506012
vt 0.9500000476837158 0.584470808506012
vt 0.9666666388511658 0.584470808506012
vt 0.9833333492279053 0.584470808506012
vt 1 0.584470808506012
vt 0 0.5957013368606567
vt 0.01666666753590107 0.5957013368606567
vt 0.03333333507180214 0.5957013368606567
vt 0.04999999701976776 0.5957013368606567
vt 0.06666667014360428 0.5957013368606567
vt 0.0833333283662796 0.5957013368606567
vt 0.09999999403953552 0.5957013368606567
vt 0.11666666716337204 0.5957013368606567
vt 0.13333334028720856 0.5957013368606567
vt 0.15000000596046448 0.5957013368606567
vt 0.1666666567325592 0.5957013368606567
vt 0.18333333730697632 0.5957013368606567
vt 0.19999998807907104 0.5957013368606567
vt 0.21666665375232697 0.5957013368606567
vt 0.23333333432674408 0.5957013368606567
vt 0.25 0.5957013368606567
vt 0.2666666805744171 0.5957013368606567
vt 0.28333333134651184 0.5957013368606567
vt 0.30000001192092896 0.5957013368606567
vt 0.3166666626930237 0.5957013368606567
vt 0.3333333134651184 0.5957013368606567
vt 0.3499999940395355 0.5957013368606567
vt 0.36666667461395264 0.5957013368606567
vt 0.38333332538604736 0.5957013368606567
vt 0.3999999761581421 0.5957013368606567
vt 0.4166666567325592 0.5957013368606567
vt 0.43333330750465393 0.5957013368606567
vt 0.44999998807907104 0.5957013368606567
vt 0.46666666865348816 0.5957013368606567
vt 0.4833333194255829 0.5957013368606567
vt 0.5 0.5957013368606567
vt 0.5166666507720947 0.5957013368606567
vt 0.5333333611488342 0.5957013368606567
vt 0.550000011920929 0.5957013368606567
vt 0.5666666626930237 0.5957013368606567
vt 0.5833333730697632 0.5957013368606567
vt 0.6000000238418579 0.5957013368606567
vt 0.6166666746139526 0.5957013368606567
vt 0.6333333253860474 0.5957013368606567
vt 0.6499999761581421 0.5957013368606567
vt 0.6666666269302368 0.5957013368606567
vt 0.6833333373069763 0.5957013368606567
vt 0.699999988079071 0.5957013368606567
vt 0.7166666388511658 0.5957013368606567
vt 0.7333333492279053 0.5957013368606567
vt 0.75 0.5957013368606567
vt 0.7666666507720947 0.5957013368606567
vt 0.7833333611488342 0.5957013368606567
vt 0.7999999523162842 0.5957013368606567
vt 0.8166666626930237 0.5957013368606567
vt 0.8333333134651184 0.5957013368606567
vt 0.8500000238418579 0.5957013368606567
vt 0.8666666150093079 0.5957013368606567
vt 0.8833333849906921 0.5957013368606567
vt 0.8999999761581421 0.5957013368606567
vt 0.9166666865348816 0.5957013368606567
vt 0.9333333373069763 0.5957013368606567
vt 0.9500000476837158 0.5957013368606567
vt 0.9666666388511658 0.5957013368606567
vt 0.9833333492279053 0.5957013368606567
vt 1 0.5957013368606567
vt 0 0.6069318652153015
vt 0.01666666753590107 0.6069318652153015
vt 0.03333333507180214 0.6069318652153015
vt 0.04999999701976776 0.6069318652153015
vt 0.06666667014360428 0.6069318652153015
vt 0.0833333283662796 0.6069318652153015
vt 0.09999999403953552 0.6069318652153015
vt 0.11666666716337204 0.6069318652153015
vt 0.13333334028720856 0.6069318652153015
vt 0.15000000596046448 0.6069318652153015
vt 0.1666666567325592 0.6069318652153015
vt 0.18333333730697632 0.6069318652153015
vt 0.19999998807907104 0.6069318652153015
vt 0.21666665375232697 0.6069318652153015
vt 0.23333333432674408 0.6069318652153015
vt 0.25 0.6069318652153015
vt 0.2666666805744171 0.6069318652153015
vt 0.28333333134651184 0.6069318652153015
vt 0.30000001192092896 0.6069318652153015
vt 0.3166666626930237 0.6069318652153015
vt 0.3333333134651184 0.6069318652153015
vt 0.3499999940395355 0.6069318652153015
vt 0.36666667461395264 0.6069318652153015
vt 0.38333332538604736 0.6069318652153015
vt 0.3999999761581421 0.6069318652153015
vt 0.4166666567325592 0.6069318652153015
vt 0.43333330750465393 0.6069318652153015
vt 0.44999998807907104 0.6069318652153015
vt 0.46666666865348816 0.6069318652153015
vt 0.4833333194255829 0.6069318652153015
vt 0.5 0.6069318652153015
vt 0.5166666507720947 0.6069318652153015
vt 0.5333333611488342 0.6069318652153015
vt 0.550000011920929 0.6069318652153015
vt 0.5666666626930237 0.6069318652153015
vt 0.5833333730697632 0.6069318652153015
vt 0.6000000238418579 0.6069318652153015
vt 0.6166666746139526 0.6069318652153015
vt 0.6333333253860474 0.6069318652153015
vt 0.6499999761581421 0.6069318652153015
vt 0.6666666269302368 0.6069318652153015
vt 0.6833333373069763 0.6069318652153015
vt 0.699999988079071 0.6069318652153015
vt 0.7166666388511658 0.6069318652153015
vt 0.7333333492279053 0.6069318652153015
vt 0.75 0.6069318652153015
vt 0.7666666507720947 0.6069318652153015
vt 0.7833333611488342 0.6069318652153015
vt 0.7999999523162842 0.6069318652153015
vt 0.8166666626930237 0.6069318652153015
vt 0.8333333134651184 0.6069318652153015
vt 0.8500000238418579 0.6069318652153015
vt 0.8666666150093079 0.6069318652153015
vt 0.8833333849906921 0.6069318652153015
vt 0.8999999761581421 0.6069318652153015
vt 0.9166666865348816 0.6069318652153015
vt 0.9333333373069763 0.6069318652153015
vt 0.9500000476837158 0.6069318652153015
vt 0.9666666388511658 0.6069318652153015
vt 0.9833333492279053 0.6069318652153015
vt 1 0.6069318652153015
vt 0 0.6181623935699463
vt 0.01666666753590107 0.6181623935699463
vt 0.03333333507180214 0.6181623935699463
vt 0.04999999701976776 0.6181623935699463
vt 0.06666667014360428 0.6181623935699463
vt 0.0833333283662796 0.6181623935699463
vt 0.09999999403953552 0.6181623935699463
vt 0.11666666716337204 0.6181623935699463
vt 0.13333334028720856 0.6181623935699463
vt 0.15000000596046448 0.6181623935699463
vt 0.1666666567325592 0.6181623935699463
vt 0.18333333730697632 0.6181623935699463
vt 0.19999998807907104 0.6181623935699463
vt 0.21666665375232697 0.6181623935699463
vt 0.23333333432674408 0.6181623935699463
vt 0.25 0.6181623935699463
vt 0.2666666805744171 0.6181623935699463
vt 0.28333333134651184 0.6181623935699463
vt 0.30000001192092896 0.6181623935699463
vt 0.3166666626930237 0.6181623935699463
vt 0.3333333134651184 0.6181623935699463
vt 0.3499999940395355 0.6181623935699463
vt 0.36666667461395264 0.6181623935699463
vt 0.38333332538604736 0.6181623935699463
vt 0.3999999761581421 0.6181623935699463
vt 0.4166666567325592 0.6181623935699463
vt 0.43333330750465393 0.6181623935699463
vt 0.44999998807907104 0.6181623935699463
vt 0.46666666865348816 0.6181623935699463
vt 0.4833333194255829 0.6181623935699463
vt 0.5 0.6181623935699463
vt 0.5166666507720947 0.6181623935699463
vt 0.5333333611488342 0.6181623935699463
vt 0.550000011920929 0.6181623935699463
vt 0.5666666626930237 0.6181623935699463
vt 0.5833333730697632 0.6181623935699463
vt 0.6000000238418579 0.6181623935699463
vt 0.6166666746139526 0.6181623935699463
vt 0.6333333253860474 0.6181623935699463
vt 0.6499999761581421 0.6181623935699463
vt 0.6666666269302368 0.6181623935699463
vt 0.6833333373069763 0.6181623935699463
vt 0.699999988079071 0.6181623935699463
vt 0.7166666388511658 0.6181623935699463
vt 0.7333333492279053 0.6181623935699463
vt 0.75 0.6181623935699463
vt 0.7666666507720947 0.6181623935699463
vt 0.7833333611488342 0.6181623935699463
vt 0.7999999523162842 0.6181623935699463
vt 0.8166666626930237 0.6181623935699463
vt 0.8333333134651184 0.6181623935699463
vt 0.8500000238418579 0.6181623935699463
vt 0.8666666150093079 0.6181623935699463
vt 0.8833333849906921 0.6181623935699463
vt 0.8999999761581421 0.6181623935699463
vt 0.9166666865348816 0.6181623935699463
vt 0.9333333373069763 0.6181623935699463
vt 0.9500000476837158 0.6181623935699463
vt 0.9666666388511658 0.6181623935699463
vt 0.9833333492279053 0.6181623935699463
vt 1 0.6181623935699463
vt 0 0.6293929219245911
vt 0.01666666753590107 0.6293929219245911
vt 0.03333333507180214 0.6293929219245911
vt 0.04999999701976776 0.6293929219245911
vt 0.06666667014360428 0.6293929219245911
vt 0.0833333283662796 0.6293929219245911
vt 0.09999999403953552 0.6293929219245911
vt 0.11666666716337204 0.6293929219245911
vt 0.13333334028720856 0.6293929219245911
vt 0.15000000596046448 0.6293929219245911
vt 0.1666666567325592 0.6293929219245911
vt 0.18333333730697632 0.6293929219245911
vt 0.19999998807907104 0.6293929219245911
vt 0.21666665375232697 0.6293929219245911
vt 0.23333333432674408 0.6293929219245911
vt 0.25 0.6293929219245911
vt 0.2666666805744171 0.6293929219245911
vt 0.28333333134651184 0.6293929219245911
vt 0.30000001192092896 0.6293929219245911
vt 0.3166666626930237 0.6293929219245911
vt 0.3333333134651184 0.6293929219245911
vt 0.3499999940395355 0.6293929219245911
vt 0.36666667461395264 0.6293929219245911
vt 0.38333332538604736 0.6293929219245911
vt 0.3999999761581421 0.6293929219245911
vt 0.4166666567325592 0.6293929219245911
vt 0.43333330750465393 0.6293929219245911
vt 0.44999998807907104 0.6293929219245911
vt 0.46666666865348816 0.6293929219245911
vt 0.4833333194255829 0.6293929219245911
vt 0.5 0.6293929219245911
vt 0.5166666507720947 0.6293929219245911
vt 0.5333333611488342 0.6293929219245911
vt 0.550000011920929 0.6293929219245911
vt 0.5666666626930237 0.6293929219245911
vt 0.5833333730697632 0.6293929219245911
vt 0.6000000238418579 0.6293929219245911
vt 0.6166666746139526 0.6293929219245911
vt 0.6333333253860474 0.6293929219245911
vt 0.6499999761581421 0.6293929219245911
vt 0.6666666269302368 0.6293929219245911
vt 0.6833333373069763 0.6293929219245911
vt 0.699999988079071 0.6293929219245911
vt 0.7166666388511658 0.6293929219245911
vt 0.7333333492279053 0.6293929219245911
vt 0.75 0.6293929219245911
vt 0.7666666507720947 0.6293929219245911
vt 0.7833333611488342 0.6293929219245911
vt 0.7999999523162842 0.6293929219245911
vt 0.8166666626930237 0.6293929219245911
vt 0.8333333134651184 0.6293929219245911
vt 0.8500000238418579 0.6293929219245911
vt 0.8666666150093079 0.6293929219245911
vt 0.8833333849906921 0.6293929219245911
vt 0.8999999761581421 0.6293929219245911
vt 0.9166666865348816 0.6293929219245911
vt 0.9333333373069763 0.6293929219245911
vt 0.9500000476837158 0.6293929219245911
vt 0.9666666388511658 0.6293929219245911
vt 0.9833333492279053 0.6293929219245911
vt 1 0.6293929219245911
vt 0 0.6406233906745911
vt 0.01666666753590107 0.6406233906745911
vt 0.03333333507180214 0.6406233906745911
vt 0.04999999701976776 0.6406233906745911
vt 0.06666667014360428 0.6406233906745911
vt 0.0833333283662796 0.6406233906745911
vt 0.09999999403953552 0.6406233906745911
vt 0.11666666716337204 0.6406233906745911
vt 0.13333334028720856 0.6406233906745911
vt 0.15000000596046448 0.6406233906745911
vt 0.1666666567325592 0.6406233906745911
vt 0.18333333730697632 0.6406233906745911
vt 0.19999998807907104 0.6406233906745911
vt 0.21666665375232697 0.6406233906745911
vt 0.23333333432674408 0.6406233906745911
vt 0.25 0.6406233906745911
vt 0.2666666805744171 0.6406233906745911
vt 0.28333333134651184 0.6406233906745911
vt 0.30000001192092896 0.6406233906745911
vt 0.3166666626930237 0.6406233906745911
vt 0.3333333134651184 0.6406233906745911
vt 0.3499999940395355 0.6406233906745911
vt 0.36666667461395264 0.6406233906745911
vt 0.38333332538604736 0.6406233906745911
vt 0.3999999761581421 0.6406233906745911
vt 0.4166666567325592 0.6406233906745911
vt 0.43333330750465393 0.6406233906745911
vt 0.44999998807907104 0.6406233906745911
vt 0.46666666865348816 0.6406233906745911
vt 0.4833333194255829 0.6406233906745911
vt 0.5 0.6406233906745911
vt 0.5166666507720947 0.6406233906745911
vt 0.5333333611488342 0.6406233906745911
vt 0.550000011920929 0.6406233906745911
vt 0.5666666626930237 0.6406233906745911
vt 0.5833333730697632 0.6406233906745911
vt 0.6000000238418579 0.6406233906745911
vt 0.6166666746139526 0.6406233906745911
vt 0.6333333253860474 0.6406233906745911
vt 0.6499999761581421 0.6406233906745911
vt 0.6666666269302368 0.6406233906745911
vt 0.6833333373069763 0.6406233906745911
vt 0.699999988079071 0.6406233906745911
vt 0.7166666388511658 0.6406233906745911
vt 0.7333333492279053 0.6406233906745911
vt 0.75 0.6406233906745911
vt 0.7666666507720947 0.6406233906745911
vt 0.7833333611488342 0.6406233906745911
vt 0.7999999523162842 0.6406233906745911
vt 0.8166666626930237 0.6406233906745911
vt 0.8333333134651184 0.6406233906745911
vt 0.8500000238418579 0.6406233906745911
vt 0.8666666150093079 0.6406233906745911
vt 0.8833333849906921 0.6406233906745911
vt 0.8999999761581421 0.6406233906745911
vt 0.9166666865348816 0.6406233906745911
vt 0.9333333373069763 0.6406233906745911
vt 0.9500000476837158 0.6406233906745911
vt 0.9666666388511658 0.6406233906745911
vt 0.9833333492279053 0.6406233906745911
vt 1 0.6406233906745911
vt 0 0.6518539190292358
vt 0.01666666753590107 0.6518539190292358
vt 0.03333333507180214 0.6518539190292358
vt 0.04999999701976776 0.6518539190292358
vt 0.06666667014360428 0.6518539190292358
vt 0.0833333283662796 0.6518539190292358
vt 0.09999999403953552 0.6518539190292358
vt 0.11666666716337204 0.6518539190292358
vt 0.13333334028720856 0.6518539190292358
vt 0.15000000596046448 0.6518539190292358
vt 0.1666666567325592 0.6518539190292358
vt 0.18333333730697632 0.6518539190292358
vt 0.19999998807907104 0.6518539190292358
vt 0.21666665375232697 0.6518539190292358
vt 0.23333333432674408 0.6518539190292358
vt 0.25 0.6518539190292358
vt 0.2666666805744171 0.6518539190292358
vt 0.28333333134651184 0.6518539190292358
vt 0.30000001192092896 0.6518539190292358
vt 0.3166666626930237 0.6518539190292358
vt 0.3333333134651184 0.6518539190292358
vt 0.3499999940395355 0.6518539190292358
vt 0.36666667461395264 0.6518539190292358
vt 0.38333332538604736 0.6518539190292358
vt 0.3999999761581421 0.6518539190292358
vt 0.4166666567325592 0.6518539190292358
vt 0.43333330750465393 0.6518539190292358
vt 0.44999998807907104 0.6518539190292358
vt 0.46666666865348816 0.6518539190292358
vt 0.4833333194255829 0.6518539190292358
vt 0.5 0.6518539190292358
vt 0.5166666507720947 0.6518539190292358
vt 0.5333333611488342 0.6518539190292358
vt 0.550000011920929 0.6518539190292358
vt 0.5666666626930237 0.6518539190292358
vt 0.5833333730697632 0.6518539190292358
vt 0.6000000238418579 0.6518539190292358
vt 0.6166666746139526 0.6518539190292358
vt 0.6333333253860474 0.6518539190292358
vt 0.6499999761581421 0.6518539190292358
vt 0.6666666269302368 0.6518539190292358
vt 0.6833333373069763 0.6518539190292358
vt 0.699999988079071 0.6518539190292358
vt 0.7166666388511658 0.6518539190292358
vt 0.7333333492279053 0.6518539190292358
vt 0.75 0.6518539190292358
vt 0.7666666507720947 0.6518539190292358
vt 0.7833333611488342 0.6518539190292358
vt 0.7999999523162842 0.6518539190292358
vt 0.8166666626930237 0.6518539190292358
vt 0.8333333134651184 0.6518539190292358
vt 0.8500000238418579 0.6518539190292358
vt 0.8666666150093079 0.6518539190292358
vt 0.8833333849906921 0.6518539190292358
vt 0.8999999761581421 0.6518539190292358
vt 0.9166666865348816 0.6518539190292358
vt 0.9333333373069763 0.6518539190292358
vt 0.9500000476837158 0.6518539190292358
vt 0.9666666388511658 0.6518539190292358
vt 0.9833333492279053 0.6518539190292358
vt 1 0.6518539190292358
vt 0 0.6630844473838806
vt 0.01666666753590107 0.6630844473838806
vt 0.03333333507180214 0.6630844473838806
vt 0.04999999701976776 0.6630844473838806
vt 0.06666667014360428 0.6630844473838806
vt 0.0833333283662796 0.6630844473838806
vt 0.09999999403953552 0.6630844473838806
vt 0.11666666716337204 0.6630844473838806
vt 0.13333334028720856 0.6630844473838806
vt 0.15000000596046448 0.6630844473838806
vt 0.1666666567325592 0.6630844473838806
vt 0.18333333730697632 0.6630844473838806
vt 0.19999998807907104 0.6630844473838806
vt 0.21666665375232697 0.6630844473838806
vt 0.23333333432674408 0.6630844473838806
vt 0.25 0.6630844473838806
vt 0.2666666805744171 0.6630844473838806
vt 0.28333333134651184 0.6630844473838806
vt 0.30000001192092896 0.6630844473838806
vt 0.3166666626930237 0.6630844473838806
vt 0.3333333134651184 0.6630844473838806
vt 0.3499999940395355 0.6630844473838806
vt 0.36666667461395264 0.6630844473838806
vt 0.38333332538604736 0.6630844473838806
vt 0.3999999761581421 0.6630844473838806
vt 0.4166666567325592 0.6630844473838806
vt 0.43333330750465393 0.6630844473838806
vt 0.44999998807907104 0.6630844473838806
vt 0.46666666865348816 0.6630844473838806
vt 0.4833333194255829 0.6630844473838806
vt 0.5 0.6630844473838806
vt 0.5166666507720947 0.6630844473838806
vt 0.5333333611488342 0.6630844473838806
vt 0.550000011920929 0.6630844473838806
vt 0.5666666626930237 0.6630844473838806
vt 0.5833333730697632 0.6630844473838806
vt 0.6000000238418579 0.6630844473838806
vt 0.6166666746139526 0.6630844473838806
vt 0.6333333253860474 0.6630844473838806
vt 0.6499999761581421 0.6630844473838806
vt 0.6666666269302368 0.6630844473838806
vt 0.6833333373069763 0.6630844473838806
vt 0.699999988079071 0.6630844473838806
vt 0.7166666388511658 0.6630844473838806
vt 0.7333333492279053 0.6630844473838806
vt 0.75 0.6630844473838806
vt 0.7666666507720947 0.6630844473838806
vt 0.7833333611488342 0.6630844473838806
vt 0.7999999523162842 0.6630844473838806
vt 0.8166666626930237 0.6630844473838806
vt 0.8333333134651184 0.6630844473838806
vt 0.8500000238418579 0.6630844473838806
vt 0.8666666150093079 0.6630844473838806
vt 0.8833333849906921 0.6630844473838806
vt 0.8999999761581421 0.6630844473838806
vt 0.9166666865348816 0.6630844473838806
vt 0.9333333373069763 0.6630844473838806
vt 0.9500000476837158 0.6630844473838806
vt 0.9666666388511658 0.6630844473838806
vt 0.9833333492279053 0.6630844473838806
vt 1 0.6630844473838806
vt 0 0.6743149757385254
vt 0.01666666753590107 0.6743149757385254
vt 0.03333333507180214 0.6743149757385254
vt 0.04999999701976776 0.6743149757385254
vt 0.06666667014360428 0.6743149757385254
vt 0.0833333283662796 0.6743149757385254
vt 0.09999999403953552 0.6743149757385254
vt 0.11666666716337204 0.6743149757385254
vt 0.13333334028720856 0.6743149757385254
vt 0.15000000596046448 0.6743149757385254
vt 0.1666666567325592 0.6743149757385254
vt 0.18333333730697632 0.6743149757385254
vt 0.19999998807907104 0.6743149757385254
vt 0.21666665375232697 0.6743149757385254
vt 0.23333333432674408 0.6743149757385254
vt 0.25 0.6743149757385254
vt 0.2666666805744171 0.6743149757385254
vt 0.28333333134651184 0.6743149757385254
vt 0.30000001192092896 0.6743149757385254
vt 0.3166666626930237 0.6743149757385254
vt 0.3333333134651184 0.6743149757385254
vt 0.3499999940395355 0.6743149757385254
vt 0.36666667461395264 0.6743149757385254
vt 0.38333332538604736 0.6743149757385254
vt 0.3999999761581421 0.6743149757385254
vt 0.4166666567325592 0.6743149757385254
vt 0.43333330750465393 0.6743149757385254
vt 0.44999998807907104 0.6743149757385254
vt 0.46666666865348816 0.6743149757385254
vt 0.4833333194255829 0.6743149757385254
vt 0.5 0.6743149757385254
vt 0.5166666507720947 0.6743149757385254
vt 0.5333333611488342 0.6743149757385254
vt 0.550000011920929 0.6743149757385254
vt 0.5666666626930237 0.6743149757385254
vt 0.5833333730697632 0.6743149757385254
vt 0.6000000238418579 0.6743149757385254
vt 0.6166666746139526 0.6743149757385254
vt 0.6333333253860474 0.6743149757385254
vt 0.6499999761581421 0.6743149757385254
vt 0.6666666269302368 0.6743149757385254
vt 0.6833333373069763 0.6743149757385254
vt 0.699999988079071 0.6743149757385254
vt 0.7166666388511658 0.6743149757385254
vt 0.7333333492279053 0.6743149757385254
vt 0.75 0.6743149757385254
vt 0.7666666507720947 0.6743149757385254
vt 0.7833333611488342 0.6743149757385254
vt 0.7999999523162842 0.6743149757385254
vt 0.8166666626930237 0.6743149757385254
vt 0.8333333134651184 0.6743149757385254
vt 0.8500000238418579 0.6743149757385254
vt 0.8666666150093079 0.6743149757385254
vt 0.8833333849906921 0.6743149757385254
vt 0.8999999761581421 0.6743149757385254
vt 0.9166666865348816 0.6743149757385254
vt 0.9333333373069763 0.6743149757385254
vt 0.9500000476837158 0.6743149757385254
vt 0.9666666388511658 0.6743149757385254
vt 0.9833333492279053 0.6743149757385254
vt 1 0.6743149757385254
vt 0 0.6855455040931702
vt 0.01666666753590107 0.6855455040931702
vt 0.03333333507180214 0.6855455040931702
vt 0.04999999701976776 0.6855455040931702
vt 0.06666667014360428 0.6855455040931702
vt 0.0833333283662796 0.6855455040931702
vt 0.09999999403953552 0.6855455040931702
vt 0.11666666716337204 0.6855455040931702
vt 0.13333334028720856 0.6855455040931702
vt 0.15000000596046448 0.6855455040931702
vt 0.1666666567325592 0.6855455040931702
vt 0.18333333730697632 0.6855455040931702
vt 0.19999998807907104 0.6855455040931702
vt 0.21666665375232697 0.6855455040931702
vt 0.23333333432674408 0.6855455040931702
vt 0.25 0.6855455040931702
vt 0.2666666805744171 0.6855455040931702
vt 0.28333333134651184 0.6855455040931702
vt 0.30000001192092896 0.6855455040931702
vt 0.3166666626930237 0.6855455040931702
vt 0.3333333134651184 0.6855455040931702
vt 0.3499999940395355 0.6855455040931702
vt 0.36666667461395264 0.6855455040931702
vt 0.38333332538604736 0.6855455040931702
vt 0.3999999761581421 0.6855455040931702
vt 0.4166666567325592 0.6855455040931702
vt 0.43333330750465393 0.6855455040931702
vt 0.44999998807907104 0.6855455040931702
vt 0.46666666865348816 0.6855455040931702
vt 0.4833333194255829 0.6855455040931702
vt 0.5 0.6855455040931702
vt 0.5166666507720947 0.6855455040931702
vt 0.5333333611488342 0.6855455040931702
vt 0.550000011920929 0.6855455040931702
vt 0.5666666626930237 0.6855455040931702
vt 0.5833333730697632 0.6855455040931702
vt 0.6000000238418579 0.6855455040931702
vt 0.6166666746139526 0.6855455040931702
vt 0.6333333253860474 0.6855455040931702
vt 0.6499999761581421 0.6855455040931702
vt 0.6666666269302368 0.6855455040931702
vt 0.6833333373069763 0.6855455040931702
vt 0.699999988079071 0.6855455040931702
vt 0.7166666388511658 0.6855455040931702
vt 0.7333333492279053 0.6855455040931702
vt 0.75 0.6855455040931702
vt 0.7666666507720947 0.6855455040931702
vt 0.7833333611488342 0.6855455040931702
vt 0.7999999523162842 0.6855455040931702
vt 0.8166666626930237 0.6855455040931702
vt 0.8333333134651184 0.6855455040931702
vt 0.8500000238418579 0.6855455040931702
vt 0.8666666150093079 0.6855455040931702
vt 0.8833333849906921 0.6855455040931702
vt 0.8999999761581421 0.6855455040931702
vt 0.9166666865348816 0.6855455040931702
vt 0.9333333373069763 0.6855455040931702
vt 0.9500000476837158 0.6855455040931702
vt 0.9666666388511658 0.6855455040931702
vt 0.9833333492279053 0.6855455040931702
vt 1 0.6855455040931702
vt 0 0.6967760324478149
vt 0.01666666753590107 0.6967760324478149
vt 0.03333333507180214 0.6967760324478149
vt 0.04999999701976776 0.6967760324478149
vt 0.06666667014360428 0.6967760324478149
vt 0.0833333283662796 0.6967760324478149
vt 0.09999999403953552 0.6967760324478149
vt 0.11666666716337204 0.6967760324478149
vt 0.13333334028720856 0.6967760324478149
vt 0.15000000596046448 0.6967760324478149
vt 0.1666666567325592 0.6967760324478149
vt 0.18333333730697632 0.6967760324478149
vt 0.19999998807907104 0.6967760324478149
vt 0.21666665375232697 0.6967760324478149
vt 0.23333333432674408 0.6967760324478149
vt 0.25 0.6967760324478149
vt 0.2666666805744171 0.6967760324478149
vt 0.28333333134651184 0.6967760324478149
vt 0.30000001192092896 0.6967760324478149
vt 0.3166666626930237 0.6967760324478149
vt 0.3333333134651184 0.6967760324478149
vt 0.3499999940395355 0.6967760324478149
vt 0.36666667461395264 0.6967760324478149
vt 0.38333332538604736 0.6967760324478149
vt 0.3999999761581421 0.6967760324478149
vt 0.4166666567325592 0.6967760324478149
vt 0.43333330750465393 0.6967760324478149
vt 0.44999998807907104 0.6967760324478149
vt 0.46666666865348816 0.6967760324478149
vt 0.4833333194255829 0.6967760324478149
vt 0.5 0.6967760324478149
vt 0.5166666507720947 0.6967760324478149
vt 0.5333333611488342 0.6967760324478149
vt 0.550000011920929 0.6967760324478149
vt 0.5666666626930237 0.6967760324478149
vt 0.5833333730697632 0.6967760324478149
vt 0.6000000238418579 0.6967760324478149
vt 0.6166666746139526 0.6967760324478149
vt 0.6333333253860474 0.6967760324478149
vt 0.6499999761581421 0.6967760324478149
vt 0.6666666269302368 0.6967760324478149
vt 0.6833333373069763 0.6967760324478149
vt 0.699999988079071 0.6967760324478149
vt 0.7166666388511658 0.6967760324478149
vt 0.7333333492279053 0.6967760324478149
vt 0.75 0.6967760324478149
vt 0.7666666507720947 0.6967760324478149
vt 0.7833333611488342 0.6967760324478149
vt 0.7999999523162842 0.6967760324478149
vt 0.8166666626930237 0.6967760324478149
vt 0.8333333134651184 0.6967760324478149
vt 0.8500000238418579 0.6967760324478149
vt 0.8666666150093079 0.6967760324478149
vt 0.8833333849906921 0.6967760324478149
vt 0.8999999761581421 0.6967760324478149
vt 0.9166666865348816 0.6967760324478149
vt 0.9333333373069763 0.6967760324478149
vt 0.9500000476837158 0.6967760324478149
vt 0.9666666388511658 0.6967760324478149
vt 0.9833333492279053 0.6967760324478149
vt 1 0.6967760324478149
vt 0 0.7080065608024597
vt 0.01666666753590107 0.7080065608024597
vt 0.03333333507180214 0.7080065608024597
vt 0.04999999701976776 0.7080065608024597
vt 0.06666667014360428 0.7080065608024597
vt 0.0833333283662796 0.7080065608024597
vt 0.09999999403953552 0.7080065608024597
vt 0.11666666716337204 0.7080065608024597
vt 0.13333334028720856 0.7080065608024597
vt 0.15000000596046448 0.7080065608024597
vt 0.1666666567325592 0.7080065608024597
vt 0.18333333730697632 0.7080065608024597
vt 0.19999998807907104 0.7080065608024597
vt 0.21666665375232697 0.7080065608024597
vt 0.23333333432674408 0.7080065608024597
vt 0.25 0.7080065608024597
vt 0.2666666805744171 0.7080065608024597
vt 0.28333333134651184 0.7080065608024597
vt 0.30000001192092896 0.7080065608024597
vt 0.3166666626930237 0.7080065608024597
vt 0.3333333134651184 0.7080065608024597
vt 0.3499999940395355 0.7080065608024597
vt 0.36666667461395264 0.7080065608024597
vt 0.38333332538604736 0.7080065608024597
vt 0.3999999761581421 0.7080065608024597
vt 0.4166666567325592 0.7080065608024597
vt 0.43333330750465393 0.7080065608024597
vt 0.44999998807907104 0.7080065608024597
vt 0.46666666865348816 0.7080065608024597
vt 0.4833333194255829 0.7080065608024597
vt 0.5 0.7080065608024597
vt 0.5166666507720947 0.7080065608024597
vt 0.5333333611488342 0.7080065608024597
vt 0.550000011920929 0.7080065608024597
vt 0.5666666626930237 0.7080065608024597
vt 0.5833333730697632 0.7080065608024597
vt 0.6000000238418579 0.7080065608024597
vt 0.6166666746139526 0.7080065608024597
vt 0.6333333253860474 0.7080065608024597
vt 0.6499999761581421 0.7080065608024597
vt 0.6666666269302368 0.7080065608024597
vt 0.6833333373069763 0.7080065608024597
vt 0.699999988079071 0.7080065608024597
vt 0.7166666388511658 0.7080065608024597
vt 0.7333333492279053 0.7080065608024597
vt 0.75 0.7080065608024597
vt 0.7666666507720947 0.7080065608024597
vt 0.7833333611488342 0.7080065608024597
vt 0.7999999523162842 0.7080065608024597
vt 0.8166666626930237 0.7080065608024597
vt 0.8333333134651184 0.7080065608024597
vt 0.8500000238418579 0.7080065608024597
vt 0.8666666150093079 0.7080065608024597
vt 0.8833333849906921 0.7080065608024597
vt 0.8999999761581421 0.7080065608024597
vt 0.9166666865348816 0.7080065608024597
vt 0.9333333373069763 0.7080065608024597
vt 0.9500000476837158 0.7080065608024597
vt 0.9666666388511658 0.7080065608024597
vt 0.9833333492279053 0.7080065608024597
vt 1 0.7080065608024597
vt 0 0.7192370295524597
vt 0.01666666753590107 0.7192370295524597
vt 0.03333333507180214 0.7192370295524597
vt 0.04999999701976776 0.7192370295524597
vt 0.06666667014360428 0.7192370295524597
vt 0.0833333283662796 0.7192370295524597
vt 0.09999999403953552 0.7192370295524597
vt 0.11666666716337204 0.7192370295524597
vt 0.13333334028720856 0.7192370295524597
vt 0.15000000596046448 0.7192370295524597
vt 0.1666666567325592 0.7192370295524597
vt 0.18333333730697632 0.7192370295524597
vt 0.19999998807907104 0.7192370295524597
vt 0.21666665375232697 0.7192370295524597
vt 0.23333333432674408 0.7192370295524597
vt 0.25 0.7192370295524597
vt 0.2666666805744171 0.7192370295524597
vt 0.28333333134651184 0.7192370295524597
vt 0.30000001192092896 0.7192370295524597
vt 0.3166666626930237 0.7192370295524597
vt 0.3333333134651184 0.7192370295524597
vt 0.3499999940395355 0.7192370295524597
vt 0.36666667461395264 0.7192370295524597
vt 0.38333332538604736 0.7192370295524597
vt 0.3999999761581421 0.7192370295524597
vt 0.4166666567325592 0.7192370295524597
vt 0.43333330750465393 0.7192370295524597
vt 0.44999998807907104 0.7192370295524597
vt 0.46666666865348816 0.7192370295524597
vt 0.4833333194255829 0.7192370295524597
vt 0.5 0.7192370295524597
vt 0.5166666507720947 0.7192370295524597
vt 0.5333333611488342 0.7192370295524597
vt 0.550000011920929 0.7192370295524597
vt 0.5666666626930237 0.7192370295524597
vt 0.5833333730697632 0.7192370295524597
vt 0.6000000238418579 0.7192370295524597
vt 0.6166666746139526 0.7192370295524597
vt 0.6333333253860474 0.7192370295524597
vt 0.6499999761581421 0.7192370295524597
vt 0.6666666269302368 0.7192370295524597
vt 0.6833333373069763 0.7192370295524597
vt 0.699999988079071 0.7192370295524597
vt 0.7166666388511658 0.7192370295524597
vt 0.7333333492279053 0.7192370295524597
vt 0.75 0.7192370295524597
vt 0.7666666507720947 0.7192370295524597
vt 0.7833333611488342 0.7192370295524597
vt 0.7999999523162842 0.7192370295524597
vt 0.8166666626930237 0.7192370295524597
vt 0.8333333134651184 0.7192370295524597
vt 0.8500000238418579 0.7192370295524597
vt 0.8666666150093079 0.7192370295524597
vt 0.8833333849906921 0.7192370295524597
vt 0.8999999761581421 0.7192370295524597
vt 0.9166666865348816 0.7192370295524597
vt 0.9333333373069763 0.7192370295524597
vt 0.9500000476837158 0.7192370295524597
vt 0.9666666388511658 0.7192370295524597
vt 0.9833333492279053 0.7192370295524597
vt 1 0.7192370295524597
vt 0 0.7304675579071045
vt 0.01666666753590107 0.7304675579071045
vt 0.03333333507180214 0.7304675579071045
vt 0.04999999701976776 0.7304675579071045
vt 0.06666667014360428 0.7304675579071045
vt 0.0833333283662796 0.7304675579071045
vt 0.09999999403953552 0.7304675579071045
vt 0.11666666716337204 0.7304675579071045
vt 0.13333334028720856 0.7304675579071045
vt 0.15000000596046448 0.7304675579071045
vt 0.1666666567325592 0.7304675579071045
vt 0.18333333730697632 0.7304675579071045
vt 0.19999998807907104 0.7304675579071045
vt 0.21666665375232697 0.7304675579071045
vt 0.23333333432674408 0.7304675579071045
vt 0.25 0.7304675579071045
vt 0.2666666805744171 0.7304675579071045
vt 0.28333333134651184 0.7304675579071045
vt 0.30000001192092896 0.7304675579071045
vt 0.3166666626930237 0.7304675579071045
vt 0.3333333134651184 0.7304675579071045
vt 0.3499999940395355 0.7304675579071045
vt 0.36666667461395264 0.7304675579071045
vt 0.38333332538604736 0.7304675579071045
vt 0.3999999761581421 0.7304675579071045
vt 0.4166666567325592 0.7304675579071045
vt 0.43333330750465393 0.7304675579071045
vt 0.44999998807907104 0.7304675579071045
vt 0.46666666865348816 0.7304675579071045
vt 0.4833333194255829 0.7304675579071045
vt 0.5 0.7304675579071045
vt 0.5166666507720947 0.7304675579071045
vt 0.5333333611488342 0.7304675579071045
vt 0.550000011920929 0.7304675579071045
vt 0.5666666626930237 0.7304675579071045
vt 0.5833333730697632 0.7304675579071045
vt 0.6000000238418579 0.7304675579071045
vt 0.6166666746139526 0.7304675579071045
vt 0.6333333253860474 0.7304675579071045
vt 0.6499999761581421 0.7304675579071045
vt 0.6666666269302368 0.7304675579071045
vt 0.6833333373069763 0.7304675579071045
vt 0.699999988079071 0.7304675579071045
vt 0.7166666388511658 0.7304675579071045
vt 0.7333333492279053 0.7304675579071045
vt 0.75 0.7304675579071045
vt 0.7666666507720947 0.7304675579071045
vt 0.7833333611488342 0.7304675579071045
vt 0.7999999523162842 0.7304675579071045
vt 0.8166666626930237 0.7304675579071045
vt 0.8333333134651184 0.7304675579071045
vt 0.8500000238418579 0.7304675579071045
vt 0.8666666150093079 0.7304675579071045
vt 0.8833333849906921 0.7304675579071045
vt 0.8999999761581421 0.7304675579071045
vt 0.9166666865348816 0.7304675579071045
vt 0.9333333373069763 0.7304675579071045
vt 0.9500000476837158 0.7304675579071045
vt 0.9666666388511658 0.7304675579071045
vt 0.9833333492279053 0.7304675579071045
vt 1 0.7304675579071045
vt 0 0.7416980862617493
vt 0.01666666753590107 0.7416980862617493
vt 0.03333333507180214 0.7416980862617493
vt 0.04999999701976776 0.7416980862617493
vt 0.06666667014360428 0.7416980862617493
vt 0.0833333283662796 0.7416980862617493
vt 0.09999999403953552 0.7416980862617493
vt 0.11666666716337204 0.7416980862617493
vt 0.13333334028720856 0.7416980862617493
vt 0.15000000596046448 0.7416980862617493
vt 0.1666666567325592 0.7416980862617493
vt 0.18333333730697632 0.7416980862617493
vt 0.19999998807907104 0.7416980862617493
vt 0.21666665375232697 0.7416980862617493
vt 0.23333333432674408 0.7416980862617493
vt 0.25 0.7416980862617493
vt 0.2666666805744171 0.7416980862617493
vt 0.28333333134651184 0.7416980862617493
vt 0.30000001192092896 0.7416980862617493
vt 0.3166666626930237 0.7416980862617493
vt 0.3333333134651184 0.7416980862617493
vt 0.3499999940395355 0.7416980862617493
vt 0.36666667461395264 0.7416980862617493
vt 0.38333332538604736 0.7416980862617493
vt 0.3999999761581421 0.7416980862617493
vt 0.4166666567325592 0.7416980862617493
vt 0.43333330750465393 0.7416980862617493
vt 0.44999998807907104 0.7416980862617493
vt 0.46666666865348816 0.7416980862617493
vt 0.4833333194255829 0.7416980862617493
vt 0.5 0.7416980862617493
vt 0.5166666507720947 0.7416980862617493
vt 0.5333333611488342 0.7416980862617493
vt 0.550000011920929 0.7416980862617493
vt 0.5666666626930237 0.7416980862617493
vt 0.5833333730697632 0.7416980862617493
vt 0.6000000238418579 0.7416980862617493
vt 0.6166666746139526 0.7416980862617493
vt 0.6333333253860474 0.7416980862617493
vt 0.6499999761581421 0.7416980862617493
vt 0.6666666269302368 0.7416980862617493
vt 0.6833333373069763 0.7416980862617493
vt 0.699999988079071 0.7416980862617493
vt 0.7166666388511658 0.7416980862617493
vt 0.7333333492279053 0.7416980862617493
vt 0.75 0.7416980862617493
vt 0.7666666507720947 0.7416980862617493
vt 0.7833333611488342 0.7416980862617493
vt 0.7999999523162842 0.7416980862617493
vt 0.8166666626930237 0.7416980862617493
vt 0.8333333134651184 0.7416980862617493
vt 0.8500000238418579 0.7416980862617493
vt 0.8666666150093079 0.7416980862617493
vt 0.8833333849906921 0.7416980862617493
vt 0.8999999761581421 0.7416980862617493
vt 0.9166666865348816 0.7416980862617493
vt 0.9333333373069763 0.7416980862617493
vt 0.9500000476837158 0.7416980862617493
vt 0.9666666388511658 0.7416980862617493
vt 0.9833333492279053 0.7416980862617493
vt 1 0.7416980862617493
vt 0 0.752928614616394
vt 0.01666666753590107 0.752928614616394
vt 0.03333333507180214 0.752928614616394
vt 0.04999999701976776 0.752928614616394
vt 0.06666667014360428 0.752928614616394
vt 0.0833333283662796 0.752928614616394
vt 0.09999999403953552 0.752928614616394
vt 0.11666666716337204 0.752928614616394
vt 0.13333334028720856 0.752928614616394
vt 0.15000000596046448 0.752928614616394
vt 0.1666666567325592 0.752928614616394
vt 0.18333333730697632 0.752928614616394
vt 0.19999998807907104 0.752928614616394
vt 0.21666665375232697 0.752928614616394
vt 0.23333333432674408 0.752928614616394
vt 0.25 0.752928614616394
vt 0.2666666805744171 0.752928614616394
vt 0.28333333134651184 0.752928614616394
vt 0.30000001192092896 0.752928614616394
vt 0.3166666626930237 0.752928614616394
vt 0.3333333134651184 0.752928614616394
vt 0.3499999940395355 0.752928614616394
vt 0.36666667461395264 0.752928614616394
vt 0.38333332538604736 0.752928614616394
vt 0.3999999761581421 0.752928614616394
vt 0.4166666567325592 0.752928614616394
vt 0.43333330750465393 0.752928614616394
vt 0.44999998807907104 0.752928614616394
vt 0.46666666865348816 0.752928614616394
vt 0.4833333194255829 0.752928614616394
vt 0.5 0.752928614616394
vt 0.5166666507720947 0.752928614616394
vt 0.5333333611488342 0.752928614616394
vt 0.550000011920929 0.752928614616394
vt 0.5666666626930237 0.752928614616394
vt 0.5833333730697632 0.752928614616394
vt 0.6000000238418579 0.752928614616394
vt 0.6166666746139526 0.752928614616394
vt 0.6333333253860474 0.752928614616394
vt 0.6499999761581421 0.752928614616394
vt 0.6666666269302368 0.752928614616394
vt 0.6833333373069763 0.752928614616394
vt 0.699999988079071 0.752928614616394
vt 0.7166666388511658 0.752928614616394
vt 0.7333333492279053 0.752928614616394
vt 0.75 0.752928614616394
vt 0.7666666507720947 0.752928614616394
vt 0.7833333611488342 0.752928614616394
vt 0.7999999523162842 0.752928614616394
vt 0.8166666626930237 0.752928614616394
vt 0.8333333134651184 0.752928614616394
vt 0.8500000238418579 0.752928614616394
vt 0.8666666150093079 0.752928614616394
vt 0.8833333849906921 0.752928614616394
vt 0.8999999761581421 0.752928614616394
vt 0.9166666865348816 0.752928614616394
vt 0.9333333373069763 0.752928614616394
vt 0.9500000476837158 0.752928614616394
vt 0.9666666388511658 0.752928614616394
vt 0.9833333492279053 0.752928614616394
vt 1 0.752928614616394
vt 0 0.7641591429710388
vt 0.01666666753590107 0.7641591429710388
vt 0.03333333507180214 0.7641591429710388
vt 0.04999999701976776 0.7641591429710388
vt 0.06666667014360428 0.7641591429710388
vt 0.0833333283662796 0.7641591429710388
vt 0.09999999403953552 0.7641591429710388
vt 0.11666666716337204 0.7641591429710388
vt 0.13333334028720856 0.7641591429710388
vt 0.15000000596046448 0.7641591429710388
vt 0.1666666567325592 0.7641591429710388
vt 0.18333333730697632 0.7641591429710388
vt 0.19999998807907104 0.7641591429710388
vt 0.21666665375232697 0.7641591429710388
vt 0.23333333432674408 0.7641591429710388
vt 0.25 0.7641591429710388
vt 0.2666666805744171 0.7641591429710388
vt 0.28333333134651184 0.7641591429710388
vt 0.30000001192092896 0.7641591429710388
vt 0.3166666626930237 0.7641591429710388
vt 0.3333333134651184 0.7641591429710388
vt 0.3499999940395355 0.7641591429710388
vt 0.36666667461395264 0.7641591429710388
vt 0.38333332538604736 0.7641591429710388
vt 0.3999999761581421 0.7641591429710388
vt 0.4166666567325592 0.7641591429710388
vt 0.43333330750465393 0.7641591429710388
vt 0.44999998807907104 0.7641591429710388
vt 0.46666666865348816 0.7641591429710388
vt 0.4833333194255829 0.7641591429710388
vt 0.5 0.7641591429710388
vt 0.5166666507720947 0.7641591429710388
vt 0.5333333611488342 0.7641591429710388
vt 0.550000011920929 0.7641591429710388
vt 0.5666666626930237 0.7641591429710388
vt 0.5833333730697632 0.7641591429710388
vt 0.6000000238418579 0.7641591429710388
vt 0.6166666746139526 0.7641591429710388
vt 0.6333333253860474 0.7641591429710388
vt 0.6499999761581421 0.7641591429710388
vt 0.6666666269302368 0.7641591429710388
vt 0.6833333373069763 0.7641591429710388
vt 0.699999988079071 0.7641591429710388
vt 0.7166666388511658 0.7641591429710388
vt 0.7333333492279053 0.7641591429710388
vt 0.75 0.7641591429710388
vt 0.7666666507720947 0.7641591429710388
vt 0.7833333611488342 0.7641591429710388
vt 0.7999999523162842 0.7641591429710388
vt 0.8166666626930237 0.7641591429710388
vt 0.8333333134651184 0.7641591429710388
vt 0.8500000238418579 0.7641591429710388
vt 0.8666666150093079 0.7641591429710388
vt 0.8833333849906921 0.7641591429710388
vt 0.8999999761581421 0.7641591429710388
vt 0.9166666865348816 0.7641591429710388
vt 0.9333333373069763 0.7641591429710388
vt 0.9500000476837158 0.7641591429710388
vt 0.9666666388511658 0.7641591429710388
vt 0.9833333492279053 0.7641591429710388
vt 1 0.7641591429710388
vt 0 0.7753896713256836
vt 0.01666666753590107 0.7753896713256836
vt 0.03333333507180214 0.7753896713256836
vt 0.04999999701976776 0.7753896713256836
vt 0.06666667014360428 0.7753896713256836
vt 0.0833333283662796 0.7753896713256836
vt 0.09999999403953552 0.7753896713256836
vt 0.11666666716337204 0.7753896713256836
vt 0.13333334028720856 0.7753896713256836
vt 0.15000000596046448 0.7753896713256836
vt 0.1666666567325592 0.7753896713256836
vt 0.18333333730697632 0.7753896713256836
vt 0.19999998807907104 0.7753896713256836
vt 0.21666665375232697 0.7753896713256836
vt 0.23333333432674408 0.7753896713256836
vt 0.25 0.7753896713256836
vt 0.2666666805744171 0.7753896713256836
vt 0.28333333134651184 0.7753896713256836
vt 0.30000001192092896 0.7753896713256836
vt 0.3166666626930237 0.7753896713256836
vt 0.3333333134651184 0.7753896713256836
vt 0.3499999940395355 0.7753896713256836
vt 0.36666667461395264 0.7753896713256836
vt 0.38333332538604736 0.7753896713256836
vt 0.3999999761581421 0.7753896713256836
vt 0.4166666567325592 0.7753896713256836
vt 0.43333330750465393 0.7753896713256836
vt 0.44999998807907104 0.7753896713256836
vt 0.46666666865348816 0.7753896713256836
vt 0.4833333194255829 0.7753896713256836
vt 0.5 0.7753896713256836
vt 0.5166666507720947 0.7753896713256836
vt 0.5333333611488342 0.7753896713256836
vt 0.550000011920929 0.7753896713256836
vt 0.5666666626930237 0.7753896713256836
vt 0.5833333730697632 0.7753896713256836
vt 0.6000000238418579 0.7753896713256836
vt 0.6166666746139526 0.7753896713256836
vt 0.6333333253860474 0.7753896713256836
vt 0.6499999761581421 0.7753896713256836
vt 0.6666666269302368 0.7753896713256836
vt 0.6833333373069763 0.7753896713256836
vt 0.699999988079071 0.7753896713256836
vt 0.7166666388511658 0.7753896713256836
vt 0.7333333492279053 0.7753896713256836
vt 0.75 0.7753896713256836
vt 0.7666666507720947 0.7753896713256836
vt 0.7833333611488342 0.7753896713256836
vt 0.7999999523162842 0.7753896713256836
vt 0.8166666626930237 0.7753896713256836
vt 0.8333333134651184 0.7753896713256836
vt 0.8500000238418579 0.7753896713256836
vt 0.8666666150093079 0.7753896713256836
vt 0.8833333849906921 0.7753896713256836
vt 0.8999999761581421 0.7753896713256836
vt 0.9166666865348816 0.7753896713256836
vt 0.9333333373069763 0.7753896713256836
vt 0.9500000476837158 0.7753896713256836
vt 0.9666666388511658 0.7753896713256836
vt 0.9833333492279053 0.7753896713256836
vt 1 0.7753896713256836
vt 0 0.7866201996803284
vt 0.01666666753590107 0.7866201996803284
vt 0.03333333507180214 0.7866201996803284
vt 0.04999999701976776 0.7866201996803284
vt 0.06666667014360428 0.7866201996803284
vt 0.0833333283662796 0.7866201996803284
vt 0.09999999403953552 0.7866201996803284
vt 0.11666666716337204 0.7866201996803284
vt 0.13333334028720856 0.7866201996803284
vt 0.15000000596046448 0.7866201996803284
vt 0.1666666567325592 0.7866201996803284
vt 0.18333333730697632 0.7866201996803284
vt 0.19999998807907104 0.7866201996803284
vt 0.21666665375232697 0.7866201996803284
vt 0.23333333432674408 0.7866201996803284
vt 0.25 0.7866201996803284
vt 0.2666666805744171 0.7866201996803284
vt 0.28333333134651184 0.7866201996803284
vt 0.30000001192092896 0.7866201996803284
vt 0.3166666626930237 0.7866201996803284
vt 0.3333333134651184 0.7866201996803284
vt 0.3499999940395355 0.7866201996803284
vt 0.36666667461395264 0.7866201996803284
vt 0.38333332538604736 0.7866201996803284
vt 0.3999999761581421 0.7866201996803284
vt 0.4166666567325592 0.7866201996803284
vt 0.43333330750465393 0.7866201996803284
vt 0.44999998807907104 0.7866201996803284
vt 0.46666666865348816 0.7866201996803284
vt 0.4833333194255829 0.7866201996803284
vt 0.5 0.7866201996803284
vt 0.5166666507720947 0.7866201996803284
vt 0.5333333611488342 0.7866201996803284
vt 0.550000011920929 0.7866201996803284
vt 0.5666666626930237 0.7866201996803284
vt 0.5833333730697632 0.7866201996803284
vt 0.6000000238418579 0.7866201996803284
vt 0.6166666746139526 0.7866201996803284
vt 0.6333333253860474 0.7866201996803284
vt 0.6499999761581421 0.7866201996803284
vt 0.6666666269302368 0.7866201996803284
vt 0.6833333373069763 0.7866201996803284
vt 0.699999988079071 0.7866201996803284
vt 0.7166666388511658 0.7866201996803284
vt 0.7333333492279053 0.7866201996803284
vt 0.75 0.7866201996803284
vt 0.7666666507720947 0.7866201996803284
vt 0.7833333611488342 0.7866201996803284
vt 0.7999999523162842 0.7866201996803284
vt 0.8166666626930237 0.7866201996803284
vt 0.8333333134651184 0.7866201996803284
vt 0.8500000238418579 0.7866201996803284
vt 0.8666666150093079 0.7866201996803284
vt 0.8833333849906921 0.7866201996803284
vt 0.8999999761581421 0.7866201996803284
vt 0.9166666865348816 0.7866201996803284
vt 0.9333333373069763 0.7866201996803284
vt 0.9500000476837158 0.7866201996803284
vt 0.9666666388511658 0.7866201996803284
vt 0.9833333492279053 0.7866201996803284
vt 1 0.7866201996803284
vt 0 0.7978507280349731
vt 0.01666666753590107 0.7978507280349731
vt 0.03333333507180214 0.7978507280349731
vt 0.04999999701976776 0.7978507280349731
vt 0.06666667014360428 0.7978507280349731
vt 0.0833333283662796 0.7978507280349731
vt 0.09999999403953552 0.7978507280349731
vt 0.11666666716337204 0.7978507280349731
vt 0.13333334028720856 0.7978507280349731
vt 0.15000000596046448 0.7978507280349731
vt 0.1666666567325592 0.7978507280349731
vt 0.18333333730697632 0.7978507280349731
vt 0.19999998807907104 0.7978507280349731
vt 0.21666665375232697 0.7978507280349731
vt 0.23333333432674408 0.7978507280349731
vt 0.25 0.7978507280349731
vt 0.2666666805744171 0.7978507280349731
vt 0.28333333134651184 0.7978507280349731
vt 0.30000001192092896 0.7978507280349731
vt 0.3166666626930237 0.7978507280349731
vt 0.3333333134651184 0.7978507280349731
vt 0.3499999940395355 0.7978507280349731
vt 0.36666667461395264 0.7978507280349731
vt 0.38333332538604736 0.7978507280349731
vt 0.3999999761581421 0.7978507280349731
vt 0.4166666567325592 0.7978507280349731
vt 0.43333330750465393 0.7978507280349731
vt 0.44999998807907104 0.7978507280349731
vt 0.46666666865348816 0.7978507280349731
vt 0.4833333194255829 0.7978507280349731
vt 0.5 0.7978507280349731
vt 0.5166666507720947 0.7978507280349731
vt 0.5333333611488342 0.7978507280349731
vt 0.550000011920929 0.7978507280349731
vt 0.5666666626930237 0.7978507280349731
vt 0.5833333730697632 0.7978507280349731
vt 0.6000000238418579 0.7978507280349731
vt 0.6166666746139526 0.7978507280349731
vt 0.6333333253860474 0.7978507280349731
vt 0.6499999761581421 0.7978507280349731
vt 0.6666666269302368 0.7978507280349731
vt 0.6833333373069763 0.7978507280349731
vt 0.699999988079071 0.7978507280349731
vt 0.7166666388511658 0.7978507280349731
vt 0.7333333492279053 0.7978507280349731
vt 0.75 0.7978507280349731
vt 0.7666666507720947 0.7978507280349731
vt 0.7833333611488342 0.7978507280349731
vt 0.7999999523162842 0.7978507280349731
vt 0.8166666626930237 0.7978507280349731
vt 0.8333333134651184 0.7978507280349731
vt 0.8500000238418579 0.7978507280349731
vt 0.8666666150093079 0.7978507280349731
vt 0.8833333849906921 0.7978507280349731
vt 0.8999999761581421 0.7978507280349731
vt 0.9166666865348816 0.7978507280349731
vt 0.9333333373069763 0.7978507280349731
vt 0.9500000476837158 0.7978507280349731
vt 0.9666666388511658 0.7978507280349731
vt 0.9833333492279053 0.7978507280349731
vt 1 0.7978507280349731
vt 0 0.8090811967849731
vt 0.01666666753590107 0.8090811967849731
vt 0.03333333507180214 0.8090811967849731
vt 0.04999999701976776 0.8090811967849731
vt 0.06666667014360428 0.8090811967849731
vt 0.0833333283662796 0.8090811967849731
vt 0.09999999403953552 0.8090811967849731
vt 0.11666666716337204 0.8090811967849731
vt 0.13333334028720856 0.8090811967849731
vt 0.15000000596046448 0.8090811967849731
vt 0.1666666567325592 0.8090811967849731
vt 0.18333333730697632 0.8090811967849731
vt 0.19999998807907104 0.8090811967849731
vt 0.21666665375232697 0.8090811967849731
vt 0.23333333432674408 0.8090811967849731
vt 0.25 0.8090811967849731
vt 0.2666666805744171 0.8090811967849731
vt 0.28333333134651184 0.8090811967849731
vt 0.30000001192092896 0.8090811967849731
vt 0.3166666626930237 0.8090811967849731
vt 0.3333333134651184 0.8090811967849731
vt 0.3499999940395355 0.8090811967849731
vt 0.36666667461395264 0.8090811967849731
vt 0.38333332538604736 0.8090811967849731
vt 0.3999999761581421 0.8090811967849731
vt 0.4166666567325592 0.8090811967849731
vt 0.43333330750465393 0.8090811967849731
vt 0.44999998807907104 0.8090811967849731
vt 0.46666666865348816 0.8090811967849731
vt 0.4833333194255829 0.8090811967849731
vt 0.5 0.8090811967849731
vt 0.5166666507720947 0.8090811967849731
vt 0.5333333611488342 0.8090811967849731
vt 0.550000011920929 0.8090811967849731
vt 0.5666666626930237 0.8090811967849731
vt 0.5833333730697632 0.8090811967849731
vt 0.6000000238418579 0.8090811967849731
vt 0.6166666746139526 0.8090811967849731
vt 0.6333333253860474 0.8090811967849731
vt 0.6499999761581421 0.8090811967849731
vt 0.6666666269302368 0.8090811967849731
vt 0.6833333373069763 0.8090811967849731
vt 0.699999988079071 0.8090811967849731
vt 0.7166666388511658 0.8090811967849731
vt 0.7333333492279053 0.8090811967849731
vt 0.75 0.8090811967849731
vt 0.7666666507720947 0.8090811967849731
vt 0.7833333611488342 0.8090811967849731
vt 0.7999999523162842 0.8090811967849731
vt 0.8166666626930237 0.8090811967849731
vt 0.8333333134651184 0.8090811967849731
vt 0.8500000238418579 0.8090811967849731
vt 0.8666666150093079 0.8090811967849731
vt 0.8833333849906921 0.8090811967849731
vt 0.8999999761581421 0.8090811967849731
vt 0.9166666865348816 0.8090811967849731
vt 0.9333333373069763 0.8090811967849731
vt 0.9500000476837158 0.8090811967849731
vt 0.9666666388511658 0.8090811967849731
vt 0.9833333492279053 0.8090811967849731
vt 1 0.8090811967849731
vt 0 0.8203116655349731
vt 0.01666666753590107 0.8203116655349731
vt 0.03333333507180214 0.8203116655349731
vt 0.04999999701976776 0.8203116655349731
vt 0.06666667014360428 0.8203116655349731
vt 0.0833333283662796 0.8203116655349731
vt 0.09999999403953552 0.8203116655349731
vt 0.11666666716337204 0.8203116655349731
vt 0.13333334028720856 0.8203116655349731
vt 0.15000000596046448 0.8203116655349731
vt 0.1666666567325592 0.8203116655349731
vt 0.18333333730697632 0.8203116655349731
vt 0.19999998807907104 0.8203116655349731
vt 0.21666665375232697 0.8203116655349731
vt 0.23333333432674408 0.8203116655349731
vt 0.25 0.8203116655349731
vt 0.2666666805744171 0.8203116655349731
vt 0.28333333134651184 0.8203116655349731
vt 0.30000001192092896 0.8203116655349731
vt 0.3166666626930237 0.8203116655349731
vt 0.3333333134651184 0.8203116655349731
vt 0.3499999940395355 0.8203116655349731
vt 0.36666667461395264 0.8203116655349731
vt 0.38333332538604736 0.8203116655349731
vt 0.3999999761581421 0.8203116655349731
vt 0.4166666567325592 0.8203116655349731
vt 0.43333330750465393 0.8203116655349731
vt 0.44999998807907104 0.8203116655349731
vt 0.46666666865348816 0.8203116655349731
vt 0.4833333194255829 0.8203116655349731
vt 0.5 0.8203116655349731
vt 0.5166666507720947 0.8203116655349731
vt 0.5333333611488342 0.8203116655349731
vt 0.550000011920929 0.8203116655349731
vt 0.5666666626930237 0.8203116655349731
vt 0.5833333730697632 0.8203116655349731
vt 0.6000000238418579 0.8203116655349731
vt 0.6166666746139526 0.8203116655349731
vt 0.6333333253860474 0.8203116655349731
vt 0.6499999761581421 0.8203116655349731
vt 0.6666666269302368 0.8203116655349731
vt 0.6833333373069763 0.8203116655349731
vt 0.699999988079071 0.8203116655349731
vt 0.7166666388511658 0.8203116655349731
vt 0.7333333492279053 0.8203116655349731
vt 0.75 0.8203116655349731
vt 0.7666666507720947 0.8203116655349731
vt 0.7833333611488342 0.8203116655349731
vt 0.7999999523162842 0.8203116655349731
vt 0.8166666626930237 0.8203116655349731
vt 0.8333333134651184 0.8203116655349731
vt 0.8500000238418579 0.8203116655349731
vt 0.8666666150093079 0.8203116655349731
vt 0.8833333849906921 0.8203116655349731
vt 0.8999999761581421 0.8203116655349731
vt 0.9166666865348816 0.8203116655349731
vt 0.9333333373069763 0.8203116655349731
vt 0.9500000476837158 0.8203116655349731
vt 0.9666666388511658 0.8203116655349731
vt 0.9833333492279053 0.8203116655349731
vt 1 0.8203116655349731
vt 0 0.8315421938896179
vt 0.01666666753590107 0.8315421938896179
vt 0.03333333507180214 0.8315421938896179
vt 0.04999999701976776 0.8315421938896179
vt 0.06666667014360428 0.8315421938896179
vt 0.0833333283662796 0.8315421938896179
vt 0.09999999403953552 0.8315421938896179
vt 0.11666666716337204 0.8315421938896179
vt 0.13333334028720856 0.8315421938896179
vt 0.15000000596046448 0.8315421938896179
vt 0.1666666567325592 0.8315421938896179
vt 0.18333333730697632 0.8315421938896179
vt 0.19999998807907104 0.8315421938896179
vt 0.21666665375232697 0.8315421938896179
vt 0.23333333432674408 0.8315421938896179
vt 0.25 0.8315421938896179
vt 0.2666666805744171 0.8315421938896179
vt 0.28333333134651184 0.8315421938896179
vt 0.30000001192092896 0.8315421938896179
vt 0.3166666626930237 0.8315421938896179
vt 0.3333333134651184 0.8315421938896179
vt 0.3499999940395355 0.8315421938896179
vt 0.36666667461395264 0.8315421938896179
vt 0.38333332538604736 0.8315421938896179
vt 0.3999999761581421 0.8315421938896179
vt 0.4166666567325592 0.8315421938896179
vt 0.43333330750465393 0.8315421938896179
vt 0.44999998807907104 0.8315421938896179
vt 0.46666666865348816 0.8315421938896179
vt 0.4833333194255829 0.8315421938896179
vt 0.5 0.8315421938896179
vt 0.5166666507720947 0.8315421938896179
vt 0.5333333611488342 0.8315421938896179
vt 0.550000011920929 0.8315421938896179
vt 0.5666666626930237 0.8315421938896179
vt 0.5833333730697632 0.8315421938896179
vt 0.6000000238418579 0.8315421938896179
vt 0.6166666746139526 0.8315421938896179
vt 0.6333333253860474 0.8315421938896179
vt 0.6499999761581421 0.8315421938896179
vt 0.6666666269302368 0.8315421938896179
vt 0.6833333373069763 0.8315421938896179
vt 0.699999988079071 0.8315421938896179
vt 0.7166666388511658 0.8315421938896179
vt 0.7333333492279053 0.8315421938896179
vt 0.75 0.8315421938896179
vt 0.7666666507720947 0.8315421938896179
vt 0.7833333611488342 0.8315421938896179
vt 0.7999999523162842 0.8315421938896179
vt 0.8166666626930237 0.8315421938896179
vt 0.8333333134651184 0.8315421938896179
vt 0.8500000238418579 0.8315421938896179
vt 0.8666666150093079 0.8315421938896179
vt 0.8833333849906921 0.8315421938896179
vt 0.8999999761581421 0.8315421938896179
vt 0.9166666865348816 0.8315421938896179
vt 0.9333333373069763 0.8315421938896179
vt 0.9500000476837158 0.8315421938896179
vt 0.9666666388511658 0.8315421938896179
vt 0.9833333492279053 0.8315421938896179
vt 1 0.8315421938896179
vt 0 0.8427727222442627
vt 0.01666666753590107 0.8427727222442627
vt 0.03333333507180214 0.8427727222442627
vt 0.04999999701976776 0.8427727222442627
vt 0.06666667014360428 0.8427727222442627
vt 0.0833333283662796 0.8427727222442627
vt 0.09999999403953552 0.8427727222442627
vt 0.11666666716337204 0.8427727222442627
vt 0.13333334028720856 0.8427727222442627
vt 0.15000000596046448 0.8427727222442627
vt 0.1666666567325592 0.8427727222442627
vt 0.18333333730697632 0.8427727222442627
vt 0.19999998807907104 0.8427727222442627
vt 0.21666665375232697 0.8427727222442627
vt 0.23333333432674408 0.8427727222442627
vt 0.25 0.8427727222442627
vt 0.2666666805744171 0.8427727222442627
vt 0.28333333134651184 0.8427727222442627
vt 0.30000001192092896 0.8427727222442627
vt 0.3166666626930237 0.8427727222442627
vt 0.3333333134651184 0.8427727222442627
vt 0.3499999940395355 0.8427727222442627
vt 0.36666667461395264 0.8427727222442627
vt 0.38333332538604736 0.8427727222442627
vt 0.3999999761581421 0.8427727222442627
vt 0.4166666567325592 0.8427727222442627
vt 0.43333330750465393 0.8427727222442627
vt 0.44999998807907104 0.8427727222442627
vt 0.46666666865348816 0.8427727222442627
vt 0.4833333194255829 0.8427727222442627
vt 0.5 0.8427727222442627
vt 0.5166666507720947 0.8427727222442627
vt 0.5333333611488342 0.8427727222442627
vt 0.550000011920929 0.8427727222442627
vt 0.5666666626930237 0.8427727222442627
vt 0.5833333730697632 0.8427727222442627
vt 0.6000000238418579 0.8427727222442627
vt 0.6166666746139526 0.8427727222442627
vt 0.6333333253860474 0.8427727222442627
vt 0.6499999761581421 0.8427727222442627
vt 0.6666666269302368 0.8427727222442627
vt 0.6833333373069763 0.8427727222442627
vt 0.699999988079071 0.8427727222442627
vt 0.7166666388511658 0.8427727222442627
vt 0.7333333492279053 0.8427727222442627
vt 0.75 0.8427727222442627
vt 0.7666666507720947 0.8427727222442627
vt 0.7833333611488342 0.8427727222442627
vt 0.7999999523162842 0.8427727222442627
vt 0.8166666626930237 0.8427727222442627
vt 0.8333333134651184 0.8427727222442627
vt 0.8500000238418579 0.8427727222442627
vt 0.8666666150093079 0.8427727222442627
vt 0.8833333849906921 0.8427727222442627
vt 0.8999999761581421 0.8427727222442627
vt 0.9166666865348816 0.8427727222442627
vt 0.9333333373069763 0.8427727222442627
vt 0.9500000476837158 0.8427727222442627
vt 0.9666666388511658 0.8427727222442627
vt 0.9833333492279053 0.8427727222442627
vt 1 0.8427727222442627
vt 0 0.8540032505989075
vt 0.01666666753590107 0.8540032505989075
vt 0.03333333507180214 0.8540032505989075
vt 0.04999999701976776 0.8540032505989075
vt 0.06666667014360428 0.8540032505989075
vt 0.0833333283662796 0.8540032505989075
vt 0.09999999403953552 0.8540032505989075
vt 0.11666666716337204 0.8540032505989075
vt 0.13333334028720856 0.8540032505989075
vt 0.15000000596046448 0.8540032505989075
vt 0.1666666567325592 0.8540032505989075
vt 0.18333333730697632 0.8540032505989075
vt 0.19999998807907104 0.8540032505989075
vt 0.21666665375232697 0.8540032505989075
vt 0.23333333432674408 0.8540032505989075
vt 0.25 0.8540032505989075
vt 0.2666666805744171 0.8540032505989075
vt 0.28333333134651184 0.8540032505989075
vt 0.30000001192092896 0.8540032505989075
vt 0.3166666626930237 0.8540032505989075
vt 0.3333333134651184 0.8540032505989075
vt 0.3499999940395355 0.8540032505989075
vt 0.36666667461395264 0.8540032505989075
vt 0.38333332538604736 0.8540032505989075
vt 0.3999999761581421 0.8540032505989075
vt 0.4166666567325592 0.8540032505989075
vt 0.43333330750465393 0.8540032505989075
vt 0.44999998807907104 0.8540032505989075
vt 0.46666666865348816 0.8540032505989075
vt 0.4833333194255829 0.8540032505989075
vt 0.5 0.8540032505989075
vt 0.5166666507720947 0.8540032505989075
vt 0.5333333611488342 0.8540032505989075
vt 0.550000011920929 0.8540032505989075
vt 0.5666666626930237 0.8540032505989075
vt 0.5833333730697632 0.8540032505989075
vt 0.6000000238418579 0.8540032505989075
vt 0.6166666746139526 0.8540032505989075
vt 0.6333333253860474 0.8540032505989075
vt 0.6499999761581421 0.8540032505989075
vt 0.6666666269302368 0.8540032505989075
vt 0.6833333373069763 0.8540032505989075
vt 0.699999988079071 0.8540032505989075
vt 0.7166666388511658 0.8540032505989075
vt 0.7333333492279053 0.8540032505989075
vt 0.75 0.8540032505989075
vt 0.7666666507720947 0.8540032505989075
vt 0.7833333611488342 0.8540032505989075
vt 0.7999999523162842 0.8540032505989075
vt 0.8166666626930237 0.8540032505989075
vt 0.8333333134651184 0.8540032505989075
vt 0.8500000238418579 0.8540032505989075
vt 0.8666666150093079 0.8540032505989075
vt 0.8833333849906921 0.8540032505989075
vt 0.8999999761581421 0.8540032505989075
vt 0.9166666865348816 0.8540032505989075
vt 0.9333333373069763 0.8540032505989075
vt 0.9500000476837158 0.8540032505989075
vt 0.9666666388511658 0.8540032505989075
vt 0.9833333492279053 0.8540032505989075
vt 1 0.8540032505989075
vt 0 0.8652337789535522
vt 0.01666666753590107 0.8652337789535522
vt 0.03333333507180214 0.8652337789535522
vt 0.04999999701976776 0.8652337789535522
vt 0.06666667014360428 0.8652337789535522
vt 0.0833333283662796 0.8652337789535522
vt 0.09999999403953552 0.8652337789535522
vt 0.11666666716337204 0.8652337789535522
vt 0.13333334028720856 0.8652337789535522
vt 0.15000000596046448 0.8652337789535522
vt 0.1666666567325592 0.8652337789535522
vt 0.18333333730697632 0.8652337789535522
vt 0.19999998807907104 0.8652337789535522
vt 0.21666665375232697 0.8652337789535522
vt 0.23333333432674408 0.8652337789535522
vt 0.25 0.8652337789535522
vt 0.2666666805744171 0.8652337789535522
vt 0.28333333134651184 0.8652337789535522
vt 0.30000001192092896 0.8652337789535522
vt 0.3166666626930237 0.8652337789535522
vt 0.3333333134651184 0.8652337789535522
vt 0.3499999940395355 0.8652337789535522
vt 0.36666667461395264 0.8652337789535522
vt 0.38333332538604736 0.8652337789535522
vt 0.3999999761581421 0.8652337789535522
vt 0.4166666567325592 0.8652337789535522
vt 0.43333330750465393 0.8652337789535522
vt 0.44999998807907104 0.8652337789535522
vt 0.46666666865348816 0.8652337789535522
vt 0.4833333194255829 0.8652337789535522
vt 0.5 0.8652337789535522
vt 0.5166666507720947 0.8652337789535522
vt 0.5333333611488342 0.8652337789535522
vt 0.550000011920929 0.8652337789535522
vt 0.5666666626930237 0.8652337789535522
vt 0.5833333730697632 0.8652337789535522
vt 0.6000000238418579 0.8652337789535522
vt 0.6166666746139526 0.8652337789535522
vt 0.6333333253860474 0.8652337789535522
vt 0.6499999761581421 0.8652337789535522
vt 0.6666666269302368 0.8652337789535522
vt 0.6833333373069763 0.8652337789535522
vt 0.699999988079071 0.8652337789535522
vt 0.7166666388511658 0.8652337789535522
vt 0.7333333492279053 0.8652337789535522
vt 0.75 0.8652337789535522
vt 0.7666666507720947 0.8652337789535522
vt 0.7833333611488342 0.8652337789535522
vt 0.7999999523162842 0.8652337789535522
vt 0.8166666626930237 0.8652337789535522
vt 0.8333333134651184 0.8652337789535522
vt 0.8500000238418579 0.8652337789535522
vt 0.8666666150093079 0.8652337789535522
vt 0.8833333849906921 0.8652337789535522
vt 0.8999999761581421 0.8652337789535522
vt 0.9166666865348816 0.8652337789535522
vt 0.9333333373069763 0.8652337789535522
vt 0.9500000476837158 0.8652337789535522
vt 0.9666666388511658 0.8652337789535522
vt 0.9833333492279053 0.8652337789535522
vt 1 0.8652337789535522
vt 0 0.876464307308197
vt 0.01666666753590107 0.876464307308197
vt 0.03333333507180214 0.876464307308197
vt 0.04999999701976776 0.876464307308197
vt 0.06666667014360428 0.876464307308197
vt 0.0833333283662796 0.876464307308197
vt 0.09999999403953552 0.876464307308197
vt 0.11666666716337204 0.876464307308197
vt 0.13333334028720856 0.876464307308197
vt 0.15000000596046448 0.876464307308197
vt 0.1666666567325592 0.876464307308197
vt 0.18333333730697632 0.876464307308197
vt 0.19999998807907104 0.876464307308197
vt 0.21666665375232697 0.876464307308197
vt 0.23333333432674408 0.876464307308197
vt 0.25 0.876464307308197
vt 0.2666666805744171 0.876464307308197
vt 0.28333333134651184 0.876464307308197
vt 0.30000001192092896 0.876464307308197
vt 0.3166666626930237 0.876464307308197
vt 0.3333333134651184 0.876464307308197
vt 0.3499999940395355 0.876464307308197
vt 0.36666667461395264 0.876464307308197
vt 0.38333332538604736 0.876464307308197
vt 0.3999999761581421 0.876464307308197
vt 0.4166666567325592 0.876464307308197
vt 0.43333330750465393 0.876464307308197
vt 0.44999998807907104 0.876464307308197
vt 0.46666666865348816 0.876464307308197
vt 0.4833333194255829 0.876464307308197
vt 0.5 0.876464307308197
vt 0.5166666507720947 0.876464307308197
vt 0.5333333611488342 0.876464307308197
vt 0.550000011920929 0.876464307308197
vt 0.5666666626930237 0.876464307308197
vt 0.5833333730697632 0.876464307308197
vt 0.6000000238418579 0.876464307308197
vt 0.6166666746139526 0.876464307308197
vt 0.6333333253860474 0.876464307308197
vt 0.6499999761581421 0.876464307308197
vt 0.6666666269302368 0.876464307308197
vt 0.6833333373069763 0.876464307308197
vt 0.699999988079071 0.876464307308197
vt 0.7166666388511658 0.876464307308197
vt 0.7333333492279053 0.876464307308197
vt 0.75 0.876464307308197
vt 0.7666666507720947 0.876464307308197
vt 0.7833333611488342 0.876464307308197
vt 0.7999999523162842 0.876464307308197
vt 0.8166666626930237 0.876464307308197
vt 0.8333333134651184 0.876464307308197
vt 0.8500000238418579 0.876464307308197
vt 0.8666666150093079 0.876464307308197
vt 0.8833333849906921 0.876464307308197
vt 0.8999999761581421 0.876464307308197
vt 0.9166666865348816 0.876464307308197
vt 0.9333333373069763 0.876464307308197
vt 0.9500000476837158 0.876464307308197
vt 0.9666666388511658 0.876464307308197
vt 0.9833333492279053 0.876464307308197
vt 1 0.876464307308197
vt 0 0.887694776058197
vt 0.01666666753590107 0.887694776058197
vt 0.03333333507180214 0.887694776058197
vt 0.04999999701976776 0.887694776058197
vt 0.06666667014360428 0.887694776058197
vt 0.0833333283662796 0.887694776058197
vt 0.09999999403953552 0.887694776058197
vt 0.11666666716337204 0.887694776058197
vt 0.13333334028720856 0.887694776058197
vt 0.15000000596046448 0.887694776058197
vt 0.1666666567325592 0.887694776058197
vt 0.18333333730697632 0.887694776058197
vt 0.19999998807907104 0.887694776058197
vt 0.21666665375232697 0.887694776058197
vt 0.23333333432674408 0.887694776058197
vt 0.25 0.887694776058197
vt 0.2666666805744171 0.887694776058197
vt 0.28333333134651184 0.887694776058197
vt 0.30000001192092896 0.887694776058197
vt 0.3166666626930237 0.887694776058197
vt 0.3333333134651184 0.887694776058197
vt 0.3499999940395355 0.887694776058197
vt 0.36666667461395264 0.887694776058197
vt 0.38333332538604736 0.887694776058197
vt 0.3999999761581421 0.887694776058197
vt 0.4166666567325592 0.887694776058197
vt 0.43333330750465393 0.887694776058197
vt 0.44999998807907104 0.887694776058197
vt 0.46666666865348816 0.887694776058197
vt 0.4833333194255829 0.887694776058197
vt 0.5 0.887694776058197
vt 0.5166666507720947 0.887694776058197
vt 0.5333333611488342 0.887694776058197
vt 0.550000011920929 0.887694776058197
vt 0.5666666626930237 0.887694776058197
vt 0.5833333730697632 0.887694776058197
vt 0.6000000238418579 0.887694776058197
vt 0.6166666746139526 0.887694776058197
vt 0.6333333253860474 0.887694776058197
vt 0.6499999761581421 0.887694776058197
vt 0.6666666269302368 0.887694776058197
vt 0.6833333373069763 0.887694776058197
vt 0.699999988079071 0.887694776058197
vt 0.7166666388511658 0.887694776058197
vt 0.7333333492279053 0.887694776058197
vt 0.75 0.887694776058197
vt 0.7666666507720947 0.887694776058197
vt 0.7833333611488342 0.887694776058197
vt 0.7999999523162842 0.887694776058197
vt 0.8166666626930237 0.887694776058197
vt 0.8333333134651184 0.887694776058197
vt 0.8500000238418579 0.887694776058197
vt 0.8666666150093079 0.887694776058197
vt 0.8833333849906921 0.887694776058197
vt 0.8999999761581421 0.887694776058197
vt 0.9166666865348816 0.887694776058197
vt 0.9333333373069763 0.887694776058197
vt 0.9500000476837158 0.887694776058197
vt 0.9666666388511658 0.887694776058197
vt 0.9833333492279053 0.887694776058197
vt 1 0.887694776058197
vt 0 0.8989253044128418
vt 0.01666666753590107 0.8989253044128418
vt 0.03333333507180214 0.8989253044128418
vt 0.04999999701976776 0.8989253044128418
vt 0.06666667014360428 0.8989253044128418
vt 0.0833333283662796 0.8989253044128418
vt 0.09999999403953552 0.8989253044128418
vt 0.11666666716337204 0.8989253044128418
vt 0.13333334028720856 0.8989253044128418
vt 0.15000000596046448 0.8989253044128418
vt 0.1666666567325592 0.8989253044128418
vt 0.18333333730697632 0.8989253044128418
vt 0.19999998807907104 0.8989253044128418
vt 0.21666665375232697 0.8989253044128418
vt 0.23333333432674408 0.8989253044128418
vt 0.25 0.8989253044128418
vt 0.2666666805744171 0.8989253044128418
vt 0.28333333134651184 0.8989253044128418
vt 0.30000001192092896 0.8989253044128418
vt 0.3166666626930237 0.8989253044128418
vt 0.3333333134651184 0.8989253044128418
vt 0.3499999940395355 0.8989253044128418
vt 0.36666667461395264 0.8989253044128418
vt 0.38333332538604736 0.8989253044128418
vt 0.3999999761581421 0.8989253044128418
vt 0.4166666567325592 0.8989253044128418
vt 0.43333330750465393 0.8989253044128418
vt 0.44999998807907104 0.8989253044128418
vt 0.46666666865348816 0.8989253044128418
vt 0.4833333194255829 0.8989253044128418
vt 0.5 0.8989253044128418
vt 0.5166666507720947 0.8989253044128418
vt 0.5333333611488342 0.8989253044128418
vt 0.550000011920929 0.8989253044128418
vt 0.5666666626930237 0.8989253044128418
vt 0.5833333730697632 0.8989253044128418
vt 0.6000000238418579 0.8989253044128418
vt 0.6166666746139526 0.8989253044128418
vt 0.6333333253860474 0.8989253044128418
vt 0.6499999761581421 0.8989253044128418
vt 0.6666666269302368 0.8989253044128418
vt 0.6833333373069763 0.8989253044128418
vt 0.699999988079071 0.8989253044128418
vt 0.7166666388511658 0.8989253044128418
vt 0.7333333492279053 0.8989253044128418
vt 0.75 0.8989253044128418
vt 0.7666666507720947 0.8989253044128418
vt 0.7833333611488342 0.8989253044128418
vt 0.7999999523162842 0.8989253044128418
vt 0.8166666626930237 0.8989253044128418
vt 0.8333333134651184 0.8989253044128418
vt 0.8500000238418579 0.8989253044128418
vt 0.8666666150093079 0.8989253044128418
vt 0.8833333849906921 0.8989253044128418
vt 0.8999999761581421 0.8989253044128418
vt 0.9166666865348816 0.8989253044128418
vt 0.9333333373069763 0.8989253044128418
vt 0.9500000476837158 0.8989253044128418
vt 0.9666666388511658 0.8989253044128418
vt 0.9833333492279053 0.8989253044128418
vt 1 0.8989253044128418
vt 0 0.9101558327674866
vt 0.01666666753590107 0.9101558327674866
vt 0.03333333507180214 0.9101558327674866
vt 0.04999999701976776 0.9101558327674866
vt 0.06666667014360428 0.9101558327674866
vt 0.0833333283662796 0.9101558327674866
vt 0.09999999403953552 0.9101558327674866
vt 0.11666666716337204 0.9101558327674866
vt 0.13333334028720856 0.9101558327674866
vt 0.15000000596046448 0.9101558327674866
vt 0.1666666567325592 0.9101558327674866
vt 0.18333333730697632 0.9101558327674866
vt 0.19999998807907104 0.9101558327674866
vt 0.21666665375232697 0.9101558327674866
vt 0.23333333432674408 0.9101558327674866
vt 0.25 0.9101558327674866
vt 0.2666666805744171 0.9101558327674866
vt 0.28333333134651184 0.9101558327674866
vt 0.30000001192092896 0.9101558327674866
vt 0.3166666626930237 0.9101558327674866
vt 0.3333333134651184 0.9101558327674866
vt 0.3499999940395355 0.9101558327674866
vt 0.36666667461395264 0.9101558327674866
vt 0.38333332538604736 0.9101558327674866
vt 0.3999999761581421 0.9101558327674866
vt 0.4166666567325592 0.9101558327674866
vt 0.43333330750465393 0.9101558327674866
vt 0.44999998807907104 0.9101558327674866
vt 0.46666666865348816 0.9101558327674866
vt 0.4833333194255829 0.9101558327674866
vt 0.5 0.9101558327674866
vt 0.5166666507720947 0.9101558327674866
vt 0.5333333611488342 0.9101558327674866
vt 0.550000011920929 0.9101558327674866
vt 0.5666666626930237 0.9101558327674866
vt 0.5833333730697632 0.9101558327674866
vt 0.6000000238418579 0.9101558327674866
vt 0.6166666746139526 0.9101558327674866
vt 0.6333333253860474 0.9101558327674866
vt 0.6499999761581421 0.9101558327674866
vt 0.6666666269302368 0.9101558327674866
vt 0.6833333373069763 0.9101558327674866
vt 0.699999988079071 0.9101558327674866
vt 0.7166666388511658 0.9101558327674866
vt 0.7333333492279053 0.9101558327674866
vt 0.75 0.9101558327674866
vt 0.7666666507720947 0.9101558327674866
vt 0.7833333611488342 0.9101558327674866
vt 0.7999999523162842 0.9101558327674866
vt 0.8166666626930237 0.9101558327674866
vt 0.8333333134651184 0.9101558327674866
vt 0.8500000238418579 0.9101558327674866
vt 0.8666666150093079 0.9101558327674866
vt 0.8833333849906921 0.9101558327674866
vt 0.8999999761581421 0.9101558327674866
vt 0.9166666865348816 0.9101558327674866
vt 0.9333333373069763 0.9101558327674866
vt 0.9500000476837158 0.9101558327674866
vt 0.9666666388511658 0.9101558327674866
vt 0.9833333492279053 0.9101558327674866
vt 1 0.9101558327674866
vt 0 0.9213863611221313
vt 0.01666666753590107 0.9213863611221313
vt 0.03333333507180214 0.9213863611221313
vt 0.04999999701976776 0.9213863611221313
vt 0.06666667014360428 0.9213863611221313
vt 0.0833333283662796 0.9213863611221313
vt 0.09999999403953552 0.9213863611221313
vt 0.11666666716337204 0.9213863611221313
vt 0.13333334028720856 0.9213863611221313
vt 0.15000000596046448 0.9213863611221313
vt 0.1666666567325592 0.9213863611221313
vt 0.18333333730697632 0.9213863611221313
vt 0.19999998807907104 0.9213863611221313
vt 0.21666665375232697 0.9213863611221313
vt 0.23333333432674408 0.9213863611221313
vt 0.25 0.9213863611221313
vt 0.2666666805744171 0.9213863611221313
vt 0.28333333134651184 0.9213863611221313
vt 0.30000001192092896 0.9213863611221313
vt 0.3166666626930237 0.9213863611221313
vt 0.3333333134651184 0.9213863611221313
vt 0.3499999940395355 0.9213863611221313
vt 0.36666667461395264 0.9213863611221313
vt 0.38333332538604736 0.9213863611221313
vt 0.3999999761581421 0.9213863611221313
vt 0.4166666567325592 0.9213863611221313
vt 0.43333330750465393 0.9213863611221313
vt 0.44999998807907104 0.9213863611221313
vt 0.46666666865348816 0.9213863611221313
vt 0.4833333194255829 0.9213863611221313
vt 0.5 0.9213863611221313
vt 0.5166666507720947 0.9213863611221313
vt 0.5333333611488342 0.9213863611221313
vt 0.550000011920929 0.9213863611221313
vt 0.5666666626930237 0.9213863611221313
vt 0.5833333730697632 0.9213863611221313
vt 0.6000000238418579 0.9213863611221313
vt 0.6166666746139526 0.9213863611221313
vt 0.6333333253860474 0.9213863611221313
vt 0.6499999761581421 0.9213863611221313
vt 0.6666666269302368 0.9213863611221313
vt 0.6833333373069763 0.9213863611221313
vt 0.699999988079071 0.9213863611221313
vt 0.7166666388511658 0.9213863611221313
vt 0.7333333492279053 0.9213863611221313
vt 0.75 0.9213863611221313
vt 0.7666666507720947 0.9213863611221313
vt 0.7833333611488342 0.9213863611221313
vt 0.7999999523162842 0.9213863611221313
vt 0.8166666626930237 0.9213863611221313
vt 0.8333333134651184 0.9213863611221313
vt 0.8500000238418579 0.9213863611221313
vt 0.8666666150093079 0.9213863611221313
vt 0.8833333849906921 0.9213863611221313
vt 0.8999999761581421 0.9213863611221313
vt 0.9166666865348816 0.9213863611221313
vt 0.9333333373069763 0.9213863611221313
vt 0.9500000476837158 0.9213863611221313
vt 0.9666666388511658 0.9213863611221313
vt 0.9833333492279053 0.9213863611221313
vt 1 0.9213863611221313
vt 0 0.9326168894767761
vt 0.01666666753590107 0.9326168894767761
vt 0.03333333507180214 0.9326168894767761
vt 0.04999999701976776 0.9326168894767761
vt 0.06666667014360428 0.9326168894767761
vt 0.0833333283662796 0.9326168894767761
vt 0.09999999403953552 0.9326168894767761
vt 0.11666666716337204 0.9326168894767761
vt 0.13333334028720856 0.9326168894767761
vt 0.15000000596046448 0.9326168894767761
vt 0.1666666567325592 0.9326168894767761
vt 0.18333333730697632 0.9326168894767761
vt 0.19999998807907104 0.9326168894767761
vt 0.21666665375232697 0.9326168894767761
vt 0.23333333432674408 0.9326168894767761
vt 0.25 0.9326168894767761
vt 0.2666666805744171 0.9326168894767761
vt 0.28333333134651184 0.9326168894767761
vt 0.30000001192092896 0.9326168894767761
vt 0.3166666626930237 0.9326168894767761
vt 0.3333333134651184 0.9326168894767761
vt 0.3499999940395355 0.9326168894767761
vt 0.36666667461395264 0.9326168894767761
vt 0.38333332538604736 0.9326168894767761
vt 0.3999999761581421 0.9326168894767761
vt 0.4166666567325592 0.9326168894767761
vt 0.43333330750465393 0.9326168894767761
vt 0.44999998807907104 0.9326168894767761
vt 0.46666666865348816 0.9326168894767761
vt 0.4833333194255829 0.9326168894767761
vt 0.5 0.9326168894767761
vt 0.5166666507720947 0.9326168894767761
vt 0.5333333611488342 0.9326168894767761
vt 0.550000011920929 0.9326168894767761
vt 0.5666666626930237 0.9326168894767761
vt 0.5833333730697632 0.9326168894767761
vt 0.6000000238418579 0.9326168894767761
vt 0.6166666746139526 0.9326168894767761
vt 0.6333333253860474 0.9326168894767761
vt 0.6499999761581421 0.9326168894767761
vt 0.6666666269302368 0.9326168894767761
vt 0.6833333373069763 0.9326168894767761
vt 0.699999988079071 0.9326168894767761
vt 0.7166666388511658 0.9326168894767761
vt 0.7333333492279053 0.9326168894767761
vt 0.75 0.9326168894767761
vt 0.7666666507720947 0.9326168894767761
vt 0.7833333611488342 0.9326168894767761
vt 0.7999999523162842 0.9326168894767761
vt 0.8166666626930237 0.9326168894767761
vt 0.8333333134651184 0.9326168894767761
vt 0.8500000238418579 0.9326168894767761
vt 0.8666666150093079 0.9326168894767761
vt 0.8833333849906921 0.9326168894767761
vt 0.8999999761581421 0.9326168894767761
vt 0.9166666865348816 0.9326168894767761
vt 0.9333333373069763 0.9326168894767761
vt 0.9500000476837158 0.9326168894767761
vt 0.9666666388511658 0.9326168894767761
vt 0.9833333492279053 0.9326168894767761
vt 1 0.9326168894767761
vt 0 0.9438474178314209
vt 0.01666666753590107 0.9438474178314209
vt 0.03333333507180214 0.9438474178314209
vt 0.04999999701976776 0.9438474178314209
vt 0.06666667014360428 0.9438474178314209
vt 0.0833333283662796 0.9438474178314209
vt 0.09999999403953552 0.9438474178314209
vt 0.11666666716337204 0.9438474178314209
vt 0.13333334028720856 0.9438474178314209
vt 0.15000000596046448 0.9438474178314209
vt 0.1666666567325592 0.9438474178314209
vt 0.18333333730697632 0.9438474178314209
vt 0.19999998807907104 0.9438474178314209
vt 0.21666665375232697 0.9438474178314209
vt 0.23333333432674408 0.9438474178314209
vt 0.25 0.9438474178314209
vt 0.2666666805744171 0.9438474178314209
vt 0.28333333134651184 0.9438474178314209
vt 0.30000001192092896 0.9438474178314209
vt 0.3166666626930237 0.9438474178314209
vt 0.3333333134651184 0.9438474178314209
vt 0.3499999940395355 0.9438474178314209
vt 0.36666667461395264 0.9438474178314209
vt 0.38333332538604736 0.9438474178314209
vt 0.3999999761581421 0.9438474178314209
vt 0.4166666567325592 0.9438474178314209
vt 0.43333330750465393 0.9438474178314209
vt 0.44999998807907104 0.9438474178314209
vt 0.46666666865348816 0.9438474178314209
vt 0.4833333194255829 0.9438474178314209
vt 0.5 0.9438474178314209
vt 0.5166666507720947 0.9438474178314209
vt 0.5333333611488342 0.9438474178314209
vt 0.550000011920929 0.9438474178314209
vt 0.5666666626930237 0.9438474178314209
vt 0.5833333730697632 0.9438474178314209
vt 0.6000000238418579 0.9438474178314209
vt 0.6166666746139526 0.9438474178314209
vt 0.6333333253860474 0.9438474178314209
vt 0.6499999761581421 0.9438474178314209
vt 0.6666666269302368 0.9438474178314209
vt 0.6833333373069763 0.9438474178314209
vt 0.699999988079071 0.9438474178314209
vt 0.7166666388511658 0.9438474178314209
vt 0.7333333492279053 0.9438474178314209
vt 0.75 0.9438474178314209
vt 0.7666666507720947 0.9438474178314209
vt 0.7833333611488342 0.9438474178314209
vt 0.7999999523162842 0.9438474178314209
vt 0.8166666626930237 0.9438474178314209
vt 0.8333333134651184 0.9438474178314209
vt 0.8500000238418579 0.9438474178314209
vt 0.8666666150093079 0.9438474178314209
vt 0.8833333849906921 0.9438474178314209
vt 0.8999999761581421 0.9438474178314209
vt 0.9166666865348816 0.9438474178314209
vt 0.9333333373069763 0.9438474178314209
vt 0.9500000476837158 0.9438474178314209
vt 0.9666666388511658 0.9438474178314209
vt 0.9833333492279053 0.9438474178314209
vt 1 0.9438474178314209
vt 0 0.9550779461860657
vt 0.01666666753590107 0.9550779461860657
vt 0.03333333507180214 0.9550779461860657
vt 0.04999999701976776 0.9550779461860657
vt 0.06666667014360428 0.9550779461860657
vt 0.0833333283662796 0.9550779461860657
vt 0.09999999403953552 0.9550779461860657
vt 0.11666666716337204 0.9550779461860657
vt 0.13333334028720856 0.9550779461860657
vt 0.15000000596046448 0.9550779461860657
vt 0.1666666567325592 0.9550779461860657
vt 0.18333333730697632 0.9550779461860657
vt 0.19999998807907104 0.9550779461860657
vt 0.21666665375232697 0.9550779461860657
vt 0.23333333432674408 0.9550779461860657
vt 0.25 0.9550779461860657
vt 0.2666666805744171 0.9550779461860657
vt 0.28333333134651184 0.9550779461860657
vt 0.30000001192092896 0.9550779461860657
vt 0.3166666626930237 0.9550779461860657
vt 0.3333333134651184 0.9550779461860657
vt 0.3499999940395355 0.9550779461860657
vt 0.36666667461395264 0.9550779461860657
vt 0.38333332538604736 0.9550779461860657
vt 0.3999999761581421 0.9550779461860657
vt 0.4166666567325592 0.9550779461860657
vt 0.43333330750465393 0.9550779461860657
vt 0.44999998807907104 0.9550779461860657
vt 0.46666666865348816 0.9550779461860657
vt 0.4833333194255829 0.9550779461860657
vt 0.5 0.9550779461860657
vt 0.5166666507720947 0.9550779461860657
vt 0.5333333611488342 0.9550779461860657
vt 0.550000011920929 0.9550779461860657
vt 0.5666666626930237 0.9550779461860657
vt 0.5833333730697632 0.9550779461860657
vt 0.6000000238418579 0.9550779461860657
vt 0.6166666746139526 0.9550779461860657
vt 0.6333333253860474 0.9550779461860657
vt 0.6499999761581421 0.9550779461860657
vt 0.6666666269302368 0.9550779461860657
vt 0.6833333373069763 0.9550779461860657
vt 0.699999988079071 0.9550779461860657
vt 0.7166666388511658 0.9550779461860657
vt 0.7333333492279053 0.9550779461860657
vt 0.75 0.9550779461860657
vt 0.7666666507720947 0.9550779461860657
vt 0.7833333611488342 0.9550779461860657
vt 0.7999999523162842 0.9550779461860657
vt 0.8166666626930237 0.9550779461860657
vt 0.8333333134651184 0.9550779461860657
vt 0.8500000238418579 0.9550779461860657
vt 0.8666666150093079 0.9550779461860657
vt 0.8833333849906921 0.9550779461860657
vt 0.8999999761581421 0.9550779461860657
vt 0.9166666865348816 0.9550779461860657
vt 0.9333333373069763 0.9550779461860657
vt 0.9500000476837158 0.9550779461860657
vt 0.9666666388511658 0.9550779461860657
vt 0.9833333492279053 0.9550779461860657
vt 1 0.9550779461860657
vt 0 0.9663084149360657
vt 0.01666666753590107 0.9663084149360657
vt 0.03333333507180214 0.9663084149360657
vt 0.04999999701976776 0.9663084149360657
vt 0.06666667014360428 0.9663084149360657
vt 0.0833333283662796 0.9663084149360657
vt 0.09999999403953552 0.9663084149360657
vt 0.11666666716337204 0.9663084149360657
vt 0.13333334028720856 0.9663084149360657
vt 0.15000000596046448 0.9663084149360657
vt 0.1666666567325592 0.9663084149360657
vt 0.18333333730697632 0.9663084149360657
vt 0.19999998807907104 0.9663084149360657
vt 0.21666665375232697 0.9663084149360657
vt 0.23333333432674408 0.9663084149360657
vt 0.25 0.9663084149360657
vt 0.2666666805744171 0.9663084149360657
vt 0.28333333134651184 0.9663084149360657
vt 0.30000001192092896 0.9663084149360657
vt 0.3166666626930237 0.9663084149360657
vt 0.3333333134651184 0.9663084149360657
vt 0.3499999940395355 0.9663084149360657
vt 0.36666667461395264 0.9663084149360657
vt 0.38333332538604736 0.9663084149360657
vt 0.3999999761581421 0.9663084149360657
vt 0.4166666567325592 0.9663084149360657
vt 0.43333330750465393 0.9663084149360657
vt 0.44999998807907104 0.9663084149360657
vt 0.46666666865348816 0.9663084149360657
vt 0.4833333194255829 0.9663084149360657
vt 0.5 0.9663084149360657
vt 0.5166666507720947 0.9663084149360657
vt 0.5333333611488342 0.9663084149360657
vt 0.550000011920929 0.9663084149360657
vt 0.5666666626930237 0.9663084149360657
vt 0.5833333730697632 0.9663084149360657
vt 0.6000000238418579 0.9663084149360657
vt 0.6166666746139526 0.9663084149360657
vt 0.6333333253860474 0.9663084149360657
vt 0.6499999761581421 0.9663084149360657
vt 0.6666666269302368 0.9663084149360657
vt 0.6833333373069763 0.9663084149360657
vt 0.699999988079071 0.9663084149360657
vt 0.7166666388511658 0.9663084149360657
vt 0.7333333492279053 0.9663084149360657
vt 0.75 0.9663084149360657
vt 0.7666666507720947 0.9663084149360657
vt 0.7833333611488342 0.9663084149360657
vt 0.7999999523162842 0.9663084149360657
vt 0.8166666626930237 0.9663084149360657
vt 0.8333333134651184 0.9663084149360657
vt 0.8500000238418579 0.9663084149360657
vt 0.8666666150093079 0.9663084149360657
vt 0.8833333849906921 0.9663084149360657
vt 0.8999999761581421 0.9663084149360657
vt 0.9166666865348816 0.9663084149360657
vt 0.9333333373069763 0.9663084149360657
vt 0.9500000476837158 0.9663084149360657
vt 0.9666666388511658 0.9663084149360657
vt 0.9833333492279053 0.9663084149360657
vt 1 0.9663084149360657
vt 0 0.9775389432907104
vt 0.01666666753590107 0.9775389432907104
vt 0.03333333507180214 0.9775389432907104
vt 0.04999999701976776 0.9775389432907104
vt 0.06666667014360428 0.9775389432907104
vt 0.0833333283662796 0.9775389432907104
vt 0.09999999403953552 0.9775389432907104
vt 0.11666666716337204 0.9775389432907104
vt 0.13333334028720856 0.9775389432907104
vt 0.15000000596046448 0.9775389432907104
vt 0.1666666567325592 0.9775389432907104
vt 0.18333333730697632 0.9775389432907104
vt 0.19999998807907104 0.9775389432907104
vt 0.21666665375232697 0.9775389432907104
vt 0.23333333432674408 0.9775389432907104
vt 0.25 0.9775389432907104
vt 0.2666666805744171 0.9775389432907104
vt 0.28333333134651184 0.9775389432907104
vt 0.30000001192092896 0.9775389432907104
vt 0.3166666626930237 0.9775389432907104
vt 0.3333333134651184 0.9775389432907104
vt 0.3499999940395355 0.9775389432907104
vt 0.36666667461395264 0.9775389432907104
vt 0.38333332538604736 0.9775389432907104
vt 0.3999999761581421 0.9775389432907104
vt 0.4166666567325592 0.9775389432907104
vt 0.43333330750465393 0.9775389432907104
vt 0.44999998807907104 0.9775389432907104
vt 0.46666666865348816 0.9775389432907104
vt 0.4833333194255829 0.9775389432907104
vt 0.5 0.9775389432907104
vt 0.5166666507720947 0.9775389432907104
vt 0.5333333611488342 0.9775389432907104
vt 0.550000011920929 0.9775389432907104
vt 0.5666666626930237 0.9775389432907104
vt 0.5833333730697632 0.9775389432907104
vt 0.6000000238418579 0.9775389432907104
vt 0.6166666746139526 0.9775389432907104
vt 0.6333333253860474 0.9775389432907104
vt 0.6499999761581421 0.9775389432907104
vt 0.6666666269302368 0.9775389432907104
vt 0.6833333373069763 0.9775389432907104
vt 0.699999988079071 0.9775389432907104
vt 0.7166666388511658 0.9775389432907104
vt 0.7333333492279053 0.9775389432907104
vt 0.75 0.9775389432907104
vt 0.7666666507720947 0.9775389432907104
vt 0.7833333611488342 0.9775389432907104
vt 0.7999999523162842 0.9775389432907104
vt 0.8166666626930237 0.9775389432907104
vt 0.8333333134651184 0.9775389432907104
vt 0.8500000238418579 0.9775389432907104
vt 0.8666666150093079 0.9775389432907104
vt 0.8833333849906921 0.9775389432907104
vt 0.8999999761581421 0.9775389432907104
vt 0.9166666865348816 0.9775389432907104
vt 0.9333333373069763 0.9775389432907104
vt 0.9500000476837158 0.9775389432907104
vt 0.9666666388511658 0.9775389432907104
vt 0.9833333492279053 0.9775389432907104
vt 1 0.9775389432907104
vt 0 0.98876953125
vt 0.01666666753590107 0.98876953125
vt 0.03333333507180214 0.98876953125
vt 0.04999999701976776 0.98876953125
vt 0.06666667014360428 0.98876953125
vt 0.0833333283662796 0.98876953125
vt 0.09999999403953552 0.98876953125
vt 0.11666666716337204 0.98876953125
vt 0.13333334028720856 0.98876953125
vt 0.15000000596046448 0.98876953125
vt 0.1666666567325592 0.98876953125
vt 0.18333333730697632 0.98876953125
vt 0.19999998807907104 0.98876953125
vt 0.21666665375232697 0.98876953125
vt 0.23333333432674408 0.98876953125
vt 0.25 0.98876953125
vt 0.2666666805744171 0.98876953125
vt 0.28333333134651184 0.98876953125
vt 0.30000001192092896 0.98876953125
vt 0.3166666626930237 0.98876953125
vt 0.3333333134651184 0.98876953125
vt 0.3499999940395355 0.98876953125
vt 0.36666667461395264 0.98876953125
vt 0.38333332538604736 0.98876953125
vt 0.3999999761581421 0.98876953125
vt 0.4166666567325592 0.98876953125
vt 0.43333330750465393 0.98876953125
vt 0.44999998807907104 0.98876953125
vt 0.46666666865348816 0.98876953125
vt 0.4833333194255829 0.98876953125
vt 0.5 0.98876953125
vt 0.5166666507720947 0.98876953125
vt 0.5333333611488342 0.98876953125
vt 0.550000011920929 0.98876953125
vt 0.5666666626930237 0.98876953125
vt 0.5833333730697632 0.98876953125
vt 0.6000000238418579 0.98876953125
vt 0.6166666746139526 0.98876953125
vt 0.6333333253860474 0.98876953125
vt 0.6499999761581421 0.98876953125
vt 0.6666666269302368 0.98876953125
vt 0.6833333373069763 0.98876953125
vt 0.699999988079071 0.98876953125
vt 0.7166666388511658 0.98876953125
vt 0.7333333492279053 0.98876953125
vt 0.75 0.98876953125
vt 0.7666666507720947 0.98876953125
vt 0.7833333611488342 0.98876953125
vt 0.7999999523162842 0.98876953125
vt 0.8166666626930237 0.98876953125
vt 0.8333333134651184 0.98876953125
vt 0.8500000238418579 0.98876953125
vt 0.8666666150093079 0.98876953125
vt 0.8833333849906921 0.98876953125
vt 0.8999999761581421 0.98876953125
vt 0.9166666865348816 0.98876953125
vt 0.9333333373069763 0.98876953125
vt 0.9500000476837158 0.98876953125
vt 0.9666666388511658 0.98876953125
vt 0.9833333492279053 0.98876953125
vt 1 0.98876953125
vt 0 1
vt 0.01666666753590107 1
vt 0.03333333507180214 1
vt 0.04999999701976776 1
vt 0.06666667014360428 1
vt 0.0833333283662796 1
vt 0.09999999403953552 1
vt 0.11666666716337204 1
vt 0.13333334028720856 1
vt 0.15000000596046448 1
vt 0.1666666567325592 1
vt 0.18333333730697632 1
vt 0.19999998807907104 1
vt 0.21666665375232697 1
vt 0.23333333432674408 1
vt 0.25 1
vt 0.2666666805744171 1
vt 0.28333333134651184 1
vt 0.30000001192092896 1
vt 0.3166666626930237 1
vt 0.3333333134651184 1
vt 0.3499999940395355 1
vt 0.36666667461395264 1
vt 0.38333332538604736 1
vt 0.3999999761581421 1
vt 0.4166666567325592 1
vt 0.43333330750465393 1
vt 0.44999998807907104 1
vt 0.46666666865348816 1
vt 0.4833333194255829 1
vt 0.5 1
vt 0.5166666507720947 1
vt 0.5333333611488342 1
vt 0.550000011920929 1
vt 0.5666666626930237 1
vt 0.5833333730697632 1
vt 0.6000000238418579 1
vt 0.6166666746139526 1
vt 0.6333333253860474 1
vt 0.6499999761581421 1
vt 0.6666666269302368 1
vt 0.6833333373069763 1
vt 0.699999988079071 1
vt 0.7166666388511658 1
vt 0.7333333492279053 1
vt 0.75 1
vt 0.7666666507720947 1
vt 0.7833333611488342 1
vt 0.7999999523162842 1
vt 0.8166666626930237 1
vt 0.8333333134651184 1
vt 0.8500000238418579 1
vt 0.8666666150093079 1
vt 0.8833333849906921 1
vt 0.8999999761581421 1
vt 0.9166666865348816 1
vt 0.9333333373069763 1
vt 0.9500000476837158 1
vt 0.9666666388511658 1
vt 0.9833333492279053 1
vt 1 1
f 87/87 148/148 88/88
f 88/88 148/148 149/149
f 88/88 149/149 89/89
f 89/89 149/149 150/150
f 89/89 150/150 90/90
f 90/90 150/150 151/151
f 90/90 151/151 91/91
f 91/91 151/151 152/152
f 91/91 152/152 92/92
f 92/92 152/152 153/153
f 92/92 153/153 93/93
f 93/93 153/153 154/154
f 93/93 154/154 94/94
f 94/94 154/154 155/155
f 145/145 206/206 146/146
f 146/146 206/206 207/207
f 146/146 207/207 147/147
f 147/147 207/207 208/208
f 147/147 208/208 148/148
f 148/148 208/208 209/209
f 148/148 209/209 149/149
f 149/149 209/209 210/210
f 149/149 210/210 150/150
f 150/150 210/210 211/211
f 150/150 211/211 151/151
f 151/151 211/211 212/212
f 151/151 212/212 152/152
f 152/152 212/212 213/213
f 152/152 213/213 153/153
f 153/153 213/213 214/214
f 153/153 214/214 154/154
f 154/154 214/214 215/215
f 154/154 215/215 155/155
f 155/155 215/215 216/216
f 155/155 216/216 156/156
f 156/156 216/216 217/217
f 156/156 217/217 157/157
f 157/157 217/217 218/218
f 205/205 266/266 206/206
f 206/206 266/266 267/267
f 206/206 267/267 207/207
f 207/207 267/267 268/268
f 207/207 268/268 208/208
f 208/208 268/268 269/269
f 208/208 269/269 209/209
f 209/209 269/269 270/270
f 209/209 270/270 210/210
f 210/210 270/270 271/271
f 210/210 271/271 211/211
f 211/211 271/271 272/272
f 211/211 272/272 212/212
f 212/212 272/272 273/273
f 212/212 273/273 213/213
f 213/213 273/273 274/274
f 213/213 274/274 214/214
f 214/214 274/274 275/275
f 214/214 275/275 215/215
f 215/215 275/275 276/276
f 215/215 276/276 216/216
f 216/216 276/276 277/277
f 216/216 277/277 217/217
f 217/217 277/277 278/278
f 217/217 278/278 218/218
f 218/218 278/278 279/279
f 218/218 279/279 219/219
f 219/219 279/279 280/280
f 219/219 280/280 220/220
f 220/220 280/280 281/281
f 220/220 281/281 221/221
f 221/221 281/281 282/282
f 264/264 325/325 265/265
f 265/265 325/325 326/326
f 265/265 326/326 266/266
f 266/266 326/326 327/327
f 266/266 327/327 267/267
f 267/267 327/327 328/328
f 267/267 328/328 268/268
f 268/268 328/328 329/329
f 268/268 329/329 269/269
f 269/269 329/329 330/330
f 269/269 330/330 270/270
f 270/270 330/330 331/331
f 270/270 331/331 271/271
f 271/271 331/331 332/332
f 271/271 332/332 272/272
f 272/272 332/332 333/333
f 272/272 333/333 273/273
f 273/273 333/333 334/334
f 273/273 334/334 274/274
f 274/274 334/334 335/335
f 274/274 335/335 275/275
f 275/275 335/335 336/336
f 275/275 336/336 276/276
f 276/276 336/336 337/337
f 276/276 337/337 277/277
f 277/277 337/337 338/338
f 277/277 338/338 278/278
f 278/278 338/338 339/339
f 278/278 339/339 279/279
f 279/279 339/339 340/340
f 279/279 340/340 280/280
f 280/280 340/340 341/341
f 280/280 341/341 281/281
f 281/281 341/341 342/342
f 281/281 342/342 282/282
f 282/282 342/342 343/343
f 282/282 343/343 283/283
f 283/283 343/343 344/344
f 283/283 344/344 284/284
f 284/284 344/344 345/345
f 324/324 385/385 325/325
f 325/325 385/385 386/386
f 325/325 386/386 326/326
f 326/326 386/386 387/387
f 326/326 387/387 327/327
f 327/327 387/387 388/388
f 327/327 388/388 328/328
f 328/328 388/388 389/389
f 328/328 389/389 329/329
f 329/329 389/389 390/390
f 329/329 390/390 330/330
f 330/330 390/390 391/391
f 330/330 391/391 331/331
f 331/331 391/391 392/392
f 331/331 392/392 332/332
f 332/332 392/392 393/393
f 332/332 393/393 333/333
f 333/333 393/393 394/394
f 333/333 394/394 334/334
f 334/334 394/394 395/395
f 334/334 395/395 335/335
f 335/335 395/395 396/396
f 335/335 396/396 336/336
f 336/336 396/396 397/397
f 336/336 397/397 337/337
f 337/337 397/397 398/398
f 337/337 398/398 338/338
f 338/338 398/398 399/399
f 338/338 399/399 339/339
f 339/339 399/399 400/400
f 339/339 400/400 340/340
f 340/340 400/400 401/401
f 340/340 401/401 341/341
f 341/341 401/401 402/402
f 341/341 402/402 342/342
f 342/342 402/402 403/403
f 342/342 403/403 343/343
f 343/343 403/403 404/404
f 343/343 404/404 344/344
f 344/344 404/404 405/405
f 344/344 405/405 345/345
f 345/345 405/405 406/406
f 345/345 406/406 346/346
f 346/346 406/406 407/407
f 346/346 407/407 347/347
f 347/347 407/407 408/408
f 384/384 445/445 385/385
f 385/385 445/445 446/446
f 385/385 446/446 386/386
f 386/386 446/446 447/447
f 386/386 447/447 387/387
f 387/387 447/447 448/448
f 387/387 448/448 388/388
f 388/388 448/448 449/449
f 388/388 449/449 389/389
f 389/389 449/449 450/450
f 389/389 450/450 390/390
f 390/390 450/450 451/451
f 390/390 451/451 391/391
f 391/391 451/451 452/452
f 391/391 452/452 392/392
f 392/392 452/452 453/453
f 392/392 453/453 393/393
f 393/393 453/453 454/454
f 393/393 454/454 394/394
f 394/394 454/454 455/455
f 394/394 455/455 395/395
f 395/395 455/455 456/456
f 395/395 456/456 396/396
f 396/396 456/456 457/457
f 396/396 457/457 397/397
f 397/397 457/457 458/458
f 397/397 458/458 398/398
f 398/398 458/458 459/459
f 398/398 459/459 399/399
f 399/399 459/459 460/460
f 399/399 460/460 400/400
f 400/400 460/460 461/461
f 400/400 461/461 401/401
f 401/401 461/461 462/462
f 401/401 462/462 402/402
f 402/402 462/462 463/463
f 402/402 463/463 403/403
f 403/403 463/463 464/464
f 403/403 464/464 404/404
f 404/404 464/464 465/465
f 404/404 465/465 405/405
f 405/405 465/465 466/466
f 405/405 466/466 406/406
f 406/406 466/466 467/467
f 406/406 467/467 407/407
f 407/407 467/467 468/468
f 407/407 468/468 408/408
f 408/408 468/468 469/469
f 408/408 469/469 409/409
f 409/409 469/469 470/470
f 444/444 505/505 445/445
f 445/445 505/505 506/506
f 445/445 506/506 446/446
f 446/446 506/506 507/507
f 446/446 507/507 447/447
f 447/447 507/507 508/508
f 447/447 508/508 448/448
f 448/448 508/508 509/509
f 448/448 509/509 449/449
f 449/449 509/509 510/510
f 449/449 510/510 450/450
f 450/450 510/510 511/511
f 450/450 511/511 451/451
f 451/451 511/511 512/512
f 451/451 512/512 452/452
f 452/452 512/512 513/513
f 452/452 513/513 453/453
f 453/453 513/513 514/514
f 453/453 514/514 454/454
f 454/454 514/514 515/515
f 454/454 515/515 455/455
f 455/455 515/515 516/516
f 455/455 516/516 456/456
f 456/456 516/516 517/517
f 456/456 517/517 457/457
f 457/457 517/517 518/518
f 457/457 518/518 458/458
f 458/458 518/518 519/519
f 458/458 519/519 459/459
f 459/459 519/519 520/520
f 459/459 520/520 460/460
f 460/460 520/520 521/521
f 460/460 521/521 461/461
f 461/461 521/521 522/522
f 461/461 522/522 462/462
f 462/462 522/522 523/523
f 462/462 523/523 463/463
f 463/463 523/523 524/524
f 463/463 524/524 464/464
f 464/464 524/524 525/525
f 464/464 525/525 465/465
f 465/465 525/525 526/526
f 465/465 526/526 466/466
f 466/466 526/526 527/527
f 466/466 527/527 467/467
f 467/467 527/527 528/528
f 467/467 528/528 468/468
f 468/468 528/528 529/529
f 468/468 529/529 469/469
f 469/469 529/529 530/530
f 469/469 530/530 470/470
f 470/470 530/530 531/531
f 470/470 531/531 471/471
f 471/471 531/531 532/532
f 504/504 565/565 505/505
f 505/505 565/565 566/566
f 505/505 566/566 506/506
f 506/506 566/566 567/567
f 506/506 567/567 507/507
f 507/507 567/567 568/568
f 507/507 568/568 508/508
f 508/508 568/568 569/569
f 508/508 569/569 509/509
f 509/509 569/569 570/570
f 509/509 570/570 510/510
f 510/510 570/570 571/571
f 510/510 571/571 511/511
f 511/511 571/571 572/572
f 511/511 572/572 512/512
f 512/512 572/572 573/573
f 512/512 573/573 513/513
f 513/513 573/573 574/574
f 513/513 574/574 514/514
f 514/514 574/574 575/575
f 514/514 575/575 515/515
f 515/515 575/575 576/576
f 515/515 576/576 516/516
f 516/516 576/576 577/577
f 516/516 577/577 517/517
f 517/517 577/577 578/578
f 517/517 578/578 518/518
f 518/518 578/578 579/579
f 518/518 579/579 519/519
f 519/519 579/579 580/580
f 519/519 580/580 520/520
f 520/520 580/580 581/581
f 520/520 581/581 521/521
f 521/521 581/581 582/582
f 521/521 582/582 522/522
f 522/522 582/582 583/583
f 522/522 583/583 523/523
f 523/523 583/583 584/584
f 523/523 584/584 524/524
f 524/524 584/584 585/585
f 524/524 585/585 525/525
f 525/525 585/585 586/586
f 525/525 586/586 526/526
f 526/526 586/586 587/587
f 526/526 587/587 527/527
f 527/527 587/587 588/588
f 527/527 588/588 528/528
f 528/528 588/588 589/589
f 528/528 589/589 529/529
f 529/529 589/589 590/590
f 529/529 590/590 530/530
f 530/530 590/590 591/591
f 530/530 591/591 531/531
f 531/531 591/591 592/592
f 531/531 592/592 532/532
f 532/532 592/592 593/593
f 565/565 626/626 566/566
f 566/566 626/626 627/627
f 566/566 627/627 567/567
f 567/567 627/627 628/628
f 567/567 628/628 568/568
f 568/568 628/628 629/629
f 568/568 629/629 569/569
f 569/569 629/629 630/630
f 569/569 630/630 570/570
f 570/570 630/630 631/631
f 570/570 631/631 571/571
f 571/571 631/631 632/632
f 571/571 632/632 572/572
f 572/572 632/632 633/633
f 572/572 633/633 573/573
f 573/573 633/633 634/634
f 573/573 634/634 574/574
f 574/574 634/634 635/635
f 574/574 635/635 575/575
f 575/575 635/635 636/636
f 575/575 636/636 576/576
f 576/576 636/636 637/637
f 576/576 637/637 577/577
f 577/577 637/637 638/638
f 577/577 638/638 578/578
f 578/578 638/638 639/639
f 578/578 639/639 579/579
f 579/579 639/639 640/640
f 579/579 640/640 580/580
f 580/580 640/640 641/641
f 580/580 641/641 581/581
f 581/581 641/641 642/642
f 581/581 642/642 582/582
f 582/582 642/642 643/643
f 582/582 643/643 583/583
f 583/583 643/643 644/644
f 583/583 644/644 584/584
f 584/584 644/644 645/645
f 584/584 645/645 585/585
f 585/585 645/645 646/646
f 585/585 646/646 586/586
f 586/586 646/646 647/647
f 586/586 647/647 587/587
f 587/587 647/647 648/648
f 587/587 648/648 588/588
f 588/588 648/648 649/649
f 588/588 649/649 589/589
f 589/589 649/649 650/650
f 589/589 650/650 590/590
f 590/590 650/650 651/651
f 590/590 651/651 591/591
f 591/591 651/651 652/652
f 591/591 652/652 592/592
f 592/592 652/652 653/653
f 592/592 653/653 593/593
f 593/593 653/653 654/654
f 593/593 654/654 594/594
f 594/594 654/654 655/655
f 625/625 686/686 626/626
f 626/626 686/686 687/687
f 626/626 687/687 627/627
f 627/627 687/687 688/688
f 627/627 688/688 628/628
f 628/628 688/688 689/689
f 628/628 689/689 629/629
f 629/629 689/689 690/690
f 629/629 690/690 630/630
f 630/630 690/690 691/691
f 630/630 691/691 631/631
f 631/631 691/691 692/692
f 631/631 692/692 632/632
f 632/632 692/692 693/693
f 632/632 693/693 633/633
f 633/633 693/693 694/694
f 633/633 694/694 634/634
f 634/634 694/694 695/695
f 634/634 695/695 635/635
f 635/635 695/695 696/696
f 635/635 696/696 636/636
f 636/636 696/696 697/697
f 636/636 697/697 637/637
f 637/637 697/697 698/698
f 637/637 698/698 638/638
f 638/638 698/698 699/699
f 638/638 699/699 639/639
f 639/639 699/699 700/700
f 639/639 700/700 640/640
f 640/640 700/700 701/701
f 640/640 701/701 641/641
f 641/641 701/701 702/702
f 641/641 702/702 642/642
f 642/642 702/702 703/703
f 642/642 703/703 643/643
f 643/643 703/703 704/704
f 643/643 704/704 644/644
f 644/644 704/704 705/705
f 644/644 705/705 645/645
f 645/645 705/705 706/706
f 645/645 706/706 646/646
f 646/646 706/706 707/707
f 646/646 707/707 647/647
f 647/647 707/707 708/708
f 647/647 708/708 648/648
f 648/648 708/708 709/709
f 648/648 709/709 649/649
f 649/649 709/709 710/710
f 649/649 710/710 650/650
f 650/650 710/710 711/711
f 650/650 711/711 651/651
f 651/651 711/711 712/712
f 651/651 712/712 652/652
f 652/652 712/712 713/713
f 652/652 713/713 653/653
f 653/653 713/713 714/714
f 653/653 714/714 654/654
f 654/654 714/714 715/715
f 654/654 715/715 655/655
f 655/655 715/715 716/716
f 686/686 747/747 687/687
f 687/687 747/747 748/748
f 687/687 748/748 688/688
f 688/688 748/748 749/749
f 688/688 749/749 689/689
f 689/689 749/749 750/750
f 689/689 750/750 690/690
f 690/690 750/750 751/751
f 690/690 751/751 691/691
f 691/691 751/751 752/752
f 691/691 752/752 692/692
f 692/692 752/752 753/753
f 692/692 753/753 693/693
f 693/693 753/753 754/754
f 693/693 754/754 694/694
f 694/694 754/754 755/755
f 694/694 755/755 695/695
f 695/695 755/755 756/756
f 695/695 756/756 696/696
f 696/696 756/756 757/757
f 696/696 757/757 697/697
f 697/697 757/757 758/758
f 697/697 758/758 698/698
f 698/698 758/758 759/759
f 698/698 759/759 699/699
f 699/699 759/759 760/760
f 699/699 760/760 700/700
f 700/700 760/760 761/761
f 700/700 761/761 701/701
f 701/701 761/761 762/762
f 701/701 762/762 702/702
f 702/702 762/762 763/763
f 702/702 763/763 703/703
f 703/703 763/763 764/764
f 703/703 764/764 704/704
f 704/704 764/764 765/765
f 704/704 765/765 705/705
f 705/705 765/765 766/766
f 705/705 766/766 706/706
f 706/706 766/766 767/767
f 706/706 767/767 707/707
f 707/707 767/767 768/768
f 707/707 768/768 708/708
f 708/708 768/768 769/769
f 708/708 769/769 709/709
f 709/709 769/769 770/770
f 709/709 770/770 710/710
f 710/710 770/770 771/771
f 710/710 771/771 711/711
f 711/711 771/771 772/772
f 711/711 772/772 712/712
f 712/712 772/772 773/773
f 712/712 773/773 713/713
f 713/713 773/773 774/774
f 713/713 774/774 714/714
f 714/714 774/774 775/775
f 714/714 775/775 715/715
f 715/715 775/775 776/776
f 715/715 776/776 716/716
f 716/716 776/776 777/777
f 716/716 777/777 717/717
f 717/717 777/777 778/778
f 747/747 808/808 748/748
f 748/748 808/808 809/809
f 748/748 809/809 749/749
f 749/749 809/809 810/810
f 749/749 810/810 750/750
f 750/750 810/810 811/811
f 750/750 811/811 751/751
f 751/751 811/811 812/812
f 751/751 812/812 752/752
f 752/752 812/812 813/813
f 752/752 813/813 753/753
f 753/753 813/813 814/814
f 753/753 814/814 754/754
f 754/754 814/814 815/815
f 754/754 815/815 755/755
f 755/755 815/815 816/816
f 755/755 816/816 756/756
f 756/756 816/816 817/817
f 756/756 817/817 757/757
f 757/757 817/817 818/818
f 757/757 818/818 758/758
f 758/758 818/818 819/819
f 758/758 819/819 759/759
f 759/759 819/819 820/820
f 759/759 820/820 760/760
f 760/760 820/820 821/821
f 760/760 821/821 761/761
f 761/761 821/821 822/822
f 761/761 822/822 762/762
f 762/762 822/822 823/823
f 762/762 823/823 763/763
f 763/763 823/823 824/824
f 763/763 824/824 764/764
f 764/764 824/824 825/825
f 764/764 825/825 765/765
f 765/765 825/825 826/826
f 765/765 826/826 766/766
f 766/766 826/826 827/827
f 766/766 827/827 767/767
f 767/767 827/827 828/828
f 767/767 828/828 768/768
f 768/768 828/828 829/829
f 768/768 829/829 769/769
f 769/769 829/829 830/830
f 769/769 830/830 770/770
f 770/770 830/830 831/831
f 770/770 831/831 771/771
f 771/771 831/831 832/832
f 771/771 832/832 772/772
f 772/772 832/832 833/833
f 772/772 833/833 773/773
f 773/773 833/833 834/834
f 773/773 834/834 774/774
f 774/774 834/834 835/835
f 774/774 835/835 775/775
f 775/775 835/835 836/836
f 775/775 836/836 776/776
f 776/776 836/836 837/837
f 776/776 837/837 777/777
f 777/777 837/837 838/838
f 777/777 838/838 778/778
f 778/778 838/838 839/839
f 807/807 868/868 808/808
f 808/808 868/868 869/869
f 808/808 869/869 809/809
f 809/809 869/869 870/870
f 809/809 870/870 810/810
f 810/810 870/870 871/871
f 810/810 871/871 811/811
f 811/811 871/871 872/872
f 811/811 872/872 812/812
f 812/812 872/872 873/873
f 812/812 873/873 813/813
f 813/813 873/873 874/874
f 813/813 874/874 814/814
f 814/814 874/874 875/875
f 814/814 875/875 815/815
f 815/815 875/875 876/876
f 815/815 876/876 816/816
f 816/816 876/876 877/877
f 816/816 877/877 817/817
f 817/817 877/877 878/878
f 817/817 878/878 818/818
f 818/818 878/878 879/879
f 818/818 879/879 819/819
f 819/819 879/879 880/880
f 819/819 880/880 820/820
f 820/820 880/880 881/881
f 820/820 881/881 821/821
f 821/821 881/881 882/882
f 821/821 882/882 822/822
f 822/822 882/882 883/883
f 822/822 883/883 823/823
f 823/823 883/883 884/884
f 823/823 884/884 824/824
f 824/824 884/884 885/885
f 824/824 885/885 825/825
f 825/825 885/885 886/886
f 825/825 886/886 826/826
f 826/826 886/886 887/887
f 826/826 887/887 827/827
f 827/827 887/887 888/888
f 827/827 888/888 828/828
f 828/828 888/888 889/889
f 828/828 889/889 829/829
f 829/829 889/889 890/890
f 829/829 890/890 830/830
f 830/830 890/890 891/891
f 830/830 891/891 831/831
f 831/831 891/891 892/892
f 831/831 892/892 832/832
f 832/832 892/892 893/893
f 832/832 893/893 833/833
f 833/833 893/893 894/894
f 833/833 894/894 834/834
f 834/834 894/894 895/895
f 834/834 895/895 835/835
f 835/835 895/895 896/896
f 835/835 896/896 836/836
f 836/836 896/896 897/897
f 836/836 897/897 837/837
f 837/837 897/897 898/898
f 837/837 898/898 838/838
f 838/838 898/898 899/899
f 838/838 899/899 839/839
f 839/839 899/899 900/900
f 868/868 929/929 869/869
f 869/869 929/929 930/930
f 869/869 930/930 870/870
f 870/870 930/930 931/931
f 870/870 931/931 871/871
f 871/871 931/931 932/932
f 871/871 932/932 872/872
f 872/872 932/932 933/933
f 872/872 933/933 873/873
f 873/873 933/933 934/934
f 873/873 934/934 874/874
f 874/874 934/934 935/935
f 874/874 935/935 875/875
f 875/875 935/935 936/936
f 875/875 936/936 876/876
f 876/876 936/936 937/937
f 876/876 937/937 877/877
f 877/877 937/937 938/938
f 877/877 938/938 878/878
f 878/878 938/938 939/939
f 878/878 939/939 879/879
f 879/879 939/939 940/940
f 879/879 940/940 880/880
f 880/880 940/940 941/941
f 880/880 941/941 881/881
f 881/881 941/941 942/942
f 881/881 942/942 882/882
f 882/882 942/942 943/943
f 882/882 943/943 883/883
f 883/883 943/943 944/944
f 883/883 944/944 884/884
f 884/884 944/944 945/945
f 884/884 945/945 885/885
f 885/885 945/945 946/946
f 885/885 946/946 886/886
f 886/886 946/946 947/947
f 886/886 947/947 887/887
f 887/887 947/947 948/948
f 887/887 948/948 888/888
f 888/888 948/948 949/949
f 888/888 949/949 889/889
f 889/889 949/949 950/950
f 889/889 950/950 890/890
f 890/890 950/950 951/951
f 890/890 951/951 891/891
f 891/891 951/951 952/952
f 891/891 952/952 892/892
f 892/892 952/952 953/953
f 892/892 953/953 893/893
f 893/893 953/953 954/954
f 893/893 954/954 894/894
f 894/894 954/954 955/955
f 894/894 955/955 895/895
f 895/895 955/955 956/956
f 895/895 956/956 896/896
f 896/896 956/956 957/957
f 896/896 957/957 897/897
f 897/897 957/957 958/958
f 897/897 958/958 898/898
f 898/898 958/958 959/959
f 898/898 959/959 899/899
f 899/899 959/959 960/960
f 899/899 960/960 900/900
f 900/900 960/960 961/961
f 900/900 961/961 901/901
f 901/901 961/961 962/962
f 929/929 990/990 930/930
f 930/930 990/990 991/991
f 930/930 991/991 931/931
f 931/931 991/991 992/992
f 931/931 992/992 932/932
f 932/932 992/992 993/993
f 932/932 993/993 933/933
f 933/933 993/993 994/994
f 933/933 994/994 934/934
f 934/934 994/994 995/995
f 934/934 995/995 935/935
f 935/935 995/995 996/996
f 935/935 996/996 936/936
f 936/936 996/996 997/997
f 936/936 997/997 937/937
f 937/937 997/997 998/998
f 937/937 998/998 938/938
f 938/938 998/998 999/999
f 938/938 999/999 939/939
f 939/939 999/999 1000/1000
f 939/939 1000/1000 940/940
f 940/940 1000/1000 1001/1001
f 940/940 1001/1001 941/941
f 941/941 1001/1001 1002/1002
f 941/941 1002/1002 942/942
f 942/942 1002/1002 1003/1003
f 942/942 1003/1003 943/943
f 943/943 1003/1003 1004/1004
f 943/943 1004/1004 944/944
f 944/944 1004/1004 1005/1005
f 944/944 1005/1005 945/945
f 945/945 1005/1005 1006/1006
f 945/945 1006/1006 946/946
f 946/946 1006/1006 1007/1007
f 946/946 1007/1007 947/947
f 947/947 1007/1007 1008/1008
f 947/947 1008/1008 948/948
f 948/948 1008/1008 1009/1009
f 948/948 1009/1009 949/949
f 949/949 1009/1009 1010/1010
f 949/949 1010/1010 950/950
f 950/950 1010/1010 1011/1011
f 950/950 1011/1011 951/951
f 951/951 1011/1011 1012/1012
f 951/951 1012/1012 952/952
f 952/952 1012/1012 1013/1013
f 952/952 1013/1013 953/953
f 953/953 1013/1013 1014/1014
f 953/953 1014/1014 954/954
f 954/954 1014/1014 1015/1015
f 954/954 1015/1015 955/955
f 955/955 1015/1015 1016/1016
f 955/955 1016/1016 956/956
f 956/956 1016/1016 1017/1017
f 956/956 1017/1017 957/957
f 957/957 1017/1017 1018/1018
f 957/957 1018/1018 958/958
f 958/958 1018/1018 1019/1019
f 958/958 1019/1019 959/959
f 959/959 1019/1019 1020/1020
f 959/959 1020/1020 960/960
f 960/960 1020/1020 1021/1021
f 960/960 1021/1021 961/961
f 961/961 1021/1021 1022/1022
f 961/961 1022/1022 962/962
f 962/962 1022/1022 1023/1023
f 989/989 1050/1050 990/990
f 990/990 1050/1050 1051/1051
f 990/990 1051/1051 991/991
f 991/991 1051/1051 1052/1052
f 991/991 1052/1052 992/992
f 992/992 1052/1052 1053/1053
f 992/992 1053/1053 993/993
f 993/993 1053/1053 1054/1054
f 993/993 1054/1054 994/994
f 994/994 1054/1054 1055/1055
f 994/994 1055/1055 995/995
f 995/995 1055/1055 1056/1056
f 995/995 1056/1056 996/996
f 996/996 1056/1056 1057/1057
f 996/996 1057/1057 997/997
f 997/997 1057/1057 1058/1058
f 997/997 1058/1058 998/998
f 998/998 1058/1058 1059/1059
f 998/998 1059/1059 999/999
f 999/999 1059/1059 1060/1060
f 999/999 1060/1060 1000/1000
f 1000/1000 1060/1060 1061/1061
f 1000/1000 1061/1061 1001/1001
f 1001/1001 1061/1061 1062/1062
f 1001/1001 1062/1062 1002/1002
f 1002/1002 1062/1062 1063/1063
f 1002/1002 1063/1063 1003/1003
f 1003/1003 1063/1063 1064/1064
f 1003/1003 1064/1064 1004/1004
f 1004/1004 1064/1064 1065/1065
f 1004/1004 1065/1065 1005/1005
f 1005/1005 1065/1065 1066/1066
f 1005/1005 1066/1066 1006/1006
f 1006/1006 1066/1066 1067/1067
f 1006/1006 1067/1067 1007/1007
f 1007/1007 1067/1067 1068/1068
f 1007/1007 1068/1068 1008/1008
f 1008/1008 1068/1068 1069/1069
f 1008/1008 1069/1069 1009/1009
f 1009/1009 1069/1069 1070/1070
f 1009/1009 1070/1070 1010/1010
f 1010/1010 1070/1070 1071/1071
f 1010/1010 1071/1071 1011/1011
f 1011/1011 1071/1071 1072/1072
f 1011/1011 1072/1072 1012/1012
f 1012/1012 1072/1072 1073/1073
f 1012/1012 1073/1073 1013/1013
f 1013/1013 1073/1073 1074/1074
f 1013/1013 1074/1074 1014/1014
f 1014/1014 1074/1074 1075/1075
f 1014/1014 1075/1075 1015/1015
f 1015/1015 1075/1075 1076/1076
f 1015/1015 1076/1076 1016/1016
f 1016/1016 1076/1076 1077/1077
f 1016/1016 1077/1077 1017/1017
f 1017/1017 1077/1077 1078/1078
f 1017/1017 1078/1078 1018/1018
f 1018/1018 1078/1078 1079/1079
f 1018/1018 1079/1079 1019/1019
f 1019/1019 1079/1079 1080/1080
f 1019/1019 1080/1080 1020/1020
f 1020/1020 1080/1080 1081/1081
f 1020/1020 1081/1081 1021/1021
f 1021/1021 1081/1081 1082/1082
f 1021/1021 1082/1082 1022/1022
f 1022/1022 1082/1082 1083/1083
f 1022/1022 1083/1083 1023/1023
f 1023/1023 1083/1083 1084/1084
f 1023/1023 1084/1084 1024/1024
f 1024/1024 1084/1084 1085/1085
f 1050/1050 1111/1111 1051/1051
f 1051/1051 1111/1111 1112/1112
f 1051/1051 1112/1112 1052/1052
f 1052/1052 1112/1112 1113/1113
f 1052/1052 1113/1113 1053/1053
f 1053/1053 1113/1113 1114/1114
f 1053/1053 1114/1114 1054/1054
f 1054/1054 1114/1114 1115/1115
f 1054/1054 1115/1115 1055/1055
f 1055/1055 1115/1115 1116/1116
f 1055/1055 1116/1116 1056/1056
f 1056/1056 1116/1116 1117/1117
f 1056/1056 1117/1117 1057/1057
f 1057/1057 1117/1117 1118/1118
f 1057/1057 1118/1118 1058/1058
f 1058/1058 1118/1118 1119/1119
f 1058/1058 1119/1119 1059/1059
f 1059/1059 1119/1119 1120/1120
f 1059/1059 1120/1120 1060/1060
f 1060/1060 1120/1120 1121/1121
f 1060/1060 1121/1121 1061/1061
f 1061/1061 1121/1121 1122/1122
f 1061/1061 1122/1122 1062/1062
f 1062/1062 1122/1122 1123/1123
f 1062/1062 1123/1123 1063/1063
f 1063/1063 1123/1123 1124/1124
f 1063/1063 1124/1124 1064/1064
f 1064/1064 1124/1124 1125/1125
f 1064/1064 1125/1125 1065/1065
f 1065/1065 1125/1125 1126/1126
f 1065/1065 1126/1126 1066/1066
f 1066/1066 1126/1126 1127/1127
f 1066/1066 1127/1127 1067/1067
f 1067/1067 1127/1127 1128/1128
f 1067/1067 1128/1128 1068/1068
f 1068/1068 1128/1128 1129/1129
f 1068/1068 1129/1129 1069/1069
f 1069/1069 1129/1129 1130/1130
f 1069/1069 1130/1130 1070/1070
f 1070/1070 1130/1130 1131/1131
f 1070/1070 1131/1131 1071/1071
f 1071/1071 1131/1131 1132/1132
f 1071/1071 1132/1132 1072/1072
f 1072/1072 1132/1132 1133/1133
f 1072/1072 1133/1133 1073/1073
f 1073/1073 1133/1133 1134/1134
f 1073/1073 1134/1134 1074/1074
f 1074/1074 1134/1134 1135/1135
f 1074/1074 1135/1135 1075/1075
f 1075/1075 1135/1135 1136/1136
f 1075/1075 1136/1136 1076/1076
f 1076/1076 1136/1136 1137/1137
f 1076/1076 1137/1137 1077/1077
f 1077/1077 1137/1137 1138/1138
f 1077/1077 1138/1138 1078/1078
f 1078/1078 1138/1138 1139/1139
f 1078/1078 1139/1139 1079/1079
f 1079/1079 1139/1139 1140/1140
f 1079/1079 1140/1140 1080/1080
f 1080/1080 1140/1140 1141/1141
f 1080/1080 1141/1141 1081/1081
f 1081/1081 1141/1141 1142/1142
f 1081/1081 1142/1142 1082/1082
f 1082/1082 1142/1142 1143/1143
f 1082/1082 1143/1143 1083/1083
f 1083/1083 1143/1143 1144/1144
f 1083/1083 1144/1144 1084/1084
f 1084/1084 1144/1144 1145/1145
f 1084/1084 1145/1145 1085/1085
f 1085/1085 1145/1145 1146/1146
f 1110/1110 1171/1171 1111/1111
f 1111/1111 1171/1171 1172/1172
f 1111/1111 1172/1172 1112/1112
f 1112/1112 1172/1172 1173/1173
f 1112/1112 1173/1173 1113/1113
f 1113/1113 1173/1173 1174/1174
f 1113/1113 1174/1174 1114/1114
f 1114/1114 1174/1174 1175/1175
f 1114/1114 1175/1175 1115/1115
f 1115/1115 1175/1175 1176/1176
f 1115/1115 1176/1176 1116/1116
f 1116/1116 1176/1176 1177/1177
f 1116/1116 1177/1177 1117/1117
f 1117/1117 1177/1177 1178/1178
f 1117/1117 1178/1178 1118/1118
f 1118/1118 1178/1178 1179/1179
f 1118/1118 1179/1179 1119/1119
f 1119/1119 1179/1179 1180/1180
f 1119/1119 1180/1180 1120/1120
f 1120/1120 1180/1180 1181/1181
f 1120/1120 1181/1181 1121/1121
f 1121/1121 1181/1181 1182/1182
f 1121/1121 1182/1182 1122/1122
f 1122/1122 1182/1182 1183/1183
f 1122/1122 1183/1183 1123/1123
f 1123/1123 1183/1183 1184/1184
f 1123/1123 1184/1184 1124/1124
f 1124/1124 1184/1184 1185/1185
f 1124/1124 1185/1185 1125/1125
f 1125/1125 1185/1185 1186/1186
f 1125/1125 1186/1186 1126/1126
f 1126/1126 1186/1186 1187/1187
f 1126/1126 1187/1187 1127/1127
f 1127/1127 1187/1187 1188/1188
f 1127/1127 1188/1188 1128/1128
f 1128/1128 1188/1188 1189/1189
f 1128/1128 1189/1189 1129/1129
f 1129/1129 1189/1189 1190/1190
f 1129/1129 1190/1190 1130/1130
f 1130/1130 1190/1190 1191/1191
f 1130/1130 1191/1191 1131/1131
f 1131/1131 1191/1191 1192/1192
f 1131/1131 1192/1192 1132/1132
f 1132/1132 1192/1192 1193/1193
f 1132/1132 1193/1193 1133/1133
f 1133/1133 1193/1193 1194/1194
f 1133/1133 1194/1194 1134/1134
f 1134/1134 1194/1194 1195/1195
f 1134/1134 1195/1195 1135/1135
f 1135/1135 1195/1195 1196/1196
f 1135/1135 1196/1196 1136/1136
f 1136/1136 1196/1196 1197/1197
f 1136/1136 1197/1197 1137/1137
f 1137/1137 1197/1197 1198/1198
f 1137/1137 1198/1198 1138/1138
f 1138/1138 1198/1198 1199/1199
f 1138/1138 1199/1199 1139/1139
f 1139/1139 1199/1199 1200/1200
f 1139/1139 1200/1200 1140/1140
f 1140/1140 1200/1200 1201/1201
f 1140/1140 1201/1201 1141/1141
f 1141/1141 1201/1201 1202/1202
f 1141/1141 1202/1202 1142/1142
f 1142/1142 1202/1202 1203/1203
f 1142/1142 1203/1203 1143/1143
f 1143/1143 1203/1203 1204/1204
f 1143/1143 1204/1204 1144/1144
f 1144/1144 1204/1204 1205/1205
f 1144/1144 1205/1205 1145/1145
f 1145/1145 1205/1205 1206/1206
f 1145/1145 1206/1206 1146/1146
f 1146/1146 1206/1206 1207/1207
f 1171/1171 1232/1232 1172/1172
f 1172/1172 1232/1232 1233/1233
f 1172/1172 1233/1233 1173/1173
f 1173/1173 1233/1233 1234/1234
f 1173/1173 1234/1234 1174/1174
f 1174/1174 1234/1234 1235/1235
f 1174/1174 1235/1235 1175/1175
f 1175/1175 1235/1235 1236/1236
f 1175/1175 1236/1236 1176/1176
f 1176/1176 1236/1236 1237/1237
f 1176/1176 1237/1237 1177/1177
f 1177/1177 1237/1237 1238/1238
f 1177/1177 1238/1238 1178/1178
f 1178/1178 1238/1238 1239/1239
f 1178/1178 1239/1239 1179/1179
f 1179/1179 1239/1239 1240/1240
f 1179/1179 1240/1240 1180/1180
f 1180/1180 1240/1240 1241/1241
f 1180/1180 1241/1241 1181/1181
f 1181/1181 1241/1241 1242/1242
f 1181/1181 1242/1242 1182/1182
f 1182/1182 1242/1242 1243/1243
f 1182/1182 1243/1243 1183/1183
f 1183/1183 1243/1243 1244/1244
f 1183/1183 1244/1244 1184/1184
f 1184/1184 1244/1244 1245/1245
f 1184/1184 1245/1245 1185/1185
f 1185/1185 1245/1245 1246/1246
f 1185/1185 1246/1246 1186/1186
f 1186/1186 1246/1246 1247/1247
f 1186/1186 1247/1247 1187/1187
f 1187/1187 1247/1247 1248/1248
f 1187/1187 1248/1248 1188/1188
f 1188/1188 1248/1248 1249/1249
f 1188/1188 1249/1249 1189/1189
f 1189/1189 1249/1249 1250/1250
f 1189/1189 1250/1250 1190/1190
f 1190/1190 1250/1250 1251/1251
f 1190/1190 1251/1251 1191/1191
f 1191/1191 1251/1251 1252/1252
f 1191/1191 1252/1252 1192/1192
f 1192/1192 1252/1252 1253/1253
f 1192/1192 1253/1253 1193/1193
f 1193/1193 1253/1253 1254/1254
f 1193/1193 1254/1254 1194/1194
f 1194/1194 1254/1254 1255/1255
f 1194/1194 1255/1255 1195/1195
f 1195/1195 1255/1255 1256/1256
f 1195/1195 1256/1256 1196/1196
f 1196/1196 1256/1256 1257/1257
f 1196/1196 1257/1257 1197/1197
f 1197/1197 1257/1257 1258/1258
f 1197/1197 1258/1258 1198/1198
f 1198/1198 1258/1258 1259/1259
f 1198/1198 1259/1259 1199/1199
f 1199/1199 1259/1259 1260/1260
f 1199/1199 1260/1260 1200/1200
f 1200/1200 1260/1260 1261/1261
f 1200/1200 1261/1261 1201/1201
f 1201/1201 1261/1261 1262/1262
f 1201/1201 1262/1262 1202/1202
f 1202/1202 1262/1262 1263/1263
f 1202/1202 1263/1263 1203/1203
f 1203/1203 1263/1263 1264/1264
f 1203/1203 1264/1264 1204/1204
f 1204/1204 1264/1264 1265/1265
f 1204/1204 1265/1265 1205/1205
f 1205/1205 1265/1265 1266/1266
f 1205/1205 1266/1266 1206/1206
f 1206/1206 1266/1266 1267/1267
f 1206/1206 1267/1267 1207/1207
f 1207/1207 1267/1267 1268/1268
f 1207/1207 1268/1268 1208/1208
f 1208/1208 1268/1268 1269/1269
f 1231/1231 1292/1292 1232/1232
f 1232/1232 1292/1292 1293/1293
f 1232/1232 1293/1293 1233/1233
f 1233/1233 1293/1293 1294/1294
f 1233/1233 1294/1294 1234/1234
f 1234/1234 1294/1294 1295/1295
f 1234/1234 1295/1295 1235/1235
f 1235/1235 1295/1295 1296/1296
f 1235/1235 1296/1296 1236/1236
f 1236/1236 1296/1296 1297/1297
f 1236/1236 1297/1297 1237/1237
f 1237/1237 1297/1297 1298/1298
f 1237/1237 1298/1298 1238/1238
f 1238/1238 1298/1298 1299/1299
f 1238/1238 1299/1299 1239/1239
f 1239/1239 1299/1299 1300/1300
f 1239/1239 1300/1300 1240/1240
f 1240/1240 1300/1300 1301/1301
f 1240/1240 1301/1301 1241/1241
f 1241/1241 1301/1301 1302/1302
f 1241/1241 1302/1302 1242/1242
f 1242/1242 1302/1302 1303/1303
f 1242/1242 1303/1303 1243/1243
f 1243/1243 1303/1303 1304/1304
f 1243/1243 1304/1304 1244/1244
f 1244/1244 1304/1304 1305/1305
f 1244/1244 1305/1305 1245/1245
f 1245/1245 1305/1305 1306/1306
f 1245/1245 1306/1306 1246/1246
f 1246/1246 1306/1306 1307/1307
f 1246/1246 1307/1307 1247/1247
f 1247/1247 1307/1307 1308/1308
f 1247/1247 1308/1308 1248/1248
f 1248/1248 1308/1308 1309/1309
f 1248/1248 1309/1309 1249/1249
f 1249/1249 1309/1309 1310/1310
f 1249/1249 1310/1310 1250/1250
f 1250/1250 1310/1310 1311/1311
f 1250/1250 1311/1311 1251/1251
f 1251/1251 1311/1311 1312/1312
f 1251/1251 1312/1312 1252/1252
f 1252/1252 1312/1312 1313/1313
f 1252/1252 1313/1313 1253/1253
f 1253/1253 1313/1313 1314/1314
f 1253/1253 1314/1314 1254/1254
f 1254/1254 1314/1314 1315/1315
f 1254/1254 1315/1315 1255/1255
f 1255/1255 1315/1315 1316/1316
f 1255/1255 1316/1316 1256/1256
f 1256/1256 1316/1316 1317/1317
f 1256/1256 1317/1317 1257/1257
f 1257/1257 1317/1317 1318/1318
f 1257/1257 1318/1318 1258/1258
f 1258/1258 1318/1318 1319/1319
f 1258/1258 1319/1319 1259/1259
f 1259/1259 1319/1319 1320/1320
f 1259/1259 1320/1320 1260/1260
f 1260/1260 1320/1320 1321/1321
f 1260/1260 1321/1321 1261/1261
f 1261/1261 1321/1321 1322/1322
f 1261/1261 1322/1322 1262/1262
f 1262/1262 1322/1322 1323/1323
f 1262/1262 1323/1323 1263/1263
f 1263/1263 1323/1323 1324/1324
f 1263/1263 1324/1324 1264/1264
f 1264/1264 1324/1324 1325/1325
f 1264/1264 1325/1325 1265/1265
f 1265/1265 1325/1325 1326/1326
f 1265/1265 1326/1326 1266/1266
f 1266/1266 1326/1326 1327/1327
f 1266/1266 1327/1327 1267/1267
f 1267/1267 1327/1327 1328/1328
f 1267/1267 1328/1328 1268/1268
f 1268/1268 1328/1328 1329/1329
f 1268/1268 1329/1329 1269/1269
f 1269/1269 1329/1329 1330/1330
f 1292/1292 1353/1353 1293/1293
f 1293/1293 1353/1353 1354/1354
f 1293/1293 1354/1354 1294/1294
f 1294/1294 1354/1354 1355/1355
f 1294/1294 1355/1355 1295/1295
f 1295/1295 1355/1355 1356/1356
f 1295/1295 1356/1356 1296/1296
f 1296/1296 1356/1356 1357/1357
f 1296/1296 1357/1357 1297/1297
f 1297/1297 1357/1357 1358/1358
f 1297/1297 1358/1358 1298/1298
f 1298/1298 1358/1358 1359/1359
f 1298/1298 1359/1359 1299/1299
f 1299/1299 1359/1359 1360/1360
f 1299/1299 1360/1360 1300/1300
f 1300/1300 1360/1360 1361/1361
f 1300/1300 1361/1361 1301/1301
f 1301/1301 1361/1361 1362/1362
f 1301/1301 1362/1362 1302/1302
f 1302/1302 1362/1362 1363/1363
f 1302/1302 1363/1363 1303/1303
f 1303/1303 1363/1363 1364/1364
f 1303/1303 1364/1364 1304/1304
f 1304/1304 1364/1364 1365/1365
f 1304/1304 1365/1365 1305/1305
f 1305/1305 1365/1365 1366/1366
f 1305/1305 1366/1366 1306/1306
f 1306/1306 1366/1366 1367/1367
f 1306/1306 1367/1367 1307/1307
f 1307/1307 1367/1367 1368/1368
f 1307/1307 1368/1368 1308/1308
f 1308/1308 1368/1368 1369/1369
f 1308/1308 1369/1369 1309/1309
f 1309/1309 1369/1369 1370/1370
f 1309/1309 1370/1370 1310/1310
f 1310/1310 1370/1370 1371/1371
f 1310/1310 1371/1371 1311/1311
f 1311/1311 1371/1371 1372/1372
f 1311/1311 1372/1372 1312/1312
f 1312/1312 1372/1372 1373/1373
f 1312/1312 1373/1373 1313/1313
f 1313/1313 1373/1373 1374/1374
f 1313/1313 1374/1374 1314/1314
f 1314/1314 1374/1374 1375/1375
f 1314/1314 1375/1375 1315/1315
f 1315/1315 1375/1375 1376/1376
f 1315/1315 1376/1376 1316/1316
f 1316/1316 1376/1376 1377/1377
f 1316/1316 1377/1377 1317/1317
f 1317/1317 1377/1377 1378/1378
f 1317/1317 1378/1378 1318/1318
f 1318/1318 1378/1378 1379/1379
f 1318/1318 1379/1379 1319/1319
f 1319/1319 1379/1379 1380/1380
f 1319/1319 1380/1380 1320/1320
f 1320/1320 1380/1380 1381/1381
f 1320/1320 1381/1381 1321/1321
f 1321/1321 1381/1381 1382/1382
f 1321/1321 1382/1382 1322/1322
f 1322/1322 1382/1382 1383/1383
f 1322/1322 1383/1383 1323/1323
f 1323/1323 1383/1383 1384/1384
f 1323/1323 1384/1384 1324/1324
f 1324/1324 1384/1384 1385/1385
f 1324/1324 1385/1385 1325/1325
f 1325/1325 1385/1385 1386/1386
f 1325/1325 1386/1386 1326/1326
f 1326/1326 1386/1386 1387/1387
f 1326/1326 1387/1387 1327/1327
f 1327/1327 1387/1387 1388/1388
f 1327/1327 1388/1388 1328/1328
f 1328/1328 1388/1388 1389/1389
f 1328/1328 1389/1389 1329/1329
f 1329/1329 1389/1389 1390/1390
f 1329/1329 1390/1390 1330/1330
f 1330/1330 1390/1390 1391/1391
f 1330/1330 1391/1391 1331/1331
f 1331/1331 1391/1391 1392/1392
f 1353/1353 1414/1414 1354/1354
f 1354/1354 1414/1414 1415/1415
f 1354/1354 1415/1415 1355/1355
f 1355/1355 1415/1415 1416/1416
f 1355/1355 1416/1416 1356/1356
f 1356/1356 1416/1416 1417/1417
f 1356/1356 1417/1417 1357/1357
f 1357/1357 1417/1417 1418/1418
f 1357/1357 1418/1418 1358/1358
f 1358/1358 1418/1418 1419/1419
f 1358/1358 1419/1419 1359/1359
f 1359/1359 1419/1419 1420/1420
f 1359/1359 1420/1420 1360/1360
f 1360/1360 1420/1420 1421/1421
f 1360/1360 1421/1421 1361/1361
f 1361/1361 1421/1421 1422/1422
f 1361/1361 1422/1422 1362/1362
f 1362/1362 1422/1422 1423/1423
f 1362/1362 1423/1423 1363/1363
f 1363/1363 1423/1423 1424/1424
f 1363/1363 1424/1424 1364/1364
f 1364/1364 1424/1424 1425/1425
f 1364/1364 1425/1425 1365/1365
f 1365/1365 1425/1425 1426/1426
f 1365/1365 1426/1426 1366/1366
f 1366/1366 1426/1426 1427/1427
f 1366/1366 1427/1427 1367/1367
f 1367/1367 1427/1427 1428/1428
f 1367/1367 1428/1428 1368/1368
f 1368/1368 1428/1428 1429/1429
f 1368/1368 1429/1429 1369/1369
f 1369/1369 1429/1429 1430/1430
f 1369/1369 1430/1430 1370/1370
f 1370/1370 1430/1430 1431/1431
f 1370/1370 1431/1431 1371/1371
f 1371/1371 1431/1431 1432/1432
f 1371/1371 1432/1432 1372/1372
f 1372/1372 1432/1432 1433/1433
f 1372/1372 1433/1433 1373/1373
f 1373/1373 1433/1433 1434/1434
f 1373/1373 1434/1434 1374/1374
f 1374/1374 1434/1434 1435/1435
f 1374/1374 1435/1435 1375/1375
f 1375/1375 1435/1435 1436/1436
f 1375/1375 1436/1436 1376/1376
f 1376/1376 1436/1436 1437/1437
f 1376/1376 1437/1437 1377/1377
f 1377/1377 1437/1437 1438/1438
f 1377/1377 1438/1438 1378/1378
f 1378/1378 1438/1438 1439/1439
f 1378/1378 1439/1439 1379/1379
f 1379/1379 1439/1439 1440/1440
f 1379/1379 1440/1440 1380/1380
f 1380/1380 1440/1440 1441/1441
f 1380/1380 1441/1441 1381/1381
f 1381/1381 1441/1441 1442/1442
f 1381/1381 1442/1442 1382/1382
f 1382/1382 1442/1442 1443/1443
f 1382/1382 1443/1443 1383/1383
f 1383/1383 1443/1443 1444/1444
f 1383/1383 1444/1444 1384/1384
f 1384/1384 1444/1444 1445/1445
f 1384/1384 1445/1445 1385/1385
f 1385/1385 1445/1445 1446/1446
f 1385/1385 1446/1446 1386/1386
f 1386/1386 1446/1446 1447/1447
f 1386/1386 1447/1447 1387/1387
f 1387/1387 1447/1447 1448/1448
f 1387/1387 1448/1448 1388/1388
f 1388/1388 1448/1448 1449/1449
f 1388/1388 1449/1449 1389/1389
f 1389/1389 1449/1449 1450/1450
f 1389/1389 1450/1450 1390/1390
f 1390/1390 1450/1450 1451/1451
f 1390/1390 1451/1451 1391/1391
f 1391/1391 1451/1451 1452/1452
f 1391/1391 1452/1452 1392/1392
f 1392/1392 1452/1452 1453/1453
f 1414/1414 1475/1475 1415/1415
f 1415/1415 1475/1475 1476/1476
f 1415/1415 1476/1476 1416/1416
f 1416/1416 1476/1476 1477/1477
f 1416/1416 1477/1477 1417/1417
f 1417/1417 1477/1477 1478/1478
f 1417/1417 1478/1478 1418/1418
f 1418/1418 1478/1478 1479/1479
f 1418/1418 1479/1479 1419/1419
f 1419/1419 1479/1479 1480/1480
f 1419/1419 1480/1480 1420/1420
f 1420/1420 1480/1480 1481/1481
f 1420/1420 1481/1481 1421/1421
f 1421/1421 1481/1481 1482/1482
f 1421/1421 1482/1482 1422/1422
f 1422/1422 1482/1482 1483/1483
f 1422/1422 1483/1483 1423/1423
f 1423/1423 1483/1483 1484/1484
f 1423/1423 1484/1484 1424/1424
f 1424/1424 1484/1484 1485/1485
f 1424/1424 1485/1485 1425/1425
f 1425/1425 1485/1485 1486/1486
f 1425/1425 1486/1486 1426/1426
f 1426/1426 1486/1486 1487/1487
f 1426/1426 1487/1487 1427/1427
f 1427/1427 1487/1487 1488/1488
f 1427/1427 1488/1488 1428/1428
f 1428/1428 1488/1488 1489/1489
f 1428/1428 1489/1489 1429/1429
f 1429/1429 1489/1489 1490/1490
f 1429/1429 1490/1490 1430/1430
f 1430/1430 1490/1490 1491/1491
f 1430/1430 1491/1491 1431/1431
f 1431/1431 1491/1491 1492/1492
f 1431/1431 1492/1492 1432/1432
f 1432/1432 1492/1492 1493/1493
f 1432/1432 1493/1493 1433/1433
f 1433/1433 1493/1493 1494/1494
f 1433/1433 1494/1494 1434/1434
f 1434/1434 1494/1494 1495/1495
f 1434/1434 1495/1495 1435/1435
f 1435/1435 1495/1495 1496/1496
f 1435/1435 1496/1496 1436/1436
f 1436/1436 1496/1496 1497/1497
f 1436/1436 1497/1497 1437/1437
f 1437/1437 1497/1497 1498/1498
f 1437/1437 1498/1498 1438/1438
f 1438/1438 1498/1498 1499/1499
f 1438/1438 1499/1499 1439/1439
f 1439/1439 1499/1499 1500/1500
f 1439/1439 1500/1500 1440/1440
f 1440/1440 1500/1500 1501/1501
f 1440/1440 1501/1501 1441/1441
f 1441/1441 1501/1501 1502/1502
f 1441/1441 1502/1502 1442/1442
f 1442/1442 1502/1502 1503/1503
f 1442/1442 1503/1503 1443/1443
f 1443/1443 1503/1503 1504/1504
f 1443/1443 1504/1504 1444/1444
f 1444/1444 1504/1504 1505/1505
f 1444/1444 1505/1505 1445/1445
f 1445/1445 1505/1505 1506/1506
f 1445/1445 1506/1506 1446/1446
f 1446/1446 1506/1506 1507/1507
f 1446/1446 1507/1507 1447/1447
f 1447/1447 1507/1507 1508/1508
f 1447/1447 1508/1508 1448/1448
f 1448/1448 1508/1508 1509/1509
f 1448/1448 1509/1509 1449/1449
f 1449/1449 1509/1509 1510/1510
f 1449/1449 1510/1510 1450/1450
f 1450/1450 1510/1510 1511/1511
f 1450/1450 1511/1511 1451/1451
f 1451/1451 1511/1511 1512/1512
f 1451/1451 1512/1512 1452/1452
f 1452/1452 1512/1512 1513/1513
f 1452/1452 1513/1513 1453/1453
f 1453/1453 1513/1513 1514/1514
f 1475/1475 1536/1536 1476/1476
f 1476/1476 1536/1536 1537/1537
f 1476/1476 1537/1537 1477/1477
f 1477/1477 1537/1537 1538/1538
f 1477/1477 1538/1538 1478/1478
f 1478/1478 1538/1538 1539/1539
f 1478/1478 1539/1539 1479/1479
f 1479/1479 1539/1539 1540/1540
f 1479/1479 1540/1540 1480/1480
f 1480/1480 1540/1540 1541/1541
f 1480/1480 1541/1541 1481/1481
f 1481/1481 1541/1541 1542/1542
f 1481/1481 1542/1542 1482/1482
f 1482/1482 1542/1542 1543/1543
f 1482/1482 1543/1543 1483/1483
f 1483/1483 1543/1543 1544/1544
f 1483/1483 1544/1544 1484/1484
f 1484/1484 1544/1544 1545/1545
f 1484/1484 1545/1545 1485/1485
f 1485/1485 1545/1545 1546/1546
f 1485/1485 1546/1546 1486/1486
f 1486/1486 1546/1546 1547/1547
f 1486/1486 1547/1547 1487/1487
f 1487/1487 1547/1547 1548/1548
f 1487/1487 1548/1548 1488/1488
f 1488/1488 1548/1548 1549/1549
f 1488/1488 1549/1549 1489/1489
f 1489/1489 1549/1549 1550/1550
f 1489/1489 1550/1550 1490/1490
f 1490/1490 1550/1550 1551/1551
f 1490/1490 1551/1551 1491/1491
f 1491/1491 1551/1551 1552/1552
f 1491/1491 1552/1552 1492/1492
f 1492/1492 1552/1552 1553/1553
f 1492/1492 1553/1553 1493/1493
f 1493/1493 1553/1553 1554/1554
f 1493/1493 1554/1554 1494/1494
f 1494/1494 1554/1554 1555/1555
f 1494/1494 1555/1555 1495/1495
f 1495/1495 1555/1555 1556/1556
f 1495/1495 1556/1556 1496/1496
f 1496/1496 1556/1556 1557/1557
f 1496/1496 1557/1557 1497/1497
f 1497/1497 1557/1557 1558/1558
f 1497/1497 1558/1558 1498/1498
f 1498/1498 1558/1558 1559/1559
f 1498/1498 1559/1559 1499/1499
f 1499/1499 1559/1559 1560/1560
f 1499/1499 1560/1560 1500/1500
f 1500/1500 1560/1560 1561/1561
f 1500/1500 1561/1561 1501/1501
f 1501/1501 1561/1561 1562/1562
f 1501/1501 1562/1562 1502/1502
f 1502/1502 1562/1562 1563/1563
f 1502/1502 1563/1563 1503/1503
f 1503/1503 1563/1563 1564/1564
f 1503/1503 1564/1564 1504/1504
f 1504/1504 1564/1564 1565/1565
f 1504/1504 1565/1565 1505/1505
f 1505/1505 1565/1565 1566/1566
f 1505/1505 1566/1566 1506/1506
f 1506/1506 1566/1566 1567/1567
f 1506/1506 1567/1567 1507/1507
f 1507/1507 1567/1567 1568/1568
f 1507/1507 1568/1568 1508/1508
f 1508/1508 1568/1568 1569/1569
f 1508/1508 1569/1569 1509/1509
f 1509/1509 1569/1569 1570/1570
f 1509/1509 1570/1570 1510/1510
f 1510/1510 1570/1570 1571/1571
f 1510/1510 1571/1571 1511/1511
f 1511/1511 1571/1571 1572/1572
f 1511/1511 1572/1572 1512/1512
f 1512/1512 1572/1572 1573/1573
f 1512/1512 1573/1573 1513/1513
f 1513/1513 1573/1573 1574/1574
f 1513/1513 1574/1574 1514/1514
f 1514/1514 1574/1574 1575/1575
f 1514/1514 1575/1575 1515/1515
f 1515/1515 1575/1575 1576/1576
f 1537/1537 1598/1598 1538/1538
f 1538/1538 1598/1598 1599/1599
f 1538/1538 1599/1599 1539/1539
f 1539/1539 1599/1599 1600/1600
f 1539/1539 1600/1600 1540/1540
f 1540/1540 1600/1600 1601/1601
f 1540/1540 1601/1601 1541/1541
f 1541/1541 1601/1601 1602/1602
f 1541/1541 1602/1602 1542/1542
f 1542/1542 1602/1602 1603/1603
f 1542/1542 1603/1603 1543/1543
f 1543/1543 1603/1603 1604/1604
f 1543/1543 1604/1604 1544/1544
f 1544/1544 1604/1604 1605/1605
f 1544/1544 1605/1605 1545/1545
f 1545/1545 1605/1605 1606/1606
f 1545/1545 1606/1606 1546/1546
f 1546/1546 1606/1606 1607/1607
f 1546/1546 1607/1607 1547/1547
f 1547/1547 1607/1607 1608/1608
f 1547/1547 1608/1608 1548/1548
f 1548/1548 1608/1608 1609/1609
f 1548/1548 1609/1609 1549/1549
f 1549/1549 1609/1609 1610/1610
f 1549/1549 1610/1610 1550/1550
f 1550/1550 1610/1610 1611/1611
f 1550/1550 1611/1611 1551/1551
f 1551/1551 1611/1611 1612/1612
f 1551/1551 1612/1612 1552/1552
f 1552/1552 1612/1612 1613/1613
f 1552/1552 1613/1613 1553/1553
f 1553/1553 1613/1613 1614/1614
f 1553/1553 1614/1614 1554/1554
f 1554/1554 1614/1614 1615/1615
f 1554/1554 1615/1615 1555/1555
f 1555/1555 1615/1615 1616/1616
f 1555/1555 1616/1616 1556/1556
f 1556/1556 1616/1616 1617/1617
f 1556/1556 1617/1617 1557/1557
f 1557/1557 1617/1617 1618/1618
f 1557/1557 1618/1618 1558/1558
f 1558/1558 1618/1618 1619/1619
f 1558/1558 1619/1619 1559/1559
f 1559/1559 1619/1619 1620/1620
f 1559/1559 1620/1620 1560/1560
f 1560/1560 1620/1620 1621/1621
f 1560/1560 1621/1621 1561/1561
f 1561/1561 1621/1621 1622/1622
f 1561/1561 1622/1622 1562/1562
f 1562/1562 1622/1622 1623/1623
f 1562/1562 1623/1623 1563/1563
f 1563/1563 1623/1623 1624/1624
f 1563/1563 1624/1624 1564/1564
f 1564/1564 1624/1624 1625/1625
f 1564/1564 1625/1625 1565/1565
f 1565/1565 1625/1625 1626/1626
f 1565/1565 1626/1626 1566/1566
f 1566/1566 1626/1626 1627/1627
f 1566/1566 1627/1627 1567/1567
f 1567/1567 1627/1627 1628/1628
f 1567/1567 1628/1628 1568/1568
f 1568/1568 1628/1628 1629/1629
f 1568/1568 1629/1629 1569/1569
f 1569/1569 1629/1629 1630/1630
f 1569/1569 1630/1630 1570/1570
f 1570/1570 1630/1630 1631/1631
f 1570/1570 1631/1631 1571/1571
f 1571/1571 1631/1631 1632/1632
f 1571/1571 1632/1632 1572/1572
f 1572/1572 1632/1632 1633/1633
f 1572/1572 1633/1633 1573/1573
f 1573/1573 1633/1633 1634/1634
f 1573/1573 1634/1634 1574/1574
f 1574/1574 1634/1634 1635/1635
f 1574/1574 1635/1635 1575/1575
f 1575/1575 1635/1635 1636/1636
f 1575/1575 1636/1636 1576/1576
f 1576/1576 1636/1636 1637/1637
f 1598/1598 1659/1659 1599/1599
f 1599/1599 1659/1659 1660/1660
f 1599/1599 1660/1660 1600/1600
f 1600/1600 1660/1660 1661/1661
f 1600/1600 1661/1661 1601/1601
f 1601/1601 1661/1661 1662/1662
f 1601/1601 1662/1662 1602/1602
f 1602/1602 1662/1662 1663/1663
f 1602/1602 1663/1663 1603/1603
f 1603/1603 1663/1663 1664/1664
f 1603/1603 1664/1664 1604/1604
f 1604/1604 1664/1664 1665/1665
f 1604/1604 1665/1665 1605/1605
f 1605/1605 1665/1665 1666/1666
f 1605/1605 1666/1666 1606/1606
f 1606/1606 1666/1666 1667/1667
f 1606/1606 1667/1667 1607/1607
f 1607/1607 1667/1667 1668/1668
f 1607/1607 1668/1668 1608/1608
f 1608/1608 1668/1668 1669/1669
f 1608/1608 1669/1669 1609/1609
f 1609/1609 1669/1669 1670/1670
f 1609/1609 1670/1670 1610/1610
f 1610/1610 1670/1670 1671/1671
f 1610/1610 1671/1671 1611/1611
f 1611/1611 1671/1671 1672/1672
f 1611/1611 1672/1672 1612/1612
f 1612/1612 1672/1672 1673/1673
f 1612/1612 1673/1673 1613/1613
f 1613/1613 1673/1673 1674/1674
f 1613/1613 1674/1674 1614/1614
f 1614/1614 1674/1674 1675/1675
f 1614/1614 1675/1675 1615/1615
f 1615/1615 1675/1675 1676/1676
f 1615/1615 1676/1676 1616/1616
f 1616/1616 1676/1676 1677/1677
f 1616/1616 1677/1677 1617/1617
f 1617/1617 1677/1677 1678/1678
f 1617/1617 1678/1678 1618/1618
f 1618/1618 1678/1678 1679/1679
f 1618/1618 1679/1679 1619/1619
f 1619/1619 1679/1679 1680/1680
f 1619/1619 1680/1680 1620/1620
f 1620/1620 1680/1680 1681/1681
f 1620/1620 1681/1681 1621/1621
f 1621/1621 1681/1681 1682/1682
f 1621/1621 1682/1682 1622/1622
f 1622/1622 1682/1682 1683/1683
f 1622/1622 1683/1683 1623/1623
f 1623/1623 1683/1683 1684/1684
f 1623/1623 1684/1684 1624/1624
f 1624/1624 1684/1684 1685/1685
f 1624/1624 1685/1685 1625/1625
f 1625/1625 1685/1685 1686/1686
f 1625/1625 1686/1686 1626/1626
f 1626/1626 1686/1686 1687/1687
f 1626/1626 1687/1687 1627/1627
f 1627/1627 1687/1687 1688/1688
f 1627/1627 1688/1688 1628/1628
f 1628/1628 1688/1688 1689/1689
f 1628/1628 1689/1689 1629/1629
f 1629/1629 1689/1689 1690/1690
f 1629/1629 1690/1690 1630/1630
f 1630/1630 1690/1690 1691/1691
f 1630/1630 1691/1691 1631/1631
f 1631/1631 1691/1691 1692/1692
f 1631/1631 1692/1692 1632/1632
f 1632/1632 1692/1692 1693/1693
f 1632/1632 1693/1693 1633/1633
f 1633/1633 1693/1693 1694/1694
f 1633/1633 1694/1694 1634/1634
f 1634/1634 1694/1694 1695/1695
f 1634/1634 1695/1695 1635/1635
f 1635/1635 1695/1695 1696/1696
f 1635/1635 1696/1696 1636/1636
f 1636/1636 1696/1696 1697/1697
f 1659/1659 1720/1720 1660/1660
f 1660/1660 1720/1720 1721/1721
f 1660/1660 1721/1721 1661/1661
f 1661/1661 1721/1721 1722/1722
f 1661/1661 1722/1722 1662/1662
f 1662/1662 1722/1722 1723/1723
f 1662/1662 1723/1723 1663/1663
f 1663/1663 1723/1723 1724/1724
f 1663/1663 1724/1724 1664/1664
f 1664/1664 1724/1724 1725/1725
f 1664/1664 1725/1725 1665/1665
f 1665/1665 1725/1725 1726/1726
f 1665/1665 1726/1726 1666/1666
f 1666/1666 1726/1726 1727/1727
f 1666/1666 1727/1727 1667/1667
f 1667/1667 1727/1727 1728/1728
f 1667/1667 1728/1728 1668/1668
f 1668/1668 1728/1728 1729/1729
f 1668/1668 1729/1729 1669/1669
f 1669/1669 1729/1729 1730/1730
f 1669/1669 1730/1730 1670/1670
f 1670/1670 1730/1730 1731/1731
f 1670/1670 1731/1731 1671/1671
f 1671/1671 1731/1731 1732/1732
f 1671/1671 1732/1732 1672/1672
f 1672/1672 1732/1732 1733/1733
f 1672/1672 1733/1733 1673/1673
f 1673/1673 1733/1733 1734/1734
f 1673/1673 1734/1734 1674/1674
f 1674/1674 1734/1734 1735/1735
f 1674/1674 1735/1735 1675/1675
f 1675/1675 1735/1735 1736/1736
f 1675/1675 1736/1736 1676/1676
f 1676/1676 1736/1736 1737/1737
f 1676/1676 1737/1737 1677/1677
f 1677/1677 1737/1737 1738/1738
f 1677/1677 1738/1738 1678/1678
f 1678/1678 1738/1738 1739/1739
f 1678/1678 1739/1739 1679/1679
f 1679/1679 1739/1739 1740/1740
f 1679/1679 1740/1740 1680/1680
f 1680/1680 1740/1740 1741/1741
f 1680/1680 1741/1741 1681/1681
f 1681/1681 1741/1741 1742/1742
f 1681/1681 1742/1742 1682/1682
f 1682/1682 1742/1742 1743/1743
f 1682/1682 1743/1743 1683/1683
f 1683/1683 1743/1743 1744/1744
f 1683/1683 1744/1744 1684/1684
f 1684/1684 1744/1744 1745/1745
f 1684/1684 1745/1745 1685/1685
f 1685/1685 1745/1745 1746/1746
f 1685/1685 1746/1746 1686/1686
f 1686/1686 1746/1746 1747/1747
f 1686/1686 1747/1747 1687/1687
f 1687/1687 1747/1747 1748/1748
f 1687/1687 1748/1748 1688/1688
f 1688/1688 1748/1748 1749/1749
f 1688/1688 1749/1749 1689/1689
f 1689/1689 1749/1749 1750/1750
f 1689/1689 1750/1750 1690/1690
f 1690/1690 1750/1750 1751/1751
f 1690/1690 1751/1751 1691/1691
f 1691/1691 1751/1751 1752/1752
f 1691/1691 1752/1752 1692/1692
f 1692/1692 1752/1752 1753/1753
f 1692/1692 1753/1753 1693/1693
f 1693/1693 1753/1753 1754/1754
f 1693/1693 1754/1754 1694/1694
f 1694/1694 1754/1754 1755/1755
f 1694/1694 1755/1755 1695/1695
f 1695/1695 1755/1755 1756/1756
f 1695/1695 1756/1756 1696/1696
f 1696/1696 1756/1756 1757/1757
f 1721/1721 1782/1782 1722/1722
f 1722/1722 1782/1782 1783/1783
f 1722/1722 1783/1783 1723/1723
f 1723/1723 1783/1783 1784/1784
f 1723/1723 1784/1784 1724/1724
f 1724/1724 1784/1784 1785/1785
f 1724/1724 1785/1785 1725/1725
f 1725/1725 1785/1785 1786/1786
f 1725/1725 1786/1786 1726/1726
f 1726/1726 1786/1786 1787/1787
f 1726/1726 1787/1787 1727/1727
f 1727/1727 1787/1787 1788/1788
f 1727/1727 1788/1788 1728/1728
f 1728/1728 1788/1788 1789/1789
f 1728/1728 1789/1789 1729/1729
f 1729/1729 1789/1789 1790/1790
f 1729/1729 1790/1790 1730/1730
f 1730/1730 1790/1790 1791/1791
f 1730/1730 1791/1791 1731/1731
f 1731/1731 1791/1791 1792/1792
f 1731/1731 1792/1792 1732/1732
f 1732/1732 1792/1792 1793/1793
f 1732/1732 1793/1793 1733/1733
f 1733/1733 1793/1793 1794/1794
f 1733/1733 1794/1794 1734/1734
f 1734/1734 1794/1794 1795/1795
f 1734/1734 1795/1795 1735/1735
f 1735/1735 1795/1795 1796/1796
f 1735/1735 1796/1796 1736/1736
f 1736/1736 1796/1796 1797/1797
f 1736/1736 1797/1797 1737/1737
f 1737/1737 1797/1797 1798/1798
f 1737/1737 1798/1798 1738/1738
f 1738/1738 1798/1798 1799/1799
f 1738/1738 1799/1799 1739/1739
f 1739/1739 1799/1799 1800/1800
f 1739/1739 1800/1800 1740/1740
f 1740/1740 1800/1800 1801/1801
f 1740/1740 1801/1801 1741/1741
f 1741/1741 1801/1801 1802/1802
f 1741/1741 1802/1802 1742/1742
f 1742/1742 1802/1802 1803/1803
f 1742/1742 1803/1803 1743/1743
f 1743/1743 1803/1803 1804/1804
f 1743/1743 1804/1804 1744/1744
f 1744/1744 1804/1804 1805/1805
f 1744/1744 1805/1805 1745/1745
f 1745/1745 1805/1805 1806/1806
f 1745/1745 1806/1806 1746/1746
f 1746/1746 1806/1806 1807/1807
f 1746/1746 1807/1807 1747/1747
f 1747/1747 1807/1807 1808/1808
f 1747/1747 1808/1808 1748/1748
f 1748/1748 1808/1808 1809/1809
f 1748/1748 1809/1809 1749/1749
f 1749/1749 1809/1809 1810/1810
f 1749/1749 1810/1810 1750/1750
f 1750/1750 1810/1810 1811/1811
f 1750/1750 1811/1811 1751/1751
f 1751/1751 1811/1811 1812/1812
f 1751/1751 1812/1812 1752/1752
f 1752/1752 1812/1812 1813/1813
f 1752/1752 1813/1813 1753/1753
f 1753/1753 1813/1813 1814/1814
f 1753/1753 1814/1814 1754/1754
f 1754/1754 1814/1814 1815/1815
f 1754/1754 1815/1815 1755/1755
f 1755/1755 1815/1815 1816/1816
f 1755/1755 1816/1816 1756/1756
f 1756/1756 1816/1816 1817/1817
f 1782/1782 1843/1843 1783/1783
f 1783/1783 1843/1843 1844/1844
f 1783/1783 1844/1844 1784/1784
f 1784/1784 1844/1844 1845/1845
f 1784/1784 1845/1845 1785/1785
f 1785/1785 1845/1845 1846/1846
f 1785/1785 1846/1846 1786/1786
f 1786/1786 1846/1846 1847/1847
f 1786/1786 1847/1847 1787/1787
f 1787/1787 1847/1847 1848/1848
f 1787/1787 1848/1848 1788/1788
f 1788/1788 1848/1848 1849/1849
f 1788/1788 1849/1849 1789/1789
f 1789/1789 1849/1849 1850/1850
f 1789/1789 1850/1850 1790/1790
f 1790/1790 1850/1850 1851/1851
f 1790/1790 1851/1851 1791/1791
f 1791/1791 1851/1851 1852/1852
f 1791/1791 1852/1852 1792/1792
f 1792/1792 1852/1852 1853/1853
f 1792/1792 1853/1853 1793/1793
f 1793/1793 1853/1853 1854/1854
f 1793/1793 1854/1854 1794/1794
f 1794/1794 1854/1854 1855/1855
f 1794/1794 1855/1855 1795/1795
f 1795/1795 1855/1855 1856/1856
f 1795/1795 1856/1856 1796/1796
f 1796/1796 1856/1856 1857/1857
f 1796/1796 1857/1857 1797/1797
f 1797/1797 1857/1857 1858/1858
f 1797/1797 1858/1858 1798/1798
f 1798/1798 1858/1858 1859/1859
f 1798/1798 1859/1859 1799/1799
f 1799/1799 1859/1859 1860/1860
f 1799/1799 1860/1860 1800/1800
f 1800/1800 1860/1860 1861/1861
f 1800/1800 1861/1861 1801/1801
f 1801/1801 1861/1861 1862/1862
f 1801/1801 1862/1862 1802/1802
f 1802/1802 1862/1862 1863/1863
f 1802/1802 1863/1863 1803/1803
f 1803/1803 1863/1863 1864/1864
f 1803/1803 1864/1864 1804/1804
f 1804/1804 1864/1864 1865/1865
f 1804/1804 1865/1865 1805/1805
f 1805/1805 1865/1865 1866/1866
f 1805/1805 1866/1866 1806/1806
f 1806/1806 1866/1866 1867/1867
f 1806/1806 1867/1867 1807/1807
f 1807/1807 1867/1867 1868/1868
f 1807/1807 1868/1868 1808/1808
f 1808/1808 1868/1868 1869/1869
f 1808/1808 1869/1869 1809/1809
f 1809/1809 1869/1869 1870/1870
f 1809/1809 1870/1870 1810/1810
f 1810/1810 1870/1870 1871/1871
f 1810/1810 1871/1871 1811/1811
f 1811/1811 1871/1871 1872/1872
f 1811/1811 1872/1872 1812/1812
f 1812/1812 1872/1872 1873/1873
f 1812/1812 1873/1873 1813/1813
f 1813/1813 1873/1873 1874/1874
f 1813/1813 1874/1874 1814/1814
f 1814/1814 1874/1874 1875/1875
f 1814/1814 1875/1875 1815/1815
f 1815/1815 1875/1875 1876/1876
f 1815/1815 1876/1876 1816/1816
f 1816/1816 1876/1876 1877/1877
f 1844/1844 1905/1905 1845/1845
f 1845/1845 1905/1905 1906/1906
f 1845/1845 1906/1906 1846/1846
f 1846/1846 1906/1906 1907/1907
f 1846/1846 1907/1907 1847/1847
f 1847/1847 1907/1907 1908/1908
f 1847/1847 1908/1908 1848/1848
f 1848/1848 1908/1908 1909/1909
f 1848/1848 1909/1909 1849/1849
f 1849/1849 1909/1909 1910/1910
f 1849/1849 1910/1910 1850/1850
f 1850/1850 1910/1910 1911/1911
f 1850/1850 1911/1911 1851/1851
f 1851/1851 1911/1911 1912/1912
f 1851/1851 1912/1912 1852/1852
f 1852/1852 1912/1912 1913/1913
f 1852/1852 1913/1913 1853/1853
f 1853/1853 1913/1913 1914/1914
f 1853/1853 1914/1914 1854/1854
f 1854/1854 1914/1914 1915/1915
f 1854/1854 1915/1915 1855/1855
f 1855/1855 1915/1915 1916/1916
f 1855/1855 1916/1916 1856/1856
f 1856/1856 1916/1916 1917/1917
f 1856/1856 1917/1917 1857/1857
f 1857/1857 1917/1917 1918/1918
f 1857/1857 1918/1918 1858/1858
f 1858/1858 1918/1918 1919/1919
f 1858/1858 1919/1919 1859/1859
f 1859/1859 1919/1919 1920/1920
f 1859/1859 1920/1920 1860/1860
f 1860/1860 1920/1920 1921/1921
f 1860/1860 1921/1921 1861/1861
f 1861/1861 1921/1921 1922/1922
f 1861/1861 1922/1922 1862/1862
f 1862/1862 1922/1922 1923/1923
f 1862/1862 1923/1923 1863/1863
f 1863/1863 1923/1923 1924/1924
f 1863/1863 1924/1924 1864/1864
f 1864/1864 1924/1924 1925/1925
f 1864/1864 1925/1925 1865/1865
f 1865/1865 1925/1925 1926/1926
f 1865/1865 1926/1926 1866/1866
f 1866/1866 1926/1926 1927/1927
f 1866/1866 1927/1927 1867/1867
f 1867/1867 1927/1927 1928/1928
f 1867/1867 1928/1928 1868/1868
f 1868/1868 1928/1928 1929/1929
f 1868/1868 1929/1929 1869/1869
f 1869/1869 1929/1929 1930/1930
f 1869/1869 1930/1930 1870/1870
f 1870/1870 1930/1930 1931/1931
f 1870/1870 1931/1931 1871/1871
f 1871/1871 1931/1931 1932/1932
f 1871/1871 1932/1932 1872/1872
f 1872/1872 1932/1932 1933/1933
f 1872/1872 1933/1933 1873/1873
f 1873/1873 1933/1933 1934/1934
f 1873/1873 1934/1934 1874/1874
f 1874/1874 1934/1934 1935/1935
f 1874/1874 1935/1935 1875/1875
f 1875/1875 1935/1935 1936/1936
f 1905/1905 1966/1966 1906/1906
f 1906/1906 1966/1966 1967/1967
f 1906/1906 1967/1967 1907/1907
f 1907/1907 1967/1967 1968/1968
f 1907/1907 1968/1968 1908/1908
f 1908/1908 1968/1968 1969/1969
f 1908/1908 1969/1969 1909/1909
f 1909/1909 1969/1969 1970/1970
f 1909/1909 1970/1970 1910/1910
f 1910/1910 1970/1970 1971/1971
f 1910/1910 1971/1971 1911/1911
f 1911/1911 1971/1971 1972/1972
f 1911/1911 1972/1972 1912/1912
f 1912/1912 1972/1972 1973/1973
f 1912/1912 1973/1973 1913/1913
f 1913/1913 1973/1973 1974/1974
f 1913/1913 1974/1974 1914/1914
f 1914/1914 1974/1974 1975/1975
f 1914/1914 1975/1975 1915/1915
f 1915/1915 1975/1975 1976/1976
f 1915/1915 1976/1976 1916/1916
f 1916/1916 1976/1976 1977/1977
f 1916/1916 1977/1977 1917/1917
f 1917/1917 1977/1977 1978/1978
f 1917/1917 1978/1978 1918/1918
f 1918/1918 1978/1978 1979/1979
f 1918/1918 1979/1979 1919/1919
f 1919/1919 1979/1979 1980/1980
f 1919/1919 1980/1980 1920/1920
f 1920/1920 1980/1980 1981/1981
f 1920/1920 1981/1981 1921/1921
f 1921/1921 1981/1981 1982/1982
f 1921/1921 1982/1982 1922/1922
f 1922/1922 1982/1982 1983/1983
f 1922/1922 1983/1983 1923/1923
f 1923/1923 1983/1983 1984/1984
f 1923/1923 1984/1984 1924/1924
f 1924/1924 1984/1984 1985/1985
f 1924/1924 1985/1985 1925/1925
f 1925/1925 1985/1985 1986/1986
f 1925/1925 1986/1986 1926/1926
f 1926/1926 1986/1986 1987/1987
f 1926/1926 1987/1987 1927/1927
f 1927/1927 1987/1987 1988/1988
f 1927/1927 1988/1988 1928/1928
f 1928/1928 1988/1988 1989/1989
f 1928/1928 1989/1989 1929/1929
f 1929/1929 1989/1989 1990/1990
f 1929/1929 1990/1990 1930/1930
f 1930/1930 1990/1990 1991/1991
f 1930/1930 1991/1991 1931/1931
f 1931/1931 1991/1991 1992/1992
f 1931/1931 1992/1992 1932/1932
f 1932/1932 1992/1992 1993/1993
f 1932/1932 1993/1993 1933/1933
f 1933/1933 1993/1993 1994/1994
f 1933/1933 1994/1994 1934/1934
f 1934/1934 1994/1994 1995/1995
f 1934/1934 1995/1995 1935/1935
f 1935/1935 1995/1995 1996/1996
f 1966/1966 2027/2027 1967/1967
f 1967/1967 2027/2027 2028/2028
f 1967/1967 2028/2028 1968/1968
f 1968/1968 2028/2028 2029/2029
f 1968/1968 2029/2029 1969/1969
f 1969/1969 2029/2029 2030/2030
f 1969/1969 2030/2030 1970/1970
f 1970/1970 2030/2030 2031/2031
f 1970/1970 2031/2031 1971/1971
f 1971/1971 2031/2031 2032/2032
f 1971/1971 2032/2032 1972/1972
f 1972/1972 2032/2032 2033/2033
f 1972/1972 2033/2033 1973/1973
f 1973/1973 2033/2033 2034/2034
f 1973/1973 2034/2034 1974/1974
f 1974/1974 2034/2034 2035/2035
f 1974/1974 2035/2035 1975/1975
f 1975/1975 2035/2035 2036/2036
f 1975/1975 2036/2036 1976/1976
f 1976/1976 2036/2036 2037/2037
f 1976/1976 2037/2037 1977/1977
f 1977/1977 2037/2037 2038/2038
f 1977/1977 2038/2038 1978/1978
f 1978/1978 2038/2038 2039/2039
f 1978/1978 2039/2039 1979/1979
f 1979/1979 2039/2039 2040/2040
f 1979/1979 2040/2040 1980/1980
f 1980/1980 2040/2040 2041/2041
f 1980/1980 2041/2041 1981/1981
f 1981/1981 2041/2041 2042/2042
f 1981/1981 2042/2042 1982/1982
f 1982/1982 2042/2042 2043/2043
f 1982/1982 2043/2043 1983/1983
f 1983/1983 2043/2043 2044/2044
f 1983/1983 2044/2044 1984/1984
f 1984/1984 2044/2044 2045/2045
f 1984/1984 2045/2045 1985/1985
f 1985/1985 2045/2045 2046/2046
f 1985/1985 2046/2046 1986/1986
f 1986/1986 2046/2046 2047/2047
f 1986/1986 2047/2047 1987/1987
f 1987/1987 2047/2047 2048/2048
f 1987/1987 2048/2048 1988/1988
f 1988/1988 2048/2048 2049/2049
f 1988/1988 2049/2049 1989/1989
f 1989/1989 2049/2049 2050/2050
f 1989/1989 2050/2050 1990/1990
f 1990/1990 2050/2050 2051/2051
f 1990/1990 2051/2051 1991/1991
f 1991/1991 2051/2051 2052/2052
f 1991/1991 2052/2052 1992/1992
f 1992/1992 2052/2052 2053/2053
f 1992/1992 2053/2053 1993/1993
f 1993/1993 2053/2053 2054/2054
f 1993/1993 2054/2054 1994/1994
f 1994/1994 2054/2054 2055/2055
f 1994/1994 2055/2055 1995/1995
f 1995/1995 2055/2055 2056/2056
f 2028/2028 2089/2089 2029/2029
f 2029/2029 2089/2089 2090/2090
f 2029/2029 2090/2090 2030/2030
f 2030/2030 2090/2090 2091/2091
f 2030/2030 2091/2091 2031/2031
f 2031/2031 2091/2091 2092/2092
f 2031/2031 2092/2092 2032/2032
f 2032/2032 2092/2092 2093/2093
f 2032/2032 2093/2093 2033/2033
f 2033/2033 2093/2093 2094/2094
f 2033/2033 2094/2094 2034/2034
f 2034/2034 2094/2094 2095/2095
f 2034/2034 2095/2095 2035/2035
f 2035/2035 2095/2095 2096/2096
f 2035/2035 2096/2096 2036/2036
f 2036/2036 2096/2096 2097/2097
f 2036/2036 2097/2097 2037/2037
f 2037/2037 2097/2097 2098/2098
f 2037/2037 2098/2098 2038/2038
f 2038/2038 2098/2098 2099/2099
f 2038/2038 2099/2099 2039/2039
f 2039/2039 2099/2099 2100/2100
f 2039/2039 2100/2100 2040/2040
f 2040/2040 2100/2100 2101/2101
f 2040/2040 2101/2101 2041/2041
f 2041/2041 2101/2101 2102/2102
f 2041/2041 2102/2102 2042/2042
f 2042/2042 2102/2102 2103/2103
f 2042/2042 2103/2103 2043/2043
f 2043/2043 2103/2103 2104/2104
f 2043/2043 2104/2104 2044/2044
f 2044/2044 2104/2104 2105/2105
f 2044/2044 2105/2105 2045/2045
f 2045/2045 2105/2105 2106/2106
f 2045/2045 2106/2106 2046/2046
f 2046/2046 2106/2106 2107/2107
f 2046/2046 2107/2107 2047/2047
f 2047/2047 2107/2107 2108/2108
f 2047/2047 2108/2108 2048/2048
f 2048/2048 2108/2108 2109/2109
f 2048/2048 2109/2109 2049/2049
f 2049/2049 2109/2109 2110/2110
f 2049/2049 2110/2110 2050/2050
f 2050/2050 2110/2110 2111/2111
f 2050/2050 2111/2111 2051/2051
f 2051/2051 2111/2111 2112/2112
f 2051/2051 2112/2112 2052/2052
f 2052/2052 2112/2112 2113/2113
f 2052/2052 2113/2113 2053/2053
f 2053/2053 2113/2113 2114/2114
f 2053/2053 2114/2114 2054/2054
f 2054/2054 2114/2114 2115/2115
f 2090/2090 2151/2151 2091/2091
f 2091/2091 2151/2151 2152/2152
f 2091/2091 2152/2152 2092/2092
f 2092/2092 2152/2152 2153/2153
f 2092/2092 2153/2153 2093/2093
f 2093/2093 2153/2153 2154/2154
f 2093/2093 2154/2154 2094/2094
f 2094/2094 2154/2154 2155/2155
f 2094/2094 2155/2155 2095/2095
f 2095/2095 2155/2155 2156/2156
f 2095/2095 2156/2156 2096/2096
f 2096/2096 2156/2156 2157/2157
f 2096/2096 2157/2157 2097/2097
f 2097/2097 2157/2157 2158/2158
f 2097/2097 2158/2158 2098/2098
f 2098/2098 2158/2158 2159/2159
f 2098/2098 2159/2159 2099/2099
f 2099/2099 2159/2159 2160/2160
f 2099/2099 2160/2160 2100/2100
f 2100/2100 2160/2160 2161/2161
f 2100/2100 2161/2161 2101/2101
f 2101/2101 2161/2161 2162/2162
f 2101/2101 2162/2162 2102/2102
f 2102/2102 2162/2162 2163/2163
f 2102/2102 2163/2163 2103/2103
f 2103/2103 2163/2163 2164/2164
f 2103/2103 2164/2164 2104/2104
f 2104/2104 2164/2164 2165/2165
f 2104/2104 2165/2165 2105/2105
f 2105/2105 2165/2165 2166/2166
f 2105/2105 2166/2166 2106/2106
f 2106/2106 2166/2166 2167/2167
f 2106/2106 2167/2167 2107/2107
f 2107/2107 2167/2167 2168/2168
f 2107/2107 2168/2168 2108/2108
f 2108/2108 2168/2168 2169/2169
f 2108/2108 2169/2169 2109/2109
f 2109/2109 2169/2169 2170/2170
f 2109/2109 2170/2170 2110/2110
f 2110/2110 2170/2170 2171/2171
f 2110/2110 2171/2171 2111/2111
f 2111/2111 2171/2171 2172/2172
f 2111/2111 2172/2172 2112/2112
f 2112/2112 2172/2172 2173/2173
f 2112/2112 2173/2173 2113/2113
f 2113/2113 2173/2173 2174/2174
f 2113/2113 2174/2174 2114/2114
f 2114/2114 2174/2174 2175/2175
f 2114/2114 2175/2175 2115/2115
f 2115/2115 2175/2175 2176/2176
f 2151/2151 2212/2212 2152/2152
f 2152/2152 2212/2212 2213/2213
f 2152/2152 2213/2213 2153/2153
f 2153/2153 2213/2213 2214/2214
f 2153/2153 2214/2214 2154/2154
f 2154/2154 2214/2214 2215/2215
f 2154/2154 2215/2215 2155/2155
f 2155/2155 2215/2215 2216/2216
f 2155/2155 2216/2216 2156/2156
f 2156/2156 2216/2216 2217/2217
f 2156/2156 2217/2217 2157/2157
f 2157/2157 2217/2217 2218/2218
f 2157/2157 2218/2218 2158/2158
f 2158/2158 2218/2218 2219/2219
f 2158/2158 2219/2219 2159/2159
f 2159/2159 2219/2219 2220/2220
f 2159/2159 2220/2220 2160/2160
f 2160/2160 2220/2220 2221/2221
f 2160/2160 2221/2221 2161/2161
f 2161/2161 2221/2221 2222/2222
f 2161/2161 2222/2222 2162/2162
f 2162/2162 2222/2222 2223/2223
f 2162/2162 2223/2223 2163/2163
f 2163/2163 2223/2223 2224/2224
f 2163/2163 2224/2224 2164/2164
f 2164/2164 2224/2224 2225/2225
f 2164/2164 2225/2225 2165/2165
f 2165/2165 2225/2225 2226/2226
f 2165/2165 2226/2226 2166/2166
f 2166/2166 2226/2226 2227/2227
f 2166/2166 2227/2227 2167/2167
f 2167/2167 2227/2227 2228/2228
f 2167/2167 2228/2228 2168/2168
f 2168/2168 2228/2228 2229/2229
f 2168/2168 2229/2229 2169/2169
f 2169/2169 2229/2229 2230/2230
f 2169/2169 2230/2230 2170/2170
f 2170/2170 2230/2230 2231/2231
f 2170/2170 2231/2231 2171/2171
f 2171/2171 2231/2231 2232/2232
f 2171/2171 2232/2232 2172/2172
f 2172/2172 2232/2232 2233/2233
f 2172/2172 2233/2233 2173/2173
f 2173/2173 2233/2233 2234/2234
f 2173/2173 2234/2234 2174/2174
f 2174/2174 2234/2234 2235/2235
f 2174/2174 2235/2235 2175/2175
f 2175/2175 2235/2235 2236/2236
f 2175/2175 2236/2236 2176/2176
f 2176/2176 2236/2236 2237/2237
f 2210/2210 2271/2271 2211/2211
f 2211/2211 2271/2271 2272/2272
f 2211/2211 2272/2272 2212/2212
f 2212/2212 2272/2272 2273/2273
f 2212/2212 2273/2273 2213/2213
f 2213/2213 2273/2273 2274/2274
f 2213/2213 2274/2274 2214/2214
f 2214/2214 2274/2274 2275/2275
f 2214/2214 2275/2275 2215/2215
f 2215/2215 2275/2275 2276/2276
f 2215/2215 2276/2276 2216/2216
f 2216/2216 2276/2276 2277/2277
f 2216/2216 2277/2277 2217/2217
f 2217/2217 2277/2277 2278/2278
f 2217/2217 2278/2278 2218/2218
f 2218/2218 2278/2278 2279/2279
f 2218/2218 2279/2279 2219/2219
f 2219/2219 2279/2279 2280/2280
f 2219/2219 2280/2280 2220/2220
f 2220/2220 2280/2280 2281/2281
f 2220/2220 2281/2281 2221/2221
f 2221/2221 2281/2281 2282/2282
f 2221/2221 2282/2282 2222/2222
f 2222/2222 2282/2282 2283/2283
f 2222/2222 2283/2283 2223/2223
f 2223/2223 2283/2283 2284/2284
f 2223/2223 2284/2284 2224/2224
f 2224/2224 2284/2284 2285/2285
f 2224/2224 2285/2285 2225/2225
f 2225/2225 2285/2285 2286/2286
f 2225/2225 2286/2286 2226/2226
f 2226/2226 2286/2286 2287/2287
f 2226/2226 2287/2287 2227/2227
f 2227/2227 2287/2287 2288/2288
f 2227/2227 2288/2288 2228/2228
f 2228/2228 2288/2288 2289/2289
f 2228/2228 2289/2289 2229/2229
f 2229/2229 2289/2289 2290/2290
f 2229/2229 2290/2290 2230/2230
f 2230/2230 2290/2290 2291/2291
f 2230/2230 2291/2291 2231/2231
f 2231/2231 2291/2291 2292/2292
f 2231/2231 2292/2292 2232/2232
f 2232/2232 2292/2292 2293/2293
f 2232/2232 2293/2293 2233/2233
f 2233/2233 2293/2293 2294/2294
f 2233/2233 2294/2294 2234/2234
f 2234/2234 2294/2294 2295/2295
f 2234/2234 2295/2295 2235/2235
f 2235/2235 2295/2295 2296/2296
f 2235/2235 2296/2296 2236/2236
f 2236/2236 2296/2296 2297/2297
f 2236/2236 2297/2297 2237/2237
f 2237/2237 2297/2297 2298/2298
f 2237/2237 2298/2298 2238/2238
f 2238/2238 2298/2298 2299/2299
f 2269/2269 2330/2330 2270/2270
f 2270/2270 2330/2330 2331/2331
f 2270/2270 2331/2331 2271/2271
f 2271/2271 2331/2331 2332/2332
f 2271/2271 2332/2332 2272/2272
f 2272/2272 2332/2332 2333/2333
f 2272/2272 2333/2333 2273/2273
f 2273/2273 2333/2333 2334/2334
f 2273/2273 2334/2334 2274/2274
f 2274/2274 2334/2334 2335/2335
f 2274/2274 2335/2335 2275/2275
f 2275/2275 2335/2335 2336/2336
f 2275/2275 2336/2336 2276/2276
f 2276/2276 2336/2336 2337/2337
f 2276/2276 2337/2337 2277/2277
f 2277/2277 2337/2337 2338/2338
f 2277/2277 2338/2338 2278/2278
f 2278/2278 2338/2338 2339/2339
f 2278/2278 2339/2339 2279/2279
f 2279/2279 2339/2339 2340/2340
f 2279/2279 2340/2340 2280/2280
f 2280/2280 2340/2340 2341/2341
f 2280/2280 2341/2341 2281/2281
f 2281/2281 2341/2341 2342/2342
f 2281/2281 2342/2342 2282/2282
f 2282/2282 2342/2342 2343/2343
f 2282/2282 2343/2343 2283/2283
f 2283/2283 2343/2343 2344/2344
f 2283/2283 2344/2344 2284/2284
f 2284/2284 2344/2344 2345/2345
f 2284/2284 2345/2345 2285/2285
f 2285/2285 2345/2345 2346/2346
f 2285/2285 2346/2346 2286/2286
f 2286/2286 2346/2346 2347/2347
f 2286/2286 2347/2347 2287/2287
f 2287/2287 2347/2347 2348/2348
f 2287/2287 2348/2348 2288/2288
f 2288/2288 2348/2348 2349/2349
f 2288/2288 2349/2349 2289/2289
f 2289/2289 2349/2349 2350/2350
f 2289/2289 2350/2350 2290/2290
f 2290/2290 2350/2350 2351/2351
f 2290/2290 2351/2351 2291/2291
f 2291/2291 2351/2351 2352/2352
f 2291/2291 2352/2352 2292/2292
f 2292/2292 2352/2352 2353/2353
f 2292/2292 2353/2353 2293/2293
f 2293/2293 2353/2353 2354/2354
f 2293/2293 2354/2354 2294/2294
f 2294/2294 2354/2354 2355/2355
f 2294/2294 2355/2355 2295/2295
f 2295/2295 2355/2355 2356/2356
f 2295/2295 2356/2356 2296/2296
f 2296/2296 2356/2356 2357/2357
f 2296/2296 2357/2357 2297/2297
f 2297/2297 2357/2357 2358/2358
f 2297/2297 2358/2358 2298/2298
f 2298/2298 2358/2358 2359/2359
f 2298/2298 2359/2359 2299/2299
f 2299/2299 2359/2359 2360/2360
f 2299/2299 2360/2360 2300/2300
f 2300/2300 2360/2360 2361/2361
f 2300/2300 2361/2361 2301/2301
f 2301/2301 2361/2361 2362/2362
f 2329/2329 2390/2390 2330/2330
f 2330/2330 2390/2390 2391/2391
f 2330/2330 2391/2391 2331/2331
f 2331/2331 2391/2391 2392/2392
f 2331/2331 2392/2392 2332/2332
f 2332/2332 2392/2392 2393/2393
f 2332/2332 2393/2393 2333/2333
f 2333/2333 2393/2393 2394/2394
f 2333/2333 2394/2394 2334/2334
f 2334/2334 2394/2394 2395/2395
f 2334/2334 2395/2395 2335/2335
f 2335/2335 2395/2395 2396/2396
f 2335/2335 2396/2396 2336/2336
f 2336/2336 2396/2396 2397/2397
f 2336/2336 2397/2397 2337/2337
f 2337/2337 2397/2397 2398/2398
f 2337/2337 2398/2398 2338/2338
f 2338/2338 2398/2398 2399/2399
f 2338/2338 2399/2399 2339/2339
f 2339/2339 2399/2399 2400/2400
f 2339/2339 2400/2400 2340/2340
f 2340/2340 2400/2400 2401/2401
f 2340/2340 2401/2401 2341/2341
f 2341/2341 2401/2401 2402/2402
f 2341/2341 2402/2402 2342/2342
f 2342/2342 2402/2402 2403/2403
f 2342/2342 2403/2403 2343/2343
f 2343/2343 2403/2403 2404/2404
f 2343/2343 2404/2404 2344/2344
f 2344/2344 2404/2404 2405/2405
f 2344/2344 2405/2405 2345/2345
f 2345/2345 2405/2405 2406/2406
f 2345/2345 2406/2406 2346/2346
f 2346/2346 2406/2406 2407/2407
f 2346/2346 2407/2407 2347/2347
f 2347/2347 2407/2407 2408/2408
f 2347/2347 2408/2408 2348/2348
f 2348/2348 2408/2408 2409/2409
f 2348/2348 2409/2409 2349/2349
f 2349/2349 2409/2409 2410/2410
f 2349/2349 2410/2410 2350/2350
f 2350/2350 2410/2410 2411/2411
f 2350/2350 2411/2411 2351/2351
f 2351/2351 2411/2411 2412/2412
f 2351/2351 2412/2412 2352/2352
f 2352/2352 2412/2412 2413/2413
f 2352/2352 2413/2413 2353/2353
f 2353/2353 2413/2413 2414/2414
f 2353/2353 2414/2414 2354/2354
f 2354/2354 2414/2414 2415/2415
f 2354/2354 2415/2415 2355/2355
f 2355/2355 2415/2415 2416/2416
f 2355/2355 2416/2416 2356/2356
f 2356/2356 2416/2416 2417/2417
f 2356/2356 2417/2417 2357/2357
f 2357/2357 2417/2417 2418/2418
f 2357/2357 2418/2418 2358/2358
f 2358/2358 2418/2418 2419/2419
f 2358/2358 2419/2419 2359/2359
f 2359/2359 2419/2419 2420/2420
f 2359/2359 2420/2420 2360/2360
f 2360/2360 2420/2420 2421/2421
f 2360/2360 2421/2421 2361/2361
f 2361/2361 2421/2421 2422/2422
f 2361/2361 2422/2422 2362/2362
f 2362/2362 2422/2422 2423/2423
f 2362/2362 2423/2423 2363/2363
f 2363/2363 2423/2423 2424/2424
f 2363/2363 2424/2424 2364/2364
f 2364/2364 2424/2424 2425/2425
f 2388/2388 2449/2449 2389/2389
f 2389/2389 2449/2449 2450/2450
f 2389/2389 2450/2450 2390/2390
f 2390/2390 2450/2450 2451/2451
f 2390/2390 2451/2451 2391/2391
f 2391/2391 2451/2451 2452/2452
f 2391/2391 2452/2452 2392/2392
f 2392/2392 2452/2452 2453/2453
f 2392/2392 2453/2453 2393/2393
f 2393/2393 2453/2453 2454/2454
f 2393/2393 2454/2454 2394/2394
f 2394/2394 2454/2454 2455/2455
f 2394/2394 2455/2455 2395/2395
f 2395/2395 2455/2455 2456/2456
f 2395/2395 2456/2456 2396/2396
f 2396/2396 2456/2456 2457/2457
f 2396/2396 2457/2457 2397/2397
f 2397/2397 2457/2457 2458/2458
f 2397/2397 2458/2458 2398/2398
f 2398/2398 2458/2458 2459/2459
f 2398/2398 2459/2459 2399/2399
f 2399/2399 2459/2459 2460/2460
f 2399/2399 2460/2460 2400/2400
f 2400/2400 2460/2460 2461/2461
f 2400/2400 2461/2461 2401/2401
f 2401/2401 2461/2461 2462/2462
f 2401/2401 2462/2462 2402/2402
f 2402/2402 2462/2462 2463/2463
f 2402/2402 2463/2463 2403/2403
f 2403/2403 2463/2463 2464/2464
f 2403/2403 2464/2464 2404/2404
f 2404/2404 2464/2464 2465/2465
f 2404/2404 2465/2465 2405/2405
f 2405/2405 2465/2465 2466/2466
f 2405/2405 2466/2466 2406/2406
f 2406/2406 2466/2466 2467/2467
f 2406/2406 2467/2467 2407/2407
f 2407/2407 2467/2467 2468/2468
f 2407/2407 2468/2468 2408/2408
f 2408/2408 2468/2468 2469/2469
f 2408/2408 2469/2469 2409/2409
f 2409/2409 2469/2469 2470/2470
f 2409/2409 2470/2470 2410/2410
f 2410/2410 2470/2470 2471/2471
f 2410/2410 2471/2471 2411/2411
f 2411/2411 2471/2471 2472/2472
f 2411/2411 2472/2472 2412/2412
f 2412/2412 2472/2472 2473/2473
f 2412/2412 2473/2473 2413/2413
f 2413/2413 2473/2473 2474/2474
f 2413/2413 2474/2474 2414/2414
f 2414/2414 2474/2474 2475/2475
f 2414/2414 2475/2475 2415/2415
f 2415/2415 2475/2475 2476/2476
f 2415/2415 2476/2476 2416/2416
f 2416/2416 2476/2476 2477/2477
f 2416/2416 2477/2477 2417/2417
f 2417/2417 2477/2477 2478/2478
f 2417/2417 2478/2478 2418/2418
f 2418/2418 2478/2478 2479/2479
f 2418/2418 2479/2479 2419/2419
f 2419/2419 2479/2479 2480/2480
f 2419/2419 2480/2480 2420/2420
f 2420/2420 2480/2480 2481/2481
f 2420/2420 2481/2481 2421/2421
f 2421/2421 2481/2481 2482/2482
f 2421/2421 2482/2482 2422/2422
f 2422/2422 2482/2482 2483/2483
f 2422/2422 2483/2483 2423/2423
f 2423/2423 2483/2483 2484/2484
f 2423/2423 2484/2484 2424/2424
f 2424/2424 2484/2484 2485/2485
f 2424/2424 2485/2485 2425/2425
f 2425/2425 2485/2485 2486/2486
f 2425/2425 2486/2486 2426/2426
f 2426/2426 2486/2486 2487/2487
f 2426/2426 2487/2487 2427/2427
f 2427/2427 2487/2487 2488/2488
f 2427/2427 2488/2488 2428/2428
f 2428/2428 2488/2488 2489/2489
f 2447/2447 2508/2508 2448/2448
f 2448/2448 2508/2508 2509/2509
f 2448/2448 2509/2509 2449/2449
f 2449/2449 2509/2509 2510/2510
f 2449/2449 2510/2510 2450/2450
f 2450/2450 2510/2510 2511/2511
f 2450/2450 2511/2511 2451/2451
f 2451/2451 2511/2511 2512/2512
f 2451/2451 2512/2512 2452/2452
f 2452/2452 2512/2512 2513/2513
f 2452/2452 2513/2513 2453/2453
f 2453/2453 2513/2513 2514/2514
f 2453/2453 2514/2514 2454/2454
f 2454/2454 2514/2514 2515/2515
f 2454/2454 2515/2515 2455/2455
f 2455/2455 2515/2515 2516/2516
f 2455/2455 2516/2516 2456/2456
f 2456/2456 2516/2516 2517/2517
f 2456/2456 2517/2517 2457/2457
f 2457/2457 2517/2517 2518/2518
f 2457/2457 2518/2518 2458/2458
f 2458/2458 2518/2518 2519/2519
f 2458/2458 2519/2519 2459/2459
f 2459/2459 2519/2519 2520/2520
f 2459/2459 2520/2520 2460/2460
f 2460/2460 2520/2520 2521/2521
f 2460/2460 2521/2521 2461/2461
f 2461/2461 2521/2521 2522/2522
f 2461/2461 2522/2522 2462/2462
f 2462/2462 2522/2522 2523/2523
f 2462/2462 2523/2523 2463/2463
f 2463/2463 2523/2523 2524/2524
f 2463/2463 2524/2524 2464/2464
f 2464/2464 2524/2524 2525/2525
f 2464/2464 2525/2525 2465/2465
f 2465/2465 2525/2525 2526/2526
f 2465/2465 2526/2526 2466/2466
f 2466/2466 2526/2526 2527/2527
f 2466/2466 2527/2527 2467/2467
f 2467/2467 2527/2527 2528/2528
f 2467/2467 2528/2528 2468/2468
f 2468/2468 2528/2528 2529/2529
f 2468/2468 2529/2529 2469/2469
f 2469/2469 2529/2529 2530/2530
f 2469/2469 2530/2530 2470/2470
f 2470/2470 2530/2530 2531/2531
f 2470/2470 2531/2531 2471/2471
f 2471/2471 2531/2531 2532/2532
f 2471/2471 2532/2532 2472/2472
f 2472/2472 2532/2532 2533/2533
f 2472/2472 2533/2533 2473/2473
f 2473/2473 2533/2533 2534/2534
f 2473/2473 2534/2534 2474/2474
f 2474/2474 2534/2534 2535/2535
f 2474/2474 2535/2535 2475/2475
f 2475/2475 2535/2535 2536/2536
f 2475/2475 2536/2536 2476/2476
f 2476/2476 2536/2536 2537/2537
f 2476/2476 2537/2537 2477/2477
f 2477/2477 2537/2537 2538/2538
f 2477/2477 2538/2538 2478/2478
f 2478/2478 2538/2538 2539/2539
f 2478/2478 2539/2539 2479/2479
f 2479/2479 2539/2539 2540/2540
f 2479/2479 2540/2540 2480/2480
f 2480/2480 2540/2540 2541/2541
f 2480/2480 2541/2541 2481/2481
f 2481/2481 2541/2541 2542/2542
f 2481/2481 2542/2542 2482/2482
f 2482/2482 2542/2542 2543/2543
f 2482/2482 2543/2543 2483/2483
f 2483/2483 2543/2543 2544/2544
f 2483/2483 2544/2544 2484/2484
f 2484/2484 2544/2544 2545/2545
f 2484/2484 2545/2545 2485/2485
f 2485/2485 2545/2545 2546/2546
f 2485/2485 2546/2546 2486/2486
f 2486/2486 2546/2546 2547/2547
f 2486/2486 2547/2547 2487/2487
f 2487/2487 2547/2547 2548/2548
f 2487/2487 2548/2548 2488/2488
f 2488/2488 2548/2548 2549/2549
f 2488/2488 2549/2549 2489/2489
f 2489/2489 2549/2549 2550/2550
f 2489/2489 2550/2550 2490/2490
f 2490/2490 2550/2550 2551/2551
f 2490/2490 2551/2551 2491/2491
f 2491/2491 2551/2551 2552/2552
f 2507/2507 2568/2568 2508/2508
f 2508/2508 2568/2568 2569/2569
f 2508/2508 2569/2569 2509/2509
f 2509/2509 2569/2569 2570/2570
f 2509/2509 2570/2570 2510/2510
f 2510/2510 2570/2570 2571/2571
f 2510/2510 2571/2571 2511/2511
f 2511/2511 2571/2571 2572/2572
f 2511/2511 2572/2572 2512/2512
f 2512/2512 2572/2572 2573/2573
f 2512/2512 2573/2573 2513/2513
f 2513/2513 2573/2573 2574/2574
f 2513/2513 2574/2574 2514/2514
f 2514/2514 2574/2574 2575/2575
f 2514/2514 2575/2575 2515/2515
f 2515/2515 2575/2575 2576/2576
f 2515/2515 2576/2576 2516/2516
f 2516/2516 2576/2576 2577/2577
f 2516/2516 2577/2577 2517/2517
f 2517/2517 2577/2577 2578/2578
f 2517/2517 2578/2578 2518/2518
f 2518/2518 2578/2578 2579/2579
f 2518/2518 2579/2579 2519/2519
f 2519/2519 2579/2579 2580/2580
f 2519/2519 2580/2580 2520/2520
f 2520/2520 2580/2580 2581/2581
f 2520/2520 2581/2581 2521/2521
f 2521/2521 2581/2581 2582/2582
f 2521/2521 2582/2582 2522/2522
f 2522/2522 2582/2582 2583/2583
f 2522/2522 2583/2583 2523/2523
f 2523/2523 2583/2583 2584/2584
f 2523/2523 2584/2584 2524/2524
f 2524/2524 2584/2584 2585/2585
f 2524/2524 2585/2585 2525/2525
f 2525/2525 2585/2585 2586/2586
f 2525/2525 2586/2586 2526/2526
f 2526/2526 2586/2586 2587/2587
f 2526/2526 2587/2587 2527/2527
f 2527/2527 2587/2587 2588/2588
f 2527/2527 2588/2588 2528/2528
f 2528/2528 2588/2588 2589/2589
f 2528/2528 2589/2589 2529/2529
f 2529/2529 2589/2589 2590/2590
f 2529/2529 2590/2590 2530/2530
f 2530/2530 2590/2590 2591/2591
f 2530/2530 2591/2591 2531/2531
f 2531/2531 2591/2591 2592/2592
f 2531/2531 2592/2592 2532/2532
f 2532/2532 2592/2592 2593/2593
f 2532/2532 2593/2593 2533/2533
f 2533/2533 2593/2593 2594/2594
f 2533/2533 2594/2594 2534/2534
f 2534/2534 2594/2594 2595/2595
f 2534/2534 2595/2595 2535/2535
f 2535/2535 2595/2595 2596/2596
f 2535/2535 2596/2596 2536/2536
f 2536/2536 2596/2596 2597/2597
f 2536/2536 2597/2597 2537/2537
f 2537/2537 2597/2597 2598/2598
f 2537/2537 2598/2598 2538/2538
f 2538/2538 2598/2598 2599/2599
f 2538/2538 2599/2599 2539/2539
f 2539/2539 2599/2599 2600/2600
f 2539/2539 2600/2600 2540/2540
f 2540/2540 2600/2600 2601/2601
f 2540/2540 2601/2601 2541/2541
f 2541/2541 2601/2601 2602/2602
f 2541/2541 2602/2602 2542/2542
f 2542/2542 2602/2602 2603/2603
f 2542/2542 2603/2603 2543/2543
f 2543/2543 2603/2603 2604/2604
f 2543/2543 2604/2604 2544/2544
f 2544/2544 2604/2604 2605/2605
f 2544/2544 2605/2605 2545/2545
f 2545/2545 2605/2605 2606/2606
f 2545/2545 2606/2606 2546/2546
f 2546/2546 2606/2606 2607/2607
f 2546/2546 2607/2607 2547/2547
f 2547/2547 2607/2607 2608/2608
f 2547/2547 2608/2608 2548/2548
f 2548/2548 2608/2608 2609/2609
f 2548/2548 2609/2609 2549/2549
f 2549/2549 2609/2609 2610/2610
f 2549/2549 2610/2610 2550/2550
f 2550/2550 2610/2610 2611/2611
f 2550/2550 2611/2611 2551/2551
f 2551/2551 2611/2611 2612/2612
f 2551/2551 2612/2612 2552/2552
f 2552/2552 2612/2612 2613/2613
f 2552/2552 2613/2613 2553/2553
f 2553/2553 2613/2613 2614/2614
f 2553/2553 2614/2614 2554/2554
f 2554/2554 2614/2614 2615/2615
f 2566/2566 2627/2627 2567/2567
f 2567/2567 2627/2627 2628/2628
f 2567/2567 2628/2628 2568/2568
f 2568/2568 2628/2628 2629/2629
f 2568/2568 2629/2629 2569/2569
f 2569/2569 2629/2629 2630/2630
f 2569/2569 2630/2630 2570/2570
f 2570/2570 2630/2630 2631/2631
f 2570/2570 2631/2631 2571/2571
f 2571/2571 2631/2631 2632/2632
f 2571/2571 2632/2632 2572/2572
f 2572/2572 2632/2632 2633/2633
f 2572/2572 2633/2633 2573/2573
f 2573/2573 2633/2633 2634/2634
f 2573/2573 2634/2634 2574/2574
f 2574/2574 2634/2634 2635/2635
f 2574/2574 2635/2635 2575/2575
f 2575/2575 2635/2635 2636/2636
f 2575/2575 2636/2636 2576/2576
f 2576/2576 2636/2636 2637/2637
f 2576/2576 2637/2637 2577/2577
f 2577/2577 2637/2637 2638/2638
f 2577/2577 2638/2638 2578/2578
f 2578/2578 2638/2638 2639/2639
f 2578/2578 2639/2639 2579/2579
f 2579/2579 2639/2639 2640/2640
f 2579/2579 2640/2640 2580/2580
f 2580/2580 2640/2640 2641/2641
f 2580/2580 2641/2641 2581/2581
f 2581/2581 2641/2641 2642/2642
f 2581/2581 2642/2642 2582/2582
f 2582/2582 2642/2642 2643/2643
f 2582/2582 2643/2643 2583/2583
f 2583/2583 2643/2643 2644/2644
f 2583/2583 2644/2644 2584/2584
f 2584/2584 2644/2644 2645/2645
f 2584/2584 2645/2645 2585/2585
f 2585/2585 2645/2645 2646/2646
f 2585/2585 2646/2646 2586/2586
f 2586/2586 2646/2646 2647/2647
f 2586/2586 2647/2647 2587/2587
f 2587/2587 2647/2647 2648/2648
f 2587/2587 2648/2648 2588/2588
f 2588/2588 2648/2648 2649/2649
f 2588/2588 2649/2649 2589/2589
f 2589/2589 2649/2649 2650/2650
f 2589/2589 2650/2650 2590/2590
f 2590/2590 2650/2650 2651/2651
f 2590/2590 2651/2651 2591/2591
f 2591/2591 2651/2651 2652/2652
f 2591/2591 2652/2652 2592/2592
f 2592/2592 2652/2652 2653/2653
f 2592/2592 2653/2653 2593/2593
f 2593/2593 2653/2653 2654/2654
f 2593/2593 2654/2654 2594/2594
f 2594/2594 2654/2654 2655/2655
f 2594/2594 2655/2655 2595/2595
f 2595/2595 2655/2655 2656/2656
f 2595/2595 2656/2656 2596/2596
f 2596/2596 2656/2656 2657/2657
f 2596/2596 2657/2657 2597/2597
f 2597/2597 2657/2657 2658/2658
f 2597/2597 2658/2658 2598/2598
f 2598/2598 2658/2658 2659/2659
f 2598/2598 2659/2659 2599/2599
f 2599/2599 2659/2659 2660/2660
f 2599/2599 2660/2660 2600/2600
f 2600/2600 2660/2660 2661/2661
f 2600/2600 2661/2661 2601/2601
f 2601/2601 2661/2661 2662/2662
f 2601/2601 2662/2662 2602/2602
f 2602/2602 2662/2662 2663/2663
f 2602/2602 2663/2663 2603/2603
f 2603/2603 2663/2663 2664/2664
f 2603/2603 2664/2664 2604/2604
f 2604/2604 2664/2664 2665/2665
f 2604/2604 2665/2665 2605/2605
f 2605/2605 2665/2665 2666/2666
f 2605/2605 2666/2666 2606/2606
f 2606/2606 2666/2666 2667/2667
f 2606/2606 2667/2667 2607/2607
f 2607/2607 2667/2667 2668/2668
f 2607/2607 2668/2668 2608/2608
f 2608/2608 2668/2668 2669/2669
f 2608/2608 2669/2669 2609/2609
f 2609/2609 2669/2669 2670/2670
f 2609/2609 2670/2670 2610/2610
f 2610/2610 2670/2670 2671/2671
f 2610/2610 2671/2671 2611/2611
f 2611/2611 2671/2671 2672/2672
f 2611/2611 2672/2672 2612/2612
f 2612/2612 2672/2672 2673/2673
f 2612/2612 2673/2673 2613/2613
f 2613/2613 2673/2673 2674/2674
f 2613/2613 2674/2674 2614/2614
f 2614/2614 2674/2674 2675/2675
f 2614/2614 2675/2675 2615/2615
f 2615/2615 2675/2675 2676/2676
f 2615/2615 2676/2676 2616/2616
f 2616/2616 2676/2676 2677/2677
f 2625/2625 2686/2686 2626/2626
f 2626/2626 2686/2686 2687/2687
f 2626/2626 2687/2687 2627/2627
f 2627/2627 2687/2687 2688/2688
f 2627/2627 2688/2688 2628/2628
f 2628/2628 2688/2688 2689/2689
f 2628/2628 2689/2689 2629/2629
f 2629/2629 2689/2689 2690/2690
f 2629/2629 2690/2690 2630/2630
f 2630/2630 2690/2690 2691/2691
f 2630/2630 2691/2691 2631/2631
f 2631/2631 2691/2691 2692/2692
f 2631/2631 2692/2692 2632/2632
f 2632/2632 2692/2692 2693/2693
f 2632/2632 2693/2693 2633/2633
f 2633/2633 2693/2693 2694/2694
f 2633/2633 2694/2694 2634/2634
f 2634/2634 2694/2694 2695/2695
f 2634/2634 2695/2695 2635/2635
f 2635/2635 2695/2695 2696/2696
f 2635/2635 2696/2696 2636/2636
f 2636/2636 2696/2696 2697/2697
f 2636/2636 2697/2697 2637/2637
f 2637/2637 2697/2697 2698/2698
f 2637/2637 2698/2698 2638/2638
f 2638/2638 2698/2698 2699/2699
f 2638/2638 2699/2699 2639/2639
f 2639/2639 2699/2699 2700/2700
f 2639/2639 2700/2700 2640/2640
f 2640/2640 2700/2700 2701/2701
f 2640/2640 2701/2701 2641/2641
f 2641/2641 2701/2701 2702/2702
f 2641/2641 2702/2702 2642/2642
f 2642/2642 2702/2702 2703/2703
f 2642/2642 2703/2703 2643/2643
f 2643/2643 2703/2703 2704/2704
f 2643/2643 2704/2704 2644/2644
f 2644/2644 2704/2704 2705/2705
f 2644/2644 2705/2705 2645/2645
f 2645/2645 2705/2705 2706/2706
f 2645/2645 2706/2706 2646/2646
f 2646/2646 2706/2706 2707/2707
f 2646/2646 2707/2707 2647/2647
f 2647/2647 2707/2707 2708/2708
f 2647/2647 2708/2708 2648/2648
f 2648/2648 2708/2708 2709/2709
f 2648/2648 2709/2709 2649/2649
f 2649/2649 2709/2709 2710/2710
f 2649/2649 2710/2710 2650/2650
f 2650/2650 2710/2710 2711/2711
f 2650/2650 2711/2711 2651/2651
f 2651/2651 2711/2711 2712/2712
f 2651/2651 2712/2712 2652/2652
f 2652/2652 2712/2712 2713/2713
f 2652/2652 2713/2713 2653/2653
f 2653/2653 2713/2713 2714/2714
f 2653/2653 2714/2714 2654/2654
f 2654/2654 2714/2714 2715/2715
f 2654/2654 2715/2715 2655/2655
f 2655/2655 2715/2715 2716/2716
f 2655/2655 2716/2716 2656/2656
f 2656/2656 2716/2716 2717/2717
f 2656/2656 2717/2717 2657/2657
f 2657/2657 2717/2717 2718/2718
f 2657/2657 2718/2718 2658/2658
f 2658/2658 2718/2718 2719/2719
f 2658/2658 2719/2719 2659/2659
f 2659/2659 2719/2719 2720/2720
f 2659/2659 2720/2720 2660/2660
f 2660/2660 2720/2720 2721/2721
f 2660/2660 2721/2721 2661/2661
f 2661/2661 2721/2721 2722/2722
f 2661/2661 2722/2722 2662/2662
f 2662/2662 2722/2722 2723/2723
f 2662/2662 2723/2723 2663/2663
f 2663/2663 2723/2723 2724/2724
f 2663/2663 2724/2724 2664/2664
f 2664/2664 2724/2724 2725/2725
f 2664/2664 2725/2725 2665/2665
f 2665/2665 2725/2725 2726/2726
f 2665/2665 2726/2726 2666/2666
f 2666/2666 2726/2726 2727/2727
f 2666/2666 2727/2727 2667/2667
f 2667/2667 2727/2727 2728/2728
f 2667/2667 2728/2728 2668/2668
f 2668/2668 2728/2728 2729/2729
f 2668/2668 2729/2729 2669/2669
f 2669/2669 2729/2729 2730/2730
f 2669/2669 2730/2730 2670/2670
f 2670/2670 2730/2730 2731/2731
f 2670/2670 2731/2731 2671/2671
f 2671/2671 2731/2731 2732/2732
f 2671/2671 2732/2732 2672/2672
f 2672/2672 2732/2732 2733/2733
f 2672/2672 2733/2733 2673/2673
f 2673/2673 2733/2733 2734/2734
f 2673/2673 2734/2734 2674/2674
f 2674/2674 2734/2734 2735/2735
f 2674/2674 2735/2735 2675/2675
f 2675/2675 2735/2735 2736/2736
f 2675/2675 2736/2736 2676/2676
f 2676/2676 2736/2736 2737/2737
f 2676/2676 2737/2737 2677/2677
f 2677/2677 2737/2737 2738/2738
f 2677/2677 2738/2738 2678/2678
f 2678/2678 2738/2738 2739/2739
f 2685/2685 2746/2746 2686/2686
f 2686/2686 2746/2746 2747/2747
f 2686/2686 2747/2747 2687/2687
f 2687/2687 2747/2747 2748/2748
f 2687/2687 2748/2748 2688/2688
f 2688/2688 2748/2748 2749/2749
f 2688/2688 2749/2749 2689/2689
f 2689/2689 2749/2749 2750/2750
f 2689/2689 2750/2750 2690/2690
f 2690/2690 2750/2750 2751/2751
f 2690/2690 2751/2751 2691/2691
f 2691/2691 2751/2751 2752/2752
f 2691/2691 2752/2752 2692/2692
f 2692/2692 2752/2752 2753/2753
f 2692/2692 2753/2753 2693/2693
f 2693/2693 2753/2753 2754/2754
f 2693/2693 2754/2754 2694/2694
f 2694/2694 2754/2754 2755/2755
f 2694/2694 2755/2755 2695/2695
f 2695/2695 2755/2755 2756/2756
f 2695/2695 2756/2756 2696/2696
f 2696/2696 2756/2756 2757/2757
f 2696/2696 2757/2757 2697/2697
f 2697/2697 2757/2757 2758/2758
f 2697/2697 2758/2758 2698/2698
f 2698/2698 2758/2758 2759/2759
f 2698/2698 2759/2759 2699/2699
f 2699/2699 2759/2759 2760/2760
f 2699/2699 2760/2760 2700/2700
f 2700/2700 2760/2760 2761/2761
f 2700/2700 2761/2761 2701/2701
f 2701/2701 2761/2761 2762/2762
f 2701/2701 2762/2762 2702/2702
f 2702/2702 2762/2762 2763/2763
f 2702/2702 2763/2763 2703/2703
f 2703/2703 2763/2763 2764/2764
f 2703/2703 2764/2764 2704/2704
f 2704/2704 2764/2764 2765/2765
f 2704/2704 2765/2765 2705/2705
f 2705/2705 2765/2765 2766/2766
f 2705/2705 2766/2766 2706/2706
f 2706/2706 2766/2766 2767/2767
f 2706/2706 2767/2767 2707/2707
f 2707/2707 2767/2767 2768/2768
f 2707/2707 2768/2768 2708/2708
f 2708/2708 2768/2768 2769/2769
f 2708/2708 2769/2769 2709/2709
f 2709/2709 2769/2769 2770/2770
f 2709/2709 2770/2770 2710/2710
f 2710/2710 2770/2770 2771/2771
f 2710/2710 2771/2771 2711/2711
f 2711/2711 2771/2771 2772/2772
f 2711/2711 2772/2772 2712/2712
f 2712/2712 2772/2772 2773/2773
f 2712/2712 2773/2773 2713/2713
f 2713/2713 2773/2773 2774/2774
f 2713/2713 2774/2774 2714/2714
f 2714/2714 2774/2774 2775/2775
f 2714/2714 2775/2775 2715/2715
f 2715/2715 2775/2775 2776/2776
f 2715/2715 2776/2776 2716/2716
f 2716/2716 2776/2776 2777/2777
f 2716/2716 2777/2777 2717/2717
f 2717/2717 2777/2777 2778/2778
f 2717/2717 2778/2778 2718/2718
f 2718/2718 2778/2778 2779/2779
f 2718/2718 2779/2779 2719/2719
f 2719/2719 2779/2779 2780/2780
f 2719/2719 2780/2780 2720/2720
f 2720/2720 2780/2780 2781/2781
f 2720/2720 2781/2781 2721/2721
f 2721/2721 2781/2781 2782/2782
f 2721/2721 2782/2782 2722/2722
f 2722/2722 2782/2782 2783/2783
f 2722/2722 2783/2783 2723/2723
f 2723/2723 2783/2783 2784/2784
f 2723/2723 2784/2784 2724/2724
f 2724/2724 2784/2784 2785/2785
f 2724/2724 2785/2785 2725/2725
f 2725/2725 2785/2785 2786/2786
f 2725/2725 2786/2786 2726/2726
f 2726/2726 2786/2786 2787/2787
f 2726/2726 2787/2787 2727/2727
f 2727/2727 2787/2787 2788/2788
f 2727/2727 2788/2788 2728/2728
f 2728/2728 2788/2788 2789/2789
f 2728/2728 2789/2789 2729/2729
f 2729/2729 2789/2789 2790/2790
f 2729/2729 2790/2790 2730/2730
f 2730/2730 2790/2790 2791/2791
f 2730/2730 2791/2791 2731/2731
f 2731/2731 2791/2791 2792/2792
f 2731/2731 2792/2792 2732/2732
f 2732/2732 2792/2792 2793/2793
f 2732/2732 2793/2793 2733/2733
f 2733/2733 2793/2793 2794/2794
f 2733/2733 2794/2794 2734/2734
f 2734/2734 2794/2794 2795/2795
f 2734/2734 2795/2795 2735/2735
f 2735/2735 2795/2795 2796/2796
f 2735/2735 2796/2796 2736/2736
f 2736/2736 2796/2796 2797/2797
f 2736/2736 2797/2797 2737/2737
f 2737/2737 2797/2797 2798/2798
f 2737/2737 2798/2798 2738/2738
f 2738/2738 2798/2798 2799/2799
f 2738/2738 2799/2799 2739/2739
f 2739/2739 2799/2799 2800/2800
f 2739/2739 2800/2800 2740/2740
f 2740/2740 2800/2800 2801/2801
f 2746/2746 2807/2807 2747/2747
f 2747/2747 2807/2807 2808/2808
f 2747/2747 2808/2808 2748/2748
f 2748/2748 2808/2808 2809/2809
f 2748/2748 2809/2809 2749/2749
f 2749/2749 2809/2809 2810/2810
f 2749/2749 2810/2810 2750/2750
f 2750/2750 2810/2810 2811/2811
f 2750/2750 2811/2811 2751/2751
f 2751/2751 2811/2811 2812/2812
f 2751/2751 2812/2812 2752/2752
f 2752/2752 2812/2812 2813/2813
f 2752/2752 2813/2813 2753/2753
f 2753/2753 2813/2813 2814/2814
f 2753/2753 2814/2814 2754/2754
f 2754/2754 2814/2814 2815/2815
f 2754/2754 2815/2815 2755/2755
f 2755/2755 2815/2815 2816/2816
f 2755/2755 2816/2816 2756/2756
f 2756/2756 2816/2816 2817/2817
f 2756/2756 2817/2817 2757/2757
f 2757/2757 2817/2817 2818/2818
f 2757/2757 2818/2818 2758/2758
f 2758/2758 2818/2818 2819/2819
f 2758/2758 2819/2819 2759/2759
f 2759/2759 2819/2819 2820/2820
f 2759/2759 2820/2820 2760/2760
f 2760/2760 2820/2820 2821/2821
f 2760/2760 2821/2821 2761/2761
f 2761/2761 2821/2821 2822/2822
f 2761/2761 2822/2822 2762/2762
f 2762/2762 2822/2822 2823/2823
f 2762/2762 2823/2823 2763/2763
f 2763/2763 2823/2823 2824/2824
f 2763/2763 2824/2824 2764/2764
f 2764/2764 2824/2824 2825/2825
f 2764/2764 2825/2825 2765/2765
f 2765/2765 2825/2825 2826/2826
f 2765/2765 2826/2826 2766/2766
f 2766/2766 2826/2826 2827/2827
f 2766/2766 2827/2827 2767/2767
f 2767/2767 2827/2827 2828/2828
f 2767/2767 2828/2828 2768/2768
f 2768/2768 2828/2828 2829/2829
f 2768/2768 2829/2829 2769/2769
f 2769/2769 2829/2829 2830/2830
f 2769/2769 2830/2830 2770/2770
f 2770/2770 2830/2830 2831/2831
f 2770/2770 2831/2831 2771/2771
f 2771/2771 2831/2831 2832/2832
f 2771/2771 2832/2832 2772/2772
f 2772/2772 2832/2832 2833/2833
f 2772/2772 2833/2833 2773/2773
f 2773/2773 2833/2833 2834/2834
f 2773/2773 2834/2834 2774/2774
f 2774/2774 2834/2834 2835/2835
f 2774/2774 2835/2835 2775/2775
f 2775/2775 2835/2835 2836/2836
f 2775/2775 2836/2836 2776/2776
f 2776/2776 2836/2836 2837/2837
f 2776/2776 2837/2837 2777/2777
f 2777/2777 2837/2837 2838/2838
f 2777/2777 2838/2838 2778/2778
f 2778/2778 2838/2838 2839/2839
f 2778/2778 2839/2839 2779/2779
f 2779/2779 2839/2839 2840/2840
f 2779/2779 2840/2840 2780/2780
f 2780/2780 2840/2840 2841/2841
f 2780/2780 2841/2841 2781/2781
f 2781/2781 2841/2841 2842/2842
f 2781/2781 2842/2842 2782/2782
f 2782/2782 2842/2842 2843/2843
f 2782/2782 2843/2843 2783/2783
f 2783/2783 2843/2843 2844/2844
f 2783/2783 2844/2844 2784/2784
f 2784/2784 2844/2844 2845/2845
f 2784/2784 2845/2845 2785/2785
f 2785/2785 2845/2845 2846/2846
f 2785/2785 2846/2846 2786/2786
f 2786/2786 2846/2846 2847/2847
f 2786/2786 2847/2847 2787/2787
f 2787/2787 2847/2847 2848/2848
f 2787/2787 2848/2848 2788/2788
f 2788/2788 2848/2848 2849/2849
f 2788/2788 2849/2849 2789/2789
f 2789/2789 2849/2849 2850/2850
f 2789/2789 2850/2850 2790/2790
f 2790/2790 2850/2850 2851/2851
f 2790/2790 2851/2851 2791/2791
f 2791/2791 2851/2851 2852/2852
f 2791/2791 2852/2852 2792/2792
f 2792/2792 2852/2852 2853/2853
f 2792/2792 2853/2853 2793/2793
f 2793/2793 2853/2853 2854/2854
f 2793/2793 2854/2854 2794/2794
f 2794/2794 2854/2854 2855/2855
f 2794/2794 2855/2855 2795/2795
f 2795/2795 2855/2855 2856/2856
f 2795/2795 2856/2856 2796/2796
f 2796/2796 2856/2856 2857/2857
f 2796/2796 2857/2857 2797/2797
f 2797/2797 2857/2857 2858/2858
f 2797/2797 2858/2858 2798/2798
f 2798/2798 2858/2858 2859/2859
f 2798/2798 2859/2859 2799/2799
f 2799/2799 2859/2859 2860/2860
f 2799/2799 2860/2860 2800/2800
f 2800/2800 2860/2860 2861/2861
f 2800/2800 2861/2861 2801/2801
f 2801/2801 2861/2861 2862/2862
f 2801/2801 2862/2862 2802/2802
f 2802/2802 2862/2862 2863/2863
f 2807/2807 2868/2868 2808/2808
f 2808/2808 2868/2868 2869/2869
f 2808/2808 2869/2869 2809/2809
f 2809/2809 2869/2869 2870/2870
f 2809/2809 2870/2870 2810/2810
f 2810/2810 2870/2870 2871/2871
f 2810/2810 2871/2871 2811/2811
f 2811/2811 2871/2871 2872/2872
f 2811/2811 2872/2872 2812/2812
f 2812/2812 2872/2872 2873/2873
f 2812/2812 2873/2873 2813/2813
f 2813/2813 2873/2873 2874/2874
f 2813/2813 2874/2874 2814/2814
f 2814/2814 2874/2874 2875/2875
f 2814/2814 2875/2875 2815/2815
f 2815/2815 2875/2875 2876/2876
f 2815/2815 2876/2876 2816/2816
f 2816/2816 2876/2876 2877/2877
f 2816/2816 2877/2877 2817/2817
f 2817/2817 2877/2877 2878/2878
f 2817/2817 2878/2878 2818/2818
f 2818/2818 2878/2878 2879/2879
f 2818/2818 2879/2879 2819/2819
f 2819/2819 2879/2879 2880/2880
f 2819/2819 2880/2880 2820/2820
f 2820/2820 2880/2880 2881/2881
f 2820/2820 2881/2881 2821/2821
f 2821/2821 2881/2881 2882/2882
f 2821/2821 2882/2882 2822/2822
f 2822/2822 2882/2882 2883/2883
f 2822/2822 2883/2883 2823/2823
f 2823/2823 2883/2883 2884/2884
f 2823/2823 2884/2884 2824/2824
f 2824/2824 2884/2884 2885/2885
f 2824/2824 2885/2885 2825/2825
f 2825/2825 2885/2885 2886/2886
f 2825/2825 2886/2886 2826/2826
f 2826/2826 2886/2886 2887/2887
f 2826/2826 2887/2887 2827/2827
f 2827/2827 2887/2887 2888/2888
f 2827/2827 2888/2888 2828/2828
f 2828/2828 2888/2888 2889/2889
f 2828/2828 2889/2889 2829/2829
f 2829/2829 2889/2889 2890/2890
f 2829/2829 2890/2890 2830/2830
f 2830/2830 2890/2890 2891/2891
f 2830/2830 2891/2891 2831/2831
f 2831/2831 2891/2891 2892/2892
f 2831/2831 2892/2892 2832/2832
f 2832/2832 2892/2892 2893/2893
f 2832/2832 2893/2893 2833/2833
f 2833/2833 2893/2893 2894/2894
f 2833/2833 2894/2894 2834/2834
f 2834/2834 2894/2894 2895/2895
f 2834/2834 2895/2895 2835/2835
f 2835/2835 2895/2895 2896/2896
f 2835/2835 2896/2896 2836/2836
f 2836/2836 2896/2896 2897/2897
f 2836/2836 2897/2897 2837/2837
f 2837/2837 2897/2897 2898/2898
f 2837/2837 2898/2898 2838/2838
f 2838/2838 2898/2898 2899/2899
f 2838/2838 2899/2899 2839/2839
f 2839/2839 2899/2899 2900/2900
f 2839/2839 2900/2900 2840/2840
f 2840/2840 2900/2900 2901/2901
f 2840/2840 2901/2901 2841/2841
f 2841/2841 2901/2901 2902/2902
f 2841/2841 2902/2902 2842/2842
f 2842/2842 2902/2902 2903/2903
f 2842/2842 2903/2903 2843/2843
f 2843/2843 2903/2903 2904/2904
f 2843/2843 2904/2904 2844/2844
f 2844/2844 2904/2904 2905/2905
f 2844/2844 2905/2905 2845/2845
f 2845/2845 2905/2905 2906/2906
f 2845/2845 2906/2906 2846/2846
f 2846/2846 2906/2906 2907/2907
f 2846/2846 2907/2907 2847/2847
f 2847/2847 2907/2907 2908/2908
f 2847/2847 2908/2908 2848/2848
f 2848/2848 2908/2908 2909/2909
f 2848/2848 2909/2909 2849/2849
f 2849/2849 2909/2909 2910/2910
f 2849/2849 2910/2910 2850/2850
f 2850/2850 2910/2910 2911/2911
f 2850/2850 2911/2911 2851/2851
f 2851/2851 2911/2911 2912/2912
f 2851/2851 2912/2912 2852/2852
f 2852/2852 2912/2912 2913/2913
f 2852/2852 2913/2913 2853/2853
f 2853/2853 2913/2913 2914/2914
f 2853/2853 2914/2914 2854/2854
f 2854/2854 2914/2914 2915/2915
f 2854/2854 2915/2915 2855/2855
f 2855/2855 2915/2915 2916/2916
f 2855/2855 2916/2916 2856/2856
f 2856/2856 2916/2916 2917/2917
f 2856/2856 2917/2917 2857/2857
f 2857/2857 2917/2917 2918/2918
f 2857/2857 2918/2918 2858/2858
f 2858/2858 2918/2918 2919/2919
f 2858/2858 2919/2919 2859/2859
f 2859/2859 2919/2919 2920/2920
f 2859/2859 2920/2920 2860/2860
f 2860/2860 2920/2920 2921/2921
f 2860/2860 2921/2921 2861/2861
f 2861/2861 2921/2921 2922/2922
f 2861/2861 2922/2922 2862/2862
f 2862/2862 2922/2922 2923/2923
f 2862/2862 2923/2923 2863/2863
f 2863/2863 2923/2923 2924/2924
f 2868/2868 2929/2929 2869/2869
f 2869/2869 2929/2929 2930/2930
f 2869/2869 2930/2930 2870/2870
f 2870/2870 2930/2930 2931/2931
f 2870/2870 2931/2931 2871/2871
f 2871/2871 2931/2931 2932/2932
f 2871/2871 2932/2932 2872/2872
f 2872/2872 2932/2932 2933/2933
f 2872/2872 2933/2933 2873/2873
f 2873/2873 2933/2933 2934/2934
f 2873/2873 2934/2934 2874/2874
f 2874/2874 2934/2934 2935/2935
f 2874/2874 2935/2935 2875/2875
f 2875/2875 2935/2935 2936/2936
f 2875/2875 2936/2936 2876/2876
f 2876/2876 2936/2936 2937/2937
f 2876/2876 2937/2937 2877/2877
f 2877/2877 2937/2937 2938/2938
f 2877/2877 2938/2938 2878/2878
f 2878/2878 2938/2938 2939/2939
f 2878/2878 2939/2939 2879/2879
f 2879/2879 2939/2939 2940/2940
f 2879/2879 2940/2940 2880/2880
f 2880/2880 2940/2940 2941/2941
f 2880/2880 2941/2941 2881/2881
f 2881/2881 2941/2941 2942/2942
f 2881/2881 2942/2942 2882/2882
f 2882/2882 2942/2942 2943/2943
f 2882/2882 2943/2943 2883/2883
f 2883/2883 2943/2943 2944/2944
f 2883/2883 2944/2944 2884/2884
f 2884/2884 2944/2944 2945/2945
f 2884/2884 2945/2945 2885/2885
f 2885/2885 2945/2945 2946/2946
f 2885/2885 2946/2946 2886/2886
f 2886/2886 2946/2946 2947/2947
f 2886/2886 2947/2947 2887/2887
f 2887/2887 2947/2947 2948/2948
f 2887/2887 2948/2948 2888/2888
f 2888/2888 2948/2948 2949/2949
f 2888/2888 2949/2949 2889/2889
f 2889/2889 2949/2949 2950/2950
f 2889/2889 2950/2950 2890/2890
f 2890/2890 2950/2950 2951/2951
f 2890/2890 2951/2951 2891/2891
f 2891/2891 2951/2951 2952/2952
f 2891/2891 2952/2952 2892/2892
f 2892/2892 2952/2952 2953/2953
f 2892/2892 2953/2953 2893/2893
f 2893/2893 2953/2953 2954/2954
f 2893/2893 2954/2954 2894/2894
f 2894/2894 2954/2954 2955/2955
f 2894/2894 2955/2955 2895/2895
f 2895/2895 2955/2955 2956/2956
f 2895/2895 2956/2956 2896/2896
f 2896/2896 2956/2956 2957/2957
f 2896/2896 2957/2957 2897/2897
f 2897/2897 2957/2957 2958/2958
f 2897/2897 2958/2958 2898/2898
f 2898/2898 2958/2958 2959/2959
f 2898/2898 2959/2959 2899/2899
f 2899/2899 2959/2959 2960/2960
f 2899/2899 2960/2960 2900/2900
f 2900/2900 2960/2960 2961/2961
f 2900/2900 2961/2961 2901/2901
f 2901/2901 2961/2961 2962/2962
f 2901/2901 2962/2962 2902/2902
f 2902/2902 2962/2962 2963/2963
f 2902/2902 2963/2963 2903/2903
f 2903/2903 2963/2963 2964/2964
f 2903/2903 2964/2964 2904/2904
f 2904/2904 2964/2964 2965/2965
f 2904/2904 2965/2965 2905/2905
f 2905/2905 2965/2965 2966/2966
f 2905/2905 2966/2966 2906/2906
f 2906/2906 2966/2966 2967/2967
f 2906/2906 2967/2967 2907/2907
f 2907/2907 2967/2967 2968/2968
f 2907/2907 2968/2968 2908/2908
f 2908/2908 2968/2968 2969/2969
f 2908/2908 2969/2969 2909/2909
f 2909/2909 2969/2969 2970/2970
f 2909/2909 2970/2970 2910/2910
f 2910/2910 2970/2970 2971/2971
f 2910/2910 2971/2971 2911/2911
f 2911/2911 2971/2971 2972/2972
f 2911/2911 2972/2972 2912/2912
f 2912/2912 2972/2972 2973/2973
f 2912/2912 2973/2973 2913/2913
f 2913/2913 2973/2973 2974/2974
f 2913/2913 2974/2974 2914/2914
f 2914/2914 2974/2974 2975/2975
f 2914/2914 2975/2975 2915/2915
f 2915/2915 2975/2975 2976/2976
f 2915/2915 2976/2976 2916/2916
f 2916/2916 2976/2976 2977/2977
f 2916/2916 2977/2977 2917/2917
f 2917/2917 2977/2977 2978/2978
f 2917/2917 2978/2978 2918/2918
f 2918/2918 2978/2978 2979/2979
f 2918/2918 2979/2979 2919/2919
f 2919/2919 2979/2979 2980/2980
f 2919/2919 2980/2980 2920/2920
f 2920/2920 2980/2980 2981/2981
f 2920/2920 2981/2981 2921/2921
f 2921/2921 2981/2981 2982/2982
f 2921/2921 2982/2982 2922/2922
f 2922/2922 2982/2982 2983/2983
f 2922/2922 2983/2983 2923/2923
f 2923/2923 2983/2983 2984/2984
f 2923/2923 2984/2984 2924/2924
f 2924/2924 2984/2984 2985/2985
f 2924/2924 2985/2985 2925/2925
f 2925/2925 2985/2985 2986/2986
f 2929/2929 2990/2990 2930/2930
f 2930/2930 2990/2990 2991/2991
f 2930/2930 2991/2991 2931/2931
f 2931/2931 2991/2991 2992/2992
f 2931/2931 2992/2992 2932/2932
f 2932/2932 2992/2992 2993/2993
f 2932/2932 2993/2993 2933/2933
f 2933/2933 2993/2993 2994/2994
f 2933/2933 2994/2994 2934/2934
f 2934/2934 2994/2994 2995/2995
f 2934/2934 2995/2995 2935/2935
f 2935/2935 2995/2995 2996/2996
f 2935/2935 2996/2996 2936/2936
f 2936/2936 2996/2996 2997/2997
f 2936/2936 2997/2997 2937/2937
f 2937/2937 2997/2997 2998/2998
f 2937/2937 2998/2998 2938/2938
f 2938/2938 2998/2998 2999/2999
f 2938/2938 2999/2999 2939/2939
f 2939/2939 2999/2999 3000/3000
f 2939/2939 3000/3000 2940/2940
f 2940/2940 3000/3000 3001/3001
f 2940/2940 3001/3001 2941/2941
f 2941/2941 3001/3001 3002/3002
f 2941/2941 3002/3002 2942/2942
f 2942/2942 3002/3002 3003/3003
f 2942/2942 3003/3003 2943/2943
f 2943/2943 3003/3003 3004/3004
f 2943/2943 3004/3004 2944/2944
f 2944/2944 3004/3004 3005/3005
f 2944/2944 3005/3005 2945/2945
f 2945/2945 3005/3005 3006/3006
f 2945/2945 3006/3006 2946/2946
f 2946/2946 3006/3006 3007/3007
f 2946/2946 3007/3007 2947/2947
f 2947/2947 3007/3007 3008/3008
f 2947/2947 3008/3008 2948/2948
f 2948/2948 3008/3008 3009/3009
f 2948/2948 3009/3009 2949/2949
f 2949/2949 3009/3009 3010/3010
f 2949/2949 3010/3010 2950/2950
f 2950/2950 3010/3010 3011/3011
f 2950/2950 3011/3011 2951/2951
f 2951/2951 3011/3011 3012/3012
f 2951/2951 3012/3012 2952/2952
f 2952/2952 3012/3012 3013/3013
f 2952/2952 3013/3013 2953/2953
f 2953/2953 3013/3013 3014/3014
f 2953/2953 3014/3014 2954/2954
f 2954/2954 3014/3014 3015/3015
f 2954/2954 3015/3015 2955/2955
f 2955/2955 3015/3015 3016/3016
f 2955/2955 3016/3016 2956/2956
f 2956/2956 3016/3016 3017/3017
f 2956/2956 3017/3017 2957/2957
f 2957/2957 3017/3017 3018/3018
f 2957/2957 3018/3018 2958/2958
f 2958/2958 3018/3018 3019/3019
f 2958/2958 3019/3019 2959/2959
f 2959/2959 3019/3019 3020/3020
f 2959/2959 3020/3020 2960/2960
f 2960/2960 3020/3020 3021/3021
f 2960/2960 3021/3021 2961/2961
f 2961/2961 3021/3021 3022/3022
f 2961/2961 3022/3022 2962/2962
f 2962/2962 3022/3022 3023/3023
f 2962/2962 3023/3023 2963/2963
f 2963/2963 3023/3023 3024/3024
f 2963/2963 3024/3024 2964/2964
f 2964/2964 3024/3024 3025/3025
f 2964/2964 3025/3025 2965/2965
f 2965/2965 3025/3025 3026/3026
f 2965/2965 3026/3026 2966/2966
f 2966/2966 3026/3026 3027/3027
f 2966/2966 3027/3027 2967/2967
f 2967/2967 3027/3027 3028/3028
f 2967/2967 3028/3028 2968/2968
f 2968/2968 3028/3028 3029/3029
f 2968/2968 3029/3029 2969/2969
f 2969/2969 3029/3029 3030/3030
f 2969/2969 3030/3030 2970/2970
f 2970/2970 3030/3030 3031/3031
f 2970/2970 3031/3031 2971/2971
f 2971/2971 3031/3031 3032/3032
f 2971/2971 3032/3032 2972/2972
f 2972/2972 3032/3032 3033/3033
f 2972/2972 3033/3033 2973/2973
f 2973/2973 3033/3033 3034/3034
f 2973/2973 3034/3034 2974/2974
f 2974/2974 3034/3034 3035/3035
f 2974/2974 3035/3035 2975/2975
f 2975/2975 3035/3035 3036/3036
f 2975/2975 3036/3036 2976/2976
f 2976/2976 3036/3036 3037/3037
f 2976/2976 3037/3037 2977/2977
f 2977/2977 3037/3037 3038/3038
f 2977/2977 3038/3038 2978/2978
f 2978/2978 3038/3038 3039/3039
f 2978/2978 3039/3039 2979/2979
f 2979/2979 3039/3039 3040/3040
f 2979/2979 3040/3040 2980/2980
f 2980/2980 3040/3040 3041/3041
f 2980/2980 3041/3041 2981/2981
f 2981/2981 3041/3041 3042/3042
f 2981/2981 3042/3042 2982/2982
f 2982/2982 3042/3042 3043/3043
f 2982/2982 3043/3043 2983/2983
f 2983/2983 3043/3043 3044/3044
f 2983/2983 3044/3044 2984/2984
f 2984/2984 3044/3044 3045/3045
f 2984/2984 3045/3045 2985/2985
f 2985/2985 3045/3045 3046/3046
f 2985/2985 3046/3046 2986/2986
f 2986/2986 3046/3046 3047/3047
f 2990/2990 3051/3051 2991/2991
f 2991/2991 3051/3051 3052/3052
f 2991/2991 3052/3052 2992/2992
f 2992/2992 3052/3052 3053/3053
f 2992/2992 3053/3053 2993/2993
f 2993/2993 3053/3053 3054/3054
f 2993/2993 3054/3054 2994/2994
f 2994/2994 3054/3054 3055/3055
f 2994/2994 3055/3055 2995/2995
f 2995/2995 3055/3055 3056/3056
f 2995/2995 3056/3056 2996/2996
f 2996/2996 3056/3056 3057/3057
f 2996/2996 3057/3057 2997/2997
f 2997/2997 3057/3057 3058/3058
f 2997/2997 3058/3058 2998/2998
f 2998/2998 3058/3058 3059/3059
f 2998/2998 3059/3059 2999/2999
f 2999/2999 3059/3059 3060/3060
f 2999/2999 3060/3060 3000/3000
f 3000/3000 3060/3060 3061/3061
f 3000/3000 3061/3061 3001/3001
f 3001/3001 3061/3061 3062/3062
f 3001/3001 3062/3062 3002/3002
f 3002/3002 3062/3062 3063/3063
f 3002/3002 3063/3063 3003/3003
f 3003/3003 3063/3063 3064/3064
f 3003/3003 3064/3064 3004/3004
f 3004/3004 3064/3064 3065/3065
f 3004/3004 3065/3065 3005/3005
f 3005/3005 3065/3065 3066/3066
f 3005/3005 3066/3066 3006/3006
f 3006/3006 3066/3066 3067/3067
f 3006/3006 3067/3067 3007/3007
f 3007/3007 3067/3067 3068/3068
f 3007/3007 3068/3068 3008/3008
f 3008/3008 3068/3068 3069/3069
f 3008/3008 3069/3069 3009/3009
f 3009/3009 3069/3069 3070/3070
f 3009/3009 3070/3070 3010/3010
f 3010/3010 3070/3070 3071/3071
f 3010/3010 3071/3071 3011/3011
f 3011/3011 3071/3071 3072/3072
f 3011/3011 3072/3072 3012/3012
f 3012/3012 3072/3072 3073/3073
f 3012/3012 3073/3073 3013/3013
f 3013/3013 3073/3073 3074/3074
f 3013/3013 3074/3074 3014/3014
f 3014/3014 3074/3074 3075/3075
f 3014/3014 3075/3075 3015/3015
f 3015/3015 3075/3075 3076/3076
f 3015/3015 3076/3076 3016/3016
f 3016/3016 3076/3076 3077/3077
f 3016/3016 3077/3077 3017/3017
f 3017/3017 3077/3077 3078/3078
f 3017/3017 3078/3078 3018/3018
f 3018/3018 3078/3078 3079/3079
f 3018/3018 3079/3079 3019/3019
f 3019/3019 3079/3079 3080/3080
f 3019/3019 3080/3080 3020/3020
f 3020/3020 3080/3080 3081/3081
f 3020/3020 3081/3081 3021/3021
f 3021/3021 3081/3081 3082/3082
f 3021/3021 3082/3082 3022/3022
f 3022/3022 3082/3082 3083/3083
f 3022/3022 3083/3083 3023/3023
f 3023/3023 3083/3083 3084/3084
f 3023/3023 3084/3084 3024/3024
f 3024/3024 3084/3084 3085/3085
f 3024/3024 3085/3085 3025/3025
f 3025/3025 3085/3085 3086/3086
f 3025/3025 3086/3086 3026/3026
f 3026/3026 3086/3086 3087/3087
f 3026/3026 3087/3087 3027/3027
f 3027/3027 3087/3087 3088/3088
f 3027/3027 3088/3088 3028/3028
f 3028/3028 3088/3088 3089/3089
f 3028/3028 3089/3089 3029/3029
f 3029/3029 3089/3089 3090/3090
f 3029/3029 3090/3090 3030/3030
f 3030/3030 3090/3090 3091/3091
f 3030/3030 3091/3091 3031/3031
f 3031/3031 3091/3091 3092/3092
f 3031/3031 3092/3092 3032/3032
f 3032/3032 3092/3092 3093/3093
f 3032/3032 3093/3093 3033/3033
f 3033/3033 3093/3093 3094/3094
f 3033/3033 3094/3094 3034/3034
f 3034/3034 3094/3094 3095/3095
f 3034/3034 3095/3095 3035/3035
f 3035/3035 3095/3095 3096/3096
f 3035/3035 3096/3096 3036/3036
f 3036/3036 3096/3096 3097/3097
f 3036/3036 3097/3097 3037/3037
f 3037/3037 3097/3097 3098/3098
f 3037/3037 3098/3098 3038/3038
f 3038/3038 3098/3098 3099/3099
f 3038/3038 3099/3099 3039/3039
f 3039/3039 3099/3099 3100/3100
f 3039/3039 3100/3100 3040/3040
f 3040/3040 3100/3100 3101/3101
f 3040/3040 3101/3101 3041/3041
f 3041/3041 3101/3101 3102/3102
f 3041/3041 3102/3102 3042/3042
f 3042/3042 3102/3102 3103/3103
f 3042/3042 3103/3103 3043/3043
f 3043/3043 3103/3103 3104/3104
f 3043/3043 3104/3104 3044/3044
f 3044/3044 3104/3104 3105/3105
f 3044/3044 3105/3105 3045/3045
f 3045/3045 3105/3105 3106/3106
f 3045/3045 3106/3106 3046/3046
f 3046/3046 3106/3106 3107/3107
f 3046/3046 3107/3107 3047/3047
f 3047/3047 3107/3107 3108/3108
f 3047/3047 3108/3108 3048/3048
f 3048/3048 3108/3108 3109/3109
f 3051/3051 3112/3112 3052/3052
f 3052/3052 3112/3112 3113/3113
f 3052/3052 3113/3113 3053/3053
f 3053/3053 3113/3113 3114/3114
f 3053/3053 3114/3114 3054/3054
f 3054/3054 3114/3114 3115/3115
f 3054/3054 3115/3115 3055/3055
f 3055/3055 3115/3115 3116/3116
f 3055/3055 3116/3116 3056/3056
f 3056/3056 3116/3116 3117/3117
f 3056/3056 3117/3117 3057/3057
f 3057/3057 3117/3117 3118/3118
f 3057/3057 3118/3118 3058/3058
f 3058/3058 3118/3118 3119/3119
f 3058/3058 3119/3119 3059/3059
f 3059/3059 3119/3119 3120/3120
f 3059/3059 3120/3120 3060/3060
f 3060/3060 3120/3120 3121/3121
f 3060/3060 3121/3121 3061/3061
f 3061/3061 3121/3121 3122/3122
f 3061/3061 3122/3122 3062/3062
f 3062/3062 3122/3122 3123/3123
f 3062/3062 3123/3123 3063/3063
f 3063/3063 3123/3123 3124/3124
f 3063/3063 3124/3124 3064/3064
f 3064/3064 3124/3124 3125/3125
f 3064/3064 3125/3125 3065/3065
f 3065/3065 3125/3125 3126/3126
f 3065/3065 3126/3126 3066/3066
f 3066/3066 3126/3126 3127/3127
f 3066/3066 3127/3127 3067/3067
f 3067/3067 3127/3127 3128/3128
f 3067/3067 3128/3128 3068/3068
f 3068/3068 3128/3128 3129/3129
f 3068/3068 3129/3129 3069/3069
f 3069/3069 3129/3129 3130/3130
f 3069/3069 3130/3130 3070/3070
f 3070/3070 3130/3130 3131/3131
f 3070/3070 3131/3131 3071/3071
f 3071/3071 3131/3131 3132/3132
f 3071/3071 3132/3132 3072/3072
f 3072/3072 3132/3132 3133/3133
f 3072/3072 3133/3133 3073/3073
f 3073/3073 3133/3133 3134/3134
f 3073/3073 3134/3134 3074/3074
f 3074/3074 3134/3134 3135/3135
f 3074/3074 3135/3135 3075/3075
f 3075/3075 3135/3135 3136/3136
f 3075/3075 3136/3136 3076/3076
f 3076/3076 3136/3136 3137/3137
f 3076/3076 3137/3137 3077/3077
f 3077/3077 3137/3137 3138/3138
f 3077/3077 3138/3138 3078/3078
f 3078/3078 3138/3138 3139/3139
f 3078/3078 3139/3139 3079/3079
f 3079/3079 3139/3139 3140/3140
f 3079/3079 3140/3140 3080/3080
f 3080/3080 3140/3140 3141/3141
f 3080/3080 3141/3141 3081/3081
f 3081/3081 3141/3141 3142/3142
f 3081/3081 3142/3142 3082/3082
f 3082/3082 3142/3142 3143/3143
f 3082/3082 3143/3143 3083/3083
f 3083/3083 3143/3143 3144/3144
f 3083/3083 3144/3144 3084/3084
f 3084/3084 3144/3144 3145/3145
f 3084/3084 3145/3145 3085/3085
f 3085/3085 3145/3145 3146/3146
f 3085/3085 3146/3146 3086/3086
f 3086/3086 3146/3146 3147/3147
f 3086/3086 3147/3147 3087/3087
f 3087/3087 3147/3147 3148/3148
f 3087/3087 3148/3148 3088/3088
f 3088/3088 3148/3148 3149/3149
f 3088/3088 3149/3149 3089/3089
f 3089/3089 3149/3149 3150/3150
f 3089/3089 3150/3150 3090/3090
f 3090/3090 3150/3150 3151/3151
f 3090/3090 3151/3151 3091/3091
f 3091/3091 3151/3151 3152/3152
f 3091/3091 3152/3152 3092/3092
f 3092/3092 3152/3152 3153/3153
f 3092/3092 3153/3153 3093/3093
f 3093/3093 3153/3153 3154/3154
f 3093/3093 3154/3154 3094/3094
f 3094/3094 3154/3154 3155/3155
f 3094/3094 3155/3155 3095/3095
f 3095/3095 3155/3155 3156/3156
f 3095/3095 3156/3156 3096/3096
f 3096/3096 3156/3156 3157/3157
f 3096/3096 3157/3157 3097/3097
f 3097/3097 3157/3157 3158/3158
f 3097/3097 3158/3158 3098/3098
f 3098/3098 3158/3158 3159/3159
f 3098/3098 3159/3159 3099/3099
f 3099/3099 3159/3159 3160/3160
f 3099/3099 3160/3160 3100/3100
f 3100/3100 3160/3160 3161/3161
f 3100/3100 3161/3161 3101/3101
f 3101/3101 3161/3161 3162/3162
f 3101/3101 3162/3162 3102/3102
f 3102/3102 3162/3162 3163/3163
f 3102/3102 3163/3163 3103/3103
f 3103/3103 3163/3163 3164/3164
f 3103/3103 3164/3164 3104/3104
f 3104/3104 3164/3164 3165/3165
f 3104/3104 3165/3165 3105/3105
f 3105/3105 3165/3165 3166/3166
f 3105/3105 3166/3166 3106/3106
f 3106/3106 3166/3166 3167/3167
f 3106/3106 3167/3167 3107/3107
f 3107/3107 3167/3167 3168/3168
f 3107/3107 3168/3168 3108/3108
f 3108/3108 3168/3168 3169/3169
f 3108/3108 3169/3169 3109/3109
f 3109/3109 3169/3169 3170/3170
f 3112/3112 3173/3173 3113/3113
f 3113/3113 3173/3173 3174/3174
f 3113/3113 3174/3174 3114/3114
f 3114/3114 3174/3174 3175/3175
f 3114/3114 3175/3175 3115/3115
f 3115/3115 3175/3175 3176/3176
f 3115/3115 3176/3176 3116/3116
f 3116/3116 3176/3176 3177/3177
f 3116/3116 3177/3177 3117/3117
f 3117/3117 3177/3177 3178/3178
f 3117/3117 3178/3178 3118/3118
f 3118/3118 3178/3178 3179/3179
f 3118/3118 3179/3179 3119/3119
f 3119/3119 3179/3179 3180/3180
f 3119/3119 3180/3180 3120/3120
f 3120/3120 3180/3180 3181/3181
f 3120/3120 3181/3181 3121/3121
f 3121/3121 3181/3181 3182/3182
f 3121/3121 3182/3182 3122/3122
f 3122/3122 3182/3182 3183/3183
f 3122/3122 3183/3183 3123/3123
f 3123/3123 3183/3183 3184/3184
f 3123/3123 3184/3184 3124/3124
f 3124/3124 3184/3184 3185/3185
f 3124/3124 3185/3185 3125/3125
f 3125/3125 3185/3185 3186/3186
f 3125/3125 3186/3186 3126/3126
f 3126/3126 3186/3186 3187/3187
f 3126/3126 3187/3187 3127/3127
f 3127/3127 3187/3187 3188/3188
f 3127/3127 3188/3188 3128/3128
f 3128/3128 3188/3188 3189/3189
f 3128/3128 3189/3189 3129/3129
f 3129/3129 3189/3189 3190/3190
f 3129/3129 3190/3190 3130/3130
f 3130/3130 3190/3190 3191/3191
f 3130/3130 3191/3191 3131/3131
f 3131/3131 3191/3191 3192/3192
f 3131/3131 3192/3192 3132/3132
f 3132/3132 3192/3192 3193/3193
f 3132/3132 3193/3193 3133/3133
f 3133/3133 3193/3193 3194/3194
f 3133/3133 3194/3194 3134/3134
f 3134/3134 3194/3194 3195/3195
f 3134/3134 3195/3195 3135/3135
f 3135/3135 3195/3195 3196/3196
f 3135/3135 3196/3196 3136/3136
f 3136/3136 3196/3196 3197/3197
f 3136/3136 3197/3197 3137/3137
f 3137/3137 3197/3197 3198/3198
f 3137/3137 3198/3198 3138/3138
f 3138/3138 3198/3198 3199/3199
f 3138/3138 3199/3199 3139/3139
f 3139/3139 3199/3199 3200/3200
f 3139/3139 3200/3200 3140/3140
f 3140/3140 3200/3200 3201/3201
f 3140/3140 3201/3201 3141/3141
f 3141/3141 3201/3201 3202/3202
f 3141/3141 3202/3202 3142/3142
f 3142/3142 3202/3202 3203/3203
f 3142/3142 3203/3203 3143/3143
f 3143/3143 3203/3203 3204/3204
f 3143/3143 3204/3204 3144/3144
f 3144/3144 3204/3204 3205/3205
f 3144/3144 3205/3205 3145/3145
f 3145/3145 3205/3205 3206/3206
f 3145/3145 3206/3206 3146/3146
f 3146/3146 3206/3206 3207/3207
f 3146/3146 3207/3207 3147/3147
f 3147/3147 3207/3207 3208/3208
f 3147/3147 3208/3208 3148/3148
f 3148/3148 3208/3208 3209/3209
f 3148/3148 3209/3209 3149/3149
f 3149/3149 3209/3209 3210/3210
f 3149/3149 3210/3210 3150/3150
f 3150/3150 3210/3210 3211/3211
f 3150/3150 3211/3211 3151/3151
f 3151/3151 3211/3211 3212/3212
f 3151/3151 3212/3212 3152/3152
f 3152/3152 3212/3212 3213/3213
f 3152/3152 3213/3213 3153/3153
f 3153/3153 3213/3213 3214/3214
f 3153/3153 3214/3214 3154/3154
f 3154/3154 3214/3214 3215/3215
f 3154/3154 3215/3215 3155/3155
f 3155/3155 3215/3215 3216/3216
f 3155/3155 3216/3216 3156/3156
f 3156/3156 3216/3216 3217/3217
f 3156/3156 3217/3217 3157/3157
f 3157/3157 3217/3217 3218/3218
f 3157/3157 3218/3218 3158/3158
f 3158/3158 3218/3218 3219/3219
f 3158/3158 3219/3219 3159/3159
f 3159/3159 3219/3219 3220/3220
f 3159/3159 3220/3220 3160/3160
f 3160/3160 3220/3220 3221/3221
f 3160/3160 3221/3221 3161/3161
f 3161/3161 3221/3221 3222/3222
f 3161/3161 3222/3222 3162/3162
f 3162/3162 3222/3222 3223/3223
f 3162/3162 3223/3223 3163/3163
f 3163/3163 3223/3223 3224/3224
f 3163/3163 3224/3224 3164/3164
f 3164/3164 3224/3224 3225/3225
f 3164/3164 3225/3225 3165/3165
f 3165/3165 3225/3225 3226/3226
f 3165/3165 3226/3226 3166/3166
f 3166/3166 3226/3226 3227/3227
f 3166/3166 3227/3227 3167/3167
f 3167/3167 3227/3227 3228/3228
f 3167/3167 3228/3228 3168/3168
f 3168/3168 3228/3228 3229/3229
f 3168/3168 3229/3229 3169/3169
f 3169/3169 3229/3229 3230/3230
f 3169/3169 3230/3230 3170/3170
f 3170/3170 3230/3230 3231/3231
f 3173/3173 3234/3234 3174/3174
f 3174/3174 3234/3234 3235/3235
f 3174/3174 3235/3235 3175/3175
f 3175/3175 3235/3235 3236/3236
f 3175/3175 3236/3236 3176/3176
f 3176/3176 3236/3236 3237/3237
f 3176/3176 3237/3237 3177/3177
f 3177/3177 3237/3237 3238/3238
f 3177/3177 3238/3238 3178/3178
f 3178/3178 3238/3238 3239/3239
f 3178/3178 3239/3239 3179/3179
f 3179/3179 3239/3239 3240/3240
f 3179/3179 3240/3240 3180/3180
f 3180/3180 3240/3240 3241/3241
f 3180/3180 3241/3241 3181/3181
f 3181/3181 3241/3241 3242/3242
f 3181/3181 3242/3242 3182/3182
f 3182/3182 3242/3242 3243/3243
f 3182/3182 3243/3243 3183/3183
f 3183/3183 3243/3243 3244/3244
f 3183/3183 3244/3244 3184/3184
f 3184/3184 3244/3244 3245/3245
f 3184/3184 3245/3245 3185/3185
f 3185/3185 3245/3245 3246/3246
f 3185/3185 3246/3246 3186/3186
f 3186/3186 3246/3246 3247/3247
f 3186/3186 3247/3247 3187/3187
f 3187/3187 3247/3247 3248/3248
f 3187/3187 3248/3248 3188/3188
f 3188/3188 3248/3248 3249/3249
f 3188/3188 3249/3249 3189/3189
f 3189/3189 3249/3249 3250/3250
f 3189/3189 3250/3250 3190/3190
f 3190/3190 3250/3250 3251/3251
f 3190/3190 3251/3251 3191/3191
f 3191/3191 3251/3251 3252/3252
f 3191/3191 3252/3252 3192/3192
f 3192/3192 3252/3252 3253/3253
f 3192/3192 3253/3253 3193/3193
f 3193/3193 3253/3253 3254/3254
f 3193/3193 3254/3254 3194/3194
f 3194/3194 3254/3254 3255/3255
f 3194/3194 3255/3255 3195/3195
f 3195/3195 3255/3255 3256/3256
f 3195/3195 3256/3256 3196/3196
f 3196/3196 3256/3256 3257/3257
f 3196/3196 3257/3257 3197/3197
f 3197/3197 3257/3257 3258/3258
f 3197/3197 3258/3258 3198/3198
f 3198/3198 3258/3258 3259/3259
f 3198/3198 3259/3259 3199/3199
f 3199/3199 3259/3259 3260/3260
f 3199/3199 3260/3260 3200/3200
f 3200/3200 3260/3260 3261/3261
f 3200/3200 3261/3261 3201/3201
f 3201/3201 3261/3261 3262/3262
f 3201/3201 3262/3262 3202/3202
f 3202/3202 3262/3262 3263/3263
f 3202/3202 3263/3263 3203/3203
f 3203/3203 3263/3263 3264/3264
f 3203/3203 3264/3264 3204/3204
f 3204/3204 3264/3264 3265/3265
f 3204/3204 3265/3265 3205/3205
f 3205/3205 3265/3265 3266/3266
f 3205/3205 3266/3266 3206/3206
f 3206/3206 3266/3266 3267/3267
f 3206/3206 3267/3267 3207/3207
f 3207/3207 3267/3267 3268/3268
f 3207/3207 3268/3268 3208/3208
f 3208/3208 3268/3268 3269/3269
f 3208/3208 3269/3269 3209/3209
f 3209/3209 3269/3269 3270/3270
f 3209/3209 3270/3270 3210/3210
f 3210/3210 3270/3270 3271/3271
f 3210/3210 3271/3271 3211/3211
f 3211/3211 3271/3271 3272/3272
f 3211/3211 3272/3272 3212/3212
f 3212/3212 3272/3272 3273/3273
f 3212/3212 3273/3273 3213/3213
f 3213/3213 3273/3273 3274/3274
f 3213/3213 3274/3274 3214/3214
f 3214/3214 3274/3274 3275/3275
f 3214/3214 3275/3275 3215/3215
f 3215/3215 3275/3275 3276/3276
f 3215/3215 3276/3276 3216/3216
f 3216/3216 3276/3276 3277/3277
f 3216/3216 3277/3277 3217/3217
f 3217/3217 3277/3277 3278/3278
f 3217/3217 3278/3278 3218/3218
f 3218/3218 3278/3278 3279/3279
f 3218/3218 3279/3279 3219/3219
f 3219/3219 3279/3279 3280/3280
f 3219/3219 3280/3280 3220/3220
f 3220/3220 3280/3280 3281/3281
f 3220/3220 3281/3281 3221/3221
f 3221/3221 3281/3281 3282/3282
f 3221/3221 3282/3282 3222/3222
f 3222/3222 3282/3282 3283/3283
f 3222/3222 3283/3283 3223/3223
f 3223/3223 3283/3283 3284/3284
f 3223/3223 3284/3284 3224/3224
f 3224/3224 3284/3284 3285/3285
f 3224/3224 3285/3285 3225/3225
f 3225/3225 3285/3285 3286/3286
f 3225/3225 3286/3286 3226/3226
f 3226/3226 3286/3286 3287/3287
f 3226/3226 3287/3287 3227/3227
f 3227/3227 3287/3287 3288/3288
f 3227/3227 3288/3288 3228/3228
f 3228/3228 3288/3288 3289/3289
f 3228/3228 3289/3289 3229/3229
f 3229/3229 3289/3289 3290/3290
f 3229/3229 3290/3290 3230/3230
f 3230/3230 3290/3290 3291/3291
f 3230/3230 3291/3291 3231/3231
f 3231/3231 3291/3291 3292/3292
f 3231/3231 3292/3292 3232/3232
f 3232/3232 3292/3292 3293/3293
f 3234/3234 3295/3295 3235/3235
f 3235/3235 3295/3295 3296/3296
f 3235/3235 3296/3296 3236/3236
f 3236/3236 3296/3296 3297/3297
f 3236/3236 3297/3297 3237/3237
f 3237/3237 3297/3297 3298/3298
f 3237/3237 3298/3298 3238/3238
f 3238/3238 3298/3298 3299/3299
f 3238/3238 3299/3299 3239/3239
f 3239/3239 3299/3299 3300/3300
f 3239/3239 3300/3300 3240/3240
f 3240/3240 3300/3300 3301/3301
f 3240/3240 3301/3301 3241/3241
f 3241/3241 3301/3301 3302/3302
f 3241/3241 3302/3302 3242/3242
f 3242/3242 3302/3302 3303/3303
f 3242/3242 3303/3303 3243/3243
f 3243/3243 3303/3303 3304/3304
f 3243/3243 3304/3304 3244/3244
f 3244/3244 3304/3304 3305/3305
f 3244/3244 3305/3305 3245/3245
f 3245/3245 3305/3305 3306/3306
f 3245/3245 3306/3306 3246/3246
f 3246/3246 3306/3306 3307/3307
f 3246/3246 3307/3307 3247/3247
f 3247/3247 3307/3307 3308/3308
f 3247/3247 3308/3308 3248/3248
f 3248/3248 3308/3308 3309/3309
f 3248/3248 3309/3309 3249/3249
f 3249/3249 3309/3309 3310/3310
f 3249/3249 3310/3310 3250/3250
f 3250/3250 3310/3310 3311/3311
f 3250/3250 3311/3311 3251/3251
f 3251/3251 3311/3311 3312/3312
f 3251/3251 3312/3312 3252/3252
f 3252/3252 3312/3312 3313/3313
f 3252/3252 3313/3313 3253/3253
f 3253/3253 3313/3313 3314/3314
f 3253/3253 3314/3314 3254/3254
f 3254/3254 3314/3314 3315/3315
f 3254/3254 3315/3315 3255/3255
f 3255/3255 3315/3315 3316/3316
f 3255/3255 3316/3316 3256/3256
f 3256/3256 3316/3316 3317/3317
f 3256/3256 3317/3317 3257/3257
f 3257/3257 3317/3317 3318/3318
f 3257/3257 3318/3318 3258/3258
f 3258/3258 3318/3318 3319/3319
f 3258/3258 3319/3319 3259/3259
f 3259/3259 3319/3319 3320/3320
f 3259/3259 3320/3320 3260/3260
f 3260/3260 3320/3320 3321/3321
f 3260/3260 3321/3321 3261/3261
f 3261/3261 3321/3321 3322/3322
f 3261/3261 3322/3322 3262/3262
f 3262/3262 3322/3322 3323/3323
f 3262/3262 3323/3323 3263/3263
f 3263/3263 3323/3323 3324/3324
f 3263/3263 3324/3324 3264/3264
f 3264/3264 3324/3324 3325/3325
f 3264/3264 3325/3325 3265/3265
f 3265/3265 3325/3325 3326/3326
f 3265/3265 3326/3326 3266/3266
f 3266/3266 3326/3326 3327/3327
f 3266/3266 3327/3327 3267/3267
f 3267/3267 3327/3327 3328/3328
f 3267/3267 3328/3328 3268/3268
f 3268/3268 3328/3328 3329/3329
f 3268/3268 3329/3329 3269/3269
f 3269/3269 3329/3329 3330/3330
f 3269/3269 3330/3330 3270/3270
f 3270/3270 3330/3330 3331/3331
f 3270/3270 3331/3331 3271/3271
f 3271/3271 3331/3331 3332/3332
f 3271/3271 3332/3332 3272/3272
f 3272/3272 3332/3332 3333/3333
f 3272/3272 3333/3333 3273/3273
f 3273/3273 3333/3333 3334/3334
f 3273/3273 3334/3334 3274/3274
f 3274/3274 3334/3334 3335/3335
f 3274/3274 3335/3335 3275/3275
f 3275/3275 3335/3335 3336/3336
f 3275/3275 3336/3336 3276/3276
f 3276/3276 3336/3336 3337/3337
f 3276/3276 3337/3337 3277/3277
f 3277/3277 3337/3337 3338/3338
f 3277/3277 3338/3338 3278/3278
f 3278/3278 3338/3338 3339/3339
f 3278/3278 3339/3339 3279/3279
f 3279/3279 3339/3339 3340/3340
f 3279/3279 3340/3340 3280/3280
f 3280/3280 3340/3340 3341/3341
f 3280/3280 3341/3341 3281/3281
f 3281/3281 3341/3341 3342/3342
f 3281/3281 3342/3342 3282/3282
f 3282/3282 3342/3342 3343/3343
f 3282/3282 3343/3343 3283/3283
f 3283/3283 3343/3343 3344/3344
f 3283/3283 3344/3344 3284/3284
f 3284/3284 3344/3344 3345/3345
f 3284/3284 3345/3345 3285/3285
f 3285/3285 3345/3345 3346/3346
f 3285/3285 3346/3346 3286/3286
f 3286/3286 3346/3346 3347/3347
f 3286/3286 3347/3347 3287/3287
f 3287/3287 3347/3347 3348/3348
f 3287/3287 3348/3348 3288/3288
f 3288/3288 3348/3348 3349/3349
f 3288/3288 3349/3349 3289/3289
f 3289/3289 3349/3349 3350/3350
f 3289/3289 3350/3350 3290/3290
f 3290/3290 3350/3350 3351/3351
f 3290/3290 3351/3351 3291/3291
f 3291/3291 3351/3351 3352/3352
f 3291/3291 3352/3352 3292/3292
f 3292/3292 3352/3352 3353/3353
f 3292/3292 3353/3353 3293/3293
f 3293/3293 3353/3353 3354/3354
f 3295/3295 3356/3356 3296/3296
f 3296/3296 3356/3356 3357/3357
f 3296/3296 3357/3357 3297/3297
f 3297/3297 3357/3357 3358/3358
f 3297/3297 3358/3358 3298/3298
f 3298/3298 3358/3358 3359/3359
f 3298/3298 3359/3359 3299/3299
f 3299/3299 3359/3359 3360/3360
f 3299/3299 3360/3360 3300/3300
f 3300/3300 3360/3360 3361/3361
f 3300/3300 3361/3361 3301/3301
f 3301/3301 3361/3361 3362/3362
f 3301/3301 3362/3362 3302/3302
f 3302/3302 3362/3362 3363/3363
f 3302/3302 3363/3363 3303/3303
f 3303/3303 3363/3363 3364/3364
f 3303/3303 3364/3364 3304/3304
f 3304/3304 3364/3364 3365/3365
f 3304/3304 3365/3365 3305/3305
f 3305/3305 3365/3365 3366/3366
f 3305/3305 3366/3366 3306/3306
f 3306/3306 3366/3366 3367/3367
f 3306/3306 3367/3367 3307/3307
f 3307/3307 3367/3367 3368/3368
f 3307/3307 3368/3368 3308/3308
f 3308/3308 3368/3368 3369/3369
f 3308/3308 3369/3369 3309/3309
f 3309/3309 3369/3369 3370/3370
f 3309/3309 3370/3370 3310/3310
f 3310/3310 3370/3370 3371/3371
f 3310/3310 3371/3371 3311/3311
f 3311/3311 3371/3371 3372/3372
f 3311/3311 3372/3372 3312/3312
f 3312/3312 3372/3372 3373/3373
f 3312/3312 3373/3373 3313/3313
f 3313/3313 3373/3373 3374/3374
f 3313/3313 3374/3374 3314/3314
f 3314/3314 3374/3374 3375/3375
f 3314/3314 3375/3375 3315/3315
f 3315/3315 3375/3375 3376/3376
f 3315/3315 3376/3376 3316/3316
f 3316/3316 3376/3376 3377/3377
f 3316/3316 3377/3377 3317/3317
f 3317/3317 3377/3377 3378/3378
f 3317/3317 3378/3378 3318/3318
f 3318/3318 3378/3378 3379/3379
f 3318/3318 3379/3379 3319/3319
f 3319/3319 3379/3379 3380/3380
f 3319/3319 3380/3380 3320/3320
f 3320/3320 3380/3380 3381/3381
f 3320/3320 3381/3381 3321/3321
f 3321/3321 3381/3381 3382/3382
f 3321/3321 3382/3382 3322/3322
f 3322/3322 3382/3382 3383/3383
f 3322/3322 3383/3383 3323/3323
f 3323/3323 3383/3383 3384/3384
f 3323/3323 3384/3384 3324/3324
f 3324/3324 3384/3384 3385/3385
f 3324/3324 3385/3385 3325/3325
f 3325/3325 3385/3385 3386/3386
f 3325/3325 3386/3386 3326/3326
f 3326/3326 3386/3386 3387/3387
f 3326/3326 3387/3387 3327/3327
f 3327/3327 3387/3387 3388/3388
f 3327/3327 3388/3388 3328/3328
f 3328/3328 3388/3388 3389/3389
f 3328/3328 3389/3389 3329/3329
f 3329/3329 3389/3389 3390/3390
f 3329/3329 3390/3390 3330/3330
f 3330/3330 3390/3390 3391/3391
f 3330/3330 3391/3391 3331/3331
f 3331/3331 3391/3391 3392/3392
f 3331/3331 3392/3392 3332/3332
f 3332/3332 3392/3392 3393/3393
f 3332/3332 3393/3393 3333/3333
f 3333/3333 3393/3393 3394/3394
f 3333/3333 3394/3394 3334/3334
f 3334/3334 3394/3394 3395/3395
f 3334/3334 3395/3395 3335/3335
f 3335/3335 3395/3395 3396/3396
f 3335/3335 3396/3396 3336/3336
f 3336/3336 3396/3396 3397/3397
f 3336/3336 3397/3397 3337/3337
f 3337/3337 3397/3397 3398/3398
f 3337/3337 3398/3398 3338/3338
f 3338/3338 3398/3398 3399/3399
f 3338/3338 3399/3399 3339/3339
f 3339/3339 3399/3399 3400/3400
f 3339/3339 3400/3400 3340/3340
f 3340/3340 3400/3400 3401/3401
f 3340/3340 3401/3401 3341/3341
f 3341/3341 3401/3401 3402/3402
f 3341/3341 3402/3402 3342/3342
f 3342/3342 3402/3402 3403/3403
f 3342/3342 3403/3403 3343/3343
f 3343/3343 3403/3403 3404/3404
f 3343/3343 3404/3404 3344/3344
f 3344/3344 3404/3404 3405/3405
f 3344/3344 3405/3405 3345/3345
f 3345/3345 3405/3405 3406/3406
f 3345/3345 3406/3406 3346/3346
f 3346/3346 3406/3406 3407/3407
f 3346/3346 3407/3407 3347/3347
f 3347/3347 3407/3407 3408/3408
f 3347/3347 3408/3408 3348/3348
f 3348/3348 3408/3408 3409/3409
f 3348/3348 3409/3409 3349/3349
f 3349/3349 3409/3409 3410/3410
f 3349/3349 3410/3410 3350/3350
f 3350/3350 3410/3410 3411/3411
f 3350/3350 3411/3411 3351/3351
f 3351/3351 3411/3411 3412/3412
f 3351/3351 3412/3412 3352/3352
f 3352/3352 3412/3412 3413/3413
f 3352/3352 3413/3413 3353/3353
f 3353/3353 3413/3413 3414/3414
f 3353/3353 3414/3414 3354/3354
f 3354/3354 3414/3414 3415/3415
f 3356/3356 3417/3417 3357/3357
f 3357/3357 3417/3417 3418/3418
f 3357/3357 3418/3418 3358/3358
f 3358/3358 3418/3418 3419/3419
f 3358/3358 3419/3419 3359/3359
f 3359/3359 3419/3419 3420/3420
f 3359/3359 3420/3420 3360/3360
f 3360/3360 3420/3420 3421/3421
f 3360/3360 3421/3421 3361/3361
f 3361/3361 3421/3421 3422/3422
f 3361/3361 3422/3422 3362/3362
f 3362/3362 3422/3422 3423/3423
f 3362/3362 3423/3423 3363/3363
f 3363/3363 3423/3423 3424/3424
f 3363/3363 3424/3424 3364/3364
f 3364/3364 3424/3424 3425/3425
f 3364/3364 3425/3425 3365/3365
f 3365/3365 3425/3425 3426/3426
f 3365/3365 3426/3426 3366/3366
f 3366/3366 3426/3426 3427/3427
f 3366/3366 3427/3427 3367/3367
f 3367/3367 3427/3427 3428/3428
f 3367/3367 3428/3428 3368/3368
f 3368/3368 3428/3428 3429/3429
f 3368/3368 3429/3429 3369/3369
f 3369/3369 3429/3429 3430/3430
f 3369/3369 3430/3430 3370/3370
f 3370/3370 3430/3430 3431/3431
f 3370/3370 3431/3431 3371/3371
f 3371/3371 3431/3431 3432/3432
f 3371/3371 3432/3432 3372/3372
f 3372/3372 3432/3432 3433/3433
f 3372/3372 3433/3433 3373/3373
f 3373/3373 3433/3433 3434/3434
f 3373/3373 3434/3434 3374/3374
f 3374/3374 3434/3434 3435/3435
f 3374/3374 3435/3435 3375/3375
f 3375/3375 3435/3435 3436/3436
f 3375/3375 3436/3436 3376/3376
f 3376/3376 3436/3436 3437/3437
f 3376/3376 3437/3437 3377/3377
f 3377/3377 3437/3437 3438/3438
f 3377/3377 3438/3438 3378/3378
f 3378/3378 3438/3438 3439/3439
f 3378/3378 3439/3439 3379/3379
f 3379/3379 3439/3439 3440/3440
f 3379/3379 3440/3440 3380/3380
f 3380/3380 3440/3440 3441/3441
f 3380/3380 3441/3441 3381/3381
f 3381/3381 3441/3441 3442/3442
f 3381/3381 3442/3442 3382/3382
f 3382/3382 3442/3442 3443/3443
f 3382/3382 3443/3443 3383/3383
f 3383/3383 3443/3443 3444/3444
f 3383/3383 3444/3444 3384/3384
f 3384/3384 3444/3444 3445/3445
f 3384/3384 3445/3445 3385/3385
f 3385/3385 3445/3445 3446/3446
f 3385/3385 3446/3446 3386/3386
f 3386/3386 3446/3446 3447/3447
f 3386/3386 3447/3447 3387/3387
f 3387/3387 3447/3447 3448/3448
f 3387/3387 3448/3448 3388/3388
f 3388/3388 3448/3448 3449/3449
f 3388/3388 3449/3449 3389/3389
f 3389/3389 3449/3449 3450/3450
f 3389/3389 3450/3450 3390/3390
f 3390/3390 3450/3450 3451/3451
f 3390/3390 3451/3451 3391/3391
f 3391/3391 3451/3451 3452/3452
f 3391/3391 3452/3452 3392/3392
f 3392/3392 3452/3452 3453/3453
f 3392/3392 3453/3453 3393/3393
f 3393/3393 3453/3453 3454/3454
f 3393/3393 3454/3454 3394/3394
f 3394/3394 3454/3454 3455/3455
f 3394/3394 3455/3455 3395/3395
f 3395/3395 3455/3455 3456/3456
f 3395/3395 3456/3456 3396/3396
f 3396/3396 3456/3456 3457/3457
f 3396/3396 3457/3457 3397/3397
f 3397/3397 3457/3457 3458/3458
f 3397/3397 3458/3458 3398/3398
f 3398/3398 3458/3458 3459/3459
f 3398/3398 3459/3459 3399/3399
f 3399/3399 3459/3459 3460/3460
f 3399/3399 3460/3460 3400/3400
f 3400/3400 3460/3460 3461/3461
f 3400/3400 3461/3461 3401/3401
f 3401/3401 3461/3461 3462/3462
f 3401/3401 3462/3462 3402/3402
f 3402/3402 3462/3462 3463/3463
f 3402/3402 3463/3463 3403/3403
f 3403/3403 3463/3463 3464/3464
f 3403/3403 3464/3464 3404/3404
f 3404/3404 3464/3464 3465/3465
f 3404/3404 3465/3465 3405/3405
f 3405/3405 3465/3465 3466/3466
f 3405/3405 3466/3466 3406/3406
f 3406/3406 3466/3466 3467/3467
f 3406/3406 3467/3467 3407/3407
f 3407/3407 3467/3467 3468/3468
f 3407/3407 3468/3468 3408/3408
f 3408/3408 3468/3468 3469/3469
f 3408/3408 3469/3469 3409/3409
f 3409/3409 3469/3469 3470/3470
f 3409/3409 3470/3470 3410/3410
f 3410/3410 3470/3470 3471/3471
f 3410/3410 3471/3471 3411/3411
f 3411/3411 3471/3471 3472/3472
f 3411/3411 3472/3472 3412/3412
f 3412/3412 3472/3472 3473/3473
f 3412/3412 3473/3473 3413/3413
f 3413/3413 3473/3473 3474/3474
f 3413/3413 3474/3474 3414/3414
f 3414/3414 3474/3474 3475/3475
f 3414/3414 3475/3475 3415/3415
f 3415/3415 3475/3475 3476/3476
f 3415/3415 3476/3476 3416/3416
f 3416/3416 3476/3476 3477/3477
f 3417/3417 3478/3478 3418/3418
f 3418/3418 3478/3478 3479/3479
f 3418/3418 3479/3479 3419/3419
f 3419/3419 3479/3479 3480/3480
f 3419/3419 3480/3480 3420/3420
f 3420/3420 3480/3480 3481/3481
f 3420/3420 3481/3481 3421/3421
f 3421/3421 3481/3481 3482/3482
f 3421/3421 3482/3482 3422/3422
f 3422/3422 3482/3482 3483/3483
f 3422/3422 3483/3483 3423/3423
f 3423/3423 3483/3483 3484/3484
f 3423/3423 3484/3484 3424/3424
f 3424/3424 3484/3484 3485/3485
f 3424/3424 3485/3485 3425/3425
f 3425/3425 3485/3485 3486/3486
f 3425/3425 3486/3486 3426/3426
f 3426/3426 3486/3486 3487/3487
f 3426/3426 3487/3487 3427/3427
f 3427/3427 3487/3487 3488/3488
f 3427/3427 3488/3488 3428/3428
f 3428/3428 3488/3488 3489/3489
f 3428/3428 3489/3489 3429/3429
f 3429/3429 3489/3489 3490/3490
f 3429/3429 3490/3490 3430/3430
f 3430/3430 3490/3490 3491/3491
f 3430/3430 3491/3491 3431/3431
f 3431/3431 3491/3491 3492/3492
f 3431/3431 3492/3492 3432/3432
f 3432/3432 3492/3492 3493/3493
f 3432/3432 3493/3493 3433/3433
f 3433/3433 3493/3493 3494/3494
f 3433/3433 3494/3494 3434/3434
f 3434/3434 3494/3494 3495/3495
f 3434/3434 3495/3495 3435/3435
f 3435/3435 3495/3495 3496/3496
f 3435/3435 3496/3496 3436/3436
f 3436/3436 3496/3496 3497/3497
f 3436/3436 3497/3497 3437/3437
f 3437/3437 3497/3497 3498/3498
f 3437/3437 3498/3498 3438/3438
f 3438/3438 3498/3498 3499/3499
f 3438/3438 3499/3499 3439/3439
f 3439/3439 3499/3499 3500/3500
f 3439/3439 3500/3500 3440/3440
f 3440/3440 3500/3500 3501/3501
f 3440/3440 3501/3501 3441/3441
f 3441/3441 3501/3501 3502/3502
f 3441/3441 3502/3502 3442/3442
f 3442/3442 3502/3502 3503/3503
f 3442/3442 3503/3503 3443/3443
f 3443/3443 3503/3503 3504/3504
f 3443/3443 3504/3504 3444/3444
f 3444/3444 3504/3504 3505/3505
f 3444/3444 3505/3505 3445/3445
f 3445/3445 3505/3505 3506/3506
f 3445/3445 3506/3506 3446/3446
f 3446/3446 3506/3506 3507/3507
f 3446/3446 3507/3507 3447/3447
f 3447/3447 3507/3507 3508/3508
f 3447/3447 3508/3508 3448/3448
f 3448/3448 3508/3508 3509/3509
f 3448/3448 3509/3509 3449/3449
f 3449/3449 3509/3509 3510/3510
f 3449/3449 3510/3510 3450/3450
f 3450/3450 3510/3510 3511/3511
f 3450/3450 3511/3511 3451/3451
f 3451/3451 3511/3511 3512/3512
f 3451/3451 3512/3512 3452/3452
f 3452/3452 3512/3512 3513/3513
f 3452/3452 3513/3513 3453/3453
f 3453/3453 3513/3513 3514/3514
f 3453/3453 3514/3514 3454/3454
f 3454/3454 3514/3514 3515/3515
f 3454/3454 3515/3515 3455/3455
f 3455/3455 3515/3515 3516/3516
f 3455/3455 3516/3516 3456/3456
f 3456/3456 3516/3516 3517/3517
f 3456/3456 3517/3517 3457/3457
f 3457/3457 3517/3517 3518/3518
f 3457/3457 3518/3518 3458/3458
f 3458/3458 3518/3518 3519/3519
f 3458/3458 3519/3519 3459/3459
f 3459/3459 3519/3519 3520/3520
f 3459/3459 3520/3520 3460/3460
f 3460/3460 3520/3520 3521/3521
f 3460/3460 3521/3521 3461/3461
f 3461/3461 3521/3521 3522/3522
f 3461/3461 3522/3522 3462/3462
f 3462/3462 3522/3522 3523/3523
f 3462/3462 3523/3523 3463/3463
f 3463/3463 3523/3523 3524/3524
f 3463/3463 3524/3524 3464/3464
f 3464/3464 3524/3524 3525/3525
f 3464/3464 3525/3525 3465/3465
f 3465/3465 3525/3525 3526/3526
f 3465/3465 3526/3526 3466/3466
f 3466/3466 3526/3526 3527/3527
f 3466/3466 3527/3527 3467/3467
f 3467/3467 3527/3527 3528/3528
f 3467/3467 3528/3528 3468/3468
f 3468/3468 3528/3528 3529/3529
f 3468/3468 3529/3529 3469/3469
f 3469/3469 3529/3529 3530/3530
f 3469/3469 3530/3530 3470/3470
f 3470/3470 3530/3530 3531/3531
f 3470/3470 3531/3531 3471/3471
f 3471/3471 3531/3531 3532/3532
f 3471/3471 3532/3532 3472/3472
f 3472/3472 3532/3532 3533/3533
f 3472/3472 3533/3533 3473/3473
f 3473/3473 3533/3533 3534/3534
f 3473/3473 3534/3534 3474/3474
f 3474/3474 3534/3534 3535/3535
f 3474/3474 3535/3535 3475/3475
f 3475/3475 3535/3535 3536/3536
f 3475/3475 3536/3536 3476/3476
f 3476/3476 3536/3536 3537/3537
f 3476/3476 3537/3537 3477/3477
f 3477/3477 3537/3537 3538/3538
f 3478/3478 3539/3539 3479/3479
f 3479/3479 3539/3539 3540/3540
f 3479/3479 3540/3540 3480/3480
f 3480/3480 3540/3540 3541/3541
f 3480/3480 3541/3541 3481/3481
f 3481/3481 3541/3541 3542/3542
f 3481/3481 3542/3542 3482/3482
f 3482/3482 3542/3542 3543/3543
f 3482/3482 3543/3543 3483/3483
f 3483/3483 3543/3543 3544/3544
f 3483/3483 3544/3544 3484/3484
f 3484/3484 3544/3544 3545/3545
f 3484/3484 3545/3545 3485/3485
f 3485/3485 3545/3545 3546/3546
f 3485/3485 3546/3546 3486/3486
f 3486/3486 3546/3546 3547/3547
f 3486/3486 3547/3547 3487/3487
f 3487/3487 3547/3547 3548/3548
f 3487/3487 3548/3548 3488/3488
f 3488/3488 3548/3548 3549/3549
f 3488/3488 3549/3549 3489/3489
f 3489/3489 3549/3549 3550/3550
f 3489/3489 3550/3550 3490/3490
f 3490/3490 3550/3550 3551/3551
f 3490/3490 3551/3551 3491/3491
f 3491/3491 3551/3551 3552/3552
f 3491/3491 3552/3552 3492/3492
f 3492/3492 3552/3552 3553/3553
f 3492/3492 3553/3553 3493/3493
f 3493/3493 3553/3553 3554/3554
f 3493/3493 3554/3554 3494/3494
f 3494/3494 3554/3554 3555/3555
f 3494/3494 3555/3555 3495/3495
f 3495/3495 3555/3555 3556/3556
f 3495/3495 3556/3556 3496/3496
f 3496/3496 3556/3556 3557/3557
f 3496/3496 3557/3557 3497/3497
f 3497/3497 3557/3557 3558/3558
f 3497/3497 3558/3558 3498/3498
f 3498/3498 3558/3558 3559/3559
f 3498/3498 3559/3559 3499/3499
f 3499/3499 3559/3559 3560/3560
f 3499/3499 3560/3560 3500/3500
f 3500/3500 3560/3560 3561/3561
f 3500/3500 3561/3561 3501/3501
f 3501/3501 3561/3561 3562/3562
f 3501/3501 3562/3562 3502/3502
f 3502/3502 3562/3562 3563/3563
f 3502/3502 3563/3563 3503/3503
f 3503/3503 3563/3563 3564/3564
f 3503/3503 3564/3564 3504/3504
f 3504/3504 3564/3564 3565/3565
f 3504/3504 3565/3565 3505/3505
f 3505/3505 3565/3565 3566/3566
f 3505/3505 3566/3566 3506/3506
f 3506/3506 3566/3566 3567/3567
f 3506/3506 3567/3567 3507/3507
f 3507/3507 3567/3567 3568/3568
f 3507/3507 3568/3568 3508/3508
f 3508/3508 3568/3568 3569/3569
f 3508/3508 3569/3569 3509/3509
f 3509/3509 3569/3569 3570/3570
f 3509/3509 3570/3570 3510/3510
f 3510/3510 3570/3570 3571/3571
f 3510/3510 3571/3571 3511/3511
f 3511/3511 3571/3571 3572/3572
f 3511/3511 3572/3572 3512/3512
f 3512/3512 3572/3572 3573/3573
f 3512/3512 3573/3573 3513/3513
f 3513/3513 3573/3573 3574/3574
f 3513/3513 3574/3574 3514/3514
f 3514/3514 3574/3574 3575/3575
f 3514/3514 3575/3575 3515/3515
f 3515/3515 3575/3575 3576/3576
f 3515/3515 3576/3576 3516/3516
f 3516/3516 3576/3576 3577/3577
f 3516/3516 3577/3577 3517/3517
f 3517/3517 3577/3577 3578/3578
f 3517/3517 3578/3578 3518/3518
f 3518/3518 3578/3578 3579/3579
f 3518/3518 3579/3579 3519/3519
f 3519/3519 3579/3579 3580/3580
f 3519/3519 3580/3580 3520/3520
f 3520/3520 3580/3580 3581/3581
f 3520/3520 3581/3581 3521/3521
f 3521/3521 3581/3581 3582/3582
f 3521/3521 3582/3582 3522/3522
f 3522/3522 3582/3582 3583/3583
f 3522/3522 3583/3583 3523/3523
f 3523/3523 3583/3583 3584/3584
f 3523/3523 3584/3584 3524/3524
f 3524/3524 3584/3584 3585/3585
f 3524/3524 3585/3585 3525/3525
f 3525/3525 3585/3585 3586/3586
f 3525/3525 3586/3586 3526/3526
f 3526/3526 3586/3586 3587/3587
f 3526/3526 3587/3587 3527/3527
f 3527/3527 3587/3587 3588/3588
f 3527/3527 3588/3588 3528/3528
f 3528/3528 3588/3588 3589/3589
f 3528/3528 3589/3589 3529/3529
f 3529/3529 3589/3589 3590/3590
f 3529/3529 3590/3590 3530/3530
f 3530/3530 3590/3590 3591/3591
f 3530/3530 3591/3591 3531/3531
f 3531/3531 3591/3591 3592/3592
f 3531/3531 3592/3592 3532/3532
f 3532/3532 3592/3592 3593/3593
f 3532/3532 3593/3593 3533/3533
f 3533/3533 3593/3593 3594/3594
f 3533/3533 3594/3594 3534/3534
f 3534/3534 3594/3594 3595/3595
f 3534/3534 3595/3595 3535/3535
f 3535/3535 3595/3595 3596/3596
f 3535/3535 3596/3596 3536/3536
f 3536/3536 3596/3596 3597/3597
f 3536/3536 3597/3597 3537/3537
f 3537/3537 3597/3597 3598/3598
f 3537/3537 3598/3598 3538/3538
f 3538/3538 3598/3598 3599/3599
f 3539/3539 3600/3600 3540/3540
f 3540/3540 3600/3600 3601/3601
f 3540/3540 3601/3601 3541/3541
f 3541/3541 3601/3601 3602/3602
f 3541/3541 3602/3602 3542/3542
f 3542/3542 3602/3602 3603/3603
f 3542/3542 3603/3603 3543/3543
f 3543/3543 3603/3603 3604/3604
f 3543/3543 3604/3604 3544/3544
f 3544/3544 3604/3604 3605/3605
f 3544/3544 3605/3605 3545/3545
f 3545/3545 3605/3605 3606/3606
f 3545/3545 3606/3606 3546/3546
f 3546/3546 3606/3606 3607/3607
f 3546/3546 3607/3607 3547/3547
f 3547/3547 3607/3607 3608/3608
f 3547/3547 3608/3608 3548/3548
f 3548/3548 3608/3608 3609/3609
f 3548/3548 3609/3609 3549/3549
f 3549/3549 3609/3609 3610/3610
f 3549/3549 3610/3610 3550/3550
f 3550/3550 3610/3610 3611/3611
f 3550/3550 3611/3611 3551/3551
f 3551/3551 3611/3611 3612/3612
f 3551/3551 3612/3612 3552/3552
f 3552/3552 3612/3612 3613/3613
f 3552/3552 3613/3613 3553/3553
f 3553/3553 3613/3613 3614/3614
f 3553/3553 3614/3614 3554/3554
f 3554/3554 3614/3614 3615/3615
f 3554/3554 3615/3615 3555/3555
f 3555/3555 3615/3615 3616/3616
f 3555/3555 3616/3616 3556/3556
f 3556/3556 3616/3616 3617/3617
f 3556/3556 3617/3617 3557/3557
f 3557/3557 3617/3617 3618/3618
f 3557/3557 3618/3618 3558/3558
f 3558/3558 3618/3618 3619/3619
f 3558/3558 3619/3619 3559/3559
f 3559/3559 3619/3619 3620/3620
f 3559/3559 3620/3620 3560/3560
f 3560/3560 3620/3620 3621/3621
f 3560/3560 3621/3621 3561/3561
f 3561/3561 3621/3621 3622/3622
f 3561/3561 3622/3622 3562/3562
f 3562/3562 3622/3622 3623/3623
f 3562/3562 3623/3623 3563/3563
f 3563/3563 3623/3623 3624/3624
f 3563/3563 3624/3624 3564/3564
f 3564/3564 3624/3624 3625/3625
f 3564/3564 3625/3625 3565/3565
f 3565/3565 3625/3625 3626/3626
f 3565/3565 3626/3626 3566/3566
f 3566/3566 3626/3626 3627/3627
f 3566/3566 3627/3627 3567/3567
f 3567/3567 3627/3627 3628/3628
f 3567/3567 3628/3628 3568/3568
f 3568/3568 3628/3628 3629/3629
f 3568/3568 3629/3629 3569/3569
f 3569/3569 3629/3629 3630/3630
f 3569/3569 3630/3630 3570/3570
f 3570/3570 3630/3630 3631/3631
f 3570/3570 3631/3631 3571/3571
f 3571/3571 3631/3631 3632/3632
f 3571/3571 3632/3632 3572/3572
f 3572/3572 3632/3632 3633/3633
f 3572/3572 3633/3633 3573/3573
f 3573/3573 3633/3633 3634/3634
f 3573/3573 3634/3634 3574/3574
f 3574/3574 3634/3634 3635/3635
f 3574/3574 3635/3635 3575/3575
f 3575/3575 3635/3635 3636/3636
f 3575/3575 3636/3636 3576/3576
f 3576/3576 3636/3636 3637/3637
f 3576/3576 3637/3637 3577/3577
f 3577/3577 3637/3637 3638/3638
f 3577/3577 3638/3638 3578/3578
f 3578/3578 3638/3638 3639/3639
f 3578/3578 3639/3639 3579/3579
f 3579/3579 3639/3639 3640/3640
f 3579/3579 3640/3640 3580/3580
f 3580/3580 3640/3640 3641/3641
f 3580/3580 3641/3641 3581/3581
f 3581/3581 3641/3641 3642/3642
f 3581/3581 3642/3642 3582/3582
f 3582/3582 3642/3642 3643/3643
f 3582/3582 3643/3643 3583/3583
f 3583/3583 3643/3643 3644/3644
f 3583/3583 3644/3644 3584/3584
f 3584/3584 3644/3644 3645/3645
f 3584/3584 3645/3645 3585/3585
f 3585/3585 3645/3645 3646/3646
f 3585/3585 3646/3646 3586/3586
f 3586/3586 3646/3646 3647/3647
f 3586/3586 3647/3647 3587/3587
f 3587/3587 3647/3647 3648/3648
f 3587/3587 3648/3648 3588/3588
f 3588/3588 3648/3648 3649/3649
f 3588/3588 3649/3649 3589/3589
f 3589/3589 3649/3649 3650/3650
f 3589/3589 3650/3650 3590/3590
f 3590/3590 3650/3650 3651/3651
f 3590/3590 3651/3651 3591/3591
f 3591/3591 3651/3651 3652/3652
f 3591/3591 3652/3652 3592/3592
f 3592/3592 3652/3652 3653/3653
f 3592/3592 3653/3653 3593/3593
f 3593/3593 3653/3653 3654/3654
f 3593/3593 3654/3654 3594/3594
f 3594/3594 3654/3654 3655/3655
f 3594/3594 3655/3655 3595/3595
f 3595/3595 3655/3655 3656/3656
f 3595/3595 3656/3656 3596/3596
f 3596/3596 3656/3656 3657/3657
f 3596/3596 3657/3657 3597/3597
f 3597/3597 3657/3657 3658/3658
f 3597/3597 3658/3658 3598/3598
f 3598/3598 3658/3658 3659/3659
f 3598/3598 3659/3659 3599/3599
f 3599/3599 3659/3659 3660/3660
f 3600/3600 3661/3661 3601/3601
f 3601/3601 3661/3661 3662/3662
f 3601/3601 3662/3662 3602/3602
f 3602/3602 3662/3662 3663/3663
f 3602/3602 3663/3663 3603/3603
f 3603/3603 3663/3663 3664/3664
f 3603/3603 3664/3664 3604/3604
f 3604/3604 3664/3664 3665/3665
f 3604/3604 3665/3665 3605/3605
f 3605/3605 3665/3665 3666/3666
f 3605/3605 3666/3666 3606/3606
f 3606/3606 3666/3666 3667/3667
f 3606/3606 3667/3667 3607/3607
f 3607/3607 3667/3667 3668/3668
f 3607/3607 3668/3668 3608/3608
f 3608/3608 3668/3668 3669/3669
f 3608/3608 3669/3669 3609/3609
f 3609/3609 3669/3669 3670/3670
f 3609/3609 3670/3670 3610/3610
f 3610/3610 3670/3670 3671/3671
f 3610/3610 3671/3671 3611/3611
f 3611/3611 3671/3671 3672/3672
f 3611/3611 3672/3672 3612/3612
f 3612/3612 3672/3672 3673/3673
f 3612/3612 3673/3673 3613/3613
f 3613/3613 3673/3673 3674/3674
f 3613/3613 3674/3674 3614/3614
f 3614/3614 3674/3674 3675/3675
f 3614/3614 3675/3675 3615/3615
f 3615/3615 3675/3675 3676/3676
f 3615/3615 3676/3676 3616/3616
f 3616/3616 3676/3676 3677/3677
f 3616/3616 3677/3677 3617/3617
f 3617/3617 3677/3677 3678/3678
f 3617/3617 3678/3678 3618/3618
f 3618/3618 3678/3678 3679/3679
f 3618/3618 3679/3679 3619/3619
f 3619/3619 3679/3679 3680/3680
f 3619/3619 3680/3680 3620/3620
f 3620/3620 3680/3680 3681/3681
f 3620/3620 3681/3681 3621/3621
f 3621/3621 3681/3681 3682/3682
f 3621/3621 3682/3682 3622/3622
f 3622/3622 3682/3682 3683/3683
f 3622/3622 3683/3683 3623/3623
f 3623/3623 3683/3683 3684/3684
f 3623/3623 3684/3684 3624/3624
f 3624/3624 3684/3684 3685/3685
f 3624/3624 3685/3685 3625/3625
f 3625/3625 3685/3685 3686/3686
f 3625/3625 3686/3686 3626/3626
f 3626/3626 3686/3686 3687/3687
f 3626/3626 3687/3687 3627/3627
f 3627/3627 3687/3687 3688/3688
f 3627/3627 3688/3688 3628/3628
f 3628/3628 3688/3688 3689/3689
f 3628/3628 3689/3689 3629/3629
f 3629/3629 3689/3689 3690/3690
f 3629/3629 3690/3690 3630/3630
f 3630/3630 3690/3690 3691/3691
f 3630/3630 3691/3691 3631/3631
f 3631/3631 3691/3691 3692/3692
f 3631/3631 3692/3692 3632/3632
f 3632/3632 3692/3692 3693/3693
f 3632/3632 3693/3693 3633/3633
f 3633/3633 3693/3693 3694/3694
f 3633/3633 3694/3694 3634/3634
f 3634/3634 3694/3694 3695/3695
f 3634/3634 3695/3695 3635/3635
f 3635/3635 3695/3695 3696/3696
f 3635/3635 3696/3696 3636/3636
f 3636/3636 3696/3696 3697/3697
f 3636/3636 3697/3697 3637/3637
f 3637/3637 3697/3697 3698/3698
f 3637/3637 3698/3698 3638/3638
f 3638/3638 3698/3698 3699/3699
f 3638/3638 3699/3699 3639/3639
f 3639/3639 3699/3699 3700/3700
f 3639/3639 3700/3700 3640/3640
f 3640/3640 3700/3700 3701/3701
f 3640/3640 3701/3701 3641/3641
f 3641/3641 3701/3701 3702/3702
f 3641/3641 3702/3702 3642/3642
f 3642/3642 3702/3702 3703/3703
f 3642/3642 3703/3703 3643/3643
f 3643/3643 3703/3703 3704/3704
f 3643/3643 3704/3704 3644/3644
f 3644/3644 3704/3704 3705/3705
f 3644/3644 3705/3705 3645/3645
f 3645/3645 3705/3705 3706/3706
f 3645/3645 3706/3706 3646/3646
f 3646/3646 3706/3706 3707/3707
f 3646/3646 3707/3707 3647/3647
f 3647/3647 3707/3707 3708/3708
f 3647/3647 3708/3708 3648/3648
f 3648/3648 3708/3708 3709/3709
f 3648/3648 3709/3709 3649/3649
f 3649/3649 3709/3709 3710/3710
f 3649/3649 3710/3710 3650/3650
f 3650/3650 3710/3710 3711/3711
f 3650/3650 3711/3711 3651/3651
f 3651/3651 3711/3711 3712/3712
f 3651/3651 3712/3712 3652/3652
f 3652/3652 3712/3712 3713/3713
f 3652/3652 3713/3713 3653/3653
f 3653/3653 3713/3713 3714/3714
f 3653/3653 3714/3714 3654/3654
f 3654/3654 3714/3714 3715/3715
f 3654/3654 3715/3715 3655/3655
f 3655/3655 3715/3715 3716/3716
f 3655/3655 3716/3716 3656/3656
f 3656/3656 3716/3716 3717/3717
f 3656/3656 3717/3717 3657/3657
f 3657/3657 3717/3717 3718/3718
f 3657/3657 3718/3718 3658/3658
f 3658/3658 3718/3718 3719/3719
f 3658/3658 3719/3719 3659/3659
f 3659/3659 3719/3719 3720/3720
f 3659/3659 3720/3720 3660/3660
f 3660/3660 3720/3720 3721/3721
f 3661/3661 3722/3722 3662/3662
f 3662/3662 3722/3722 3723/3723
f 3662/3662 3723/3723 3663/3663
f 3663/3663 3723/3723 3724/3724
f 3663/3663 3724/3724 3664/3664
f 3664/3664 3724/3724 3725/3725
f 3664/3664 3725/3725 3665/3665
f 3665/3665 3725/3725 3726/3726
f 3665/3665 3726/3726 3666/3666
f 3666/3666 3726/3726 3727/3727
f 3666/3666 3727/3727 3667/3667
f 3667/3667 3727/3727 3728/3728
f 3667/3667 3728/3728 3668/3668
f 3668/3668 3728/3728 3729/3729
f 3668/3668 3729/3729 3669/3669
f 3669/3669 3729/3729 3730/3730
f 3669/3669 3730/3730 3670/3670
f 3670/3670 3730/3730 3731/3731
f 3670/3670 3731/3731 3671/3671
f 3671/3671 3731/3731 3732/3732
f 3671/3671 3732/3732 3672/3672
f 3672/3672 3732/3732 3733/3733
f 3672/3672 3733/3733 3673/3673
f 3673/3673 3733/3733 3734/3734
f 3673/3673 3734/3734 3674/3674
f 3674/3674 3734/3734 3735/3735
f 3674/3674 3735/3735 3675/3675
f 3675/3675 3735/3735 3736/3736
f 3675/3675 3736/3736 3676/3676
f 3676/3676 3736/3736 3737/3737
f 3676/3676 3737/3737 3677/3677
f 3677/3677 3737/3737 3738/3738
f 3677/3677 3738/3738 3678/3678
f 3678/3678 3738/3738 3739/3739
f 3678/3678 3739/3739 3679/3679
f 3679/3679 3739/3739 3740/3740
f 3679/3679 3740/3740 3680/3680
f 3680/3680 3740/3740 3741/3741
f 3680/3680 3741/3741 3681/3681
f 3681/3681 3741/3741 3742/3742
f 3681/3681 3742/3742 3682/3682
f 3682/3682 3742/3742 3743/3743
f 3682/3682 3743/3743 3683/3683
f 3683/3683 3743/3743 3744/3744
f 3683/3683 3744/3744 3684/3684
f 3684/3684 3744/3744 3745/3745
f 3684/3684 3745/3745 3685/3685
f 3685/3685 3745/3745 3746/3746
f 3685/3685 3746/3746 3686/3686
f 3686/3686 3746/3746 3747/3747
f 3686/3686 3747/3747 3687/3687
f 3687/3687 3747/3747 3748/3748
f 3687/3687 3748/3748 3688/3688
f 3688/3688 3748/3748 3749/3749
f 3688/3688 3749/3749 3689/3689
f 3689/3689 3749/3749 3750/3750
f 3689/3689 3750/3750 3690/3690
f 3690/3690 3750/3750 3751/3751
f 3690/3690 3751/3751 3691/3691
f 3691/3691 3751/3751 3752/3752
f 3691/3691 3752/3752 3692/3692
f 3692/3692 3752/3752 3753/3753
f 3692/3692 3753/3753 3693/3693
f 3693/3693 3753/3753 3754/3754
f 3693/3693 3754/3754 3694/3694
f 3694/3694 3754/3754 3755/3755
f 3694/3694 3755/3755 3695/3695
f 3695/3695 3755/3755 3756/3756
f 3695/3695 3756/3756 3696/3696
f 3696/3696 3756/3756 3757/3757
f 3696/3696 3757/3757 3697/3697
f 3697/3697 3757/3757 3758/3758
f 3697/3697 3758/3758 3698/3698
f 3698/3698 3758/3758 3759/3759
f 3698/3698 3759/3759 3699/3699
f 3699/3699 3759/3759 3760/3760
f 3699/3699 3760/3760 3700/3700
f 3700/3700 3760/3760 3761/3761
f 3700/3700 3761/3761 3701/3701
f 3701/3701 3761/3761 3762/3762
f 3701/3701 3762/3762 3702/3702
f 3702/3702 3762/3762 3763/3763
f 3702/3702 3763/3763 3703/3703
f 3703/3703 3763/3763 3764/3764
f 3703/3703 3764/3764 3704/3704
f 3704/3704 3764/3764 3765/3765
f 3704/3704 3765/3765 3705/3705
f 3705/3705 3765/3765 3766/3766
f 3705/3705 3766/3766 3706/3706
f 3706/3706 3766/3766 3767/3767
f 3706/3706 3767/3767 3707/3707
f 3707/3707 3767/3767 3768/3768
f 3707/3707 3768/3768 3708/3708
f 3708/3708 3768/3768 3769/3769
f 3708/3708 3769/3769 3709/3709
f 3709/3709 3769/3769 3770/3770
f 3709/3709 3770/3770 3710/3710
f 3710/3710 3770/3770 3771/3771
f 3710/3710 3771/3771 3711/3711
f 3711/3711 3771/3771 3772/3772
f 3711/3711 3772/3772 3712/3712
f 3712/3712 3772/3772 3773/3773
f 3712/3712 3773/3773 3713/3713
f 3713/3713 3773/3773 3774/3774
f 3713/3713 3774/3774 3714/3714
f 3714/3714 3774/3774 3775/3775
f 3714/3714 3775/3775 3715/3715
f 3715/3715 3775/3775 3776/3776
f 3715/3715 3776/3776 3716/3716
f 3716/3716 3776/3776 3777/3777
f 3716/3716 3777/3777 3717/3717
f 3717/3717 3777/3777 3778/3778
f 3717/3717 3778/3778 3718/3718
f 3718/3718 3778/3778 3779/3779
f 3718/3718 3779/3779 3719/3719
f 3719/3719 3779/3779 3780/3780
f 3719/3719 3780/3780 3720/3720
f 3720/3720 3780/3780 3781/3781
f 3720/3720 3781/3781 3721/3721
f 3721/3721 3781/3781 3782/3782
f 3722/3722 3783/3783 3723/3723
f 3723/3723 3783/3783 3784/3784
f 3723/3723 3784/3784 3724/3724
f 3724/3724 3784/3784 3785/3785
f 3724/3724 3785/3785 3725/3725
f 3725/3725 3785/3785 3786/3786
f 3725/3725 3786/3786 3726/3726
f 3726/3726 3786/3786 3787/3787
f 3726/3726 3787/3787 3727/3727
f 3727/3727 3787/3787 3788/3788
f 3727/3727 3788/3788 3728/3728
f 3728/3728 3788/3788 3789/3789
f 3728/3728 3789/3789 3729/3729
f 3729/3729 3789/3789 3790/3790
f 3729/3729 3790/3790 3730/3730
f 3730/3730 3790/3790 3791/3791
f 3730/3730 3791/3791 3731/3731
f 3731/3731 3791/3791 3792/3792
f 3731/3731 3792/3792 3732/3732
f 3732/3732 3792/3792 3793/3793
f 3732/3732 3793/3793 3733/3733
f 3733/3733 3793/3793 3794/3794
f 3733/3733 3794/3794 3734/3734
f 3734/3734 3794/3794 3795/3795
f 3734/3734 3795/3795 3735/3735
f 3735/3735 3795/3795 3796/3796
f 3735/3735 3796/3796 3736/3736
f 3736/3736 3796/3796 3797/3797
f 3736/3736 3797/3797 3737/3737
f 3737/3737 3797/3797 3798/3798
f 3737/3737 3798/3798 3738/3738
f 3738/3738 3798/3798 3799/3799
f 3738/3738 3799/3799 3739/3739
f 3739/3739 3799/3799 3800/3800
f 3739/3739 3800/3800 3740/3740
f 3740/3740 3800/3800 3801/3801
f 3740/3740 3801/3801 3741/3741
f 3741/3741 3801/3801 3802/3802
f 3741/3741 3802/3802 3742/3742
f 3742/3742 3802/3802 3803/3803
f 3742/3742 3803/3803 3743/3743
f 3743/3743 3803/3803 3804/3804
f 3743/3743 3804/3804 3744/3744
f 3744/3744 3804/3804 3805/3805
f 3744/3744 3805/3805 3745/3745
f 3745/3745 3805/3805 3806/3806
f 3745/3745 3806/3806 3746/3746
f 3746/3746 3806/3806 3807/3807
f 3746/3746 3807/3807 3747/3747
f 3747/3747 3807/3807 3808/3808
f 3747/3747 3808/3808 3748/3748
f 3748/3748 3808/3808 3809/3809
f 3748/3748 3809/3809 3749/3749
f 3749/3749 3809/3809 3810/3810
f 3749/3749 3810/3810 3750/3750
f 3750/3750 3810/3810 3811/3811
f 3750/3750 3811/3811 3751/3751
f 3751/3751 3811/3811 3812/3812
f 3751/3751 3812/3812 3752/3752
f 3752/3752 3812/3812 3813/3813
f 3752/3752 3813/3813 3753/3753
f 3753/3753 3813/3813 3814/3814
f 3753/3753 3814/3814 3754/3754
f 3754/3754 3814/3814 3815/3815
f 3754/3754 3815/3815 3755/3755
f 3755/3755 3815/3815 3816/3816
f 3755/3755 3816/3816 3756/3756
f 3756/3756 3816/3816 3817/3817
f 3756/3756 3817/3817 3757/3757
f 3757/3757 3817/3817 3818/3818
f 3757/3757 3818/3818 3758/3758
f 3758/3758 3818/3818 3819/3819
f 3758/3758 3819/3819 3759/3759
f 3759/3759 3819/3819 3820/3820
f 3759/3759 3820/3820 3760/3760
f 3760/3760 3820/3820 3821/3821
f 3760/3760 3821/3821 3761/3761
f 3761/3761 3821/3821 3822/3822
f 3761/3761 3822/3822 3762/3762
f 3762/3762 3822/3822 3823/3823
f 3762/3762 3823/3823 3763/3763
f 3763/3763 3823/3823 3824/3824
f 3763/3763 3824/3824 3764/3764
f 3764/3764 3824/3824 3825/3825
f 3764/3764 3825/3825 3765/3765
f 3765/3765 3825/3825 3826/3826
f 3765/3765 3826/3826 3766/3766
f 3766/3766 3826/3826 3827/3827
f 3766/3766 3827/3827 3767/3767
f 3767/3767 3827/3827 3828/3828
f 3767/3767 3828/3828 3768/3768
f 3768/3768 3828/3828 3829/3829
f 3768/3768 3829/3829 3769/3769
f 3769/3769 3829/3829 3830/3830
f 3769/3769 3830/3830 3770/3770
f 3770/3770 3830/3830 3831/3831
f 3770/3770 3831/3831 3771/3771
f 3771/3771 3831/3831 3832/3832
f 3771/3771 3832/3832 3772/3772
f 3772/3772 3832/3832 3833/3833
f 3772/3772 3833/3833 3773/3773
f 3773/3773 3833/3833 3834/3834
f 3773/3773 3834/3834 3774/3774
f 3774/3774 3834/3834 3835/3835
f 3774/3774 3835/3835 3775/3775
f 3775/3775 3835/3835 3836/3836
f 3775/3775 3836/3836 3776/3776
f 3776/3776 3836/3836 3837/3837
f 3776/3776 3837/3837 3777/3777
f 3777/3777 3837/3837 3838/3838
f 3777/3777 3838/3838 3778/3778
f 3778/3778 3838/3838 3839/3839
f 3778/3778 3839/3839 3779/3779
f 3779/3779 3839/3839 3840/3840
f 3779/3779 3840/3840 3780/3780
f 3780/3780 3840/3840 3841/3841
f 3780/3780 3841/3841 3781/3781
f 3781/3781 3841/3841 3842/3842
f 3781/3781 3842/3842 3782/3782
f 3782/3782 3842/3842 3843/3843
f 3783/3783 3844/3844 3784/3784
f 3784/3784 3844/3844 3845/3845
f 3784/3784 3845/3845 3785/3785
f 3785/3785 3845/3845 3846/3846
f 3785/3785 3846/3846 3786/3786
f 3786/3786 3846/3846 3847/3847
f 3786/3786 3847/3847 3787/3787
f 3787/3787 3847/3847 3848/3848
f 3787/3787 3848/3848 3788/3788
f 3788/3788 3848/3848 3849/3849
f 3788/3788 3849/3849 3789/3789
f 3789/3789 3849/3849 3850/3850
f 3789/3789 3850/3850 3790/3790
f 3790/3790 3850/3850 3851/3851
f 3790/3790 3851/3851 3791/3791
f 3791/3791 3851/3851 3852/3852
f 3791/3791 3852/3852 3792/3792
f 3792/3792 3852/3852 3853/3853
f 3792/3792 3853/3853 3793/3793
f 3793/3793 3853/3853 3854/3854
f 3793/3793 3854/3854 3794/3794
f 3794/3794 3854/3854 3855/3855
f 3794/3794 3855/3855 3795/3795
f 3795/3795 3855/3855 3856/3856
f 3795/3795 3856/3856 3796/3796
f 3796/3796 3856/3856 3857/3857
f 3796/3796 3857/3857 3797/3797
f 3797/3797 3857/3857 3858/3858
f 3797/3797 3858/3858 3798/3798
f 3798/3798 3858/3858 3859/3859
f 3798/3798 3859/3859 3799/3799
f 3799/3799 3859/3859 3860/3860
f 3799/3799 3860/3860 3800/3800
f 3800/3800 3860/3860 3861/3861
f 3800/3800 3861/3861 3801/3801
f 3801/3801 3861/3861 3862/3862
f 3801/3801 3862/3862 3802/3802
f 3802/3802 3862/3862 3863/3863
f 3802/3802 3863/3863 3803/3803
f 3803/3803 3863/3863 3864/3864
f 3803/3803 3864/3864 3804/3804
f 3804/3804 3864/3864 3865/3865
f 3804/3804 3865/3865 3805/3805
f 3805/3805 3865/3865 3866/3866
f 3805/3805 3866/3866 3806/3806
f 3806/3806 3866/3866 3867/3867
f 3806/3806 3867/3867 3807/3807
f 3807/3807 3867/3867 3868/3868
f 3807/3807 3868/3868 3808/3808
f 3808/3808 3868/3868 3869/3869
f 3808/3808 3869/3869 3809/3809
f 3809/3809 3869/3869 3870/3870
f 3809/3809 3870/3870 3810/3810
f 3810/3810 3870/3870 3871/3871
f 3810/3810 3871/3871 3811/3811
f 3811/3811 3871/3871 3872/3872
f 3811/3811 3872/3872 3812/3812
f 3812/3812 3872/3872 3873/3873
f 3812/3812 3873/3873 3813/3813
f 3813/3813 3873/3873 3874/3874
f 3813/3813 3874/3874 3814/3814
f 3814/3814 3874/3874 3875/3875
f 3814/3814 3875/3875 3815/3815
f 3815/3815 3875/3875 3876/3876
f 3815/3815 3876/3876 3816/3816
f 3816/3816 3876/3876 3877/3877
f 3816/3816 3877/3877 3817/3817
f 3817/3817 3877/3877 3878/3878
f 3817/3817 3878/3878 3818/3818
f 3818/3818 3878/3878 3879/3879
f 3818/3818 3879/3879 3819/3819
f 3819/3819 3879/3879 3880/3880
f 3819/3819 3880/3880 3820/3820
f 3820/3820 3880/3880 3881/3881
f 3820/3820 3881/3881 3821/3821
f 3821/3821 3881/3881 3882/3882
f 3821/3821 3882/3882 3822/3822
f 3822/3822 3882/3882 3883/3883
f 3822/3822 3883/3883 3823/3823
f 3823/3823 3883/3883 3884/3884
f 3823/3823 3884/3884 3824/3824
f 3824/3824 3884/3884 3885/3885
f 3824/3824 3885/3885 3825/3825
f 3825/3825 3885/3885 3886/3886
f 3825/3825 3886/3886 3826/3826
f 3826/3826 3886/3886 3887/3887
f 3826/3826 3887/3887 3827/3827
f 3827/3827 3887/3887 3888/3888
f 3827/3827 3888/3888 3828/3828
f 3828/3828 3888/3888 3889/3889
f 3828/3828 3889/3889 3829/3829
f 3829/3829 3889/3889 3890/3890
f 3829/3829 3890/3890 3830/3830
f 3830/3830 3890/3890 3891/3891
f 3830/3830 3891/3891 3831/3831
f 3831/3831 3891/3891 3892/3892
f 3831/3831 3892/3892 3832/3832
f 3832/3832 3892/3892 3893/3893
f 3832/3832 3893/3893 3833/3833
f 3833/3833 3893/3893 3894/3894
f 3833/3833 3894/3894 3834/3834
f 3834/3834 3894/3894 3895/3895
f 3834/3834 3895/3895 3835/3835
f 3835/3835 3895/3895 3896/3896
f 3835/3835 3896/3896 3836/3836
f 3836/3836 3896/3896 3897/3897
f 3836/3836 3897/3897 3837/3837
f 3837/3837 3897/3897 3898/3898
f 3837/3837 3898/3898 3838/3838
f 3838/3838 3898/3898 3899/3899
f 3838/3838 3899/3899 3839/3839
f 3839/3839 3899/3899 3900/3900
f 3839/3839 3900/3900 3840/3840
f 3840/3840 3900/3900 3901/3901
f 3840/3840 3901/3901 3841/3841
f 3841/3841 3901/3901 3902/3902
f 3841/3841 3902/3902 3842/3842
f 3842/3842 3902/3902 3903/3903
f 3842/3842 3903/3903 3843/3843
f 3843/3843 3903/3903 3904/3904
f 3844/3844 3905/3905 3845/3845
f 3845/3845 3905/3905 3906/3906
f 3845/3845 3906/3906 3846/3846
f 3846/3846 3906/3906 3907/3907
f 3846/3846 3907/3907 3847/3847
f 3847/3847 3907/3907 3908/3908
f 3847/3847 3908/3908 3848/3848
f 3848/3848 3908/3908 3909/3909
f 3848/3848 3909/3909 3849/3849
f 3849/3849 3909/3909 3910/3910
f 3849/3849 3910/3910 3850/3850
f 3850/3850 3910/3910 3911/3911
f 3850/3850 3911/3911 3851/3851
f 3851/3851 3911/3911 3912/3912
f 3851/3851 3912/3912 3852/3852
f 3852/3852 3912/3912 3913/3913
f 3852/3852 3913/3913 3853/3853
f 3853/3853 3913/3913 3914/3914
f 3853/3853 3914/3914 3854/3854
f 3854/3854 3914/3914 3915/3915
f 3854/3854 3915/3915 3855/3855
f 3855/3855 3915/3915 3916/3916
f 3855/3855 3916/3916 3856/3856
f 3856/3856 3916/3916 3917/3917
f 3856/3856 3917/3917 3857/3857
f 3857/3857 3917/3917 3918/3918
f 3857/3857 3918/3918 3858/3858
f 3858/3858 3918/3918 3919/3919
f 3858/3858 3919/3919 3859/3859
f 3859/3859 3919/3919 3920/3920
f 3859/3859 3920/3920 3860/3860
f 3860/3860 3920/3920 3921/3921
f 3860/3860 3921/3921 3861/3861
f 3861/3861 3921/3921 3922/3922
f 3861/3861 3922/3922 3862/3862
f 3862/3862 3922/3922 3923/3923
f 3862/3862 3923/3923 3863/3863
f 3863/3863 3923/3923 3924/3924
f 3863/3863 3924/3924 3864/3864
f 3864/3864 3924/3924 3925/3925
f 3864/3864 3925/3925 3865/3865
f 3865/3865 3925/3925 3926/3926
f 3865/3865 3926/3926 3866/3866
f 3866/3866 3926/3926 3927/3927
f 3866/3866 3927/3927 3867/3867
f 3867/3867 3927/3927 3928/3928
f 3867/3867 3928/3928 3868/3868
f 3868/3868 3928/3928 3929/3929
f 3868/3868 3929/3929 3869/3869
f 3869/3869 3929/3929 3930/3930
f 3869/3869 3930/3930 3870/3870
f 3870/3870 3930/3930 3931/3931
f 3870/3870 3931/3931 3871/3871
f 3871/3871 3931/3931 3932/3932
f 3871/3871 3932/3932 3872/3872
f 3872/3872 3932/3932 3933/3933
f 3872/3872 3933/3933 3873/3873
f 3873/3873 3933/3933 3934/3934
f 3873/3873 3934/3934 3874/3874
f 3874/3874 3934/3934 3935/3935
f 3874/3874 3935/3935 3875/3875
f 3875/3875 3935/3935 3936/3936
f 3875/3875 3936/3936 3876/3876
f 3876/3876 3936/3936 3937/3937
f 3876/3876 3937/3937 3877/3877
f 3877/3877 3937/3937 3938/3938
f 3877/3877 3938/3938 3878/3878
f 3878/3878 3938/3938 3939/3939
f 3878/3878 3939/3939 3879/3879
f 3879/3879 3939/3939 3940/3940
f 3879/3879 3940/3940 3880/3880
f 3880/3880 3940/3940 3941/3941
f 3880/3880 3941/3941 3881/3881
f 3881/3881 3941/3941 3942/3942
f 3881/3881 3942/3942 3882/3882
f 3882/3882 3942/3942 3943/3943
f 3882/3882 3943/3943 3883/3883
f 3883/3883 3943/3943 3944/3944
f 3883/3883 3944/3944 3884/3884
f 3884/3884 3944/3944 3945/3945
f 3884/3884 3945/3945 3885/3885
f 3885/3885 3945/3945 3946/3946
f 3885/3885 3946/3946 3886/3886
f 3886/3886 3946/3946 3947/3947
f 3886/3886 3947/3947 3887/3887
f 3887/3887 3947/3947 3948/3948
f 3887/3887 3948/3948 3888/3888
f 3888/3888 3948/3948 3949/3949
f 3888/3888 3949/3949 3889/3889
f 3889/3889 3949/3949 3950/3950
f 3889/3889 3950/3950 3890/3890
f 3890/3890 3950/3950 3951/3951
f 3890/3890 3951/3951 3891/3891
f 3891/3891 3951/3951 3952/3952
f 3891/3891 3952/3952 3892/3892
f 3892/3892 3952/3952 3953/3953
f 3892/3892 3953/3953 3893/3893
f 3893/3893 3953/3953 3954/3954
f 3893/3893 3954/3954 3894/3894
f 3894/3894 3954/3954 3955/3955
f 3894/3894 3955/3955 3895/3895
f 3895/3895 3955/3955 3956/3956
f 3895/3895 3956/3956 3896/3896
f 3896/3896 3956/3956 3957/3957
f 3896/3896 3957/3957 3897/3897
f 3897/3897 3957/3957 3958/3958
f 3897/3897 3958/3958 3898/3898
f 3898/3898 3958/3958 3959/3959
f 3898/3898 3959/3959 3899/3899
f 3899/3899 3959/3959 3960/3960
f 3899/3899 3960/3960 3900/3900
f 3900/3900 3960/3960 3961/3961
f 3900/3900 3961/3961 3901/3901
f 3901/3901 3961/3961 3962/3962
f 3901/3901 3962/3962 3902/3902
f 3902/3902 3962/3962 3963/3963
f 3902/3902 3963/3963 3903/3903
f 3903/3903 3963/3963 3964/3964
f 3903/3903 3964/3964 3904/3904
f 3904/3904 3964/3964 3965/3965
f 3905/3905 3966/3966 3906/3906
f 3906/3906 3966/3966 3967/3967
f 3906/3906 3967/3967 3907/3907
f 3907/3907 3967/3967 3968/3968
f 3907/3907 3968/3968 3908/3908
f 3908/3908 3968/3968 3969/3969
f 3908/3908 3969/3969 3909/3909
f 3909/3909 3969/3969 3970/3970
f 3909/3909 3970/3970 3910/3910
f 3910/3910 3970/3970 3971/3971
f 3910/3910 3971/3971 3911/3911
f 3911/3911 3971/3971 3972/3972
f 3911/3911 3972/3972 3912/3912
f 3912/3912 3972/3972 3973/3973
f 3912/3912 3973/3973 3913/3913
f 3913/3913 3973/3973 3974/3974
f 3913/3913 3974/3974 3914/3914
f 3914/3914 3974/3974 3975/3975
f 3914/3914 3975/3975 3915/3915
f 3915/3915 3975/3975 3976/3976
f 3915/3915 3976/3976 3916/3916
f 3916/3916 3976/3976 3977/3977
f 3916/3916 3977/3977 3917/3917
f 3917/3917 3977/3977 3978/3978
f 3917/3917 3978/3978 3918/3918
f 3918/3918 3978/3978 3979/3979
f 3918/3918 3979/3979 3919/3919
f 3919/3919 3979/3979 3980/3980
f 3919/3919 3980/3980 3920/3920
f 3920/3920 3980/3980 3981/3981
f 3920/3920 3981/3981 3921/3921
f 3921/3921 3981/3981 3982/3982
f 3921/3921 3982/3982 3922/3922
f 3922/3922 3982/3982 3983/3983
f 3922/3922 3983/3983 3923/3923
f 3923/3923 3983/3983 3984/3984
f 3923/3923 3984/3984 3924/3924
f 3924/3924 3984/3984 3985/3985
f 3924/3924 3985/3985 3925/3925
f 3925/3925 3985/3985 3986/3986
f 3925/3925 3986/3986 3926/3926
f 3926/3926 3986/3986 3987/3987
f 3926/3926 3987/3987 3927/3927
f 3927/3927 3987/3987 3988/3988
f 3927/3927 3988/3988 3928/3928
f 3928/3928 3988/3988 3989/3989
f 3928/3928 3989/3989 3929/3929
f 3929/3929 3989/3989 3990/3990
f 3929/3929 3990/3990 3930/3930
f 3930/3930 3990/3990 3991/3991
f 3930/3930 3991/3991 3931/3931
f 3931/3931 3991/3991 3992/3992
f 3931/3931 3992/3992 3932/3932
f 3932/3932 3992/3992 3993/3993
f 3932/3932 3993/3993 3933/3933
f 3933/3933 3993/3993 3994/3994
f 3933/3933 3994/3994 3934/3934
f 3934/3934 3994/3994 3995/3995
f 3934/3934 3995/3995 3935/3935
f 3935/3935 3995/3995 3996/3996
f 3935/3935 3996/3996 3936/3936
f 3936/3936 3996/3996 3997/3997
f 3936/3936 3997/3997 3937/3937
f 3937/3937 3997/3997 3998/3998
f 3937/3937 3998/3998 3938/3938
f 3938/3938 3998/3998 3999/3999
f 3938/3938 3999/3999 3939/3939
f 3939/3939 3999/3999 4000/4000
f 3939/3939 4000/4000 3940/3940
f 3940/3940 4000/4000 4001/4001
f 3940/3940 4001/4001 3941/3941
f 3941/3941 4001/4001 4002/4002
f 3941/3941 4002/4002 3942/3942
f 3942/3942 4002/4002 4003/4003
f 3942/3942 4003/4003 3943/3943
f 3943/3943 4003/4003 4004/4004
f 3943/3943 4004/4004 3944/3944
f 3944/3944 4004/4004 4005/4005
f 3944/3944 4005/4005 3945/3945
f 3945/3945 4005/4005 4006/4006
f 3945/3945 4006/4006 3946/3946
f 3946/3946 4006/4006 4007/4007
f 3946/3946 4007/4007 3947/3947
f 3947/3947 4007/4007 4008/4008
f 3947/3947 4008/4008 3948/3948
f 3948/3948 4008/4008 4009/4009
f 3948/3948 4009/4009 3949/3949
f 3949/3949 4009/4009 4010/4010
f 3949/3949 4010/4010 3950/3950
f 3950/3950 4010/4010 4011/4011
f 3950/3950 4011/4011 3951/3951
f 3951/3951 4011/4011 4012/4012
f 3951/3951 4012/4012 3952/3952
f 3952/3952 4012/4012 4013/4013
f 3952/3952 4013/4013 3953/3953
f 3953/3953 4013/4013 4014/4014
f 3953/3953 4014/4014 3954/3954
f 3954/3954 4014/4014 4015/4015
f 3954/3954 4015/4015 3955/3955
f 3955/3955 4015/4015 4016/4016
f 3955/3955 4016/4016 3956/3956
f 3956/3956 4016/4016 4017/4017
f 3956/3956 4017/4017 3957/3957
f 3957/3957 4017/4017 4018/4018
f 3957/3957 4018/4018 3958/3958
f 3958/3958 4018/4018 4019/4019
f 3958/3958 4019/4019 3959/3959
f 3959/3959 4019/4019 4020/4020
f 3959/3959 4020/4020 3960/3960
f 3960/3960 4020/4020 4021/4021
f 3960/3960 4021/4021 3961/3961
f 3961/3961 4021/4021 4022/4022
f 3961/3961 4022/4022 3962/3962
f 3962/3962 4022/4022 4023/4023
f 3962/3962 4023/4023 3963/3963
f 3963/3963 4023/4023 4024/4024
f 3963/3963 4024/4024 3964/3964
f 3964/3964 4024/4024 4025/4025
f 3964/3964 4025/4025 3965/3965
f 3965/3965 4025/4025 4026/4026
f 3966/3966 4027/4027 3967/3967
f 3967/3967 4027/4027 4028/4028
f 3967/3967 4028/4028 3968/3968
f 3968/3968 4028/4028 4029/4029
f 3968/3968 4029/4029 3969/3969
f 3969/3969 4029/4029 4030/4030
f 3969/3969 4030/4030 3970/3970
f 3970/3970 4030/4030 4031/4031
f 3970/3970 4031/4031 3971/3971
f 3971/3971 4031/4031 4032/4032
f 3971/3971 4032/4032 3972/3972
f 3972/3972 4032/4032 4033/4033
f 3972/3972 4033/4033 3973/3973
f 3973/3973 4033/4033 4034/4034
f 3973/3973 4034/4034 3974/3974
f 3974/3974 4034/4034 4035/4035
f 3974/3974 4035/4035 3975/3975
f 3975/3975 4035/4035 4036/4036
f 3975/3975 4036/4036 3976/3976
f 3976/3976 4036/4036 4037/4037
f 3976/3976 4037/4037 3977/3977
f 3977/3977 4037/4037 4038/4038
f 3977/3977 4038/4038 3978/3978
f 3978/3978 4038/4038 4039/4039
f 3978/3978 4039/4039 3979/3979
f 3979/3979 4039/4039 4040/4040
f 3979/3979 4040/4040 3980/3980
f 3980/3980 4040/4040 4041/4041
f 3980/3980 4041/4041 3981/3981
f 3981/3981 4041/4041 4042/4042
f 3981/3981 4042/4042 3982/3982
f 3982/3982 4042/4042 4043/4043
f 3982/3982 4043/4043 3983/3983
f 3983/3983 4043/4043 4044/4044
f 3983/3983 4044/4044 3984/3984
f 3984/3984 4044/4044 4045/4045
f 3984/3984 4045/4045 3985/3985
f 3985/3985 4045/4045 4046/4046
f 3985/3985 4046/4046 3986/3986
f 3986/3986 4046/4046 4047/4047
f 3986/3986 4047/4047 3987/3987
f 3987/3987 4047/4047 4048/4048
f 3987/3987 4048/4048 3988/3988
f 3988/3988 4048/4048 4049/4049
f 3988/3988 4049/4049 3989/3989
f 3989/3989 4049/4049 4050/4050
f 3989/3989 4050/4050 3990/3990
f 3990/3990 4050/4050 4051/4051
f 3990/3990 4051/4051 3991/3991
f 3991/3991 4051/4051 4052/4052
f 3991/3991 4052/4052 3992/3992
f 3992/3992 4052/4052 4053/4053
f 3992/3992 4053/4053 3993/3993
f 3993/3993 4053/4053 4054/4054
f 3993/3993 4054/4054 3994/3994
f 3994/3994 4054/4054 4055/4055
f 3994/3994 4055/4055 3995/3995
f 3995/3995 4055/4055 4056/4056
f 3995/3995 4056/4056 3996/3996
f 3996/3996 4056/4056 4057/4057
f 3996/3996 4057/4057 3997/3997
f 3997/3997 4057/4057 4058/4058
f 3997/3997 4058/4058 3998/3998
f 3998/3998 4058/4058 4059/4059
f 3998/3998 4059/4059 3999/3999
f 3999/3999 4059/4059 4060/4060
f 3999/3999 4060/4060 4000/4000
f 4000/4000 4060/4060 4061/4061
f 4000/4000 4061/4061 4001/4001
f 4001/4001 4061/4061 4062/4062
f 4001/4001 4062/4062 4002/4002
f 4002/4002 4062/4062 4063/4063
f 4002/4002 4063/4063 4003/4003
f 4003/4003 4063/4063 4064/4064
f 4003/4003 4064/4064 4004/4004
f 4004/4004 4064/4064 4065/4065
f 4004/4004 4065/4065 4005/4005
f 4005/4005 4065/4065 4066/4066
f 4005/4005 4066/4066 4006/4006
f 4006/4006 4066/4066 4067/4067
f 4006/4006 4067/4067 4007/4007
f 4007/4007 4067/4067 4068/4068
f 4007/4007 4068/4068 4008/4008
f 4008/4008 4068/4068 4069/4069
f 4008/4008 4069/4069 4009/4009
f 4009/4009 4069/4069 4070/4070
f 4009/4009 4070/4070 4010/4010
f 4010/4010 4070/4070 4071/4071
f 4010/4010 4071/4071 4011/4011
f 4011/4011 4071/4071 4072/4072
f 4011/4011 4072/4072 4012/4012
f 4012/4012 4072/4072 4073/4073
f 4012/4012 4073/4073 4013/4013
f 4013/4013 4073/4073 4074/4074
f 4013/4013 4074/4074 4014/4014
f 4014/4014 4074/4074 4075/4075
f 4014/4014 4075/4075 4015/4015
f 4015/4015 4075/4075 4076/4076
f 4015/4015 4076/4076 4016/4016
f 4016/4016 4076/4076 4077/4077
f 4016/4016 4077/4077 4017/4017
f 4017/4017 4077/4077 4078/4078
f 4017/4017 4078/4078 4018/4018
f 4018/4018 4078/4078 4079/4079
f 4018/4018 4079/4079 4019/4019
f 4019/4019 4079/4079 4080/4080
f 4019/4019 4080/4080 4020/4020
f 4020/4020 4080/4080 4081/4081
f 4020/4020 4081/4081 4021/4021
f 4021/4021 4081/4081 4082/4082
f 4021/4021 4082/4082 4022/4022
f 4022/4022 4082/4082 4083/4083
f 4022/4022 4083/4083 4023/4023
f 4023/4023 4083/4083 4084/4084
f 4023/4023 4084/4084 4024/4024
f 4024/4024 4084/4084 4085/4085
f 4024/4024 4085/4085 4025/4025
f 4025/4025 4085/4085 4086/4086
f 4025/4025 4086/4086 4026/4026
f 4026/4026 4086/4086 4087/4087
f 4027/4027 4088/4088 4028/4028
f 4028/4028 4088/4088 4089/4089
f 4028/4028 4089/4089 4029/4029
f 4029/4029 4089/4089 4090/4090
f 4029/4029 4090/4090 4030/4030
f 4030/4030 4090/4090 4091/4091
f 4030/4030 4091/4091 4031/4031
f 4031/4031 4091/4091 4092/4092
f 4031/4031 4092/4092 4032/4032
f 4032/4032 4092/4092 4093/4093
f 4032/4032 4093/4093 4033/4033
f 4033/4033 4093/4093 4094/4094
f 4033/4033 4094/4094 4034/4034
f 4034/4034 4094/4094 4095/4095
f 4034/4034 4095/4095 4035/4035
f 4035/4035 4095/4095 4096/4096
f 4035/4035 4096/4096 4036/4036
f 4036/4036 4096/4096 4097/4097
f 4036/4036 4097/4097 4037/4037
f 4037/4037 4097/4097 4098/4098
f 4037/4037 4098/4098 4038/4038
f 4038/4038 4098/4098 4099/4099
f 4038/4038 4099/4099 4039/4039
f 4039/4039 4099/4099 4100/4100
f 4039/4039 4100/4100 4040/4040
f 4040/4040 4100/4100 4101/4101
f 4040/4040 4101/4101 4041/4041
f 4041/4041 4101/4101 4102/4102
f 4041/4041 4102/4102 4042/4042
f 4042/4042 4102/4102 4103/4103
f 4042/4042 4103/4103 4043/4043
f 4043/4043 4103/4103 4104/4104
f 4043/4043 4104/4104 4044/4044
f 4044/4044 4104/4104 4105/4105
f 4044/4044 4105/4105 4045/4045
f 4045/4045 4105/4105 4106/4106
f 4045/4045 4106/4106 4046/4046
f 4046/4046 4106/4106 4107/4107
f 4046/4046 4107/4107 4047/4047
f 4047/4047 4107/4107 4108/4108
f 4047/4047 4108/4108 4048/4048
f 4048/4048 4108/4108 4109/4109
f 4048/4048 4109/4109 4049/4049
f 4049/4049 4109/4109 4110/4110
f 4049/4049 4110/4110 4050/4050
f 4050/4050 4110/4110 4111/4111
f 4050/4050 4111/4111 4051/4051
f 4051/4051 4111/4111 4112/4112
f 4051/4051 4112/4112 4052/4052
f 4052/4052 4112/4112 4113/4113
f 4052/4052 4113/4113 4053/4053
f 4053/4053 4113/4113 4114/4114
f 4053/4053 4114/4114 4054/4054
f 4054/4054 4114/4114 4115/4115
f 4054/4054 4115/4115 4055/4055
f 4055/4055 4115/4115 4116/4116
f 4055/4055 4116/4116 4056/4056
f 4056/4056 4116/4116 4117/4117
f 4056/4056 4117/4117 4057/4057
f 4057/4057 4117/4117 4118/4118
f 4057/4057 4118/4118 4058/4058
f 4058/4058 4118/4118 4119/4119
f 4058/4058 4119/4119 4059/4059
f 4059/4059 4119/4119 4120/4120
f 4059/4059 4120/4120 4060/4060
f 4060/4060 4120/4120 4121/4121
f 4060/4060 4121/4121 4061/4061
f 4061/4061 4121/4121 4122/4122
f 4061/4061 4122/4122 4062/4062
f 4062/4062 4122/4122 4123/4123
f 4062/4062 4123/4123 4063/4063
f 4063/4063 4123/4123 4124/4124
f 4063/4063 4124/4124 4064/4064
f 4064/4064 4124/4124 4125/4125
f 4064/4064 4125/4125 4065/4065
f 4065/4065 4125/4125 4126/4126
f 4065/4065 4126/4126 4066/4066
f 4066/4066 4126/4126 4127/4127
f 4066/4066 4127/4127 4067/4067
f 4067/4067 4127/4127 4128/4128
f 4067/4067 4128/4128 4068/4068
f 4068/4068 4128/4128 4129/4129
f 4068/4068 4129/4129 4069/4069
f 4069/4069 4129/4129 4130/4130
f 4069/4069 4130/4130 4070/4070
f 4070/4070 4130/4130 4131/4131
f 4070/4070 4131/4131 4071/4071
f 4071/4071 4131/4131 4132/4132
f 4071/4071 4132/4132 4072/4072
f 4072/4072 4132/4132 4133/4133
f 4072/4072 4133/4133 4073/4073
f 4073/4073 4133/4133 4134/4134
f 4073/4073 4134/4134 4074/4074
f 4074/4074 4134/4134 4135/4135
f 4074/4074 4135/4135 4075/4075
f 4075/4075 4135/4135 4136/4136
f 4075/4075 4136/4136 4076/4076
f 4076/4076 4136/4136 4137/4137
f 4076/4076 4137/4137 4077/4077
f 4077/4077 4137/4137 4138/4138
f 4077/4077 4138/4138 4078/4078
f 4078/4078 4138/4138 4139/4139
f 4078/4078 4139/4139 4079/4079
f 4079/4079 4139/4139 4140/4140
f 4079/4079 4140/4140 4080/4080
f 4080/4080 4140/4140 4141/4141
f 4080/4080 4141/4141 4081/4081
f 4081/4081 4141/4141 4142/4142
f 4081/4081 4142/4142 4082/4082
f 4082/4082 4142/4142 4143/4143
f 4082/4082 4143/4143 4083/4083
f 4083/4083 4143/4143 4144/4144
f 4083/4083 4144/4144 4084/4084
f 4084/4084 4144/4144 4145/4145
f 4084/4084 4145/4145 4085/4085
f 4085/4085 4145/4145 4146/4146
f 4085/4085 4146/4146 4086/4086
f 4086/4086 4146/4146 4147/4147
f 4086/4086 4147/4147 4087/4087
f 4087/4087 4147/4147 4148/4148
f 4088/4088 4149/4149 4089/4089
f 4089/4089 4149/4149 4150/4150
f 4089/4089 4150/4150 4090/4090
f 4090/4090 4150/4150 4151/4151
f 4090/4090 4151/4151 4091/4091
f 4091/4091 4151/4151 4152/4152
f 4091/4091 4152/4152 4092/4092
f 4092/4092 4152/4152 4153/4153
f 4092/4092 4153/4153 4093/4093
f 4093/4093 4153/4153 4154/4154
f 4093/4093 4154/4154 4094/4094
f 4094/4094 4154/4154 4155/4155
f 4094/4094 4155/4155 4095/4095
f 4095/4095 4155/4155 4156/4156
f 4095/4095 4156/4156 4096/4096
f 4096/4096 4156/4156 4157/4157
f 4096/4096 4157/4157 4097/4097
f 4097/4097 4157/4157 4158/4158
f 4097/4097 4158/4158 4098/4098
f 4098/4098 4158/4158 4159/4159
f 4098/4098 4159/4159 4099/4099
f 4099/4099 4159/4159 4160/4160
f 4099/4099 4160/4160 4100/4100
f 4100/4100 4160/4160 4161/4161
f 4100/4100 4161/4161 4101/4101
f 4101/4101 4161/4161 4162/4162
f 4101/4101 4162/4162 4102/4102
f 4102/4102 4162/4162 4163/4163
f 4102/4102 4163/4163 4103/4103
f 4103/4103 4163/4163 4164/4164
f 4103/4103 4164/4164 4104/4104
f 4104/4104 4164/4164 4165/4165
f 4104/4104 4165/4165 4105/4105
f 4105/4105 4165/4165 4166/4166
f 4105/4105 4166/4166 4106/4106
f 4106/4106 4166/4166 4167/4167
f 4106/4106 4167/4167 4107/4107
f 4107/4107 4167/4167 4168/4168
f 4107/4107 4168/4168 4108/4108
f 4108/4108 4168/4168 4169/4169
f 4108/4108 4169/4169 4109/4109
f 4109/4109 4169/4169 4170/4170
f 4109/4109 4170/4170 4110/4110
f 4110/4110 4170/4170 4171/4171
f 4110/4110 4171/4171 4111/4111
f 4111/4111 4171/4171 4172/4172
f 4111/4111 4172/4172 4112/4112
f 4112/4112 4172/4172 4173/4173
f 4112/4112 4173/4173 4113/4113
f 4113/4113 4173/4173 4174/4174
f 4113/4113 4174/4174 4114/4114
f 4114/4114 4174/4174 4175/4175
f 4114/4114 4175/4175 4115/4115
f 4115/4115 4175/4175 4176/4176
f 4115/4115 4176/4176 4116/4116
f 4116/4116 4176/4176 4177/4177
f 4116/4116 4177/4177 4117/4117
f 4117/4117 4177/4177 4178/4178
f 4117/4117 4178/4178 4118/4118
f 4118/4118 4178/4178 4179/4179
f 4118/4118 4179/4179 4119/4119
f 4119/4119 4179/4179 4180/4180
f 4119/4119 4180/4180 4120/4120
f 4120/4120 4180/4180 4181/4181
f 4120/4120 4181/4181 4121/4121
f 4121/4121 4181/4181 4182/4182
f 4121/4121 4182/4182 4122/4122
f 4122/4122 4182/4182 4183/4183
f 4122/4122 4183/4183 4123/4123
f 4123/4123 4183/4183 4184/4184
f 4123/4123 4184/4184 4124/4124
f 4124/4124 4184/4184 4185/4185
f 4124/4124 4185/4185 4125/4125
f 4125/4125 4185/4185 4186/4186
f 4125/4125 4186/4186 4126/4126
f 4126/4126 4186/4186 4187/4187
f 4126/4126 4187/4187 4127/4127
f 4127/4127 4187/4187 4188/4188
f 4127/4127 4188/4188 4128/4128
f 4128/4128 4188/4188 4189/4189
f 4128/4128 4189/4189 4129/4129
f 4129/4129 4189/4189 4190/4190
f 4129/4129 4190/4190 4130/4130
f 4130/4130 4190/4190 4191/4191
f 4130/4130 4191/4191 4131/4131
f 4131/4131 4191/4191 4192/4192
f 4131/4131 4192/4192 4132/4132
f 4132/4132 4192/4192 4193/4193
f 4132/4132 4193/4193 4133/4133
f 4133/4133 4193/4193 4194/4194
f 4133/4133 4194/4194 4134/4134
f 4134/4134 4194/4194 4195/4195
f 4134/4134 4195/4195 4135/4135
f 4135/4135 4195/4195 4196/4196
f 4135/4135 4196/4196 4136/4136
f 4136/4136 4196/4196 4197/4197
f 4136/4136 4197/4197 4137/4137
f 4137/4137 4197/4197 4198/4198
f 4137/4137 4198/4198 4138/4138
f 4138/4138 4198/4198 4199/4199
f 4138/4138 4199/4199 4139/4139
f 4139/4139 4199/4199 4200/4200
f 4139/4139 4200/4200 4140/4140
f 4140/4140 4200/4200 4201/4201
f 4140/4140 4201/4201 4141/4141
f 4141/4141 4201/4201 4202/4202
f 4141/4141 4202/4202 4142/4142
f 4142/4142 4202/4202 4203/4203
f 4142/4142 4203/4203 4143/4143
f 4143/4143 4203/4203 4204/4204
f 4143/4143 4204/4204 4144/4144
f 4144/4144 4204/4204 4205/4205
f 4144/4144 4205/4205 4145/4145
f 4145/4145 4205/4205 4206/4206
f 4145/4145 4206/4206 4146/4146
f 4146/4146 4206/4206 4207/4207
f 4146/4146 4207/4207 4147/4147
f 4147/4147 4207/4207 4208/4208
f 4147/4147 4208/4208 4148/4148
f 4148/4148 4208/4208 4209/4209
f 4149/4149 4210/4210 4150/4150
f 4150/4150 4210/4210 4211/4211
f 4150/4150 4211/4211 4151/4151
f 4151/4151 4211/4211 4212/4212
f 4151/4151 4212/4212 4152/4152
f 4152/4152 4212/4212 4213/4213
f 4152/4152 4213/4213 4153/4153
f 4153/4153 4213/4213 4214/4214
f 4153/4153 4214/4214 4154/4154
f 4154/4154 4214/4214 4215/4215
f 4154/4154 4215/4215 4155/4155
f 4155/4155 4215/4215 4216/4216
f 4155/4155 4216/4216 4156/4156
f 4156/4156 4216/4216 4217/4217
f 4156/4156 4217/4217 4157/4157
f 4157/4157 4217/4217 4218/4218
f 4157/4157 4218/4218 4158/4158
f 4158/4158 4218/4218 4219/4219
f 4158/4158 4219/4219 4159/4159
f 4159/4159 4219/4219 4220/4220
f 4159/4159 4220/4220 4160/4160
f 4160/4160 4220/4220 4221/4221
f 4160/4160 4221/4221 4161/4161
f 4161/4161 4221/4221 4222/4222
f 4161/4161 4222/4222 4162/4162
f 4162/4162 4222/4222 4223/4223
f 4162/4162 4223/4223 4163/4163
f 4163/4163 4223/4223 4224/4224
f 4163/4163 4224/4224 4164/4164
f 4164/4164 4224/4224 4225/4225
f 4164/4164 4225/4225 4165/4165
f 4165/4165 4225/4225 4226/4226
f 4165/4165 4226/4226 4166/4166
f 4166/4166 4226/4226 4227/4227
f 4166/4166 4227/4227 4167/4167
f 4167/4167 4227/4227 4228/4228
f 4167/4167 4228/4228 4168/4168
f 4168/4168 4228/4228 4229/4229
f 4168/4168 4229/4229 4169/4169
f 4169/4169 4229/4229 4230/4230
f 4169/4169 4230/4230 4170/4170
f 4170/4170 4230/4230 4231/4231
f 4170/4170 4231/4231 4171/4171
f 4171/4171 4231/4231 4232/4232
f 4171/4171 4232/4232 4172/4172
f 4172/4172 4232/4232 4233/4233
f 4172/4172 4233/4233 4173/4173
f 4173/4173 4233/4233 4234/4234
f 4173/4173 4234/4234 4174/4174
f 4174/4174 4234/4234 4235/4235
f 4174/4174 4235/4235 4175/4175
f 4175/4175 4235/4235 4236/4236
f 4175/4175 4236/4236 4176/4176
f 4176/4176 4236/4236 4237/4237
f 4176/4176 4237/4237 4177/4177
f 4177/4177 4237/4237 4238/4238
f 4177/4177 4238/4238 4178/4178
f 4178/4178 4238/4238 4239/4239
f 4178/4178 4239/4239 4179/4179
f 4179/4179 4239/4239 4240/4240
f 4179/4179 4240/4240 4180/4180
f 4180/4180 4240/4240 4241/4241
f 4180/4180 4241/4241 4181/4181
f 4181/4181 4241/4241 4242/4242
f 4181/4181 4242/4242 4182/4182
f 4182/4182 4242/4242 4243/4243
f 4182/4182 4243/4243 4183/4183
f 4183/4183 4243/4243 4244/4244
f 4183/4183 4244/4244 4184/4184
f 4184/4184 4244/4244 4245/4245
f 4184/4184 4245/4245 4185/4185
f 4185/4185 4245/4245 4246/4246
f 4185/4185 4246/4246 4186/4186
f 4186/4186 4246/4246 4247/4247
f 4186/4186 4247/4247 4187/4187
f 4187/4187 4247/4247 4248/4248
f 4187/4187 4248/4248 4188/4188
f 4188/4188 4248/4248 4249/4249
f 4188/4188 4249/4249 4189/4189
f 4189/4189 4249/4249 4250/4250
f 4189/4189 4250/4250 4190/4190
f 4190/4190 4250/4250 4251/4251
f 4190/4190 4251/4251 4191/4191
f 4191/4191 4251/4251 4252/4252
f 4191/4191 4252/4252 4192/4192
f 4192/4192 4252/4252 4253/4253
f 4192/4192 4253/4253 4193/4193
f 4193/4193 4253/4253 4254/4254
f 4193/4193 4254/4254 4194/4194
f 4194/4194 4254/4254 4255/4255
f 4194/4194 4255/4255 4195/4195
f 4195/4195 4255/4255 4256/4256
f 4195/4195 4256/4256 4196/4196
f 4196/4196 4256/4256 4257/4257
f 4196/4196 4257/4257 4197/4197
f 4197/4197 4257/4257 4258/4258
f 4197/4197 4258/4258 4198/4198
f 4198/4198 4258/4258 4259/4259
f 4198/4198 4259/4259 4199/4199
f 4199/4199 4259/4259 4260/4260
f 4199/4199 4260/4260 4200/4200
f 4200/4200 4260/4260 4261/4261
f 4200/4200 4261/4261 4201/4201
f 4201/4201 4261/4261 4262/4262
f 4201/4201 4262/4262 4202/4202
f 4202/4202 4262/4262 4263/4263
f 4202/4202 4263/4263 4203/4203
f 4203/4203 4263/4263 4264/4264
f 4203/4203 4264/4264 4204/4204
f 4204/4204 4264/4264 4265/4265
f 4204/4204 4265/4265 4205/4205
f 4205/4205 4265/4265 4266/4266
f 4205/4205 4266/4266 4206/4206
f 4206/4206 4266/4266 4267/4267
f 4206/4206 4267/4267 4207/4207
f 4207/4207 4267/4267 4268/4268
f 4207/4207 4268/4268 4208/4208
f 4208/4208 4268/4268 4269/4269
f 4208/4208 4269/4269 4209/4209
f 4209/4209 4269/4269 4270/4270
f 4210/4210 4271/4271 4211/4211
f 4211/4211 4271/4271 4272/4272
f 4211/4211 4272/4272 4212/4212
f 4212/4212 4272/4272 4273/4273
f 4212/4212 4273/4273 4213/4213
f 4213/4213 4273/4273 4274/4274
f 4213/4213 4274/4274 4214/4214
f 4214/4214 4274/4274 4275/4275
f 4214/4214 4275/4275 4215/4215
f 4215/4215 4275/4275 4276/4276
f 4215/4215 4276/4276 4216/4216
f 4216/4216 4276/4276 4277/4277
f 4216/4216 4277/4277 4217/4217
f 4217/4217 4277/4277 4278/4278
f 4217/4217 4278/4278 4218/4218
f 4218/4218 4278/4278 4279/4279
f 4218/4218 4279/4279 4219/4219
f 4219/4219 4279/4279 4280/4280
f 4219/4219 4280/4280 4220/4220
f 4220/4220 4280/4280 4281/4281
f 4220/4220 4281/4281 4221/4221
f 4221/4221 4281/4281 4282/4282
f 4221/4221 4282/4282 4222/4222
f 4222/4222 4282/4282 4283/4283
f 4222/4222 4283/4283 4223/4223
f 4223/4223 4283/4283 4284/4284
f 4223/4223 4284/4284 4224/4224
f 4224/4224 4284/4284 4285/4285
f 4224/4224 4285/4285 4225/4225
f 4225/4225 4285/4285 4286/4286
f 4225/4225 4286/4286 4226/4226
f 4226/4226 4286/4286 4287/4287
f 4226/4226 4287/4287 4227/4227
f 4227/4227 4287/4287 4288/4288
f 4227/4227 4288/4288 4228/4228
f 4228/4228 4288/4288 4289/4289
f 4228/4228 4289/4289 4229/4229
f 4229/4229 4289/4289 4290/4290
f 4229/4229 4290/4290 4230/4230
f 4230/4230 4290/4290 4291/4291
f 4230/4230 4291/4291 4231/4231
f 4231/4231 4291/4291 4292/4292
f 4231/4231 4292/4292 4232/4232
f 4232/4232 4292/4292 4293/4293
f 4232/4232 4293/4293 4233/4233
f 4233/4233 4293/4293 4294/4294
f 4233/4233 4294/4294 4234/4234
f 4234/4234 4294/4294 4295/4295
f 4234/4234 4295/4295 4235/4235
f 4235/4235 4295/4295 4296/4296
f 4235/4235 4296/4296 4236/4236
f 4236/4236 4296/4296 4297/4297
f 4236/4236 4297/4297 4237/4237
f 4237/4237 4297/4297 4298/4298
f 4237/4237 4298/4298 4238/4238
f 4238/4238 4298/4298 4299/4299
f 4238/4238 4299/4299 4239/4239
f 4239/4239 4299/4299 4300/4300
f 4239/4239 4300/4300 4240/4240
f 4240/4240 4300/4300 4301/4301
f 4240/4240 4301/4301 4241/4241
f 4241/4241 4301/4301 4302/4302
f 4241/4241 4302/4302 4242/4242
f 4242/4242 4302/4302 4303/4303
f 4242/4242 4303/4303 4243/4243
f 4243/4243 4303/4303 4304/4304
f 4243/4243 4304/4304 4244/4244
f 4244/4244 4304/4304 4305/4305
f 4244/4244 4305/4305 4245/4245
f 4245/4245 4305/4305 4306/4306
f 4245/4245 4306/4306 4246/4246
f 4246/4246 4306/4306 4307/4307
f 4246/4246 4307/4307 4247/4247
f 4247/4247 4307/4307 4308/4308
f 4247/4247 4308/4308 4248/4248
f 4248/4248 4308/4308 4309/4309
f 4248/4248 4309/4309 4249/4249
f 4249/4249 4309/4309 4310/4310
f 4249/4249 4310/4310 4250/4250
f 4250/4250 4310/4310 4311/4311
f 4250/4250 4311/4311 4251/4251
f 4251/4251 4311/4311 4312/4312
f 4251/4251 4312/4312 4252/4252
f 4252/4252 4312/4312 4313/4313
f 4252/4252 4313/4313 4253/4253
f 4253/4253 4313/4313 4314/4314
f 4253/4253 4314/4314 4254/4254
f 4254/4254 4314/4314 4315/4315
f 4254/4254 4315/4315 4255/4255
f 4255/4255 4315/4315 4316/4316
f 4255/4255 4316/4316 4256/4256
f 4256/4256 4316/4316 4317/4317
f 4256/4256 4317/4317 4257/4257
f 4257/4257 4317/4317 4318/4318
f 4257/4257 4318/4318 4258/4258
f 4258/4258 4318/4318 4319/4319
f 4258/4258 4319/4319 4259/4259
f 4259/4259 4319/4319 4320/4320
f 4259/4259 4320/4320 4260/4260
f 4260/4260 4320/4320 4321/4321
f 4260/4260 4321/4321 4261/4261
f 4261/4261 4321/4321 4322/4322
f 4261/4261 4322/4322 4262/4262
f 4262/4262 4322/4322 4323/4323
f 4262/4262 4323/4323 4263/4263
f 4263/4263 4323/4323 4324/4324
f 4263/4263 4324/4324 4264/4264
f 4264/4264 4324/4324 4325/4325
f 4264/4264 4325/4325 4265/4265
f 4265/4265 4325/4325 4326/4326
f 4265/4265 4326/4326 4266/4266
f 4266/4266 4326/4326 4327/4327
f 4266/4266 4327/4327 4267/4267
f 4267/4267 4327/4327 4328/4328
f 4267/4267 4328/4328 4268/4268
f 4268/4268 4328/4328 4329/4329
f 4268/4268 4329/4329 4269/4269
f 4269/4269 4329/4329 4330/4330
f 4269/4269 4330/4330 4270/4270
f 4270/4270 4330/4330 4331/4331
f 4271/4271 4332/4332 4272/4272
f 4272/4272 4332/4332 4333/4333
f 4272/4272 4333/4333 4273/4273
f 4273/4273 4333/4333 4334/4334
f 4273/4273 4334/4334 4274/4274
f 4274/4274 4334/4334 4335/4335
f 4274/4274 4335/4335 4275/4275
f 4275/4275 4335/4335 4336/4336
f 4275/4275 4336/4336 4276/4276
f 4276/4276 4336/4336 4337/4337
f 4276/4276 4337/4337 4277/4277
f 4277/4277 4337/4337 4338/4338
f 4277/4277 4338/4338 4278/4278
f 4278/4278 4338/4338 4339/4339
f 4278/4278 4339/4339 4279/4279
f 4279/4279 4339/4339 4340/4340
f 4279/4279 4340/4340 4280/4280
f 4280/4280 4340/4340 4341/4341
f 4280/4280 4341/4341 4281/4281
f 4281/4281 4341/4341 4342/4342
f 4281/4281 4342/4342 4282/4282
f 4282/4282 4342/4342 4343/4343
f 4282/4282 4343/4343 4283/4283
f 4283/4283 4343/4343 4344/4344
f 4283/4283 4344/4344 4284/4284
f 4284/4284 4344/4344 4345/4345
f 4284/4284 4345/4345 4285/4285
f 4285/4285 4345/4345 4346/4346
f 4285/4285 4346/4346 4286/4286
f 4286/4286 4346/4346 4347/4347
f 4286/4286 4347/4347 4287/4287
f 4287/4287 4347/4347 4348/4348
f 4287/4287 4348/4348 4288/4288
f 4288/4288 4348/4348 4349/4349
f 4288/4288 4349/4349 4289/4289
f 4289/4289 4349/4349 4350/4350
f 4289/4289 4350/4350 4290/4290
f 4290/4290 4350/4350 4351/4351
f 4290/4290 4351/4351 4291/4291
f 4291/4291 4351/4351 4352/4352
f 4291/4291 4352/4352 4292/4292
f 4292/4292 4352/4352 4353/4353
f 4292/4292 4353/4353 4293/4293
f 4293/4293 4353/4353 4354/4354
f 4293/4293 4354/4354 4294/4294
f 4294/4294 4354/4354 4355/4355
f 4294/4294 4355/4355 4295/4295
f 4295/4295 4355/4355 4356/4356
f 4295/4295 4356/4356 4296/4296
f 4296/4296 4356/4356 4357/4357
f 4296/4296 4357/4357 4297/4297
f 4297/4297 4357/4357 4358/4358
f 4297/4297 4358/4358 4298/4298
f 4298/4298 4358/4358 4359/4359
f 4298/4298 4359/4359 4299/4299
f 4299/4299 4359/4359 4360/4360
f 4299/4299 4360/4360 4300/4300
f 4300/4300 4360/4360 4361/4361
f 4300/4300 4361/4361 4301/4301
f 4301/4301 4361/4361 4362/4362
f 4301/4301 4362/4362 4302/4302
f 4302/4302 4362/4362 4363/4363
f 4302/4302 4363/4363 4303/4303
f 4303/4303 4363/4363 4364/4364
f 4303/4303 4364/4364 4304/4304
f 4304/4304 4364/4364 4365/4365
f 4304/4304 4365/4365 4305/4305
f 4305/4305 4365/4365 4366/4366
f 4305/4305 4366/4366 4306/4306
f 4306/4306 4366/4366 4367/4367
f 4306/4306 4367/4367 4307/4307
f 4307/4307 4367/4367 4368/4368
f 4307/4307 4368/4368 4308/4308
f 4308/4308 4368/4368 4369/4369
f 4308/4308 4369/4369 4309/4309
f 4309/4309 4369/4369 4370/4370
f 4309/4309 4370/4370 4310/4310
f 4310/4310 4370/4370 4371/4371
f 4310/4310 4371/4371 4311/4311
f 4311/4311 4371/4371 4372/4372
f 4311/4311 4372/4372 4312/4312
f 4312/4312 4372/4372 4373/4373
f 4312/4312 4373/4373 4313/4313
f 4313/4313 4373/4373 4374/4374
f 4313/4313 4374/4374 4314/4314
f 4314/4314 4374/4374 4375/4375
f 4314/4314 4375/4375 4315/4315
f 4315/4315 4375/4375 4376/4376
f 4315/4315 4376/4376 4316/4316
f 4316/4316 4376/4376 4377/4377
f 4316/4316 4377/4377 4317/4317
f 4317/4317 4377/4377 4378/4378
f 4317/4317 4378/4378 4318/4318
f 4318/4318 4378/4378 4379/4379
f 4318/4318 4379/4379 4319/4319
f 4319/4319 4379/4379 4380/4380
f 4319/4319 4380/4380 4320/4320
f 4320/4320 4380/4380 4381/4381
f 4320/4320 4381/4381 4321/4321
f 4321/4321 4381/4381 4382/4382
f 4321/4321 4382/4382 4322/4322
f 4322/4322 4382/4382 4383/4383
f 4322/4322 4383/4383 4323/4323
f 4323/4323 4383/4383 4384/4384
f 4323/4323 4384/4384 4324/4324
f 4324/4324 4384/4384 4385/4385
f 4324/4324 4385/4385 4325/4325
f 4325/4325 4385/4385 4386/4386
f 4325/4325 4386/4386 4326/4326
f 4326/4326 4386/4386 4387/4387
f 4326/4326 4387/4387 4327/4327
f 4327/4327 4387/4387 4388/4388
f 4327/4327 4388/4388 4328/4328
f 4328/4328 4388/4388 4389/4389
f 4328/4328 4389/4389 4329/4329
f 4329/4329 4389/4389 4390/4390
f 4329/4329 4390/4390 4330/4330
f 4330/4330 4390/4390 4391/4391
f 4330/4330 4391/4391 4331/4331
f 4331/4331 4391/4391 4392/4392
f 4332/4332 4393/4393 4333/4333
f 4333/4333 4393/4393 4394/4394
f 4333/4333 4394/4394 4334/4334
f 4334/4334 4394/4394 4395/4395
f 4334/4334 4395/4395 4335/4335
f 4335/4335 4395/4395 4396/4396
f 4335/4335 4396/4396 4336/4336
f 4336/4336 4396/4396 4397/4397
f 4336/4336 4397/4397 4337/4337
f 4337/4337 4397/4397 4398/4398
f 4337/4337 4398/4398 4338/4338
f 4338/4338 4398/4398 4399/4399
f 4338/4338 4399/4399 4339/4339
f 4339/4339 4399/4399 4400/4400
f 4339/4339 4400/4400 4340/4340
f 4340/4340 4400/4400 4401/4401
f 4340/4340 4401/4401 4341/4341
f 4341/4341 4401/4401 4402/4402
f 4341/4341 4402/4402 4342/4342
f 4342/4342 4402/4402 4403/4403
f 4342/4342 4403/4403 4343/4343
f 4343/4343 4403/4403 4404/4404
f 4343/4343 4404/4404 4344/4344
f 4344/4344 4404/4404 4405/4405
f 4344/4344 4405/4405 4345/4345
f 4345/4345 4405/4405 4406/4406
f 4345/4345 4406/4406 4346/4346
f 4346/4346 4406/4406 4407/4407
f 4346/4346 4407/4407 4347/4347
f 4347/4347 4407/4407 4408/4408
f 4347/4347 4408/4408 4348/4348
f 4348/4348 4408/4408 4409/4409
f 4348/4348 4409/4409 4349/4349
f 4349/4349 4409/4409 4410/4410
f 4349/4349 4410/4410 4350/4350
f 4350/4350 4410/4410 4411/4411
f 4350/4350 4411/4411 4351/4351
f 4351/4351 4411/4411 4412/4412
f 4351/4351 4412/4412 4352/4352
f 4352/4352 4412/4412 4413/4413
f 4352/4352 4413/4413 4353/4353
f 4353/4353 4413/4413 4414/4414
f 4353/4353 4414/4414 4354/4354
f 4354/4354 4414/4414 4415/4415
f 4354/4354 4415/4415 4355/4355
f 4355/4355 4415/4415 4416/4416
f 4355/4355 4416/4416 4356/4356
f 4356/4356 4416/4416 4417/4417
f 4356/4356 4417/4417 4357/4357
f 4357/4357 4417/4417 4418/4418
f 4357/4357 4418/4418 4358/4358
f 4358/4358 4418/4418 4419/4419
f 4358/4358 4419/4419 4359/4359
f 4359/4359 4419/4419 4420/4420
f 4359/4359 4420/4420 4360/4360
f 4360/4360 4420/4420 4421/4421
f 4360/4360 4421/4421 4361/4361
f 4361/4361 4421/4421 4422/4422
f 4361/4361 4422/4422 4362/4362
f 4362/4362 4422/4422 4423/4423
f 4362/4362 4423/4423 4363/4363
f 4363/4363 4423/4423 4424/4424
f 4363/4363 4424/4424 4364/4364
f 4364/4364 4424/4424 4425/4425
f 4364/4364 4425/4425 4365/4365
f 4365/4365 4425/4425 4426/4426
f 4365/4365 4426/4426 4366/4366
f 4366/4366 4426/4426 4427/4427
f 4366/4366 4427/4427 4367/4367
f 4367/4367 4427/4427 4428/4428
f 4367/4367 4428/4428 4368/4368
f 4368/4368 4428/4428 4429/4429
f 4368/4368 4429/4429 4369/4369
f 4369/4369 4429/4429 4430/4430
f 4369/4369 4430/4430 4370/4370
f 4370/4370 4430/4430 4431/4431
f 4370/4370 4431/4431 4371/4371
f 4371/4371 4431/4431 4432/4432
f 4371/4371 4432/4432 4372/4372
f 4372/4372 4432/4432 4433/4433
f 4372/4372 4433/4433 4373/4373
f 4373/4373 4433/4433 4434/4434
f 4373/4373 4434/4434 4374/4374
f 4374/4374 4434/4434 4435/4435
f 4374/4374 4435/4435 4375/4375
f 4375/4375 4435/4435 4436/4436
f 4375/4375 4436/4436 4376/4376
f 4376/4376 4436/4436 4437/4437
f 4376/4376 4437/4437 4377/4377
f 4377/4377 4437/4437 4438/4438
f 4377/4377 4438/4438 4378/4378
f 4378/4378 4438/4438 4439/4439
f 4378/4378 4439/4439 4379/4379
f 4379/4379 4439/4439 4440/4440
f 4379/4379 4440/4440 4380/4380
f 4380/4380 4440/4440 4441/4441
f 4380/4380 4441/4441 4381/4381
f 4381/4381 4441/4441 4442/4442
f 4381/4381 4442/4442 4382/4382
f 4382/4382 4442/4442 4443/4443
f 4382/4382 4443/4443 4383/4383
f 4383/4383 4443/4443 4444/4444
f 4383/4383 4444/4444 4384/4384
f 4384/4384 4444/4444 4445/4445
f 4384/4384 4445/4445 4385/4385
f 4385/4385 4445/4445 4446/4446
f 4385/4385 4446/4446 4386/4386
f 4386/4386 4446/4446 4447/4447
f 4386/4386 4447/4447 4387/4387
f 4387/4387 4447/4447 4448/4448
f 4387/4387 4448/4448 4388/4388
f 4388/4388 4448/4448 4449/4449
f 4388/4388 4449/4449 4389/4389
f 4389/4389 4449/4449 4450/4450
f 4389/4389 4450/4450 4390/4390
f 4390/4390 4450/4450 4451/4451
f 4390/4390 4451/4451 4391/4391
f 4391/4391 4451/4451 4452/4452
f 4391/4391 4452/4452 4392/4392
f 4392/4392 4452/4452 4453/4453
f 4393/4393 4454/4454 4394/4394
f 4394/4394 4454/4454 4455/4455
f 4394/4394 4455/4455 4395/4395
f 4395/4395 4455/4455 4456/4456
f 4395/4395 4456/4456 4396/4396
f 4396/4396 4456/4456 4457/4457
f 4396/4396 4457/4457 4397/4397
f 4397/4397 4457/4457 4458/4458
f 4397/4397 4458/4458 4398/4398
f 4398/4398 4458/4458 4459/4459
f 4398/4398 4459/4459 4399/4399
f 4399/4399 4459/4459 4460/4460
f 4399/4399 4460/4460 4400/4400
f 4400/4400 4460/4460 4461/4461
f 4400/4400 4461/4461 4401/4401
f 4401/4401 4461/4461 4462/4462
f 4401/4401 4462/4462 4402/4402
f 4402/4402 4462/4462 4463/4463
f 4402/4402 4463/4463 4403/4403
f 4403/4403 4463/4463 4464/4464
f 4403/4403 4464/4464 4404/4404
f 4404/4404 4464/4464 4465/4465
f 4404/4404 4465/4465 4405/4405
f 4405/4405 4465/4465 4466/4466
f 4405/4405 4466/4466 4406/4406
f 4406/4406 4466/4466 4467/4467
f 4406/4406 4467/4467 4407/4407
f 4407/4407 4467/4467 4468/4468
f 4407/4407 4468/4468 4408/4408
f 4408/4408 4468/4468 4469/4469
f 4408/4408 4469/4469 4409/4409
f 4409/4409 4469/4469 4470/4470
f 4409/4409 4470/4470 4410/4410
f 4410/4410 4470/4470 4471/4471
f 4410/4410 4471/4471 4411/4411
f 4411/4411 4471/4471 4472/4472
f 4411/4411 4472/4472 4412/4412
f 4412/4412 4472/4472 4473/4473
f 4412/4412 4473/4473 4413/4413
f 4413/4413 4473/4473 4474/4474
f 4413/4413 4474/4474 4414/4414
f 4414/4414 4474/4474 4475/4475
f 4414/4414 4475/4475 4415/4415
f 4415/4415 4475/4475 4476/4476
f 4415/4415 4476/4476 4416/4416
f 4416/4416 4476/4476 4477/4477
f 4416/4416 4477/4477 4417/4417
f 4417/4417 4477/4477 4478/4478
f 4417/4417 4478/4478 4418/4418
f 4418/4418 4478/4478 4479/4479
f 4418/4418 4479/4479 4419/4419
f 4419/4419 4479/4479 4480/4480
f 4419/4419 4480/4480 4420/4420
f 4420/4420 4480/4480 4481/4481
f 4420/4420 4481/4481 4421/4421
f 4421/4421 4481/4481 4482/4482
f 4421/4421 4482/4482 4422/4422
f 4422/4422 4482/4482 4483/4483
f 4422/4422 4483/4483 4423/4423
f 4423/4423 4483/4483 4484/4484
f 4423/4423 4484/4484 4424/4424
f 4424/4424 4484/4484 4485/4485
f 4424/4424 4485/4485 4425/4425
f 4425/4425 4485/4485 4486/4486
f 4425/4425 4486/4486 4426/4426
f 4426/4426 4486/4486 4487/4487
f 4426/4426 4487/4487 4427/4427
f 4427/4427 4487/4487 4488/4488
f 4427/4427 4488/4488 4428/4428
f 4428/4428 4488/4488 4489/4489
f 4428/4428 4489/4489 4429/4429
f 4429/4429 4489/4489 4490/4490
f 4429/4429 4490/4490 4430/4430
f 4430/4430 4490/4490 4491/4491
f 4430/4430 4491/4491 4431/4431
f 4431/4431 4491/4491 4492/4492
f 4431/4431 4492/4492 4432/4432
f 4432/4432 4492/4492 4493/4493
f 4432/4432 4493/4493 4433/4433
f 4433/4433 4493/4493 4494/4494
f 4433/4433 4494/4494 4434/4434
f 4434/4434 4494/4494 4495/4495
f 4434/4434 4495/4495 4435/4435
f 4435/4435 4495/4495 4496/4496
f 4435/4435 4496/4496 4436/4436
f 4436/4436 4496/4496 4497/4497
f 4436/4436 4497/4497 4437/4437
f 4437/4437 4497/4497 4498/4498
f 4437/4437 4498/4498 4438/4438
f 4438/4438 4498/4498 4499/4499
f 4438/4438 4499/4499 4439/4439
f 4439/4439 4499/4499 4500/4500
f 4439/4439 4500/4500 4440/4440
f 4440/4440 4500/4500 4501/4501
f 4440/4440 4501/4501 4441/4441
f 4441/4441 4501/4501 4502/4502
f 4441/4441 4502/4502 4442/4442
f 4442/4442 4502/4502 4503/4503
f 4442/4442 4503/4503 4443/4443
f 4443/4443 4503/4503 4504/4504
f 4443/4443 4504/4504 4444/4444
f 4444/4444 4504/4504 4505/4505
f 4444/4444 4505/4505 4445/4445
f 4445/4445 4505/4505 4506/4506
f 4445/4445 4506/4506 4446/4446
f 4446/4446 4506/4506 4507/4507
f 4446/4446 4507/4507 4447/4447
f 4447/4447 4507/4507 4508/4508
f 4447/4447 4508/4508 4448/4448
f 4448/4448 4508/4508 4509/4509
f 4448/4448 4509/4509 4449/4449
f 4449/4449 4509/4509 4510/4510
f 4449/4449 4510/4510 4450/4450
f 4450/4450 4510/4510 4511/4511
f 4450/4450 4511/4511 4451/4451
f 4451/4451 4511/4511 4512/4512
f 4451/4451 4512/4512 4452/4452
f 4452/4452 4512/4512 4513/4513
f 4452/4452 4513/4513 4453/4453
f 4453/4453 4513/4513 4514/4514
f 4454/4454 4515/4515 4455/4455
f 4455/4455 4515/4515 4516/4516
f 4455/4455 4516/4516 4456/4456
f 4456/4456 4516/4516 4517/4517
f 4456/4456 4517/4517 4457/4457
f 4457/4457 4517/4517 4518/4518
f 4457/4457 4518/4518 4458/4458
f 4458/4458 4518/4518 4519/4519
f 4458/4458 4519/4519 4459/4459
f 4459/4459 4519/4519 4520/4520
f 4459/4459 4520/4520 4460/4460
f 4460/4460 4520/4520 4521/4521
f 4460/4460 4521/4521 4461/4461
f 4461/4461 4521/4521 4522/4522
f 4461/4461 4522/4522 4462/4462
f 4462/4462 4522/4522 4523/4523
f 4462/4462 4523/4523 4463/4463
f 4463/4463 4523/4523 4524/4524
f 4463/4463 4524/4524 4464/4464
f 4464/4464 4524/4524 4525/4525
f 4464/4464 4525/4525 4465/4465
f 4465/4465 4525/4525 4526/4526
f 4465/4465 4526/4526 4466/4466
f 4466/4466 4526/4526 4527/4527
f 4466/4466 4527/4527 4467/4467
f 4467/4467 4527/4527 4528/4528
f 4467/4467 4528/4528 4468/4468
f 4468/4468 4528/4528 4529/4529
f 4468/4468 4529/4529 4469/4469
f 4469/4469 4529/4529 4530/4530
f 4469/4469 4530/4530 4470/4470
f 4470/4470 4530/4530 4531/4531
f 4470/4470 4531/4531 4471/4471
f 4471/4471 4531/4531 4532/4532
f 4471/4471 4532/4532 4472/4472
f 4472/4472 4532/4532 4533/4533
f 4472/4472 4533/4533 4473/4473
f 4473/4473 4533/4533 4534/4534
f 4473/4473 4534/4534 4474/4474
f 4474/4474 4534/4534 4535/4535
f 4474/4474 4535/4535 4475/4475
f 4475/4475 4535/4535 4536/4536
f 4475/4475 4536/4536 4476/4476
f 4476/4476 4536/4536 4537/4537
f 4476/4476 4537/4537 4477/4477
f 4477/4477 4537/4537 4538/4538
f 4477/4477 4538/4538 4478/4478
f 4478/4478 4538/4538 4539/4539
f 4478/4478 4539/4539 4479/4479
f 4479/4479 4539/4539 4540/4540
f 4479/4479 4540/4540 4480/4480
f 4480/4480 4540/4540 4541/4541
f 4480/4480 4541/4541 4481/4481
f 4481/4481 4541/4541 4542/4542
f 4481/4481 4542/4542 4482/4482
f 4482/4482 4542/4542 4543/4543
f 4482/4482 4543/4543 4483/4483
f 4483/4483 4543/4543 4544/4544
f 4483/4483 4544/4544 4484/4484
f 4484/4484 4544/4544 4545/4545
f 4484/4484 4545/4545 4485/4485
f 4485/4485 4545/4545 4546/4546
f 4485/4485 4546/4546 4486/4486
f 4486/4486 4546/4546 4547/4547
f 4486/4486 4547/4547 4487/4487
f 4487/4487 4547/4547 4548/4548
f 4487/4487 4548/4548 4488/4488
f 4488/4488 4548/4548 4549/4549
f 4488/4488 4549/4549 4489/4489
f 4489/4489 4549/4549 4550/4550
f 4489/4489 4550/4550 4490/4490
f 4490/4490 4550/4550 4551/4551
f 4490/4490 4551/4551 4491/4491
f 4491/4491 4551/4551 4552/4552
f 4491/4491 4552/4552 4492/4492
f 4492/4492 4552/4552 4553/4553
f 4492/4492 4553/4553 4493/4493
f 4493/4493 4553/4553 4554/4554
f 4493/4493 4554/4554 4494/4494
f 4494/4494 4554/4554 4555/4555
f 4494/4494 4555/4555 4495/4495
f 4495/4495 4555/4555 4556/4556
f 4495/4495 4556/4556 4496/4496
f 4496/4496 4556/4556 4557/4557
f 4496/4496 4557/4557 4497/4497
f 4497/4497 4557/4557 4558/4558
f 4497/4497 4558/4558 4498/4498
f 4498/4498 4558/4558 4559/4559
f 4498/4498 4559/4559 4499/4499
f 4499/4499 4559/4559 4560/4560
f 4499/4499 4560/4560 4500/4500
f 4500/4500 4560/4560 4561/4561
f 4500/4500 4561/4561 4501/4501
f 4501/4501 4561/4561 4562/4562
f 4501/4501 4562/4562 4502/4502
f 4502/4502 4562/4562 4563/4563
f 4502/4502 4563/4563 4503/4503
f 4503/4503 4563/4563 4564/4564
f 4503/4503 4564/4564 4504/4504
f 4504/4504 4564/4564 4565/4565
f 4504/4504 4565/4565 4505/4505
f 4505/4505 4565/4565 4566/4566
f 4505/4505 4566/4566 4506/4506
f 4506/4506 4566/4566 4567/4567
f 4506/4506 4567/4567 4507/4507
f 4507/4507 4567/4567 4568/4568
f 4507/4507 4568/4568 4508/4508
f 4508/4508 4568/4568 4569/4569
f 4508/4508 4569/4569 4509/4509
f 4509/4509 4569/4569 4570/4570
f 4509/4509 4570/4570 4510/4510
f 4510/4510 4570/4570 4571/4571
f 4510/4510 4571/4571 4511/4511
f 4511/4511 4571/4571 4572/4572
f 4511/4511 4572/4572 4512/4512
f 4512/4512 4572/4572 4573/4573
f 4512/4512 4573/4573 4513/4513
f 4513/4513 4573/4573 4574/4574
f 4513/4513 4574/4574 4514/4514
f 4514/4514 4574/4574 4575/4575
f 4515/4515 4576/4576 4516/4516
f 4516/4516 4576/4576 4577/4577
f 4516/4516 4577/4577 4517/4517
f 4517/4517 4577/4577 4578/4578
f 4517/4517 4578/4578 4518/4518
f 4518/4518 4578/4578 4579/4579
f 4518/4518 4579/4579 4519/4519
f 4519/4519 4579/4579 4580/4580
f 4519/4519 4580/4580 4520/4520
f 4520/4520 4580/4580 4581/4581
f 4520/4520 4581/4581 4521/4521
f 4521/4521 4581/4581 4582/4582
f 4521/4521 4582/4582 4522/4522
f 4522/4522 4582/4582 4583/4583
f 4522/4522 4583/4583 4523/4523
f 4523/4523 4583/4583 4584/4584
f 4523/4523 4584/4584 4524/4524
f 4524/4524 4584/4584 4585/4585
f 4524/4524 4585/4585 4525/4525
f 4525/4525 4585/4585 4586/4586
f 4525/4525 4586/4586 4526/4526
f 4526/4526 4586/4586 4587/4587
f 4526/4526 4587/4587 4527/4527
f 4527/4527 4587/4587 4588/4588
f 4527/4527 4588/4588 4528/4528
f 4528/4528 4588/4588 4589/4589
f 4528/4528 4589/4589 4529/4529
f 4529/4529 4589/4589 4590/4590
f 4529/4529 4590/4590 4530/4530
f 4530/4530 4590/4590 4591/4591
f 4530/4530 4591/4591 4531/4531
f 4531/4531 4591/4591 4592/4592
f 4531/4531 4592/4592 4532/4532
f 4532/4532 4592/4592 4593/4593
f 4532/4532 4593/4593 4533/4533
f 4533/4533 4593/4593 4594/4594
f 4533/4533 4594/4594 4534/4534
f 4534/4534 4594/4594 4595/4595
f 4534/4534 4595/4595 4535/4535
f 4535/4535 4595/4595 4596/4596
f 4535/4535 4596/4596 4536/4536
f 4536/4536 4596/4596 4597/4597
f 4536/4536 4597/4597 4537/4537
f 4537/4537 4597/4597 4598/4598
f 4537/4537 4598/4598 4538/4538
f 4538/4538 4598/4598 4599/4599
f 4538/4538 4599/4599 4539/4539
f 4539/4539 4599/4599 4600/4600
f 4539/4539 4600/4600 4540/4540
f 4540/4540 4600/4600 4601/4601
f 4540/4540 4601/4601 4541/4541
f 4541/4541 4601/4601 4602/4602
f 4541/4541 4602/4602 4542/4542
f 4542/4542 4602/4602 4603/4603
f 4542/4542 4603/4603 4543/4543
f 4543/4543 4603/4603 4604/4604
f 4543/4543 4604/4604 4544/4544
f 4544/4544 4604/4604 4605/4605
f 4544/4544 4605/4605 4545/4545
f 4545/4545 4605/4605 4606/4606
f 4545/4545 4606/4606 4546/4546
f 4546/4546 4606/4606 4607/4607
f 4546/4546 4607/4607 4547/4547
f 4547/4547 4607/4607 4608/4608
f 4547/4547 4608/4608 4548/4548
f 4548/4548 4608/4608 4609/4609
f 4548/4548 4609/4609 4549/4549
f 4549/4549 4609/4609 4610/4610
f 4549/4549 4610/4610 4550/4550
f 4550/4550 4610/4610 4611/4611
f 4550/4550 4611/4611 4551/4551
f 4551/4551 4611/4611 4612/4612
f 4551/4551 4612/4612 4552/4552
f 4552/4552 4612/4612 4613/4613
f 4552/4552 4613/4613 4553/4553
f 4553/4553 4613/4613 4614/4614
f 4553/4553 4614/4614 4554/4554
f 4554/4554 4614/4614 4615/4615
f 4554/4554 4615/4615 4555/4555
f 4555/4555 4615/4615 4616/4616
f 4555/4555 4616/4616 4556/4556
f 4556/4556 4616/4616 4617/4617
f 4556/4556 4617/4617 4557/4557
f 4557/4557 4617/4617 4618/4618
f 4557/4557 4618/4618 4558/4558
f 4558/4558 4618/4618 4619/4619
f 4558/4558 4619/4619 4559/4559
f 4559/4559 4619/4619 4620/4620
f 4559/4559 4620/4620 4560/4560
f 4560/4560 4620/4620 4621/4621
f 4560/4560 4621/4621 4561/4561
f 4561/4561 4621/4621 4622/4622
f 4561/4561 4622/4622 4562/4562
f 4562/4562 4622/4622 4623/4623
f 4562/4562 4623/4623 4563/4563
f 4563/4563 4623/4623 4624/4624
f 4563/4563 4624/4624 4564/4564
f 4564/4564 4624/4624 4625/4625
f 4564/4564 4625/4625 4565/4565
f 4565/4565 4625/4625 4626/4626
f 4565/4565 4626/4626 4566/4566
f 4566/4566 4626/4626 4627/4627
f 4566/4566 4627/4627 4567/4567
f 4567/4567 4627/4627 4628/4628
f 4567/4567 4628/4628 4568/4568
f 4568/4568 4628/4628 4629/4629
f 4568/4568 4629/4629 4569/4569
f 4569/4569 4629/4629 4630/4630
f 4569/4569 4630/4630 4570/4570
f 4570/4570 4630/4630 4631/4631
f 4570/4570 4631/4631 4571/4571
f 4571/4571 4631/4631 4632/4632
f 4571/4571 4632/4632 4572/4572
f 4572/4572 4632/4632 4633/4633
f 4572/4572 4633/4633 4573/4573
f 4573/4573 4633/4633 4634/4634
f 4573/4573 4634/4634 4574/4574
f 4574/4574 4634/4634 4635/4635
f 4574/4574 4635/4635 4575/4575
f 4575/4575 4635/4635 4636/4636
f 4576/4576 4637/4637 4577/4577
f 4577/4577 4637/4637 4638/4638
f 4577/4577 4638/4638 4578/4578
f 4578/4578 4638/4638 4639/4639
f 4578/4578 4639/4639 4579/4579
f 4579/4579 4639/4639 4640/4640
f 4579/4579 4640/4640 4580/4580
f 4580/4580 4640/4640 4641/4641
f 4580/4580 4641/4641 4581/4581
f 4581/4581 4641/4641 4642/4642
f 4581/4581 4642/4642 4582/4582
f 4582/4582 4642/4642 4643/4643
f 4582/4582 4643/4643 4583/4583
f 4583/4583 4643/4643 4644/4644
f 4583/4583 4644/4644 4584/4584
f 4584/4584 4644/4644 4645/4645
f 4584/4584 4645/4645 4585/4585
f 4585/4585 4645/4645 4646/4646
f 4585/4585 4646/4646 4586/4586
f 4586/4586 4646/4646 4647/4647
f 4586/4586 4647/4647 4587/4587
f 4587/4587 4647/4647 4648/4648
f 4587/4587 4648/4648 4588/4588
f 4588/4588 4648/4648 4649/4649
f 4588/4588 4649/4649 4589/4589
f 4589/4589 4649/4649 4650/4650
f 4589/4589 4650/4650 4590/4590
f 4590/4590 4650/4650 4651/4651
f 4590/4590 4651/4651 4591/4591
f 4591/4591 4651/4651 4652/4652
f 4591/4591 4652/4652 4592/4592
f 4592/4592 4652/4652 4653/4653
f 4592/4592 4653/4653 4593/4593
f 4593/4593 4653/4653 4654/4654
f 4593/4593 4654/4654 4594/4594
f 4594/4594 4654/4654 4655/4655
f 4594/4594 4655/4655 4595/4595
f 4595/4595 4655/4655 4656/4656
f 4595/4595 4656/4656 4596/4596
f 4596/4596 4656/4656 4657/4657
f 4596/4596 4657/4657 4597/4597
f 4597/4597 4657/4657 4658/4658
f 4597/4597 4658/4658 4598/4598
f 4598/4598 4658/4658 4659/4659
f 4598/4598 4659/4659 4599/4599
f 4599/4599 4659/4659 4660/4660
f 4599/4599 4660/4660 4600/4600
f 4600/4600 4660/4660 4661/4661
f 4600/4600 4661/4661 4601/4601
f 4601/4601 4661/4661 4662/4662
f 4601/4601 4662/4662 4602/4602
f 4602/4602 4662/4662 4663/4663
f 4602/4602 4663/4663 4603/4603
f 4603/4603 4663/4663 4664/4664
f 4603/4603 4664/4664 4604/4604
f 4604/4604 4664/4664 4665/4665
f 4604/4604 4665/4665 4605/4605
f 4605/4605 4665/4665 4666/4666
f 4605/4605 4666/4666 4606/4606
f 4606/4606 4666/4666 4667/4667
f 4606/4606 4667/4667 4607/4607
f 4607/4607 4667/4667 4668/4668
f 4607/4607 4668/4668 4608/4608
f 4608/4608 4668/4668 4669/4669
f 4608/4608 4669/4669 4609/4609
f 4609/4609 4669/4669 4670/4670
f 4609/4609 4670/4670 4610/4610
f 4610/4610 4670/4670 4671/4671
f 4610/4610 4671/4671 4611/4611
f 4611/4611 4671/4671 4672/4672
f 4611/4611 4672/4672 4612/4612
f 4612/4612 4672/4672 4673/4673
f 4612/4612 4673/4673 4613/4613
f 4613/4613 4673/4673 4674/4674
f 4613/4613 4674/4674 4614/4614
f 4614/4614 4674/4674 4675/4675
f 4614/4614 4675/4675 4615/4615
f 4615/4615 4675/4675 4676/4676
f 4615/4615 4676/4676 4616/4616
f 4616/4616 4676/4676 4677/4677
f 4616/4616 4677/4677 4617/4617
f 4617/4617 4677/4677 4678/4678
f 4617/4617 4678/4678 4618/4618
f 4618/4618 4678/4678 4679/4679
f 4618/4618 4679/4679 4619/4619
f 4619/4619 4679/4679 4680/4680
f 4619/4619 4680/4680 4620/4620
f 4620/4620 4680/4680 4681/4681
f 4620/4620 4681/4681 4621/4621
f 4621/4621 4681/4681 4682/4682
f 4621/4621 4682/4682 4622/4622
f 4622/4622 4682/4682 4683/4683
f 4622/4622 4683/4683 4623/4623
f 4623/4623 4683/4683 4684/4684
f 4623/4623 4684/4684 4624/4624
f 4624/4624 4684/4684 4685/4685
f 4624/4624 4685/4685 4625/4625
f 4625/4625 4685/4685 4686/4686
f 4625/4625 4686/4686 4626/4626
f 4626/4626 4686/4686 4687/4687
f 4626/4626 4687/4687 4627/4627
f 4627/4627 4687/4687 4688/4688
f 4627/4627 4688/4688 4628/4628
f 4628/4628 4688/4688 4689/4689
f 4628/4628 4689/4689 4629/4629
f 4629/4629 4689/4689 4690/4690
f 4629/4629 4690/4690 4630/4630
f 4630/4630 4690/4690 4691/4691
f 4630/4630 4691/4691 4631/4631
f 4631/4631 4691/4691 4692/4692
f 4631/4631 4692/4692 4632/4632
f 4632/4632 4692/4692 4693/4693
f 4632/4632 4693/4693 4633/4633
f 4633/4633 4693/4693 4694/4694
f 4633/4633 4694/4694 4634/4634
f 4634/4634 4694/4694 4695/4695
f 4634/4634 4695/4695 4635/4635
f 4635/4635 4695/4695 4696/4696
f 4635/4635 4696/4696 4636/4636
f 4636/4636 4696/4696 4697/4697
f 4637/4637 4698/4698 4638/4638
f 4638/4638 4698/4698 4699/4699
f 4638/4638 4699/4699 4639/4639
f 4639/4639 4699/4699 4700/4700
f 4639/4639 4700/4700 4640/4640
f 4640/4640 4700/4700 4701/4701
f 4640/4640 4701/4701 4641/4641
f 4641/4641 4701/4701 4702/4702
f 4641/4641 4702/4702 4642/4642
f 4642/4642 4702/4702 4703/4703
f 4642/4642 4703/4703 4643/4643
f 4643/4643 4703/4703 4704/4704
f 4643/4643 4704/4704 4644/4644
f 4644/4644 4704/4704 4705/4705
f 4644/4644 4705/4705 4645/4645
f 4645/4645 4705/4705 4706/4706
f 4645/4645 4706/4706 4646/4646
f 4646/4646 4706/4706 4707/4707
f 4646/4646 4707/4707 4647/4647
f 4647/4647 4707/4707 4708/4708
f 4647/4647 4708/4708 4648/4648
f 4648/4648 4708/4708 4709/4709
f 4648/4648 4709/4709 4649/4649
f 4649/4649 4709/4709 4710/4710
f 4649/4649 4710/4710 4650/4650
f 4650/4650 4710/4710 4711/4711
f 4650/4650 4711/4711 4651/4651
f 4651/4651 4711/4711 4712/4712
f 4651/4651 4712/4712 4652/4652
f 4652/4652 4712/4712 4713/4713
f 4652/4652 4713/4713 4653/4653
f 4653/4653 4713/4713 4714/4714
f 4653/4653 4714/4714 4654/4654
f 4654/4654 4714/4714 4715/4715
f 4654/4654 4715/4715 4655/4655
f 4655/4655 4715/4715 4716/4716
f 4655/4655 4716/4716 4656/4656
f 4656/4656 4716/4716 4717/4717
f 4656/4656 4717/4717 4657/4657
f 4657/4657 4717/4717 4718/4718
f 4657/4657 4718/4718 4658/4658
f 4658/4658 4718/4718 4719/4719
f 4658/4658 4719/4719 4659/4659
f 4659/4659 4719/4719 4720/4720
f 4659/4659 4720/4720 4660/4660
f 4660/4660 4720/4720 4721/4721
f 4660/4660 4721/4721 4661/4661
f 4661/4661 4721/4721 4722/4722
f 4661/4661 4722/4722 4662/4662
f 4662/4662 4722/4722 4723/4723
f 4662/4662 4723/4723 4663/4663
f 4663/4663 4723/4723 4724/4724
f 4663/4663 4724/4724 4664/4664
f 4664/4664 4724/4724 4725/4725
f 4664/4664 4725/4725 4665/4665
f 4665/4665 4725/4725 4726/4726
f 4665/4665 4726/4726 4666/4666
f 4666/4666 4726/4726 4727/4727
f 4666/4666 4727/4727 4667/4667
f 4667/4667 4727/4727 4728/4728
f 4667/4667 4728/4728 4668/4668
f 4668/4668 4728/4728 4729/4729
f 4668/4668 4729/4729 4669/4669
f 4669/4669 4729/4729 4730/4730
f 4669/4669 4730/4730 4670/4670
f 4670/4670 4730/4730 4731/4731
f 4670/4670 4731/4731 4671/4671
f 4671/4671 4731/4731 4732/4732
f 4671/4671 4732/4732 4672/4672
f 4672/4672 4732/4732 4733/4733
f 4672/4672 4733/4733 4673/4673
f 4673/4673 4733/4733 4734/4734
f 4673/4673 4734/4734 4674/4674
f 4674/4674 4734/4734 4735/4735
f 4674/4674 4735/4735 4675/4675
f 4675/4675 4735/4735 4736/4736
f 4675/4675 4736/4736 4676/4676
f 4676/4676 4736/4736 4737/4737
f 4676/4676 4737/4737 4677/4677
f 4677/4677 4737/4737 4738/4738
f 4677/4677 4738/4738 4678/4678
f 4678/4678 4738/4738 4739/4739
f 4678/4678 4739/4739 4679/4679
f 4679/4679 4739/4739 4740/4740
f 4679/4679 4740/4740 4680/4680
f 4680/4680 4740/4740 4741/4741
f 4680/4680 4741/4741 4681/4681
f 4681/4681 4741/4741 4742/4742
f 4681/4681 4742/4742 4682/4682
f 4682/4682 4742/4742 4743/4743
f 4682/4682 4743/4743 4683/4683
f 4683/4683 4743/4743 4744/4744
f 4683/4683 4744/4744 4684/4684
f 4684/4684 4744/4744 4745/4745
f 4684/4684 4745/4745 4685/4685
f 4685/4685 4745/4745 4746/4746
f 4685/4685 4746/4746 4686/4686
f 4686/4686 4746/4746 4747/4747
f 4686/4686 4747/4747 4687/4687
f 4687/4687 4747/4747 4748/4748
f 4687/4687 4748/4748 4688/4688
f 4688/4688 4748/4748 4749/4749
f 4688/4688 4749/4749 4689/4689
f 4689/4689 4749/4749 4750/4750
f 4689/4689 4750/4750 4690/4690
f 4690/4690 4750/4750 4751/4751
f 4690/4690 4751/4751 4691/4691
f 4691/4691 4751/4751 4752/4752
f 4691/4691 4752/4752 4692/4692
f 4692/4692 4752/4752 4753/4753
f 4692/4692 4753/4753 4693/4693
f 4693/4693 4753/4753 4754/4754
f 4693/4693 4754/4754 4694/4694
f 4694/4694 4754/4754 4755/4755
f 4694/4694 4755/4755 4695/4695
f 4695/4695 4755/4755 4756/4756
f 4695/4695 4756/4756 4696/4696
f 4696/4696 4756/4756 4757/4757
f 4696/4696 4757/4757 4697/4697
f 4697/4697 4757/4757 4758/4758
f 4698/4698 4759/4759 4699/4699
f 4699/4699 4759/4759 4760/4760
f 4699/4699 4760/4760 4700/4700
f 4700/4700 4760/4760 4761/4761
f 4700/4700 4761/4761 4701/4701
f 4701/4701 4761/4761 4762/4762
f 4701/4701 4762/4762 4702/4702
f 4702/4702 4762/4762 4763/4763
f 4702/4702 4763/4763 4703/4703
f 4703/4703 4763/4763 4764/4764
f 4703/4703 4764/4764 4704/4704
f 4704/4704 4764/4764 4765/4765
f 4704/4704 4765/4765 4705/4705
f 4705/4705 4765/4765 4766/4766
f 4705/4705 4766/4766 4706/4706
f 4706/4706 4766/4766 4767/4767
f 4706/4706 4767/4767 4707/4707
f 4707/4707 4767/4767 4768/4768
f 4707/4707 4768/4768 4708/4708
f 4708/4708 4768/4768 4769/4769
f 4708/4708 4769/4769 4709/4709
f 4709/4709 4769/4769 4770/4770
f 4709/4709 4770/4770 4710/4710
f 4710/4710 4770/4770 4771/4771
f 4710/4710 4771/4771 4711/4711
f 4711/4711 4771/4771 4772/4772
f 4711/4711 4772/4772 4712/4712
f 4712/4712 4772/4772 4773/4773
f 4712/4712 4773/4773 4713/4713
f 4713/4713 4773/4773 4774/4774
f 4713/4713 4774/4774 4714/4714
f 4714/4714 4774/4774 4775/4775
f 4714/4714 4775/4775 4715/4715
f 4715/4715 4775/4775 4776/4776
f 4715/4715 4776/4776 4716/4716
f 4716/4716 4776/4776 4777/4777
f 4716/4716 4777/4777 4717/4717
f 4717/4717 4777/4777 4778/4778
f 4717/4717 4778/4778 4718/4718
f 4718/4718 4778/4778 4779/4779
f 4718/4718 4779/4779 4719/4719
f 4719/4719 4779/4779 4780/4780
f 4719/4719 4780/4780 4720/4720
f 4720/4720 4780/4780 4781/4781
f 4720/4720 4781/4781 4721/4721
f 4721/4721 4781/4781 4782/4782
f 4721/4721 4782/4782 4722/4722
f 4722/4722 4782/4782 4783/4783
f 4722/4722 4783/4783 4723/4723
f 4723/4723 4783/4783 4784/4784
f 4723/4723 4784/4784 4724/4724
f 4724/4724 4784/4784 4785/4785
f 4724/4724 4785/4785 4725/4725
f 4725/4725 4785/4785 4786/4786
f 4725/4725 4786/4786 4726/4726
f 4726/4726 4786/4786 4787/4787
f 4726/4726 4787/4787 4727/4727
f 4727/4727 4787/4787 4788/4788
f 4727/4727 4788/4788 4728/4728
f 4728/4728 4788/4788 4789/4789
f 4728/4728 4789/4789 4729/4729
f 4729/4729 4789/4789 4790/4790
f 4729/4729 4790/4790 4730/4730
f 4730/4730 4790/4790 4791/4791
f 4730/4730 4791/4791 4731/4731
f 4731/4731 4791/4791 4792/4792
f 4731/4731 4792/4792 4732/4732
f 4732/4732 4792/4792 4793/4793
f 4732/4732 4793/4793 4733/4733
f 4733/4733 4793/4793 4794/4794
f 4733/4733 4794/4794 4734/4734
f 4734/4734 4794/4794 4795/4795
f 4734/4734 4795/4795 4735/4735
f 4735/4735 4795/4795 4796/4796
f 4735/4735 4796/4796 4736/4736
f 4736/4736 4796/4796 4797/4797
f 4736/4736 4797/4797 4737/4737
f 4737/4737 4797/4797 4798/4798
f 4737/4737 4798/4798 4738/4738
f 4738/4738 4798/4798 4799/4799
f 4738/4738 4799/4799 4739/4739
f 4739/4739 4799/4799 4800/4800
f 4739/4739 4800/4800 4740/4740
f 4740/4740 4800/4800 4801/4801
f 4740/4740 4801/4801 4741/4741
f 4741/4741 4801/4801 4802/4802
f 4741/4741 4802/4802 4742/4742
f 4742/4742 4802/4802 4803/4803
f 4742/4742 4803/4803 4743/4743
f 4743/4743 4803/4803 4804/4804
f 4743/4743 4804/4804 4744/4744
f 4744/4744 4804/4804 4805/4805
f 4744/4744 4805/4805 4745/4745
f 4745/4745 4805/4805 4806/4806
f 4745/4745 4806/4806 4746/4746
f 4746/4746 4806/4806 4807/4807
f 4746/4746 4807/4807 4747/4747
f 4747/4747 4807/4807 4808/4808
f 4747/4747 4808/4808 4748/4748
f 4748/4748 4808/4808 4809/4809
f 4748/4748 4809/4809 4749/4749
f 4749/4749 4809/4809 4810/4810
f 4749/4749 4810/4810 4750/4750
f 4750/4750 4810/4810 4811/4811
f 4750/4750 4811/4811 4751/4751
f 4751/4751 4811/4811 4812/4812
f 4751/4751 4812/4812 4752/4752
f 4752/4752 4812/4812 4813/4813
f 4752/4752 4813/4813 4753/4753
f 4753/4753 4813/4813 4814/4814
f 4753/4753 4814/4814 4754/4754
f 4754/4754 4814/4814 4815/4815
f 4754/4754 4815/4815 4755/4755
f 4755/4755 4815/4815 4816/4816
f 4755/4755 4816/4816 4756/4756
f 4756/4756 4816/4816 4817/4817
f 4756/4756 4817/4817 4757/4757
f 4757/4757 4817/4817 4818/4818
f 4757/4757 4818/4818 4758/4758
f 4758/4758 4818/4818 4819/4819
f 4759/4759 4820/4820 4760/4760
f 4760/4760 4820/4820 4821/4821
f 4760/4760 4821/4821 4761/4761
f 4761/4761 4821/4821 4822/4822
f 4761/4761 4822/4822 4762/4762
f 4762/4762 4822/4822 4823/4823
f 4762/4762 4823/4823 4763/4763
f 4763/4763 4823/4823 4824/4824
f 4763/4763 4824/4824 4764/4764
f 4764/4764 4824/4824 4825/4825
f 4764/4764 4825/4825 4765/4765
f 4765/4765 4825/4825 4826/4826
f 4765/4765 4826/4826 4766/4766
f 4766/4766 4826/4826 4827/4827
f 4766/4766 4827/4827 4767/4767
f 4767/4767 4827/4827 4828/4828
f 4767/4767 4828/4828 4768/4768
f 4768/4768 4828/4828 4829/4829
f 4768/4768 4829/4829 4769/4769
f 4769/4769 4829/4829 4830/4830
f 4769/4769 4830/4830 4770/4770
f 4770/4770 4830/4830 4831/4831
f 4770/4770 4831/4831 4771/4771
f 4771/4771 4831/4831 4832/4832
f 4771/4771 4832/4832 4772/4772
f 4772/4772 4832/4832 4833/4833
f 4772/4772 4833/4833 4773/4773
f 4773/4773 4833/4833 4834/4834
f 4773/4773 4834/4834 4774/4774
f 4774/4774 4834/4834 4835/4835
f 4774/4774 4835/4835 4775/4775
f 4775/4775 4835/4835 4836/4836
f 4775/4775 4836/4836 4776/4776
f 4776/4776 4836/4836 4837/4837
f 4776/4776 4837/4837 4777/4777
f 4777/4777 4837/4837 4838/4838
f 4777/4777 4838/4838 4778/4778
f 4778/4778 4838/4838 4839/4839
f 4778/4778 4839/4839 4779/4779
f 4779/4779 4839/4839 4840/4840
f 4779/4779 4840/4840 4780/4780
f 4780/4780 4840/4840 4841/4841
f 4780/4780 4841/4841 4781/4781
f 4781/4781 4841/4841 4842/4842
f 4781/4781 4842/4842 4782/4782
f 4782/4782 4842/4842 4843/4843
f 4782/4782 4843/4843 4783/4783
f 4783/4783 4843/4843 4844/4844
f 4783/4783 4844/4844 4784/4784
f 4784/4784 4844/4844 4845/4845
f 4784/4784 4845/4845 4785/4785
f 4785/4785 4845/4845 4846/4846
f 4785/4785 4846/4846 4786/4786
f 4786/4786 4846/4846 4847/4847
f 4786/4786 4847/4847 4787/4787
f 4787/4787 4847/4847 4848/4848
f 4787/4787 4848/4848 4788/4788
f 4788/4788 4848/4848 4849/4849
f 4788/4788 4849/4849 4789/4789
f 4789/4789 4849/4849 4850/4850
f 4789/4789 4850/4850 4790/4790
f 4790/4790 4850/4850 4851/4851
f 4790/4790 4851/4851 4791/4791
f 4791/4791 4851/4851 4852/4852
f 4791/4791 4852/4852 4792/4792
f 4792/4792 4852/4852 4853/4853
f 4792/4792 4853/4853 4793/4793
f 4793/4793 4853/4853 4854/4854
f 4793/4793 4854/4854 4794/4794
f 4794/4794 4854/4854 4855/4855
f 4794/4794 4855/4855 4795/4795
f 4795/4795 4855/4855 4856/4856
f 4795/4795 4856/4856 4796/4796
f 4796/4796 4856/4856 4857/4857
f 4796/4796 4857/4857 4797/4797
f 4797/4797 4857/4857 4858/4858
f 4797/4797 4858/4858 4798/4798
f 4798/4798 4858/4858 4859/4859
f 4798/4798 4859/4859 4799/4799
f 4799/4799 4859/4859 4860/4860
f 4799/4799 4860/4860 4800/4800
f 4800/4800 4860/4860 4861/4861
f 4800/4800 4861/4861 4801/4801
f 4801/4801 4861/4861 4862/4862
f 4801/4801 4862/4862 4802/4802
f 4802/4802 4862/4862 4863/4863
f 4802/4802 4863/4863 4803/4803
f 4803/4803 4863/4863 4864/4864
f 4803/4803 4864/4864 4804/4804
f 4804/4804 4864/4864 4865/4865
f 4804/4804 4865/4865 4805/4805
f 4805/4805 4865/4865 4866/4866
f 4805/4805 4866/4866 4806/4806
f 4806/4806 4866/4866 4867/4867
f 4806/4806 4867/4867 4807/4807
f 4807/4807 4867/4867 4868/4868
f 4807/4807 4868/4868 4808/4808
f 4808/4808 4868/4868 4869/4869
f 4808/4808 4869/4869 4809/4809
f 4809/4809 4869/4869 4870/4870
f 4809/4809 4870/4870 4810/4810
f 4810/4810 4870/4870 4871/4871
f 4810/4810 4871/4871 4811/4811
f 4811/4811 4871/4871 4872/4872
f 4811/4811 4872/4872 4812/4812
f 4812/4812 4872/4872 4873/4873
f 4812/4812 4873/4873 4813/4813
f 4813/4813 4873/4873 4874/4874
f 4813/4813 4874/4874 4814/4814
f 4814/4814 4874/4874 4875/4875
f 4814/4814 4875/4875 4815/4815
f 4815/4815 4875/4875 4876/4876
f 4815/4815 4876/4876 4816/4816
f 4816/4816 4876/4876 4877/4877
f 4816/4816 4877/4877 4817/4817
f 4817/4817 4877/4877 4878/4878
f 4817/4817 4878/4878 4818/4818
f 4818/4818 4878/4878 4879/4879
